tanggal,tahun,bulan,daerah,jumlah_kecelakaan,korban_meninggal,korban_luka_berat,korban_luka_ringan,cuaca,waktu_kejadian,jenis_kendaraan,penyebab_kecelakaan,jenis_jalan,kondisi_jalan,kecepatan_pengendara,geometri_jalan,jenis_kelamin_pengemudi,usia_pengemudi,pengaruh_alkohol
10/10/2025,2025,10,Makassar,2218,403,22,45,Cerah,Pagi,Motor,Kondisi Jalan,Jalan Nasional,Berlubang,40-60,Tikungan,Laki-laki,26-45,Ya
4/27/2022,2022,04,Surabaya,2882,139,28,22,Cerah,Siang,Mobil,Kecepatan Berlebih,Jalan Nasional,Berlubang,40-60,Simpang Y,Perempuan,17-25,Tidak
12/3/2022,2022,12,Semarang,1972,307,22,28,Hujan,Dini Hari,Truk,Pelanggaran Lalu Lintas,Jalan Provinsi,Rusak,<40,Simpang Y,Laki-laki,<17,Ya
9/7/2022,2022,09,Semarang,2136,344,28,10,Hujan,Siang,Mobil,Pelanggaran Lalu Lintas,Jalan Nasional,Baik,40-60,Lurus,Laki-laki,<17,Tidak
8/6/2022,2022,08,Palembang,4890,156,29,13,Hujan,Siang,Bus,Kecepatan Berlebih,Jalan Provinsi,Rusak,40-60,Simpang Y,Perempuan,>50,Ya
9/26/2025,2025,09,Semarang,1578,261,30,11,Hujan,Dini Hari,Truk,Rem Blong,Jalan Kota,Berlubang,<40,Simpang T,Laki-laki,<17,Ya
7/3/2023,2023,07,Jakarta Selatan,1267,232,29,12,Hujan,Siang,Truk,Kurang Jarak Aman,Jalan Nasional,Rusak,40-60,Simpang T,Perempuan,>50,Ya
4/15/2024,2024,04,Medan,2389,121,24,15,Cerah,Siang,Truk,Kurang Jarak Aman,Jalan Kota,Berlubang,<40,Simpang 4,Perempuan,17-25,Ya
9/17/2021,2021,09,Surabaya,2082,253,25,13,Hujan,Dini Hari,Bus,Kelalaian Pengemudi,Jalan Kota,Berlubang,40-60,Tikungan,Laki-laki,<17,Ya
11/22/2022,2022,11,Surabaya,4659,405,29,24,Hujan,Dini Hari,Truk,Kurang Jarak Aman,Jalan Provinsi,Berlubang,<40,Simpang T,Laki-laki,>50,Tidak
6/23/2021,2021,06,Palembang,2520,103,29,10,Cerah,Pagi,Bus,Kurang Jarak Aman,Jalan Provinsi,Berlubang,40-60,Lurus,Perempuan,17-25,Ya
4/13/2023,2023,04,Bandung,4062,480,20,62,Cerah,Dini Hari,Mobil,Kurang Jarak Aman,Jalan Kota,Rusak,40-60,Simpang Y,Laki-laki,<17,Tidak
4/17/2024,2024,04,Jakarta Selatan,3450,478,27,44,Hujan,Dini Hari,Motor,Pelanggaran Lalu Lintas,Jalan Nasional,Rusak,40-60,Simpang 4,Perempuan,>50,Ya
10/15/2025,2025,10,Palembang,2622,391,23,57,Hujan,Pagi,Mobil,Kurang Jarak Aman,Jalan Kota,Rusak,<40,Simpang 4,Laki-laki,26-45,Ya
6/10/2025,2025,06,Bekasi,3789,418,30,14,Hujan,Pagi,Motor,Rem Blong,Jalan Provinsi,Berlubang,40-60,Lurus,Perempuan,>50,Tidak
3/15/2021,2021,03,Jakarta Timur,2433,160,27,40,Hujan,Dini Hari,Truk,Kondisi Jalan,Jalan Provinsi,Berlubang,<40,Simpang Y,Laki-laki,17-25,Ya
7/10/2023,2023,07,Palembang,2846,441,21,18,Cerah,Dini Hari,Truk,Rem Blong,Jalan Nasional,Rusak,<40,Lurus,Perempuan,26-45,Tidak
2/8/2022,2022,02,Palembang,1330,186,26,31,Cerah,Malam,Motor,Rem Blong,Jalan Kota,Baik,>60,Simpang Y,Laki-laki,26-45,Ya
8/24/2024,2024,08,Makassar,1346,180,22,5,Cerah,Pagi,Truk,Kelalaian Pengemudi,Jalan Provinsi,Rusak,>60,Simpang T,Perempuan,<17,Tidak
4/15/2023,2023,04,Palembang,3065,253,20,4,Hujan,Dini Hari,Bus,Kondisi Jalan,Jalan Nasional,Rusak,40-60,Simpang T,Laki-laki,<17,Ya
5/5/2025,2025,05,Bandung,1092,313,22,2,Hujan,Dini Hari,Truk,Kelalaian Pengemudi,Jalan Provinsi,Berlubang,40-60,Simpang T,Laki-laki,>50,Tidak
9/3/2024,2024,09,Yogyakarta,1152,324,24,3,Hujan,Siang,Bus,Kondisi Jalan,Jalan Kota,Baik,>60,Lurus,Laki-laki,17-25,Tidak
11/24/2022,2022,11,Jakarta Selatan,3078,316,27,46,Cerah,Dini Hari,Motor,Kelalaian Pengemudi,Jalan Provinsi,Rusak,>60,Lurus,Perempuan,>50,Ya
6/9/2022,2022,06,Bandung,2400,120,26,10,Cerah,Pagi,Truk,Kelalaian Pengemudi,Jalan Nasional,Berlubang,<40,Lurus,Perempuan,>50,Tidak
7/2/2024,2024,07,Yogyakarta,1674,358,23,21,Cerah,Malam,Bus,Kecepatan Berlebih,Jalan Provinsi,Berlubang,<40,Lurus,Perempuan,>50,Tidak
10/10/2022,2022,10,Surabaya,1953,380,21,7,Cerah,Malam,Motor,Rem Blong,Jalan Nasional,Berlubang,<40,Lurus,Perempuan,17-25,Ya
9/22/2021,2021,09,Bandung,3570,303,25,29,Hujan,Dini Hari,Mobil,Kondisi Jalan,Jalan Provinsi,Baik,>60,Simpang 4,Laki-laki,>50,Ya
1/8/2021,2021,01,Surabaya,4439,477,30,7,Cerah,Malam,Motor,Pelanggaran Lalu Lintas,Jalan Kota,Berlubang,40-60,Simpang 4,Laki-laki,<17,Tidak
7/1/2024,2024,07,Bandung,1017,105,22,5,Hujan,Dini Hari,Truk,Kondisi Jalan,Jalan Nasional,Berlubang,40-60,Simpang T,Laki-laki,>50,Tidak
2/6/2022,2022,02,Surabaya,4365,296,25,5,Hujan,Malam,Truk,Kelalaian Pengemudi,Jalan Nasional,Baik,40-60,Tikungan,Laki-laki,<17,Ya
6/16/2025,2025,06,Jakarta Timur,2344,275,20,30,Cerah,Pagi,Bus,Pelanggaran Lalu Lintas,Jalan Provinsi,Berlubang,40-60,Simpang Y,Laki-laki,17-25,Tidak
9/14/2021,2021,09,Semarang,4707,463,21,45,Hujan,Siang,Motor,Kurang Jarak Aman,Jalan Provinsi,Baik,40-60,Lurus,Perempuan,<17,Tidak
8/30/2022,2022,08,Yogyakarta,2831,305,22,5,Hujan,Malam,Motor,Rem Blong,Jalan Kota,Rusak,40-60,Simpang 4,Laki-laki,<17,Tidak
11/1/2024,2024,11,Medan,1454,457,25,7,Cerah,Pagi,Mobil,Rem Blong,Jalan Nasional,Berlubang,>60,Simpang T,Perempuan,26-45,Tidak
2/6/2024,2024,02,Surabaya,1792,167,26,8,Hujan,Malam,Truk,Kurang Jarak Aman,Jalan Nasional,Rusak,>60,Lurus,Perempuan,>50,Ya
3/18/2025,2025,03,Bekasi,1438,341,20,5,Cerah,Malam,Bus,Kondisi Jalan,Jalan Nasional,Baik,>60,Lurus,Perempuan,26-45,Tidak
6/5/2022,2022,06,Yogyakarta,2128,493,23,31,Cerah,Siang,Truk,Pelanggaran Lalu Lintas,Jalan Kota,Berlubang,>60,Simpang 4,Laki-laki,<17,Ya
10/17/2023,2023,10,Jakarta Selatan,2055,298,29,15,Hujan,Siang,Motor,Rem Blong,Jalan Provinsi,Berlubang,>60,Simpang 4,Laki-laki,>50,Ya
4/4/2021,2021,04,Bekasi,3935,263,24,16,Cerah,Malam,Bus,Rem Blong,Jalan Kota,Berlubang,40-60,Tikungan,Laki-laki,17-25,Ya
8/31/2025,2025,08,Jakarta Selatan,4153,419,22,8,Hujan,Siang,Truk,Pelanggaran Lalu Lintas,Jalan Nasional,Rusak,<40,Simpang 4,Laki-laki,<17,Tidak
3/23/2025,2025,03,Jakarta Selatan,3226,336,27,23,Cerah,Siang,Bus,Kurang Jarak Aman,Jalan Provinsi,Rusak,40-60,Lurus,Perempuan,26-45,Ya
8/2/2025,2025,08,Jakarta Selatan,4392,371,23,8,Hujan,Siang,Truk,Pelanggaran Lalu Lintas,Jalan Nasional,Rusak,>60,Tikungan,Laki-laki,26-45,Tidak
11/26/2021,2021,11,Jakarta Selatan,2423,316,26,9,Cerah,Siang,Mobil,Kurang Jarak Aman,Jalan Nasional,Berlubang,>60,Lurus,Laki-laki,17-25,Ya
11/20/2023,2023,11,Medan,1390,464,25,10,Hujan,Pagi,Mobil,Rem Blong,Jalan Provinsi,Berlubang,>60,Lurus,Perempuan,26-45,Ya
12/24/2022,2022,12,Jakarta Selatan,4412,334,28,16,Hujan,Dini Hari,Bus,Pelanggaran Lalu Lintas,Jalan Provinsi,Baik,<40,Lurus,Laki-laki,<17,Tidak
5/15/2025,2025,05,Yogyakarta,3905,362,29,48,Hujan,Siang,Mobil,Kecepatan Berlebih,Jalan Kota,Rusak,40-60,Tikungan,Laki-laki,17-25,Ya
5/14/2023,2023,05,Jakarta Selatan,3902,475,29,8,Hujan,Pagi,Bus,Kurang Jarak Aman,Jalan Kota,Rusak,40-60,Simpang 4,Laki-laki,<17,Tidak
11/3/2025,2025,11,Bekasi,2967,305,23,7,Cerah,Malam,Motor,Kurang Jarak Aman,Jalan Kota,Baik,>60,Simpang 4,Laki-laki,<17,Tidak
12/10/2021,2021,12,Yogyakarta,4765,147,27,5,Hujan,Dini Hari,Bus,Kurang Jarak Aman,Jalan Provinsi,Baik,>60,Simpang 4,Perempuan,26-45,Ya
2/20/2024,2024,02,Makassar,4559,150,22,43,Hujan,Pagi,Motor,Rem Blong,Jalan Nasional,Berlubang,40-60,Simpang Y,Laki-laki,17-25,Ya
5/7/2025,2025,05,Medan,1877,421,26,18,Hujan,Siang,Truk,Kondisi Jalan,Jalan Nasional,Berlubang,<40,Simpang T,Perempuan,>50,Tidak
5/11/2024,2024,05,Yogyakarta,1684,488,28,41,Cerah,Siang,Bus,Kurang Jarak Aman,Jalan Provinsi,Berlubang,<40,Lurus,Laki-laki,<17,Ya
12/28/2022,2022,12,Yogyakarta,1589,137,26,17,Cerah,Dini Hari,Truk,Pelanggaran Lalu Lintas,Jalan Kota,Rusak,>60,Simpang T,Perempuan,17-25,Ya
9/19/2024,2024,09,Medan,2324,304,25,16,Hujan,Malam,Truk,Kecepatan Berlebih,Jalan Kota,Rusak,>60,Simpang Y,Laki-laki,17-25,Ya
11/20/2021,2021,11,Medan,2261,360,30,17,Hujan,Siang,Mobil,Kecepatan Berlebih,Jalan Nasional,Rusak,40-60,Simpang Y,Perempuan,26-45,Ya
8/9/2024,2024,08,Surabaya,3770,159,22,69,Hujan,Malam,Truk,Kurang Jarak Aman,Jalan Provinsi,Berlubang,40-60,Tikungan,Perempuan,17-25,Ya
2/28/2024,2024,02,Medan,4014,498,30,33,Cerah,Pagi,Motor,Kelalaian Pengemudi,Jalan Provinsi,Rusak,<40,Simpang T,Laki-laki,<17,Ya
5/13/2021,2021,05,Bandung,2205,166,26,13,Cerah,Malam,Truk,Kondisi Jalan,Jalan Nasional,Rusak,>60,Tikungan,Perempuan,26-45,Tidak
2/6/2024,2024,02,Bekasi,4714,417,23,26,Hujan,Dini Hari,Mobil,Kecepatan Berlebih,Jalan Nasional,Berlubang,>60,Simpang Y,Laki-laki,26-45,Tidak
4/29/2025,2025,04,Medan,1963,208,27,10,Hujan,Dini Hari,Truk,Rem Blong,Jalan Nasional,Rusak,<40,Lurus,Laki-laki,17-25,Tidak
12/9/2024,2024,12,Medan,3088,186,27,5,Cerah,Pagi,Bus,Pelanggaran Lalu Lintas,Jalan Provinsi,Rusak,40-60,Simpang T,Perempuan,<17,Ya
6/13/2025,2025,06,Palembang,4872,291,23,29,Cerah,Pagi,Mobil,Kurang Jarak Aman,Jalan Nasional,Baik,<40,Tikungan,Laki-laki,26-45,Ya
1/12/2023,2023,01,Makassar,2839,365,20,3,Cerah,Pagi,Mobil,Kelalaian Pengemudi,Jalan Provinsi,Berlubang,40-60,Simpang T,Laki-laki,<17,Ya
4/21/2024,2024,04,Jakarta Timur,4281,220,27,11,Cerah,Pagi,Mobil,Pelanggaran Lalu Lintas,Jalan Kota,Baik,>60,Simpang T,Laki-laki,26-45,Ya
2/7/2023,2023,02,Surabaya,3444,430,25,7,Hujan,Pagi,Bus,Kondisi Jalan,Jalan Provinsi,Rusak,<40,Lurus,Laki-laki,<17,Ya
7/4/2025,2025,07,Makassar,3037,197,21,5,Hujan,Malam,Motor,Kecepatan Berlebih,Jalan Nasional,Berlubang,40-60,Simpang Y,Perempuan,<17,Ya
4/5/2023,2023,04,Jakarta Timur,4733,244,20,31,Cerah,Siang,Mobil,Kelalaian Pengemudi,Jalan Provinsi,Rusak,40-60,Tikungan,Laki-laki,<17,Tidak
11/12/2024,2024,11,Medan,2730,187,24,3,Cerah,Malam,Truk,Pelanggaran Lalu Lintas,Jalan Nasional,Baik,40-60,Simpang T,Perempuan,<17,Ya
2/19/2022,2022,02,Makassar,2086,263,30,17,Hujan,Pagi,Truk,Pelanggaran Lalu Lintas,Jalan Provinsi,Rusak,>60,Simpang Y,Perempuan,<17,Tidak
1/29/2021,2021,01,Yogyakarta,4540,450,21,29,Hujan,Dini Hari,Bus,Kecepatan Berlebih,Jalan Kota,Baik,<40,Simpang Y,Perempuan,<17,Ya
6/19/2024,2024,06,Bekasi,1203,183,21,8,Hujan,Dini Hari,Bus,Kelalaian Pengemudi,Jalan Kota,Baik,>60,Simpang 4,Laki-laki,>50,Ya
10/5/2025,2025,10,Yogyakarta,1263,389,27,19,Hujan,Dini Hari,Mobil,Pelanggaran Lalu Lintas,Jalan Kota,Berlubang,<40,Tikungan,Laki-laki,>50,Tidak
12/9/2023,2023,12,Medan,4626,134,27,40,Cerah,Malam,Mobil,Rem Blong,Jalan Kota,Baik,<40,Simpang 4,Laki-laki,17-25,Ya
6/10/2023,2023,06,Jakarta Timur,2430,429,28,51,Cerah,Siang,Truk,Kurang Jarak Aman,Jalan Provinsi,Rusak,>60,Simpang 4,Laki-laki,>50,Tidak
9/22/2025,2025,09,Jakarta Timur,3336,194,25,18,Cerah,Malam,Mobil,Pelanggaran Lalu Lintas,Jalan Provinsi,Berlubang,40-60,Simpang T,Laki-laki,<17,Ya
7/31/2022,2022,07,Semarang,3615,362,25,55,Cerah,Siang,Bus,Kondisi Jalan,Jalan Provinsi,Rusak,<40,Simpang 4,Laki-laki,<17,Tidak
12/22/2024,2024,12,Medan,4566,269,27,7,Cerah,Dini Hari,Bus,Rem Blong,Jalan Kota,Baik,40-60,Simpang T,Perempuan,>50,Tidak
9/20/2022,2022,09,Surabaya,4506,198,29,19,Hujan,Pagi,Bus,Kurang Jarak Aman,Jalan Kota,Berlubang,<40,Simpang T,Perempuan,>50,Ya
4/3/2023,2023,04,Semarang,1556,429,24,5,Hujan,Siang,Bus,Pelanggaran Lalu Lintas,Jalan Nasional,Baik,>60,Tikungan,Laki-laki,17-25,Tidak
1/10/2022,2022,01,Yogyakarta,2714,335,23,18,Hujan,Siang,Mobil,Kondisi Jalan,Jalan Provinsi,Berlubang,40-60,Tikungan,Perempuan,26-45,Tidak
9/5/2024,2024,09,Makassar,1000,118,27,20,Cerah,Dini Hari,Truk,Kecepatan Berlebih,Jalan Nasional,Berlubang,<40,Simpang 4,Laki-laki,<17,Ya
3/28/2025,2025,03,Makassar,4461,371,22,10,Hujan,Siang,Bus,Kelalaian Pengemudi,Jalan Nasional,Berlubang,<40,Tikungan,Laki-laki,>50,Tidak
6/13/2023,2023,06,Jakarta Selatan,3274,492,22,44,Cerah,Pagi,Mobil,Pelanggaran Lalu Lintas,Jalan Kota,Berlubang,>60,Lurus,Laki-laki,17-25,Ya
3/24/2021,2021,03,Medan,3620,128,25,10,Hujan,Malam,Mobil,Rem Blong,Jalan Provinsi,Baik,40-60,Lurus,Perempuan,17-25,Ya
4/28/2021,2021,04,Semarang,4820,357,23,34,Cerah,Siang,Motor,Rem Blong,Jalan Nasional,Baik,40-60,Simpang Y,Laki-laki,<17,Ya
1/25/2024,2024,01,Jakarta Timur,3439,197,27,65,Cerah,Malam,Mobil,Kondisi Jalan,Jalan Kota,Berlubang,>60,Simpang 4,Perempuan,17-25,Ya
6/5/2022,2022,06,Makassar,4681,339,28,37,Hujan,Malam,Truk,Kurang Jarak Aman,Jalan Nasional,Baik,>60,Lurus,Perempuan,<17,Tidak
7/19/2024,2024,07,Semarang,3233,186,30,14,Hujan,Dini Hari,Mobil,Pelanggaran Lalu Lintas,Jalan Provinsi,Baik,<40,Simpang Y,Laki-laki,26-45,Ya
3/24/2022,2022,03,Yogyakarta,4224,363,25,35,Cerah,Pagi,Mobil,Pelanggaran Lalu Lintas,Jalan Nasional,Berlubang,>60,Simpang 4,Laki-laki,17-25,Ya
9/20/2021,2021,09,Bandung,4512,329,21,28,Hujan,Pagi,Truk,Pelanggaran Lalu Lintas,Jalan Provinsi,Berlubang,<40,Simpang 4,Perempuan,26-45,Ya
12/9/2022,2022,12,Bandung,3979,254,26,25,Hujan,Malam,Mobil,Kondisi Jalan,Jalan Nasional,Berlubang,>60,Simpang 4,Laki-laki,26-45,Ya
7/3/2022,2022,07,Surabaya,3996,316,20,32,Cerah,Pagi,Truk,Kurang Jarak Aman,Jalan Nasional,Baik,<40,Lurus,Laki-laki,26-45,Ya
8/20/2024,2024,08,Jakarta Selatan,4637,335,28,27,Cerah,Pagi,Mobil,Pelanggaran Lalu Lintas,Jalan Kota,Baik,>60,Simpang Y,Perempuan,26-45,Ya
3/8/2025,2025,03,Medan,1282,109,27,6,Hujan,Dini Hari,Motor,Kondisi Jalan,Jalan Nasional,Baik,<40,Simpang Y,Perempuan,<17,Ya
6/16/2021,2021,06,Makassar,1849,289,22,60,Hujan,Malam,Motor,Kelalaian Pengemudi,Jalan Nasional,Baik,>60,Lurus,Laki-laki,>50,Ya
4/28/2022,2022,04,Palembang,2786,106,25,38,Cerah,Pagi,Truk,Kelalaian Pengemudi,Jalan Provinsi,Baik,<40,Simpang 4,Laki-laki,<17,Ya
8/1/2022,2022,08,Semarang,1126,322,26,60,Cerah,Siang,Truk,Rem Blong,Jalan Provinsi,Berlubang,<40,Tikungan,Perempuan,<17,Ya
3/28/2022,2022,03,Bandung,1960,496,20,32,Cerah,Malam,Motor,Kondisi Jalan,Jalan Kota,Berlubang,>60,Lurus,Perempuan,>50,Ya
6/19/2024,2024,06,Semarang,1759,145,28,32,Hujan,Siang,Mobil,Pelanggaran Lalu Lintas,Jalan Kota,Berlubang,40-60,Simpang T,Perempuan,>50,Ya
2/1/2022,2022,02,Yogyakarta,3698,303,29,20,Hujan,Malam,Motor,Kecepatan Berlebih,Jalan Nasional,Baik,40-60,Simpang 4,Laki-laki,17-25,Tidak
6/27/2024,2024,06,Jakarta Selatan,3613,261,25,20,Hujan,Siang,Bus,Kondisi Jalan,Jalan Kota,Rusak,<40,Lurus,Perempuan,<17,Ya
7/4/2021,2021,07,Medan,3499,293,29,4,Cerah,Pagi,Mobil,Pelanggaran Lalu Lintas,Jalan Nasional,Baik,<40,Tikungan,Perempuan,26-45,Ya
9/12/2021,2021,09,Palembang,1303,140,21,4,Hujan,Siang,Motor,Kelalaian Pengemudi,Jalan Nasional,Baik,40-60,Tikungan,Laki-laki,>50,Ya
9/3/2025,2025,09,Palembang,4575,385,25,2,Cerah,Malam,Motor,Kecepatan Berlebih,Jalan Nasional,Baik,<40,Simpang Y,Laki-laki,>50,Ya
10/16/2022,2022,10,Bekasi,3830,148,24,21,Cerah,Pagi,Mobil,Kondisi Jalan,Jalan Nasional,Rusak,>60,Simpang Y,Perempuan,17-25,Ya
2/18/2024,2024,02,Palembang,2051,130,20,45,Cerah,Malam,Bus,Kelalaian Pengemudi,Jalan Kota,Rusak,40-60,Simpang Y,Perempuan,17-25,Tidak
2/11/2021,2021,02,Jakarta Selatan,4728,361,25,62,Hujan,Dini Hari,Truk,Kecepatan Berlebih,Jalan Provinsi,Baik,40-60,Simpang T,Laki-laki,<17,Ya
11/5/2024,2024,11,Makassar,4993,335,28,40,Cerah,Malam,Bus,Rem Blong,Jalan Nasional,Rusak,<40,Simpang 4,Perempuan,>50,Tidak
1/13/2023,2023,01,Makassar,2809,194,23,55,Hujan,Dini Hari,Mobil,Kondisi Jalan,Jalan Nasional,Berlubang,<40,Simpang T,Laki-laki,<17,Tidak
9/20/2022,2022,09,Makassar,4145,448,22,28,Hujan,Malam,Truk,Kelalaian Pengemudi,Jalan Provinsi,Baik,40-60,Tikungan,Laki-laki,17-25,Ya
2/25/2024,2024,02,Jakarta Selatan,1403,305,26,7,Hujan,Dini Hari,Truk,Kurang Jarak Aman,Jalan Nasional,Rusak,<40,Simpang Y,Laki-laki,17-25,Ya
2/15/2025,2025,02,Bandung,1673,174,25,9,Hujan,Malam,Truk,Rem Blong,Jalan Kota,Rusak,<40,Simpang T,Perempuan,<17,Tidak
4/2/2023,2023,04,Surabaya,2951,257,29,0,Hujan,Malam,Bus,Kecepatan Berlebih,Jalan Provinsi,Rusak,40-60,Simpang T,Laki-laki,>50,Ya
10/28/2025,2025,10,Bekasi,4183,153,30,3,Cerah,Dini Hari,Truk,Pelanggaran Lalu Lintas,Jalan Provinsi,Rusak,40-60,Simpang Y,Laki-laki,>50,Ya
10/20/2022,2022,10,Jakarta Selatan,1260,347,28,29,Hujan,Siang,Truk,Kelalaian Pengemudi,Jalan Nasional,Baik,<40,Simpang 4,Laki-laki,26-45,Tidak
4/21/2023,2023,04,Makassar,4779,184,22,2,Cerah,Malam,Motor,Pelanggaran Lalu Lintas,Jalan Nasional,Rusak,40-60,Simpang T,Perempuan,26-45,Ya
1/30/2025,2025,01,Jakarta Timur,3871,257,21,9,Cerah,Siang,Motor,Kecepatan Berlebih,Jalan Provinsi,Rusak,<40,Lurus,Laki-laki,>50,Tidak
7/26/2021,2021,07,Makassar,3595,233,25,5,Hujan,Pagi,Truk,Kondisi Jalan,Jalan Provinsi,Baik,40-60,Lurus,Perempuan,26-45,Tidak
7/30/2023,2023,07,Makassar,4527,493,21,10,Hujan,Pagi,Bus,Kelalaian Pengemudi,Jalan Provinsi,Berlubang,>60,Lurus,Perempuan,26-45,Ya
8/8/2021,2021,08,Surabaya,3523,387,30,69,Cerah,Pagi,Motor,Kurang Jarak Aman,Jalan Kota,Berlubang,<40,Simpang T,Perempuan,26-45,Ya
7/9/2024,2024,07,Palembang,4849,118,25,15,Cerah,Pagi,Mobil,Kondisi Jalan,Jalan Nasional,Baik,<40,Simpang 4,Laki-laki,17-25,Tidak
7/15/2021,2021,07,Medan,1829,494,23,52,Cerah,Siang,Truk,Pelanggaran Lalu Lintas,Jalan Nasional,Rusak,>60,Simpang 4,Laki-laki,>50,Tidak
9/10/2023,2023,09,Palembang,1077,500,29,8,Hujan,Dini Hari,Bus,Kecepatan Berlebih,Jalan Nasional,Baik,>60,Simpang T,Perempuan,26-45,Ya
6/15/2024,2024,06,Palembang,4945,222,28,44,Cerah,Dini Hari,Mobil,Pelanggaran Lalu Lintas,Jalan Provinsi,Baik,<40,Simpang Y,Perempuan,>50,Tidak
9/16/2025,2025,09,Jakarta Selatan,4510,368,25,40,Hujan,Malam,Bus,Kecepatan Berlebih,Jalan Nasional,Berlubang,>60,Simpang Y,Perempuan,26-45,Ya
3/16/2024,2024,03,Bandung,3823,106,24,38,Hujan,Dini Hari,Motor,Kelalaian Pengemudi,Jalan Provinsi,Rusak,<40,Tikungan,Perempuan,17-25,Ya
9/7/2025,2025,09,Yogyakarta,3676,172,27,40,Hujan,Siang,Mobil,Kecepatan Berlebih,Jalan Provinsi,Baik,40-60,Tikungan,Laki-laki,>50,Tidak
5/25/2024,2024,05,Jakarta Selatan,4753,279,20,3,Hujan,Malam,Motor,Kelalaian Pengemudi,Jalan Kota,Baik,<40,Simpang 4,Laki-laki,26-45,Tidak
4/30/2021,2021,04,Surabaya,3358,141,24,27,Cerah,Siang,Mobil,Rem Blong,Jalan Nasional,Berlubang,>60,Simpang Y,Perempuan,>50,Ya
11/18/2023,2023,11,Jakarta Selatan,4593,465,27,18,Cerah,Pagi,Truk,Kecepatan Berlebih,Jalan Kota,Baik,40-60,Lurus,Perempuan,17-25,Ya
3/16/2022,2022,03,Jakarta Selatan,2797,299,23,33,Cerah,Siang,Mobil,Kondisi Jalan,Jalan Kota,Rusak,>60,Simpang Y,Perempuan,>50,Tidak
7/27/2025,2025,07,Surabaya,4544,442,25,38,Cerah,Dini Hari,Truk,Kurang Jarak Aman,Jalan Nasional,Berlubang,>60,Simpang Y,Laki-laki,>50,Ya
9/17/2025,2025,09,Medan,4270,352,24,18,Hujan,Dini Hari,Motor,Pelanggaran Lalu Lintas,Jalan Nasional,Berlubang,<40,Simpang Y,Laki-laki,17-25,Tidak
10/12/2025,2025,10,Jakarta Selatan,1741,315,21,24,Cerah,Malam,Mobil,Rem Blong,Jalan Kota,Rusak,<40,Simpang 4,Perempuan,<17,Tidak
10/8/2021,2021,10,Jakarta Selatan,1988,283,23,24,Cerah,Pagi,Bus,Kurang Jarak Aman,Jalan Nasional,Rusak,<40,Lurus,Laki-laki,>50,Ya
10/15/2024,2024,10,Jakarta Selatan,4169,296,30,42,Cerah,Siang,Bus,Kelalaian Pengemudi,Jalan Provinsi,Berlubang,40-60,Lurus,Laki-laki,17-25,Ya
8/22/2023,2023,08,Makassar,3404,365,23,24,Hujan,Malam,Mobil,Kelalaian Pengemudi,Jalan Provinsi,Berlubang,<40,Simpang T,Laki-laki,<17,Tidak
3/17/2022,2022,03,Surabaya,2183,420,30,44,Hujan,Pagi,Motor,Kondisi Jalan,Jalan Nasional,Rusak,<40,Simpang 4,Laki-laki,>50,Ya
4/6/2024,2024,04,Bekasi,1617,459,25,21,Hujan,Dini Hari,Mobil,Kelalaian Pengemudi,Jalan Nasional,Baik,<40,Simpang 4,Laki-laki,17-25,Ya
3/29/2025,2025,03,Jakarta Selatan,3012,131,29,15,Cerah,Pagi,Bus,Kelalaian Pengemudi,Jalan Nasional,Baik,40-60,Tikungan,Perempuan,>50,Tidak
11/11/2023,2023,11,Yogyakarta,1468,194,26,19,Cerah,Pagi,Motor,Kurang Jarak Aman,Jalan Nasional,Rusak,<40,Lurus,Perempuan,<17,Tidak
3/20/2025,2025,03,Makassar,4455,300,26,27,Cerah,Dini Hari,Truk,Kecepatan Berlebih,Jalan Nasional,Baik,>60,Tikungan,Laki-laki,>50,Tidak
5/15/2023,2023,05,Medan,4637,271,25,29,Hujan,Siang,Truk,Rem Blong,Jalan Kota,Rusak,40-60,Simpang Y,Laki-laki,<17,Ya
6/6/2022,2022,06,Bekasi,1778,235,28,18,Hujan,Dini Hari,Motor,Kelalaian Pengemudi,Jalan Provinsi,Rusak,<40,Tikungan,Perempuan,>50,Tidak
1/11/2025,2025,01,Semarang,4309,380,26,44,Cerah,Pagi,Mobil,Rem Blong,Jalan Nasional,Berlubang,40-60,Tikungan,Perempuan,17-25,Ya
4/15/2023,2023,04,Bandung,2495,139,23,19,Hujan,Siang,Bus,Kondisi Jalan,Jalan Nasional,Berlubang,<40,Tikungan,Laki-laki,<17,Ya
2/23/2025,2025,02,Jakarta Timur,1933,463,26,24,Cerah,Pagi,Motor,Pelanggaran Lalu Lintas,Jalan Provinsi,Rusak,40-60,Simpang T,Perempuan,>50,Tidak
7/16/2022,2022,07,Yogyakarta,2719,389,29,14,Cerah,Dini Hari,Motor,Rem Blong,Jalan Nasional,Rusak,>60,Simpang T,Perempuan,>50,Ya
12/17/2025,2025,12,Makassar,1217,203,24,13,Cerah,Dini Hari,Mobil,Rem Blong,Jalan Provinsi,Baik,<40,Simpang T,Perempuan,26-45,Ya
10/13/2021,2021,10,Jakarta Selatan,2471,393,27,24,Cerah,Pagi,Bus,Kurang Jarak Aman,Jalan Nasional,Rusak,<40,Simpang 4,Perempuan,26-45,Tidak
4/17/2025,2025,04,Semarang,3108,446,22,18,Hujan,Malam,Bus,Kelalaian Pengemudi,Jalan Provinsi,Berlubang,<40,Simpang T,Perempuan,>50,Tidak
8/19/2021,2021,08,Jakarta Timur,2480,348,21,6,Cerah,Siang,Bus,Kurang Jarak Aman,Jalan Kota,Berlubang,40-60,Tikungan,Perempuan,>50,Ya
4/12/2022,2022,04,Yogyakarta,3151,296,26,43,Hujan,Pagi,Bus,Rem Blong,Jalan Kota,Berlubang,40-60,Simpang Y,Laki-laki,26-45,Ya
5/23/2025,2025,05,Jakarta Selatan,3855,178,24,17,Hujan,Dini Hari,Bus,Kurang Jarak Aman,Jalan Provinsi,Baik,40-60,Simpang Y,Laki-laki,>50,Ya
8/22/2021,2021,08,Jakarta Selatan,4230,342,24,1,Hujan,Siang,Mobil,Kondisi Jalan,Jalan Provinsi,Baik,40-60,Simpang T,Laki-laki,<17,Tidak
4/13/2021,2021,04,Yogyakarta,1072,284,21,20,Hujan,Malam,Mobil,Rem Blong,Jalan Nasional,Berlubang,40-60,Simpang T,Perempuan,17-25,Tidak
7/17/2022,2022,07,Palembang,1349,228,24,60,Hujan,Siang,Bus,Kondisi Jalan,Jalan Kota,Berlubang,>60,Simpang Y,Perempuan,26-45,Tidak
11/13/2023,2023,11,Bekasi,2221,214,29,45,Cerah,Malam,Mobil,Rem Blong,Jalan Kota,Baik,40-60,Simpang Y,Laki-laki,<17,Ya
6/25/2025,2025,06,Medan,2811,260,21,27,Cerah,Malam,Bus,Kelalaian Pengemudi,Jalan Provinsi,Rusak,40-60,Simpang T,Perempuan,<17,Ya
4/22/2023,2023,04,Bandung,2453,132,30,52,Cerah,Malam,Mobil,Kondisi Jalan,Jalan Nasional,Rusak,>60,Simpang Y,Laki-laki,<17,Tidak
4/14/2022,2022,04,Semarang,1996,309,22,12,Hujan,Malam,Truk,Kondisi Jalan,Jalan Kota,Berlubang,<40,Simpang Y,Laki-laki,>50,Tidak
4/14/2025,2025,04,Jakarta Timur,2873,397,20,8,Hujan,Pagi,Bus,Rem Blong,Jalan Kota,Rusak,<40,Simpang T,Perempuan,>50,Ya
11/17/2021,2021,11,Jakarta Selatan,2689,313,20,28,Cerah,Dini Hari,Bus,Pelanggaran Lalu Lintas,Jalan Nasional,Berlubang,<40,Tikungan,Perempuan,17-25,Ya
7/30/2022,2022,07,Semarang,4166,338,21,24,Cerah,Pagi,Mobil,Pelanggaran Lalu Lintas,Jalan Kota,Rusak,>60,Simpang T,Laki-laki,<17,Tidak
2/2/2021,2021,02,Semarang,3216,443,25,25,Hujan,Pagi,Motor,Rem Blong,Jalan Provinsi,Baik,<40,Simpang T,Laki-laki,17-25,Ya
12/2/2023,2023,12,Jakarta Timur,3303,222,23,22,Hujan,Malam,Mobil,Kelalaian Pengemudi,Jalan Nasional,Baik,<40,Lurus,Perempuan,17-25,Tidak
9/20/2023,2023,09,Jakarta Selatan,4021,127,28,16,Cerah,Dini Hari,Motor,Rem Blong,Jalan Nasional,Rusak,>60,Simpang Y,Perempuan,>50,Tidak
11/6/2024,2024,11,Bandung,3691,114,30,23,Hujan,Dini Hari,Truk,Kurang Jarak Aman,Jalan Provinsi,Baik,>60,Simpang T,Laki-laki,<17,Tidak
6/29/2024,2024,06,Palembang,1520,290,27,44,Cerah,Dini Hari,Mobil,Pelanggaran Lalu Lintas,Jalan Provinsi,Baik,40-60,Simpang T,Laki-laki,<17,Tidak
4/7/2025,2025,04,Bandung,1573,307,25,13,Cerah,Dini Hari,Truk,Kondisi Jalan,Jalan Nasional,Berlubang,40-60,Simpang 4,Laki-laki,<17,Ya
7/4/2023,2023,07,Medan,2493,434,22,35,Hujan,Dini Hari,Truk,Rem Blong,Jalan Provinsi,Rusak,<40,Tikungan,Perempuan,>50,Ya
11/20/2025,2025,11,Makassar,3707,163,20,10,Hujan,Pagi,Motor,Kurang Jarak Aman,Jalan Kota,Berlubang,>60,Simpang 4,Laki-laki,17-25,Tidak
10/14/2021,2021,10,Yogyakarta,4084,124,28,17,Hujan,Pagi,Bus,Kecepatan Berlebih,Jalan Kota,Rusak,>60,Simpang 4,Perempuan,17-25,Tidak
8/16/2022,2022,08,Bandung,1356,365,29,47,Cerah,Malam,Mobil,Kondisi Jalan,Jalan Nasional,Rusak,>60,Simpang T,Perempuan,>50,Tidak
12/22/2024,2024,12,Jakarta Selatan,4090,132,27,25,Hujan,Malam,Mobil,Pelanggaran Lalu Lintas,Jalan Nasional,Rusak,>60,Tikungan,Perempuan,>50,Ya
10/23/2022,2022,10,Surabaya,2549,140,20,20,Hujan,Pagi,Truk,Kelalaian Pengemudi,Jalan Provinsi,Baik,<40,Simpang Y,Laki-laki,<17,Ya
8/3/2023,2023,08,Bekasi,1939,113,26,65,Cerah,Pagi,Mobil,Kecepatan Berlebih,Jalan Nasional,Rusak,<40,Simpang 4,Laki-laki,>50,Tidak
10/28/2025,2025,10,Yogyakarta,2646,423,21,38,Hujan,Dini Hari,Mobil,Kecepatan Berlebih,Jalan Kota,Baik,<40,Lurus,Laki-laki,26-45,Ya
10/6/2023,2023,10,Bandung,4494,197,26,5,Cerah,Malam,Mobil,Kurang Jarak Aman,Jalan Nasional,Berlubang,<40,Simpang Y,Laki-laki,26-45,Ya
12/20/2024,2024,12,Palembang,3959,192,26,35,Hujan,Malam,Motor,Rem Blong,Jalan Provinsi,Rusak,<40,Simpang T,Laki-laki,<17,Ya
2/11/2025,2025,02,Makassar,4815,301,27,12,Hujan,Siang,Mobil,Pelanggaran Lalu Lintas,Jalan Kota,Rusak,>60,Simpang 4,Perempuan,>50,Ya
12/24/2024,2024,12,Semarang,3378,157,24,22,Hujan,Malam,Bus,Pelanggaran Lalu Lintas,Jalan Nasional,Rusak,<40,Tikungan,Laki-laki,<17,Ya
6/15/2023,2023,06,Bekasi,1567,364,24,18,Cerah,Dini Hari,Truk,Kelalaian Pengemudi,Jalan Provinsi,Baik,40-60,Simpang Y,Laki-laki,<17,Tidak
8/23/2025,2025,08,Makassar,4505,405,20,9,Hujan,Pagi,Truk,Rem Blong,Jalan Kota,Berlubang,40-60,Tikungan,Laki-laki,<17,Tidak
2/19/2025,2025,02,Bandung,3986,365,28,38,Hujan,Malam,Bus,Kondisi Jalan,Jalan Nasional,Baik,<40,Simpang 4,Laki-laki,26-45,Ya
3/31/2022,2022,03,Bekasi,2575,381,22,8,Hujan,Dini Hari,Motor,Rem Blong,Jalan Provinsi,Rusak,40-60,Lurus,Perempuan,17-25,Tidak
8/12/2022,2022,08,Jakarta Selatan,4743,409,24,50,Cerah,Siang,Mobil,Kurang Jarak Aman,Jalan Nasional,Rusak,40-60,Lurus,Perempuan,17-25,Tidak
7/18/2023,2023,07,Jakarta Selatan,2080,231,23,48,Cerah,Malam,Bus,Kelalaian Pengemudi,Jalan Provinsi,Berlubang,40-60,Simpang 4,Perempuan,>50,Tidak
1/23/2023,2023,01,Makassar,4429,388,20,3,Cerah,Pagi,Mobil,Kelalaian Pengemudi,Jalan Provinsi,Berlubang,<40,Lurus,Perempuan,26-45,Tidak
1/15/2024,2024,01,Jakarta Timur,4665,198,24,65,Cerah,Malam,Mobil,Kondisi Jalan,Jalan Kota,Berlubang,<40,Tikungan,Laki-laki,>50,Tidak
1/7/2023,2023,01,Medan,1010,445,23,22,Cerah,Pagi,Mobil,Kondisi Jalan,Jalan Nasional,Berlubang,>60,Simpang 4,Perempuan,<17,Tidak
7/11/2023,2023,07,Surabaya,4982,233,26,7,Cerah,Malam,Motor,Pelanggaran Lalu Lintas,Jalan Kota,Baik,>60,Lurus,Laki-laki,>50,Ya
5/19/2023,2023,05,Jakarta Selatan,4320,430,28,51,Cerah,Pagi,Truk,Pelanggaran Lalu Lintas,Jalan Nasional,Rusak,>60,Simpang 4,Perempuan,26-45,Ya
2/12/2024,2024,02,Bandung,1625,430,23,11,Cerah,Malam,Motor,Kecepatan Berlebih,Jalan Nasional,Berlubang,<40,Tikungan,Laki-laki,17-25,Ya
4/3/2023,2023,04,Surabaya,4063,240,25,14,Cerah,Dini Hari,Bus,Rem Blong,Jalan Kota,Baik,<40,Simpang T,Laki-laki,>50,Tidak
6/30/2024,2024,06,Jakarta Selatan,2611,120,26,28,Cerah,Siang,Mobil,Pelanggaran Lalu Lintas,Jalan Provinsi,Rusak,<40,Simpang T,Laki-laki,>50,Tidak
2/16/2023,2023,02,Palembang,1729,208,21,10,Cerah,Dini Hari,Bus,Kondisi Jalan,Jalan Nasional,Baik,40-60,Simpang T,Laki-laki,17-25,Ya
2/13/2023,2023,02,Yogyakarta,4256,174,24,57,Hujan,Malam,Motor,Kelalaian Pengemudi,Jalan Provinsi,Baik,<40,Lurus,Perempuan,>50,Tidak
12/21/2022,2022,12,Palembang,3319,417,24,9,Hujan,Dini Hari,Truk,Kecepatan Berlebih,Jalan Provinsi,Baik,>60,Tikungan,Perempuan,17-25,Ya
1/23/2025,2025,01,Makassar,2721,236,21,13,Hujan,Pagi,Motor,Rem Blong,Jalan Nasional,Berlubang,40-60,Tikungan,Perempuan,>50,Tidak
1/6/2025,2025,01,Palembang,2250,278,20,38,Cerah,Pagi,Truk,Pelanggaran Lalu Lintas,Jalan Nasional,Berlubang,<40,Simpang 4,Perempuan,26-45,Ya
6/8/2022,2022,06,Semarang,4547,342,28,23,Hujan,Pagi,Bus,Kurang Jarak Aman,Jalan Provinsi,Rusak,40-60,Simpang Y,Perempuan,17-25,Tidak
9/17/2023,2023,09,Bandung,4587,222,22,6,Hujan,Siang,Mobil,Kecepatan Berlebih,Jalan Nasional,Berlubang,40-60,Simpang Y,Perempuan,17-25,Ya
12/30/2022,2022,12,Bekasi,1113,121,27,35,Cerah,Siang,Motor,Kondisi Jalan,Jalan Provinsi,Berlubang,<40,Simpang Y,Perempuan,26-45,Tidak
1/3/2022,2022,01,Medan,2860,170,28,8,Hujan,Malam,Mobil,Kondisi Jalan,Jalan Nasional,Baik,>60,Simpang Y,Laki-laki,<17,Tidak
4/3/2023,2023,04,Jakarta Timur,4735,406,26,7,Hujan,Malam,Mobil,Kecepatan Berlebih,Jalan Nasional,Berlubang,40-60,Simpang Y,Laki-laki,>50,Ya
3/14/2023,2023,03,Bandung,4866,204,29,12,Cerah,Siang,Bus,Kondisi Jalan,Jalan Provinsi,Berlubang,>60,Tikungan,Laki-laki,26-45,Ya
12/17/2021,2021,12,Yogyakarta,3821,321,22,30,Cerah,Malam,Bus,Kelalaian Pengemudi,Jalan Nasional,Berlubang,<40,Simpang Y,Perempuan,>50,Tidak
6/15/2021,2021,06,Yogyakarta,1834,389,20,28,Hujan,Pagi,Truk,Kondisi Jalan,Jalan Nasional,Berlubang,>60,Simpang T,Laki-laki,26-45,Tidak
11/5/2022,2022,11,Palembang,4548,389,20,34,Hujan,Dini Hari,Motor,Kelalaian Pengemudi,Jalan Provinsi,Baik,40-60,Simpang Y,Perempuan,17-25,Tidak
1/31/2022,2022,01,Bandung,2306,220,29,21,Hujan,Malam,Motor,Rem Blong,Jalan Provinsi,Baik,>60,Lurus,Laki-laki,>50,Tidak
12/6/2021,2021,12,Makassar,4440,375,22,4,Hujan,Siang,Mobil,Kurang Jarak Aman,Jalan Provinsi,Berlubang,40-60,Simpang 4,Laki-laki,>50,Tidak
1/18/2024,2024,01,Semarang,1739,475,25,15,Hujan,Dini Hari,Motor,Kurang Jarak Aman,Jalan Provinsi,Berlubang,<40,Simpang T,Laki-laki,>50,Ya
6/22/2023,2023,06,Palembang,4128,206,29,19,Hujan,Pagi,Motor,Pelanggaran Lalu Lintas,Jalan Kota,Baik,<40,Simpang Y,Laki-laki,>50,Ya
4/25/2023,2023,04,Surabaya,4175,374,21,0,Hujan,Malam,Bus,Kecepatan Berlebih,Jalan Provinsi,Rusak,40-60,Simpang T,Perempuan,26-45,Tidak
9/14/2022,2022,09,Yogyakarta,2123,267,24,3,Cerah,Pagi,Motor,Rem Blong,Jalan Kota,Baik,<40,Simpang 4,Laki-laki,>50,Tidak
10/25/2023,2023,10,Makassar,3024,297,21,22,Cerah,Malam,Bus,Kecepatan Berlebih,Jalan Nasional,Berlubang,>60,Lurus,Laki-laki,26-45,Tidak
4/11/2023,2023,04,Palembang,1757,279,20,38,Cerah,Dini Hari,Mobil,Rem Blong,Jalan Kota,Berlubang,>60,Tikungan,Perempuan,17-25,Tidak
10/3/2024,2024,10,Semarang,1050,198,23,49,Cerah,Dini Hari,Truk,Kecepatan Berlebih,Jalan Nasional,Berlubang,>60,Simpang 4,Perempuan,>50,Ya
11/17/2021,2021,11,Jakarta Selatan,2230,147,20,28,Cerah,Dini Hari,Bus,Pelanggaran Lalu Lintas,Jalan Nasional,Berlubang,<40,Simpang 4,Laki-laki,17-25,Ya
12/25/2022,2022,12,Semarang,3722,453,23,8,Hujan,Dini Hari,Truk,Rem Blong,Jalan Provinsi,Rusak,>60,Lurus,Laki-laki,>50,Ya
11/3/2025,2025,11,Jakarta Selatan,2102,195,30,6,Hujan,Siang,Mobil,Kondisi Jalan,Jalan Provinsi,Rusak,>60,Simpang 4,Laki-laki,17-25,Ya
6/17/2023,2023,06,Makassar,4427,338,22,3,Hujan,Malam,Mobil,Kelalaian Pengemudi,Jalan Kota,Baik,40-60,Tikungan,Laki-laki,17-25,Ya
7/7/2025,2025,07,Palembang,3633,148,26,27,Cerah,Dini Hari,Truk,Kecepatan Berlebih,Jalan Nasional,Berlubang,<40,Simpang T,Perempuan,<17,Tidak
10/31/2025,2025,10,Yogyakarta,1122,162,24,19,Hujan,Dini Hari,Mobil,Pelanggaran Lalu Lintas,Jalan Kota,Berlubang,<40,Simpang T,Laki-laki,>50,Tidak
1/31/2022,2022,01,Semarang,3839,398,20,10,Hujan,Malam,Mobil,Pelanggaran Lalu Lintas,Jalan Nasional,Berlubang,<40,Simpang Y,Perempuan,26-45,Ya
4/16/2024,2024,04,Yogyakarta,1841,112,22,51,Hujan,Malam,Motor,Rem Blong,Jalan Provinsi,Baik,<40,Simpang T,Perempuan,17-25,Ya
1/27/2021,2021,01,Jakarta Selatan,1322,265,22,9,Cerah,Pagi,Motor,Rem Blong,Jalan Provinsi,Berlubang,40-60,Simpang Y,Perempuan,17-25,Ya
12/12/2021,2021,12,Surabaya,1087,309,27,43,Hujan,Siang,Motor,Kelalaian Pengemudi,Jalan Kota,Rusak,<40,Lurus,Laki-laki,17-25,Tidak
6/3/2024,2024,06,Semarang,2326,332,21,40,Cerah,Pagi,Motor,Rem Blong,Jalan Provinsi,Berlubang,>60,Lurus,Laki-laki,17-25,Tidak
6/30/2023,2023,06,Jakarta Timur,2601,417,20,7,Cerah,Malam,Truk,Pelanggaran Lalu Lintas,Jalan Nasional,Rusak,40-60,Simpang T,Laki-laki,17-25,Tidak
4/7/2022,2022,04,Bekasi,2440,295,30,4,Hujan,Siang,Motor,Pelanggaran Lalu Lintas,Jalan Provinsi,Rusak,>60,Simpang 4,Laki-laki,17-25,Tidak
9/12/2023,2023,09,Jakarta Selatan,1521,473,26,26,Hujan,Siang,Mobil,Kondisi Jalan,Jalan Provinsi,Berlubang,>60,Simpang Y,Perempuan,17-25,Ya
9/7/2024,2024,09,Yogyakarta,2883,342,29,10,Hujan,Dini Hari,Truk,Kondisi Jalan,Jalan Nasional,Baik,>60,Simpang Y,Perempuan,17-25,Tidak
7/15/2023,2023,07,Surabaya,4392,347,26,32,Hujan,Malam,Motor,Pelanggaran Lalu Lintas,Jalan Kota,Rusak,40-60,Lurus,Perempuan,<17,Tidak
9/19/2022,2022,09,Makassar,1080,179,27,8,Hujan,Siang,Bus,Pelanggaran Lalu Lintas,Jalan Kota,Rusak,40-60,Simpang Y,Perempuan,17-25,Ya
8/19/2022,2022,08,Semarang,3500,348,22,60,Cerah,Siang,Truk,Rem Blong,Jalan Provinsi,Berlubang,40-60,Tikungan,Laki-laki,<17,Ya
8/29/2023,2023,08,Jakarta Timur,4871,387,30,4,Cerah,Pagi,Motor,Kecepatan Berlebih,Jalan Nasional,Berlubang,<40,Simpang 4,Perempuan,>50,Tidak
3/31/2025,2025,03,Makassar,2089,213,24,10,Hujan,Siang,Bus,Kelalaian Pengemudi,Jalan Nasional,Berlubang,40-60,Simpang T,Perempuan,17-25,Tidak
7/21/2023,2023,07,Makassar,4354,210,30,15,Hujan,Pagi,Truk,Kurang Jarak Aman,Jalan Provinsi,Berlubang,40-60,Simpang 4,Perempuan,<17,Tidak
8/20/2023,2023,08,Semarang,2322,254,21,3,Cerah,Siang,Bus,Kurang Jarak Aman,Jalan Nasional,Rusak,40-60,Simpang 4,Laki-laki,17-25,Ya
3/30/2023,2023,03,Bekasi,3749,297,22,45,Cerah,Malam,Truk,Kecepatan Berlebih,Jalan Provinsi,Baik,>60,Lurus,Laki-laki,26-45,Tidak
7/13/2024,2024,07,Jakarta Timur,1284,431,22,4,Hujan,Dini Hari,Truk,Kecepatan Berlebih,Jalan Kota,Rusak,<40,Simpang Y,Laki-laki,<17,Ya
4/22/2022,2022,04,Jakarta Selatan,3512,257,23,35,Hujan,Malam,Motor,Kecepatan Berlebih,Jalan Nasional,Berlubang,>60,Tikungan,Laki-laki,>50,Tidak
4/23/2021,2021,04,Semarang,2624,332,22,38,Hujan,Siang,Truk,Kondisi Jalan,Jalan Kota,Baik,40-60,Lurus,Perempuan,26-45,Tidak
12/9/2025,2025,12,Bandung,2901,191,24,7,Hujan,Siang,Mobil,Kelalaian Pengemudi,Jalan Provinsi,Rusak,>60,Simpang T,Perempuan,26-45,Tidak
2/9/2021,2021,02,Makassar,1107,319,20,12,Hujan,Siang,Mobil,Pelanggaran Lalu Lintas,Jalan Provinsi,Baik,<40,Simpang 4,Laki-laki,>50,Tidak
8/12/2021,2021,08,Jakarta Timur,3283,378,27,16,Hujan,Malam,Motor,Kondisi Jalan,Jalan Nasional,Baik,<40,Simpang T,Perempuan,>50,Tidak
2/26/2022,2022,02,Medan,1370,246,23,21,Cerah,Siang,Truk,Rem Blong,Jalan Kota,Berlubang,40-60,Simpang Y,Perempuan,17-25,Ya
6/4/2021,2021,06,Bandung,1975,283,29,16,Cerah,Dini Hari,Mobil,Rem Blong,Jalan Provinsi,Berlubang,40-60,Lurus,Perempuan,26-45,Tidak
7/25/2024,2024,07,Medan,3970,352,24,14,Hujan,Malam,Mobil,Kelalaian Pengemudi,Jalan Kota,Rusak,40-60,Tikungan,Perempuan,26-45,Tidak
6/14/2025,2025,06,Yogyakarta,2951,499,22,15,Cerah,Dini Hari,Truk,Kecepatan Berlebih,Jalan Provinsi,Rusak,<40,Simpang Y,Laki-laki,17-25,Ya
4/25/2021,2021,04,Surabaya,3475,397,29,40,Cerah,Malam,Bus,Kurang Jarak Aman,Jalan Kota,Baik,>60,Tikungan,Laki-laki,>50,Tidak
8/28/2025,2025,08,Surabaya,1159,479,25,11,Cerah,Siang,Truk,Kondisi Jalan,Jalan Kota,Rusak,40-60,Simpang 4,Perempuan,>50,Tidak
12/18/2023,2023,12,Bandung,3821,265,27,7,Hujan,Dini Hari,Motor,Kelalaian Pengemudi,Jalan Kota,Rusak,40-60,Simpang 4,Laki-laki,>50,Tidak
4/8/2025,2025,04,Bekasi,4159,428,27,39,Hujan,Dini Hari,Motor,Kecepatan Berlebih,Jalan Nasional,Rusak,<40,Simpang T,Laki-laki,17-25,Tidak
5/6/2024,2024,05,Bandung,3421,139,23,71,Hujan,Siang,Mobil,Pelanggaran Lalu Lintas,Jalan Kota,Rusak,>60,Simpang Y,Laki-laki,<17,Tidak
11/15/2021,2021,11,Makassar,3165,165,26,32,Hujan,Dini Hari,Motor,Kecepatan Berlebih,Jalan Nasional,Rusak,<40,Simpang Y,Perempuan,>50,Tidak
12/31/2025,2025,12,Yogyakarta,2165,277,21,4,Cerah,Malam,Motor,Kurang Jarak Aman,Jalan Nasional,Rusak,>60,Simpang Y,Perempuan,17-25,Tidak
9/25/2022,2022,09,Palembang,4943,301,22,26,Hujan,Siang,Truk,Kecepatan Berlebih,Jalan Kota,Berlubang,40-60,Simpang 4,Perempuan,>50,Tidak
4/22/2021,2021,04,Bandung,3912,107,23,14,Cerah,Siang,Bus,Pelanggaran Lalu Lintas,Jalan Kota,Berlubang,40-60,Simpang T,Laki-laki,26-45,Tidak
10/1/2024,2024,10,Makassar,3739,245,24,6,Hujan,Pagi,Motor,Kurang Jarak Aman,Jalan Nasional,Rusak,<40,Lurus,Perempuan,26-45,Tidak
9/4/2023,2023,09,Palembang,3583,409,24,19,Hujan,Pagi,Mobil,Kondisi Jalan,Jalan Kota,Baik,>60,Tikungan,Laki-laki,17-25,Tidak
12/1/2021,2021,12,Palembang,3083,219,30,27,Hujan,Dini Hari,Mobil,Kelalaian Pengemudi,Jalan Provinsi,Rusak,>60,Lurus,Laki-laki,26-45,Tidak
4/24/2025,2025,04,Semarang,2050,140,23,10,Hujan,Siang,Mobil,Kelalaian Pengemudi,Jalan Nasional,Baik,40-60,Simpang Y,Perempuan,26-45,Ya
7/24/2025,2025,07,Makassar,2038,188,23,18,Cerah,Pagi,Bus,Pelanggaran Lalu Lintas,Jalan Provinsi,Rusak,40-60,Lurus,Laki-laki,26-45,Ya
12/7/2023,2023,12,Medan,2542,354,26,40,Cerah,Malam,Mobil,Rem Blong,Jalan Kota,Baik,<40,Simpang T,Laki-laki,17-25,Tidak
9/5/2024,2024,09,Makassar,1094,197,25,4,Hujan,Dini Hari,Truk,Kondisi Jalan,Jalan Kota,Berlubang,40-60,Tikungan,Laki-laki,>50,Ya
2/13/2023,2023,02,Jakarta Selatan,3040,378,24,25,Cerah,Dini Hari,Mobil,Kurang Jarak Aman,Jalan Provinsi,Baik,40-60,Lurus,Laki-laki,17-25,Tidak
1/24/2024,2024,01,Bandung,1156,185,22,18,Hujan,Siang,Mobil,Kecepatan Berlebih,Jalan Nasional,Baik,>60,Lurus,Laki-laki,17-25,Ya
5/24/2023,2023,05,Jakarta Timur,3802,227,21,1,Cerah,Pagi,Truk,Kelalaian Pengemudi,Jalan Kota,Berlubang,<40,Simpang 4,Laki-laki,17-25,Tidak
3/20/2021,2021,03,Semarang,4699,220,24,20,Hujan,Siang,Mobil,Pelanggaran Lalu Lintas,Jalan Nasional,Berlubang,>60,Simpang Y,Perempuan,17-25,Ya
11/10/2025,2025,11,Yogyakarta,4644,340,26,15,Cerah,Dini Hari,Mobil,Kurang Jarak Aman,Jalan Nasional,Rusak,>60,Simpang T,Laki-laki,>50,Tidak
6/22/2025,2025,06,Bandung,1298,218,25,22,Cerah,Siang,Mobil,Kondisi Jalan,Jalan Kota,Rusak,>60,Simpang Y,Laki-laki,<17,Ya
8/3/2023,2023,08,Semarang,2059,166,23,9,Cerah,Dini Hari,Truk,Pelanggaran Lalu Lintas,Jalan Nasional,Rusak,40-60,Lurus,Perempuan,<17,Ya
10/26/2023,2023,10,Yogyakarta,2711,203,30,23,Hujan,Pagi,Mobil,Pelanggaran Lalu Lintas,Jalan Nasional,Rusak,>60,Lurus,Laki-laki,>50,Ya
9/20/2021,2021,09,Medan,4845,368,21,1,Hujan,Malam,Truk,Kondisi Jalan,Jalan Kota,Rusak,>60,Simpang Y,Perempuan,<17,Ya
7/19/2025,2025,07,Surabaya,4659,106,28,48,Cerah,Pagi,Truk,Kondisi Jalan,Jalan Nasional,Baik,>60,Lurus,Perempuan,26-45,Tidak
12/15/2023,2023,12,Palembang,2070,220,25,12,Hujan,Pagi,Bus,Kelalaian Pengemudi,Jalan Kota,Rusak,<40,Simpang T,Laki-laki,<17,Tidak
7/6/2023,2023,07,Surabaya,4979,430,20,7,Cerah,Malam,Motor,Pelanggaran Lalu Lintas,Jalan Kota,Baik,<40,Simpang Y,Laki-laki,17-25,Ya
12/12/2024,2024,12,Surabaya,3602,246,25,21,Hujan,Siang,Truk,Kondisi Jalan,Jalan Provinsi,Berlubang,<40,Simpang Y,Laki-laki,26-45,Ya
8/5/2024,2024,08,Medan,3541,147,30,40,Hujan,Dini Hari,Truk,Kondisi Jalan,Jalan Nasional,Berlubang,<40,Lurus,Perempuan,>50,Ya
6/29/2025,2025,06,Bekasi,2142,184,21,14,Hujan,Pagi,Motor,Rem Blong,Jalan Provinsi,Berlubang,40-60,Simpang 4,Laki-laki,17-25,Tidak
12/27/2021,2021,12,Surabaya,1782,253,29,23,Cerah,Siang,Truk,Rem Blong,Jalan Nasional,Rusak,<40,Simpang Y,Laki-laki,26-45,Tidak
9/18/2023,2023,09,Makassar,3917,494,30,12,Cerah,Malam,Motor,Kelalaian Pengemudi,Jalan Nasional,Berlubang,<40,Simpang Y,Laki-laki,17-25,Tidak
11/15/2024,2024,11,Jakarta Selatan,3132,483,20,12,Hujan,Siang,Mobil,Kondisi Jalan,Jalan Nasional,Berlubang,>60,Tikungan,Laki-laki,17-25,Ya
12/12/2023,2023,12,Makassar,2737,386,21,32,Cerah,Dini Hari,Motor,Kondisi Jalan,Jalan Provinsi,Rusak,<40,Simpang T,Perempuan,<17,Ya
5/24/2024,2024,05,Bekasi,1227,462,25,17,Hujan,Dini Hari,Motor,Kelalaian Pengemudi,Jalan Nasional,Rusak,>60,Tikungan,Laki-laki,>50,Ya
3/11/2023,2023,03,Bekasi,4945,228,28,36,Cerah,Dini Hari,Motor,Kecepatan Berlebih,Jalan Provinsi,Rusak,40-60,Tikungan,Perempuan,17-25,Tidak
6/2/2023,2023,06,Makassar,4142,487,20,4,Cerah,Pagi,Bus,Rem Blong,Jalan Kota,Rusak,<40,Simpang Y,Laki-laki,>50,Tidak
5/13/2021,2021,05,Yogyakarta,2393,192,20,36,Cerah,Siang,Truk,Kondisi Jalan,Jalan Nasional,Berlubang,<40,Simpang T,Laki-laki,>50,Ya
9/18/2023,2023,09,Yogyakarta,3255,490,29,39,Cerah,Siang,Mobil,Kondisi Jalan,Jalan Nasional,Berlubang,40-60,Tikungan,Laki-laki,26-45,Ya
5/5/2024,2024,05,Bandung,2870,287,25,71,Hujan,Siang,Mobil,Pelanggaran Lalu Lintas,Jalan Kota,Rusak,40-60,Simpang Y,Perempuan,26-45,Tidak
8/31/2024,2024,08,Makassar,3870,223,27,14,Hujan,Pagi,Motor,Kecepatan Berlebih,Jalan Nasional,Rusak,<40,Simpang 4,Laki-laki,<17,Ya
12/6/2021,2021,12,Bandung,4363,149,29,15,Cerah,Pagi,Mobil,Kondisi Jalan,Jalan Provinsi,Berlubang,<40,Simpang T,Laki-laki,>50,Tidak
7/29/2022,2022,07,Surabaya,3295,124,23,32,Cerah,Pagi,Truk,Kurang Jarak Aman,Jalan Nasional,Baik,>60,Tikungan,Perempuan,26-45,Ya
4/9/2022,2022,04,Palembang,2051,243,27,0,Hujan,Siang,Truk,Kondisi Jalan,Jalan Provinsi,Berlubang,<40,Lurus,Laki-laki,<17,Tidak
2/6/2024,2024,02,Semarang,4588,447,21,24,Cerah,Pagi,Motor,Kelalaian Pengemudi,Jalan Kota,Rusak,>60,Simpang T,Perempuan,17-25,Tidak
6/2/2025,2025,06,Jakarta Barat,2620,321,24,29,Cerah,Pagi,Bus,Kondisi Jalan,Jalan Nasional,Berlubang,>60,Tikungan,Laki-laki,17-25,Ya
1/19/2023,2023,01,Jakarta Barat,1095,171,23,2,Cerah,Dini Hari,Motor,Pelanggaran Lalu Lintas,Jalan Provinsi,Baik,>60,Simpang Y,Perempuan,<17,Ya
7/10/2024,2024,07,Jakarta Barat,4254,466,23,54,Hujan,Malam,Bus,Kondisi Jalan,Jalan Nasional,Berlubang,>60,Lurus,Perempuan,<17,Ya
9/22/2021,2021,09,Jakarta Barat,4853,430,30,52,Hujan,Siang,Motor,Kurang Jarak Aman,Jalan Kota,Baik,40-60,Simpang 4,Laki-laki,17-25,Ya
9/23/2025,2025,09,Jakarta Barat,1982,338,21,17,Hujan,Pagi,Mobil,Kondisi Jalan,Jalan Kota,Baik,<40,Simpang T,Laki-laki,<17,Tidak
10/29/2022,2022,10,Jakarta Barat,2328,119,27,20,Hujan,Pagi,Truk,Kelalaian Pengemudi,Jalan Provinsi,Baik,>60,Lurus,Perempuan,17-25,Tidak
8/1/2025,2025,08,Jakarta Barat,2570,106,26,24,Cerah,Siang,Mobil,Kurang Jarak Aman,Jalan Provinsi,Baik,>60,Simpang Y,Laki-laki,>50,Ya
2/5/2024,2024,02,Jakarta Barat,1756,127,29,17,Hujan,Malam,Bus,Kurang Jarak Aman,Jalan Kota,Rusak,40-60,Lurus,Perempuan,<17,Tidak
10/25/2025,2025,10,Palembang,2944,374,25,21,Hujan,Malam,Truk,Pelanggaran Lalu Lintas,Jalan Nasional,Berlubang,40-60,Simpang T,Laki-laki,17-25,Ya
7/11/2023,2023,07,Medan,1451,451,21,28,Hujan,Pagi,Motor,Kondisi Jalan,Jalan Kota,Baik,40-60,Tikungan,Laki-laki,<17,Tidak
5/5/2025,2025,05,Surabaya,3445,466,29,13,Cerah,Dini Hari,Mobil,Kelalaian Pengemudi,Jalan Nasional,Baik,<40,Tikungan,Perempuan,17-25,Ya
6/22/2024,2024,06,Bekasi,2939,137,24,3,Hujan,Dini Hari,Motor,Kondisi Jalan,Jalan Kota,Rusak,>60,Simpang 4,Laki-laki,<17,Tidak
9/28/2022,2022,09,Makassar,2702,255,28,28,Hujan,Siang,Mobil,Kecepatan Berlebih,Jalan Kota,Berlubang,>60,Simpang 4,Perempuan,>50,Tidak
8/24/2021,2021,08,Bandung,2728,410,26,12,Cerah,Pagi,Bus,Kondisi Jalan,Jalan Provinsi,Berlubang,40-60,Simpang T,Laki-laki,17-25,Tidak
5/13/2024,2024,05,Bekasi,3142,402,21,9,Cerah,Dini Hari,Truk,Kelalaian Pengemudi,Jalan Nasional,Rusak,>60,Simpang 4,Laki-laki,17-25,Tidak
3/6/2024,2024,03,Semarang,2111,188,22,5,Hujan,Pagi,Motor,Pelanggaran Lalu Lintas,Jalan Nasional,Berlubang,<40,Tikungan,Laki-laki,>50,Ya
11/8/2025,2025,11,Jakarta Timur,2594,151,29,6,Hujan,Dini Hari,Bus,Kelalaian Pengemudi,Jalan Provinsi,Baik,40-60,Simpang T,Perempuan,<17,Tidak
7/7/2023,2023,07,Makassar,3950,233,30,59,Cerah,Pagi,Mobil,Kondisi Jalan,Jalan Kota,Baik,<40,Simpang Y,Laki-laki,<17,Ya
12/5/2021,2021,12,Bandung,4552,320,22,19,Cerah,Malam,Bus,Kelalaian Pengemudi,Jalan Kota,Berlubang,<40,Simpang 4,Laki-laki,17-25,Ya
11/29/2021,2021,11,Surabaya,3220,189,29,15,Cerah,Pagi,Motor,Kurang Jarak Aman,Jalan Nasional,Berlubang,40-60,Simpang T,Perempuan,>50,Ya
7/1/2023,2023,07,Jakarta Timur,2201,152,24,11,Cerah,Siang,Mobil,Rem Blong,Jalan Provinsi,Rusak,40-60,Tikungan,Laki-laki,<17,Tidak
3/16/2023,2023,03,Surabaya,2395,127,20,3,Cerah,Pagi,Motor,Kurang Jarak Aman,Jalan Nasional,Baik,<40,Simpang 4,Perempuan,26-45,Ya
3/3/2023,2023,03,Surabaya,4347,162,29,13,Cerah,Pagi,Mobil,Rem Blong,Jalan Provinsi,Berlubang,<40,Lurus,Laki-laki,>50,Ya
2/7/2021,2021,02,Yogyakarta,3885,442,30,3,Cerah,Dini Hari,Motor,Kecepatan Berlebih,Jalan Kota,Rusak,40-60,Lurus,Perempuan,<17,Tidak
5/11/2021,2021,05,Semarang,4149,482,20,21,Hujan,Pagi,Mobil,Kondisi Jalan,Jalan Kota,Baik,<40,Lurus,Laki-laki,26-45,Ya
11/30/2025,2025,11,Jakarta Selatan,3975,184,29,6,Cerah,Malam,Truk,Kurang Jarak Aman,Jalan Kota,Baik,>60,Lurus,Laki-laki,17-25,Tidak
11/13/2024,2024,11,Medan,4265,189,23,15,Cerah,Pagi,Bus,Kondisi Jalan,Jalan Provinsi,Berlubang,>60,Simpang 4,Laki-laki,>50,Ya
4/16/2023,2023,04,Surabaya,2901,103,24,14,Cerah,Dini Hari,Bus,Rem Blong,Jalan Kota,Baik,40-60,Simpang Y,Perempuan,<17,Tidak
2/18/2021,2021,02,Yogyakarta,3070,239,29,29,Hujan,Dini Hari,Bus,Kurang Jarak Aman,Jalan Provinsi,Baik,>60,Simpang Y,Laki-laki,17-25,Tidak
5/23/2024,2024,05,Bekasi,2906,164,20,55,Cerah,Malam,Truk,Kecepatan Berlebih,Jalan Kota,Baik,>60,Simpang T,Perempuan,>50,Tidak
11/26/2023,2023,11,Surabaya,2637,209,25,5,Hujan,Pagi,Bus,Kurang Jarak Aman,Jalan Nasional,Rusak,40-60,Tikungan,Laki-laki,>50,Ya
7/5/2025,2025,07,Jakarta Timur,2621,438,27,20,Cerah,Siang,Bus,Kurang Jarak Aman,Jalan Nasional,Berlubang,>60,Tikungan,Perempuan,>50,Tidak
12/27/2023,2023,12,Jakarta Selatan,2463,345,29,31,Cerah,Pagi,Truk,Kelalaian Pengemudi,Jalan Kota,Rusak,>60,Simpang Y,Perempuan,17-25,Tidak
4/19/2022,2022,04,Medan,4987,121,28,21,Hujan,Dini Hari,Motor,Kecepatan Berlebih,Jalan Provinsi,Berlubang,40-60,Simpang T,Laki-laki,>50,Ya
6/13/2021,2021,06,Makassar,4997,145,21,60,Hujan,Malam,Motor,Kelalaian Pengemudi,Jalan Nasional,Baik,>60,Simpang T,Laki-laki,<17,Tidak
5/22/2025,2025,05,Semarang,3433,335,30,21,Cerah,Siang,Motor,Kelalaian Pengemudi,Jalan Kota,Baik,40-60,Simpang Y,Perempuan,17-25,Tidak
11/28/2025,2025,11,Palembang,4105,458,29,35,Cerah,Pagi,Mobil,Pelanggaran Lalu Lintas,Jalan Nasional,Rusak,<40,Simpang T,Perempuan,>50,Ya
6/21/2022,2022,06,Bandung,2550,112,21,66,Hujan,Pagi,Mobil,Kurang Jarak Aman,Jalan Provinsi,Rusak,40-60,Simpang 4,Perempuan,<17,Ya
8/7/2023,2023,08,Jakarta Timur,3125,384,21,47,Hujan,Dini Hari,Motor,Pelanggaran Lalu Lintas,Jalan Nasional,Baik,<40,Simpang 4,Perempuan,>50,Tidak
3/1/2021,2021,03,Medan,3101,115,20,11,Hujan,Pagi,Bus,Kurang Jarak Aman,Jalan Provinsi,Baik,<40,Simpang 4,Perempuan,17-25,Tidak
6/20/2023,2023,06,Bekasi,3527,345,22,35,Hujan,Dini Hari,Bus,Kecepatan Berlebih,Jalan Nasional,Baik,40-60,Simpang Y,Perempuan,17-25,Ya
5/14/2025,2025,05,Jakarta Timur,3839,313,22,7,Hujan,Siang,Mobil,Kelalaian Pengemudi,Jalan Nasional,Berlubang,<40,Simpang 4,Laki-laki,<17,Tidak
8/15/2021,2021,08,Jakarta Timur,3094,403,23,6,Cerah,Siang,Bus,Kurang Jarak Aman,Jalan Kota,Berlubang,>60,Simpang 4,Laki-laki,>50,Tidak
12/12/2022,2022,12,Yogyakarta,3934,132,25,6,Hujan,Malam,Bus,Kondisi Jalan,Jalan Nasional,Rusak,40-60,Simpang T,Perempuan,17-25,Tidak
3/1/2022,2022,03,Yogyakarta,4234,297,27,35,Cerah,Pagi,Mobil,Pelanggaran Lalu Lintas,Jalan Nasional,Berlubang,40-60,Lurus,Laki-laki,17-25,Ya
5/29/2023,2023,05,Jakarta Selatan,4089,163,27,10,Cerah,Dini Hari,Truk,Kelalaian Pengemudi,Jalan Nasional,Berlubang,40-60,Lurus,Laki-laki,>50,Ya
12/15/2023,2023,12,Jakarta Selatan,3703,484,30,31,Cerah,Pagi,Truk,Kelalaian Pengemudi,Jalan Kota,Rusak,40-60,Tikungan,Perempuan,17-25,Ya
2/15/2023,2023,02,Makassar,2988,244,29,25,Cerah,Malam,Motor,Kecepatan Berlebih,Jalan Kota,Berlubang,>60,Simpang Y,Laki-laki,17-25,Ya
9/13/2022,2022,09,Makassar,4329,223,20,8,Cerah,Malam,Bus,Rem Blong,Jalan Nasional,Baik,<40,Lurus,Perempuan,>50,Tidak
11/23/2022,2022,11,Jakarta Timur,4930,460,30,46,Hujan,Dini Hari,Bus,Kondisi Jalan,Jalan Kota,Baik,>60,Simpang Y,Laki-laki,>50,Ya
8/6/2021,2021,08,Jakarta Timur,4037,276,24,16,Hujan,Malam,Motor,Kondisi Jalan,Jalan Nasional,Baik,>60,Tikungan,Laki-laki,17-25,Tidak
12/21/2021,2021,12,Surabaya,1061,306,28,26,Cerah,Pagi,Motor,Rem Blong,Jalan Provinsi,Rusak,<40,Simpang 4,Perempuan,>50,Ya
9/9/2025,2025,09,Medan,4386,449,25,18,Hujan,Dini Hari,Motor,Pelanggaran Lalu Lintas,Jalan Nasional,Berlubang,<40,Lurus,Laki-laki,<17,Tidak
3/1/2025,2025,03,Jakarta Selatan,1841,423,22,12,Hujan,Dini Hari,Motor,Rem Blong,Jalan Nasional,Berlubang,<40,Simpang T,Perempuan,17-25,Ya
9/25/2021,2021,09,Bandung,4688,334,28,29,Hujan,Dini Hari,Mobil,Kondisi Jalan,Jalan Provinsi,Baik,40-60,Simpang 4,Laki-laki,>50,Ya
6/7/2022,2022,06,Bandung,3233,444,20,68,Cerah,Siang,Bus,Kecepatan Berlebih,Jalan Provinsi,Berlubang,>60,Simpang 4,Perempuan,>50,Tidak
9/6/2021,2021,09,Surabaya,1972,328,28,12,Cerah,Malam,Mobil,Kurang Jarak Aman,Jalan Nasional,Rusak,40-60,Simpang 4,Laki-laki,17-25,Ya
8/1/2022,2022,08,Jakarta Selatan,3171,497,21,45,Hujan,Pagi,Bus,Kelalaian Pengemudi,Jalan Kota,Berlubang,40-60,Simpang Y,Laki-laki,26-45,Tidak
4/18/2025,2025,04,Bandung,3921,381,26,9,Hujan,Dini Hari,Bus,Kecepatan Berlebih,Jalan Nasional,Rusak,<40,Lurus,Laki-laki,>50,Tidak
7/26/2023,2023,07,Makassar,4967,429,20,14,Cerah,Malam,Motor,Kondisi Jalan,Jalan Nasional,Baik,40-60,Simpang T,Laki-laki,<17,Tidak
3/4/2024,2024,03,Bandung,1038,373,28,39,Hujan,Pagi,Mobil,Kelalaian Pengemudi,Jalan Nasional,Baik,<40,Simpang Y,Laki-laki,17-25,Ya
6/29/2024,2024,06,Palembang,4983,369,28,34,Cerah,Siang,Motor,Pelanggaran Lalu Lintas,Jalan Nasional,Berlubang,>60,Lurus,Laki-laki,>50,Tidak
11/29/2021,2021,11,Jakarta Selatan,1044,330,24,9,Cerah,Siang,Mobil,Kurang Jarak Aman,Jalan Nasional,Berlubang,<40,Simpang T,Laki-laki,<17,Ya
10/23/2024,2024,10,Surabaya,4527,402,26,45,Cerah,Siang,Truk,Rem Blong,Jalan Provinsi,Rusak,<40,Simpang Y,Perempuan,26-45,Ya
9/1/2023,2023,09,Makassar,1537,177,25,11,Cerah,Malam,Truk,Kecepatan Berlebih,Jalan Nasional,Berlubang,<40,Lurus,Perempuan,26-45,Ya
3/9/2024,2024,03,Jakarta Selatan,2474,213,26,47,Cerah,Malam,Truk,Pelanggaran Lalu Lintas,Jalan Kota,Baik,>60,Simpang Y,Perempuan,17-25,Ya
4/24/2021,2021,04,Makassar,1118,456,28,10,Hujan,Malam,Bus,Kecepatan Berlebih,Jalan Provinsi,Rusak,>60,Tikungan,Perempuan,17-25,Ya
3/23/2022,2022,03,Bekasi,3072,454,29,16,Hujan,Siang,Mobil,Kecepatan Berlebih,Jalan Kota,Rusak,40-60,Simpang Y,Laki-laki,17-25,Ya
7/1/2024,2024,07,Medan,3681,246,28,49,Cerah,Siang,Bus,Rem Blong,Jalan Nasional,Rusak,40-60,Simpang T,Perempuan,17-25,Tidak
6/15/2025,2025,06,Semarang,1612,212,26,9,Cerah,Pagi,Mobil,Kurang Jarak Aman,Jalan Nasional,Berlubang,>60,Lurus,Perempuan,<17,Tidak
6/7/2022,2022,06,Bekasi,4060,343,28,38,Cerah,Dini Hari,Bus,Pelanggaran Lalu Lintas,Jalan Nasional,Rusak,>60,Simpang Y,Laki-laki,>50,Tidak
4/3/2023,2023,04,Yogyakarta,1519,259,20,4,Cerah,Dini Hari,Mobil,Rem Blong,Jalan Nasional,Berlubang,>60,Tikungan,Laki-laki,<17,Ya
9/11/2021,2021,09,Jakarta Timur,1173,105,22,52,Hujan,Siang,Motor,Kurang Jarak Aman,Jalan Kota,Baik,<40,Lurus,Perempuan,17-25,Ya
9/13/2025,2025,09,Jakarta Selatan,1114,469,30,5,Hujan,Dini Hari,Truk,Rem Blong,Jalan Provinsi,Baik,>60,Simpang Y,Laki-laki,>50,Ya
3/10/2022,2022,03,Yogyakarta,3970,478,26,35,Cerah,Pagi,Mobil,Pelanggaran Lalu Lintas,Jalan Nasional,Berlubang,40-60,Simpang 4,Perempuan,26-45,Tidak
12/12/2021,2021,12,Palembang,2529,436,28,10,Hujan,Siang,Mobil,Kecepatan Berlebih,Jalan Nasional,Rusak,<40,Lurus,Laki-laki,<17,Tidak
10/19/2021,2021,10,Medan,1919,153,21,3,Cerah,Dini Hari,Bus,Kurang Jarak Aman,Jalan Kota,Baik,>60,Tikungan,Laki-laki,17-25,Tidak
11/29/2022,2022,11,Jakarta Selatan,2106,435,23,46,Cerah,Dini Hari,Motor,Kelalaian Pengemudi,Jalan Provinsi,Rusak,>60,Tikungan,Perempuan,>50,Ya
10/25/2025,2025,10,Jakarta Selatan,3368,142,25,40,Cerah,Pagi,Truk,Kurang Jarak Aman,Jalan Provinsi,Berlubang,40-60,Simpang T,Perempuan,26-45,Ya
1/28/2021,2021,01,Bekasi,2382,406,26,14,Hujan,Pagi,Bus,Kurang Jarak Aman,Jalan Nasional,Rusak,>60,Simpang Y,Laki-laki,26-45,Ya
12/4/2025,2025,12,Jakarta Selatan,2026,148,21,5,Hujan,Siang,Bus,Kelalaian Pengemudi,Jalan Provinsi,Baik,40-60,Tikungan,Laki-laki,<17,Ya
11/21/2022,2022,11,Semarang,3426,467,30,13,Hujan,Malam,Truk,Kecepatan Berlebih,Jalan Kota,Rusak,<40,Simpang T,Perempuan,26-45,Ya
5/17/2024,2024,05,Surabaya,2292,499,28,31,Hujan,Pagi,Bus,Kelalaian Pengemudi,Jalan Provinsi,Baik,<40,Lurus,Perempuan,17-25,Tidak
11/10/2024,2024,11,Jakarta Timur,4088,458,23,46,Hujan,Dini Hari,Bus,Pelanggaran Lalu Lintas,Jalan Provinsi,Berlubang,40-60,Lurus,Laki-laki,17-25,Tidak
8/2/2022,2022,08,Bekasi,2607,284,27,37,Hujan,Pagi,Mobil,Kelalaian Pengemudi,Jalan Nasional,Rusak,>60,Tikungan,Laki-laki,17-25,Ya
11/13/2024,2024,11,Palembang,1409,422,25,16,Hujan,Malam,Bus,Pelanggaran Lalu Lintas,Jalan Provinsi,Baik,<40,Lurus,Laki-laki,>50,Ya
4/5/2024,2024,04,Bekasi,1570,383,21,21,Hujan,Dini Hari,Mobil,Kelalaian Pengemudi,Jalan Nasional,Baik,>60,Tikungan,Perempuan,<17,Ya
9/4/2023,2023,09,Bandung,2492,190,20,6,Hujan,Siang,Mobil,Kecepatan Berlebih,Jalan Nasional,Berlubang,>60,Lurus,Perempuan,>50,Tidak
8/30/2022,2022,08,Bandung,1565,367,28,41,Cerah,Siang,Mobil,Pelanggaran Lalu Lintas,Jalan Provinsi,Rusak,40-60,Simpang Y,Laki-laki,17-25,Ya
7/13/2024,2024,07,Medan,1802,430,28,14,Hujan,Malam,Mobil,Kelalaian Pengemudi,Jalan Kota,Rusak,40-60,Tikungan,Perempuan,17-25,Tidak
11/21/2024,2024,11,Semarang,3336,124,30,10,Hujan,Malam,Mobil,Kondisi Jalan,Jalan Provinsi,Berlubang,<40,Simpang Y,Perempuan,26-45,Tidak
6/16/2021,2021,06,Bekasi,2201,326,30,28,Hujan,Siang,Motor,Rem Blong,Jalan Provinsi,Rusak,40-60,Tikungan,Laki-laki,<17,Tidak
4/13/2021,2021,04,Jakarta Timur,2787,472,29,5,Cerah,Dini Hari,Bus,Kurang Jarak Aman,Jalan Nasional,Berlubang,>60,Lurus,Laki-laki,<17,Ya
11/29/2021,2021,11,Palembang,3982,456,27,8,Hujan,Siang,Bus,Kondisi Jalan,Jalan Nasional,Baik,40-60,Simpang 4,Perempuan,<17,Ya
10/28/2025,2025,10,Palembang,3624,154,25,21,Hujan,Malam,Truk,Pelanggaran Lalu Lintas,Jalan Nasional,Berlubang,>60,Tikungan,Laki-laki,>50,Tidak
1/18/2022,2022,01,Semarang,4628,159,23,44,Cerah,Pagi,Mobil,Kecepatan Berlebih,Jalan Kota,Berlubang,>60,Simpang T,Perempuan,26-45,Ya
6/9/2022,2022,06,Palembang,4928,424,20,29,Cerah,Pagi,Mobil,Kelalaian Pengemudi,Jalan Provinsi,Rusak,40-60,Simpang Y,Laki-laki,>50,Ya
9/28/2022,2022,09,Yogyakarta,1820,489,23,38,Hujan,Malam,Bus,Kondisi Jalan,Jalan Nasional,Rusak,>60,Tikungan,Laki-laki,>50,Tidak
4/2/2021,2021,04,Bekasi,1851,481,27,37,Hujan,Pagi,Mobil,Kurang Jarak Aman,Jalan Kota,Rusak,<40,Simpang 4,Perempuan,<17,Ya
7/30/2024,2024,07,Bandung,2768,410,22,5,Hujan,Dini Hari,Truk,Kondisi Jalan,Jalan Nasional,Berlubang,>60,Simpang Y,Perempuan,26-45,Ya
6/11/2022,2022,06,Yogyakarta,1444,126,23,37,Hujan,Siang,Mobil,Kondisi Jalan,Jalan Provinsi,Rusak,>60,Tikungan,Laki-laki,>50,Tidak
7/4/2025,2025,07,Surabaya,2626,418,25,34,Hujan,Siang,Truk,Pelanggaran Lalu Lintas,Jalan Provinsi,Berlubang,<40,Simpang 4,Perempuan,>50,Ya
1/11/2024,2024,01,Yogyakarta,4361,492,20,3,Cerah,Siang,Bus,Kondisi Jalan,Jalan Kota,Berlubang,>60,Simpang 4,Laki-laki,<17,Ya
10/30/2022,2022,10,Surabaya,2720,317,23,7,Cerah,Malam,Motor,Rem Blong,Jalan Nasional,Berlubang,<40,Simpang Y,Laki-laki,26-45,Ya
3/19/2021,2021,03,Jakarta Timur,3694,231,21,15,Hujan,Dini Hari,Truk,Kecepatan Berlebih,Jalan Provinsi,Berlubang,40-60,Simpang Y,Perempuan,26-45,Ya
2/18/2024,2024,02,Palembang,3212,444,27,32,Cerah,Dini Hari,Mobil,Rem Blong,Jalan Provinsi,Berlubang,<40,Simpang 4,Laki-laki,<17,Ya
10/4/2023,2023,10,Jakarta Timur,3523,191,26,31,Cerah,Siang,Bus,Rem Blong,Jalan Provinsi,Baik,<40,Simpang Y,Laki-laki,17-25,Tidak
9/30/2023,2023,09,Jakarta Selatan,2105,438,28,24,Hujan,Malam,Truk,Kurang Jarak Aman,Jalan Kota,Baik,<40,Simpang Y,Laki-laki,>50,Ya
12/26/2024,2024,12,Medan,2763,161,23,7,Cerah,Dini Hari,Bus,Rem Blong,Jalan Kota,Baik,<40,Simpang Y,Perempuan,26-45,Ya
11/24/2021,2021,11,Jakarta Timur,2235,387,29,47,Hujan,Dini Hari,Mobil,Pelanggaran Lalu Lintas,Jalan Kota,Berlubang,40-60,Simpang 4,Perempuan,>50,Ya
1/13/2023,2023,01,Semarang,2134,462,24,17,Cerah,Dini Hari,Truk,Kelalaian Pengemudi,Jalan Provinsi,Rusak,40-60,Simpang T,Laki-laki,26-45,Tidak
11/14/2023,2023,11,Yogyakarta,3755,191,25,19,Cerah,Pagi,Motor,Kurang Jarak Aman,Jalan Nasional,Rusak,>60,Simpang T,Laki-laki,<17,Ya
3/12/2025,2025,03,Jakarta Selatan,2105,140,23,45,Hujan,Pagi,Bus,Pelanggaran Lalu Lintas,Jalan Provinsi,Baik,<40,Lurus,Perempuan,17-25,Ya
12/15/2021,2021,12,Bandung,2220,478,30,27,Hujan,Siang,Truk,Kondisi Jalan,Jalan Nasional,Baik,>60,Simpang Y,Laki-laki,<17,Tidak
6/8/2025,2025,06,Jakarta Selatan,3314,216,27,42,Cerah,Pagi,Truk,Pelanggaran Lalu Lintas,Jalan Nasional,Berlubang,>60,Simpang T,Perempuan,26-45,Tidak
7/23/2023,2023,07,Palembang,2738,338,23,7,Hujan,Pagi,Bus,Kurang Jarak Aman,Jalan Kota,Baik,<40,Simpang 4,Laki-laki,>50,Ya
8/16/2025,2025,08,Jakarta Timur,3284,152,21,42,Cerah,Dini Hari,Mobil,Kelalaian Pengemudi,Jalan Nasional,Berlubang,>60,Simpang 4,Perempuan,>50,Tidak
3/15/2021,2021,03,Yogyakarta,2991,466,25,2,Hujan,Siang,Bus,Pelanggaran Lalu Lintas,Jalan Nasional,Baik,>60,Tikungan,Laki-laki,17-25,Tidak
11/2/2024,2024,11,Bekasi,3685,435,22,3,Cerah,Dini Hari,Mobil,Rem Blong,Jalan Nasional,Baik,>60,Simpang T,Laki-laki,26-45,Tidak
2/8/2023,2023,02,Palembang,2681,492,22,68,Cerah,Pagi,Mobil,Kondisi Jalan,Jalan Nasional,Berlubang,>60,Tikungan,Laki-laki,17-25,Tidak
3/4/2022,2022,03,Jakarta Timur,3659,453,21,32,Cerah,Dini Hari,Mobil,Pelanggaran Lalu Lintas,Jalan Provinsi,Rusak,>60,Lurus,Laki-laki,<17,Ya
10/6/2025,2025,10,Makassar,1085,242,20,49,Hujan,Malam,Bus,Kelalaian Pengemudi,Jalan Nasional,Berlubang,>60,Simpang 4,Laki-laki,26-45,Ya
5/4/2021,2021,05,Bekasi,4253,209,26,25,Cerah,Dini Hari,Motor,Kurang Jarak Aman,Jalan Nasional,Rusak,40-60,Simpang Y,Laki-laki,>50,Tidak
12/1/2025,2025,12,Jakarta Selatan,1190,282,24,12,Cerah,Dini Hari,Truk,Pelanggaran Lalu Lintas,Jalan Nasional,Rusak,>60,Simpang T,Laki-laki,>50,Ya
9/18/2025,2025,09,Medan,4437,479,20,11,Cerah,Pagi,Truk,Rem Blong,Jalan Nasional,Berlubang,40-60,Simpang T,Perempuan,17-25,Tidak
4/23/2023,2023,04,Semarang,1641,464,26,5,Hujan,Siang,Bus,Pelanggaran Lalu Lintas,Jalan Nasional,Baik,>60,Simpang T,Laki-laki,<17,Ya
8/17/2023,2023,08,Jakarta Timur,3944,215,24,4,Cerah,Malam,Truk,Kelalaian Pengemudi,Jalan Provinsi,Baik,<40,Lurus,Laki-laki,>50,Ya
4/29/2025,2025,04,Surabaya,4722,311,26,5,Cerah,Siang,Truk,Rem Blong,Jalan Nasional,Baik,40-60,Tikungan,Laki-laki,>50,Ya
10/6/2021,2021,10,Yogyakarta,1701,278,25,50,Cerah,Pagi,Truk,Kurang Jarak Aman,Jalan Provinsi,Baik,<40,Simpang T,Laki-laki,<17,Tidak
11/20/2023,2023,11,Semarang,3837,428,29,33,Cerah,Siang,Truk,Kelalaian Pengemudi,Jalan Kota,Baik,<40,Simpang 4,Perempuan,17-25,Tidak
10/26/2023,2023,10,Yogyakarta,2483,200,21,11,Hujan,Siang,Mobil,Rem Blong,Jalan Kota,Baik,<40,Simpang Y,Laki-laki,26-45,Ya
5/1/2022,2022,05,Semarang,1058,199,30,32,Cerah,Pagi,Motor,Kondisi Jalan,Jalan Provinsi,Rusak,40-60,Lurus,Laki-laki,<17,Tidak
10/29/2024,2024,10,Jakarta Selatan,3554,462,25,6,Hujan,Dini Hari,Truk,Kondisi Jalan,Jalan Nasional,Rusak,40-60,Lurus,Perempuan,17-25,Tidak
10/28/2021,2021,10,Bekasi,1724,241,24,17,Cerah,Pagi,Bus,Pelanggaran Lalu Lintas,Jalan Kota,Berlubang,>60,Tikungan,Perempuan,17-25,Ya
5/22/2025,2025,05,Semarang,4137,234,20,5,Cerah,Pagi,Truk,Kurang Jarak Aman,Jalan Kota,Rusak,<40,Lurus,Perempuan,<17,Ya
5/10/2023,2023,05,Jakarta Selatan,1414,194,23,51,Cerah,Pagi,Truk,Pelanggaran Lalu Lintas,Jalan Nasional,Rusak,<40,Simpang 4,Laki-laki,<17,Ya
6/12/2025,2025,06,Makassar,1593,335,26,28,Cerah,Malam,Mobil,Rem Blong,Jalan Nasional,Baik,>60,Tikungan,Perempuan,17-25,Ya
1/17/2021,2021,01,Yogyakarta,4944,464,23,49,Hujan,Dini Hari,Bus,Rem Blong,Jalan Provinsi,Rusak,<40,Simpang T,Perempuan,17-25,Ya
1/1/2022,2022,01,Bekasi,2154,296,25,27,Hujan,Dini Hari,Truk,Kondisi Jalan,Jalan Provinsi,Berlubang,>60,Simpang T,Perempuan,26-45,Ya
1/20/2021,2021,01,Bekasi,3620,414,25,14,Cerah,Siang,Truk,Pelanggaran Lalu Lintas,Jalan Nasional,Baik,>60,Lurus,Perempuan,26-45,Ya
8/8/2024,2024,08,Semarang,4395,220,29,32,Cerah,Malam,Bus,Kecepatan Berlebih,Jalan Kota,Baik,>60,Lurus,Perempuan,26-45,Ya
11/2/2024,2024,11,Palembang,1191,343,25,63,Hujan,Malam,Truk,Rem Blong,Jalan Nasional,Berlubang,40-60,Simpang T,Perempuan,26-45,Tidak
8/16/2021,2021,08,Jakarta Timur,3471,268,27,41,Hujan,Pagi,Motor,Kecepatan Berlebih,Jalan Nasional,Rusak,40-60,Tikungan,Perempuan,17-25,Ya
2/17/2025,2025,02,Bekasi,1996,195,23,26,Cerah,Pagi,Motor,Kelalaian Pengemudi,Jalan Nasional,Rusak,>60,Lurus,Perempuan,26-45,Ya
6/14/2022,2022,06,Semarang,4780,478,20,19,Hujan,Dini Hari,Mobil,Kondisi Jalan,Jalan Kota,Berlubang,<40,Simpang Y,Laki-laki,17-25,Ya
11/30/2023,2023,11,Palembang,3649,216,24,56,Hujan,Dini Hari,Mobil,Kurang Jarak Aman,Jalan Nasional,Rusak,<40,Simpang 4,Laki-laki,<17,Tidak
11/23/2024,2024,11,Jakarta Selatan,1186,228,24,13,Hujan,Siang,Motor,Kondisi Jalan,Jalan Kota,Berlubang,40-60,Simpang 4,Laki-laki,17-25,Tidak
10/4/2022,2022,10,Jakarta Timur,1400,272,30,41,Cerah,Malam,Mobil,Pelanggaran Lalu Lintas,Jalan Nasional,Berlubang,40-60,Lurus,Perempuan,>50,Tidak
9/16/2022,2022,09,Bandung,4511,455,25,26,Cerah,Malam,Mobil,Kecepatan Berlebih,Jalan Kota,Berlubang,<40,Simpang 4,Laki-laki,<17,Ya
4/7/2022,2022,04,Jakarta Selatan,2188,289,22,27,Cerah,Malam,Motor,Kondisi Jalan,Jalan Kota,Rusak,40-60,Lurus,Perempuan,17-25,Ya
10/28/2023,2023,10,Bandung,1030,120,24,53,Cerah,Dini Hari,Mobil,Kondisi Jalan,Jalan Provinsi,Baik,>60,Simpang Y,Laki-laki,<17,Ya
3/19/2025,2025,03,Makassar,1793,150,28,25,Cerah,Siang,Motor,Rem Blong,Jalan Provinsi,Baik,<40,Simpang 4,Laki-laki,17-25,Ya
1/9/2024,2024,01,Bandung,4389,399,22,13,Cerah,Malam,Truk,Rem Blong,Jalan Nasional,Berlubang,40-60,Lurus,Perempuan,<17,Tidak
4/21/2022,2022,04,Bekasi,4939,116,30,5,Cerah,Siang,Motor,Pelanggaran Lalu Lintas,Jalan Provinsi,Baik,<40,Tikungan,Perempuan,>50,Tidak
1/18/2021,2021,01,Palembang,1800,334,22,23,Cerah,Malam,Truk,Rem Blong,Jalan Kota,Rusak,40-60,Tikungan,Perempuan,<17,Tidak
11/26/2021,2021,11,Bandung,4547,438,21,59,Hujan,Dini Hari,Mobil,Kecepatan Berlebih,Jalan Nasional,Rusak,>60,Simpang T,Perempuan,<17,Tidak
12/18/2025,2025,12,Bekasi,1451,326,22,43,Cerah,Pagi,Mobil,Kondisi Jalan,Jalan Kota,Baik,>60,Simpang 4,Laki-laki,<17,Ya
9/1/2022,2022,09,Palembang,2555,274,28,10,Hujan,Dini Hari,Mobil,Kurang Jarak Aman,Jalan Nasional,Baik,40-60,Simpang T,Laki-laki,>50,Ya
5/22/2024,2024,05,Bekasi,4029,332,29,12,Cerah,Pagi,Bus,Kondisi Jalan,Jalan Nasional,Rusak,>60,Lurus,Laki-laki,17-25,Tidak
8/31/2024,2024,08,Bekasi,4370,317,30,40,Hujan,Siang,Mobil,Kecepatan Berlebih,Jalan Nasional,Berlubang,<40,Simpang T,Laki-laki,<17,Tidak
12/1/2024,2024,12,Medan,4334,392,30,16,Cerah,Pagi,Truk,Kurang Jarak Aman,Jalan Kota,Baik,40-60,Simpang Y,Laki-laki,26-45,Ya
8/1/2024,2024,08,Jakarta Timur,4948,237,25,11,Cerah,Dini Hari,Truk,Pelanggaran Lalu Lintas,Jalan Kota,Baik,<40,Simpang Y,Perempuan,<17,Tidak
8/4/2023,2023,08,Bandung,2058,397,29,50,Cerah,Malam,Truk,Rem Blong,Jalan Nasional,Berlubang,>60,Tikungan,Perempuan,>50,Ya
1/11/2022,2022,01,Bandung,4314,291,25,11,Hujan,Malam,Truk,Kelalaian Pengemudi,Jalan Kota,Baik,<40,Simpang T,Perempuan,>50,Ya
4/2/2022,2022,04,Jakarta Timur,1193,225,25,5,Hujan,Malam,Bus,Kurang Jarak Aman,Jalan Kota,Berlubang,<40,Lurus,Laki-laki,<17,Tidak
8/23/2022,2022,08,Semarang,1139,141,22,9,Cerah,Dini Hari,Motor,Kecepatan Berlebih,Jalan Kota,Baik,<40,Simpang 4,Laki-laki,>50,Tidak
8/11/2025,2025,08,Medan,3481,452,24,17,Hujan,Siang,Bus,Kelalaian Pengemudi,Jalan Nasional,Rusak,40-60,Tikungan,Laki-laki,17-25,Ya
10/18/2024,2024,10,Semarang,4341,340,24,21,Cerah,Dini Hari,Truk,Kelalaian Pengemudi,Jalan Provinsi,Baik,<40,Simpang 4,Perempuan,17-25,Tidak
1/31/2025,2025,01,Semarang,2958,216,23,44,Cerah,Pagi,Mobil,Rem Blong,Jalan Nasional,Berlubang,<40,Simpang T,Laki-laki,17-25,Tidak
8/8/2025,2025,08,Yogyakarta,3331,156,30,19,Cerah,Siang,Truk,Kecepatan Berlebih,Jalan Nasional,Rusak,40-60,Tikungan,Perempuan,26-45,Ya
7/26/2024,2024,07,Surabaya,1540,424,24,19,Cerah,Dini Hari,Motor,Kondisi Jalan,Jalan Kota,Berlubang,>60,Simpang Y,Perempuan,<17,Ya
10/15/2025,2025,10,Jakarta Timur,4958,496,25,56,Hujan,Dini Hari,Bus,Rem Blong,Jalan Provinsi,Rusak,<40,Simpang Y,Laki-laki,26-45,Tidak
6/25/2023,2023,06,Bandung,1575,176,21,19,Cerah,Malam,Motor,Kondisi Jalan,Jalan Nasional,Berlubang,40-60,Simpang T,Perempuan,<17,Tidak
8/14/2025,2025,08,Palembang,1408,287,20,16,Cerah,Siang,Truk,Kelalaian Pengemudi,Jalan Kota,Rusak,40-60,Simpang T,Perempuan,<17,Ya
1/13/2021,2021,01,Jakarta Selatan,1162,143,21,39,Cerah,Pagi,Truk,Kurang Jarak Aman,Jalan Nasional,Baik,<40,Simpang Y,Laki-laki,<17,Ya
9/5/2022,2022,09,Surabaya,2688,117,20,23,Hujan,Dini Hari,Bus,Pelanggaran Lalu Lintas,Jalan Nasional,Baik,<40,Lurus,Perempuan,<17,Tidak
11/6/2022,2022,11,Jakarta Timur,3325,203,22,6,Hujan,Dini Hari,Bus,Pelanggaran Lalu Lintas,Jalan Nasional,Rusak,>60,Lurus,Perempuan,17-25,Ya
2/12/2022,2022,02,Palembang,3493,189,29,70,Cerah,Malam,Mobil,Kelalaian Pengemudi,Jalan Nasional,Berlubang,>60,Simpang Y,Laki-laki,>50,Ya
4/10/2022,2022,04,Medan,2088,111,20,19,Hujan,Dini Hari,Mobil,Kelalaian Pengemudi,Jalan Nasional,Baik,<40,Simpang T,Perempuan,>50,Tidak
6/25/2022,2022,06,Palembang,1178,116,27,47,Cerah,Dini Hari,Mobil,Kurang Jarak Aman,Jalan Provinsi,Baik,>60,Tikungan,Perempuan,26-45,Ya
6/21/2025,2025,06,Yogyakarta,2052,138,22,15,Cerah,Dini Hari,Truk,Kecepatan Berlebih,Jalan Provinsi,Rusak,<40,Tikungan,Laki-laki,<17,Tidak
1/1/2021,2021,01,Palembang,4072,116,21,12,Hujan,Dini Hari,Truk,Rem Blong,Jalan Provinsi,Baik,<40,Lurus,Laki-laki,>50,Tidak
6/28/2025,2025,06,Bekasi,1525,369,26,5,Cerah,Siang,Bus,Kondisi Jalan,Jalan Provinsi,Baik,<40,Lurus,Perempuan,26-45,Ya
5/25/2025,2025,05,Semarang,1337,112,24,8,Cerah,Pagi,Mobil,Rem Blong,Jalan Kota,Berlubang,>60,Tikungan,Laki-laki,<17,Ya
7/10/2025,2025,07,Semarang,1264,179,27,45,Cerah,Pagi,Bus,Rem Blong,Jalan Kota,Rusak,40-60,Simpang T,Laki-laki,>50,Ya
2/13/2025,2025,02,Surabaya,3120,172,25,23,Hujan,Malam,Mobil,Kondisi Jalan,Jalan Provinsi,Rusak,40-60,Simpang Y,Perempuan,<17,Tidak
5/14/2021,2021,05,Medan,2385,140,26,25,Hujan,Pagi,Truk,Kelalaian Pengemudi,Jalan Provinsi,Rusak,40-60,Simpang 4,Laki-laki,>50,Tidak
7/26/2021,2021,07,Semarang,4469,240,21,50,Cerah,Malam,Mobil,Pelanggaran Lalu Lintas,Jalan Kota,Berlubang,40-60,Simpang 4,Perempuan,>50,Ya
12/19/2021,2021,12,Surabaya,1374,390,30,13,Hujan,Pagi,Motor,Kondisi Jalan,Jalan Nasional,Berlubang,40-60,Tikungan,Perempuan,26-45,Tidak
9/1/2022,2022,09,Surabaya,4791,378,21,19,Hujan,Pagi,Bus,Kurang Jarak Aman,Jalan Kota,Berlubang,>60,Lurus,Laki-laki,>50,Tidak
7/29/2023,2023,07,Makassar,3689,185,21,14,Cerah,Malam,Motor,Kondisi Jalan,Jalan Nasional,Baik,40-60,Lurus,Perempuan,26-45,Ya
7/11/2023,2023,07,Medan,4111,444,29,28,Hujan,Pagi,Motor,Kondisi Jalan,Jalan Kota,Baik,<40,Lurus,Perempuan,26-45,Tidak
12/1/2021,2021,12,Palembang,4973,400,23,31,Hujan,Siang,Mobil,Kurang Jarak Aman,Jalan Nasional,Rusak,<40,Tikungan,Perempuan,>50,Ya
2/10/2021,2021,02,Makassar,3868,287,30,3,Hujan,Siang,Mobil,Kecepatan Berlebih,Jalan Provinsi,Rusak,<40,Simpang 4,Laki-laki,26-45,Tidak
3/20/2022,2022,03,Makassar,3634,410,20,11,Hujan,Dini Hari,Bus,Pelanggaran Lalu Lintas,Jalan Nasional,Berlubang,40-60,Lurus,Perempuan,17-25,Ya
10/7/2023,2023,10,Jakarta Timur,2165,118,27,30,Cerah,Siang,Mobil,Kondisi Jalan,Jalan Nasional,Rusak,>60,Tikungan,Perempuan,>50,Tidak
8/4/2022,2022,08,Yogyakarta,1232,118,25,11,Cerah,Siang,Motor,Pelanggaran Lalu Lintas,Jalan Kota,Baik,<40,Simpang T,Perempuan,26-45,Ya
1/9/2024,2024,01,Jakarta Selatan,2334,469,30,18,Hujan,Dini Hari,Mobil,Kondisi Jalan,Jalan Kota,Berlubang,>60,Simpang 4,Laki-laki,>50,Tidak
2/27/2023,2023,02,Jakarta Selatan,1234,265,27,25,Cerah,Dini Hari,Mobil,Kurang Jarak Aman,Jalan Provinsi,Baik,>60,Tikungan,Perempuan,26-45,Ya
2/14/2022,2022,02,Jakarta Barat,3213,295,24,13,Hujan,Siang,Bus,Kecepatan Berlebih,Jalan Provinsi,Berlubang,>60,Simpang T,Perempuan,>50,Tidak
2/28/2021,2021,02,Jakarta Barat,4693,475,26,17,Hujan,Siang,Truk,Kurang Jarak Aman,Jalan Kota,Baik,40-60,Simpang 4,Laki-laki,>50,Ya
10/4/2023,2023,10,Jakarta Barat,4609,293,30,22,Cerah,Malam,Bus,Kecepatan Berlebih,Jalan Nasional,Berlubang,>60,Simpang T,Perempuan,>50,Ya
4/15/2025,2025,04,Jakarta Barat,1209,282,21,22,Cerah,Siang,Bus,Kondisi Jalan,Jalan Kota,Berlubang,>60,Simpang Y,Laki-laki,>50,Ya
9/22/2022,2022,09,Jakarta Barat,2927,140,28,16,Hujan,Dini Hari,Bus,Kelalaian Pengemudi,Jalan Provinsi,Baik,<40,Simpang 4,Laki-laki,17-25,Tidak
12/7/2023,2023,12,Jakarta Barat,4595,329,28,30,Hujan,Siang,Truk,Kecepatan Berlebih,Jalan Provinsi,Rusak,<40,Simpang Y,Laki-laki,<17,Tidak
7/26/2022,2022,07,Jakarta Barat,1739,259,24,6,Cerah,Pagi,Motor,Kondisi Jalan,Jalan Kota,Baik,<40,Tikungan,Perempuan,26-45,Tidak
7/19/2023,2023,07,Jakarta Barat,1245,217,27,74,Hujan,Malam,Bus,Kondisi Jalan,Jalan Kota,Berlubang,>60,Simpang Y,Laki-laki,>50,Ya
8/5/2022,2022,08,Jakarta Barat,2288,478,21,11,Cerah,Siang,Motor,Pelanggaran Lalu Lintas,Jalan Kota,Baik,<40,Simpang Y,Laki-laki,17-25,Tidak
12/5/2021,2021,12,Jakarta Barat,1800,272,26,24,Cerah,Malam,Motor,Kecepatan Berlebih,Jalan Kota,Berlubang,<40,Simpang 4,Laki-laki,>50,Ya
10/8/2021,2021,10,Jakarta Barat,4681,350,21,54,Cerah,Siang,Truk,Pelanggaran Lalu Lintas,Jalan Kota,Baik,>60,Simpang Y,Laki-laki,>50,Tidak
5/20/2025,2025,05,Jakarta Barat,1554,102,20,1,Hujan,Dini Hari,Mobil,Pelanggaran Lalu Lintas,Jalan Nasional,Berlubang,<40,Lurus,Laki-laki,26-45,Tidak
9/14/2022,2022,09,Jakarta Barat,4235,197,25,46,Cerah,Pagi,Motor,Kecepatan Berlebih,Jalan Provinsi,Baik,>60,Simpang T,Laki-laki,<17,Tidak
9/17/2022,2022,09,Jakarta Barat,2532,312,20,7,Cerah,Malam,Truk,Kelalaian Pengemudi,Jalan Kota,Baik,<40,Lurus,Perempuan,26-45,Ya
11/6/2021,2021,11,Jakarta Barat,1213,373,21,32,Hujan,Siang,Bus,Rem Blong,Jalan Kota,Baik,40-60,Lurus,Laki-laki,26-45,Ya
9/1/2021,2021,09,Jakarta Barat,3349,450,30,12,Cerah,Siang,Truk,Kecepatan Berlebih,Jalan Nasional,Rusak,40-60,Simpang T,Laki-laki,26-45,Tidak
5/23/2022,2022,05,Jakarta Barat,1232,191,23,4,Cerah,Malam,Mobil,Kecepatan Berlebih,Jalan Kota,Baik,>60,Simpang T,Laki-laki,17-25,Ya
10/14/2022,2022,10,Jakarta Barat,2609,291,28,14,Cerah,Dini Hari,Bus,Kurang Jarak Aman,Jalan Provinsi,Berlubang,40-60,Simpang Y,Laki-laki,17-25,Ya
1/31/2022,2022,01,Jakarta Barat,2333,332,23,12,Cerah,Siang,Motor,Kecepatan Berlebih,Jalan Provinsi,Baik,>60,Simpang 4,Laki-laki,17-25,Tidak
3/10/2023,2023,03,Jakarta Barat,3556,398,21,13,Cerah,Pagi,Truk,Rem Blong,Jalan Provinsi,Rusak,40-60,Tikungan,Laki-laki,>50,Tidak
11/17/2021,2021,11,Jakarta Barat,3363,449,30,12,Cerah,Pagi,Motor,Kelalaian Pengemudi,Jalan Kota,Baik,<40,Simpang Y,Perempuan,17-25,Ya
4/13/2025,2025,04,Jakarta Barat,3324,235,20,27,Cerah,Pagi,Mobil,Rem Blong,Jalan Provinsi,Baik,40-60,Lurus,Laki-laki,>50,Ya
6/17/2025,2025,06,Jakarta Barat,4453,439,24,30,Hujan,Siang,Truk,Kurang Jarak Aman,Jalan Provinsi,Rusak,40-60,Tikungan,Laki-laki,<17,Tidak
7/27/2024,2024,07,Jakarta Barat,2702,386,23,4,Hujan,Dini Hari,Truk,Kecepatan Berlebih,Jalan Kota,Rusak,>60,Tikungan,Perempuan,17-25,Ya
10/14/2025,2025,10,Jakarta Barat,4763,431,30,4,Cerah,Dini Hari,Mobil,Kelalaian Pengemudi,Jalan Kota,Baik,>60,Lurus,Laki-laki,>50,Ya
3/18/2021,2021,03,Jakarta Barat,4607,427,30,12,Cerah,Siang,Bus,Pelanggaran Lalu Lintas,Jalan Provinsi,Rusak,40-60,Simpang Y,Perempuan,17-25,Tidak
7/26/2023,2023,07,Jakarta Barat,4244,245,23,18,Hujan,Malam,Truk,Kondisi Jalan,Jalan Nasional,Baik,>60,Simpang T,Perempuan,>50,Tidak
6/5/2022,2022,06,Jakarta Barat,2893,404,24,35,Cerah,Pagi,Bus,Kecepatan Berlebih,Jalan Provinsi,Baik,40-60,Simpang T,Laki-laki,17-25,Tidak
10/3/2025,2025,10,Jakarta Barat,1279,325,22,38,Hujan,Dini Hari,Mobil,Kecepatan Berlebih,Jalan Kota,Baik,<40,Tikungan,Perempuan,>50,Ya
3/6/2025,2025,03,Jakarta Barat,3304,271,28,14,Cerah,Pagi,Mobil,Pelanggaran Lalu Lintas,Jalan Provinsi,Berlubang,40-60,Simpang Y,Laki-laki,>50,Tidak
11/6/2022,2022,11,Jakarta Barat,2457,146,29,13,Hujan,Malam,Truk,Kecepatan Berlebih,Jalan Kota,Rusak,<40,Simpang T,Perempuan,>50,Tidak
8/23/2022,2022,08,Jakarta Barat,3547,433,29,8,Cerah,Malam,Mobil,Pelanggaran Lalu Lintas,Jalan Provinsi,Baik,<40,Simpang Y,Perempuan,26-45,Ya
9/17/2025,2025,09,Jakarta Barat,3739,464,29,10,Hujan,Malam,Mobil,Kelalaian Pengemudi,Jalan Kota,Rusak,>60,Lurus,Laki-laki,26-45,Ya
7/3/2022,2022,07,Jakarta Barat,3653,233,23,65,Cerah,Siang,Truk,Kecepatan Berlebih,Jalan Kota,Berlubang,40-60,Lurus,Perempuan,26-45,Tidak
4/18/2024,2024,04,Jakarta Barat,2866,431,28,60,Hujan,Siang,Motor,Kondisi Jalan,Jalan Kota,Berlubang,>60,Simpang 4,Perempuan,<17,Ya
9/25/2023,2023,09,Jakarta Barat,2809,257,26,19,Cerah,Siang,Mobil,Kondisi Jalan,Jalan Kota,Berlubang,40-60,Lurus,Laki-laki,>50,Ya
6/21/2022,2022,06,Jakarta Barat,3568,101,25,34,Cerah,Siang,Bus,Rem Blong,Jalan Nasional,Rusak,>60,Simpang T,Perempuan,>50,Ya
8/8/2025,2025,08,Jakarta Barat,2000,210,27,13,Cerah,Malam,Motor,Kecepatan Berlebih,Jalan Provinsi,Berlubang,40-60,Simpang 4,Perempuan,>50,Ya
9/27/2021,2021,09,Jakarta Barat,4722,371,24,52,Hujan,Siang,Motor,Kurang Jarak Aman,Jalan Kota,Baik,40-60,Tikungan,Perempuan,>50,Ya
11/16/2022,2022,11,Jakarta Barat,2514,250,24,42,Hujan,Siang,Bus,Rem Blong,Jalan Nasional,Rusak,>60,Simpang 4,Perempuan,26-45,Tidak
7/18/2025,2025,07,Jakarta Barat,4029,490,29,47,Cerah,Dini Hari,Motor,Kurang Jarak Aman,Jalan Nasional,Rusak,<40,Simpang 4,Laki-laki,<17,Tidak
6/4/2024,2024,06,Jakarta Barat,4027,284,28,20,Cerah,Malam,Motor,Pelanggaran Lalu Lintas,Jalan Provinsi,Berlubang,<40,Simpang 4,Perempuan,26-45,Tidak
11/30/2024,2024,11,Jakarta Barat,3364,123,23,6,Hujan,Malam,Bus,Rem Blong,Jalan Nasional,Rusak,<40,Simpang 4,Perempuan,<17,Ya
10/29/2024,2024,10,Jakarta Barat,3630,488,28,13,Hujan,Dini Hari,Motor,Kondisi Jalan,Jalan Kota,Berlubang,40-60,Tikungan,Laki-laki,<17,Ya
8/24/2024,2024,08,Jakarta Barat,3463,290,28,26,Cerah,Siang,Truk,Rem Blong,Jalan Provinsi,Baik,40-60,Simpang 4,Perempuan,>50,Ya
10/1/2021,2021,10,Jakarta Barat,3179,493,23,3,Hujan,Siang,Bus,Kondisi Jalan,Jalan Kota,Berlubang,<40,Simpang Y,Perempuan,>50,Tidak
6/17/2023,2023,06,Jakarta Barat,4419,212,28,37,Hujan,Dini Hari,Motor,Rem Blong,Jalan Kota,Rusak,>60,Lurus,Perempuan,<17,Tidak
12/11/2022,2022,12,Jakarta Barat,1625,459,29,3,Cerah,Siang,Motor,Kecepatan Berlebih,Jalan Nasional,Berlubang,40-60,Simpang 4,Perempuan,17-25,Tidak
9/8/2023,2023,09,Jakarta Barat,3864,242,24,16,Cerah,Dini Hari,Motor,Rem Blong,Jalan Nasional,Rusak,>60,Tikungan,Laki-laki,17-25,Ya
7/30/2021,2021,07,Jakarta Barat,1292,456,23,2,Hujan,Dini Hari,Bus,Pelanggaran Lalu Lintas,Jalan Nasional,Baik,>60,Lurus,Perempuan,>50,Ya
2/21/2024,2024,02,Jakarta Barat,3364,439,29,7,Hujan,Dini Hari,Motor,Kondisi Jalan,Jalan Kota,Rusak,40-60,Simpang Y,Laki-laki,17-25,Tidak
9/12/2023,2023,09,Jakarta Barat,1707,246,26,13,Hujan,Dini Hari,Motor,Pelanggaran Lalu Lintas,Jalan Kota,Berlubang,40-60,Lurus,Perempuan,17-25,Tidak
11/12/2024,2024,11,Jakarta Barat,1033,143,20,51,Cerah,Malam,Bus,Kondisi Jalan,Jalan Nasional,Baik,>60,Simpang Y,Laki-laki,<17,Ya
9/28/2023,2023,09,Jakarta Barat,2003,228,24,12,Hujan,Dini Hari,Bus,Kelalaian Pengemudi,Jalan Nasional,Rusak,40-60,Tikungan,Perempuan,17-25,Ya
10/12/2025,2025,10,Jakarta Barat,1034,493,27,57,Hujan,Pagi,Mobil,Kurang Jarak Aman,Jalan Kota,Rusak,>60,Simpang 4,Laki-laki,<17,Tidak
5/4/2025,2025,05,Jakarta Barat,1385,470,30,1,Hujan,Dini Hari,Mobil,Pelanggaran Lalu Lintas,Jalan Nasional,Berlubang,<40,Simpang Y,Perempuan,26-45,Tidak
12/22/2025,2025,12,Jakarta Barat,3714,296,22,13,Hujan,Pagi,Bus,Pelanggaran Lalu Lintas,Jalan Provinsi,Rusak,<40,Tikungan,Perempuan,<17,Ya
4/28/2025,2025,04,Jakarta Barat,1415,129,23,48,Hujan,Pagi,Bus,Pelanggaran Lalu Lintas,Jalan Nasional,Baik,40-60,Lurus,Laki-laki,<17,Tidak
10/22/2024,2024,10,Jakarta Barat,2744,338,26,49,Cerah,Dini Hari,Truk,Kecepatan Berlebih,Jalan Nasional,Berlubang,40-60,Tikungan,Laki-laki,<17,Tidak
6/5/2023,2023,06,Jakarta Barat,2367,412,26,19,Hujan,Pagi,Motor,Pelanggaran Lalu Lintas,Jalan Kota,Baik,>60,Simpang 4,Laki-laki,26-45,Ya
4/8/2025,2025,04,Jakarta Barat,2541,377,23,33,Cerah,Malam,Truk,Kondisi Jalan,Jalan Provinsi,Berlubang,40-60,Simpang T,Laki-laki,<17,Tidak
7/27/2022,2022,07,Jakarta Barat,3529,170,28,9,Cerah,Pagi,Motor,Kondisi Jalan,Jalan Provinsi,Rusak,>60,Lurus,Perempuan,>50,Ya
1/26/2023,2023,01,Jakarta Barat,3125,258,21,49,Hujan,Pagi,Motor,Pelanggaran Lalu Lintas,Jalan Kota,Baik,>60,Simpang T,Perempuan,<17,Tidak
10/5/2021,2021,10,Jakarta Barat,2380,344,21,11,Hujan,Siang,Motor,Kurang Jarak Aman,Jalan Nasional,Rusak,40-60,Simpang T,Laki-laki,<17,Tidak
9/17/2025,2025,09,Jakarta Barat,4428,236,24,12,Hujan,Siang,Mobil,Kecepatan Berlebih,Jalan Nasional,Berlubang,40-60,Lurus,Perempuan,17-25,Ya
5/6/2025,2025,05,Jakarta Barat,3777,415,21,68,Cerah,Dini Hari,Truk,Kecepatan Berlebih,Jalan Nasional,Rusak,<40,Simpang T,Perempuan,17-25,Ya
6/2/2021,2021,06,Jakarta Barat,3237,183,22,14,Hujan,Malam,Truk,Kurang Jarak Aman,Jalan Nasional,Rusak,<40,Simpang T,Laki-laki,<17,Tidak
9/11/2023,2023,09,Jakarta Barat,3398,244,24,9,Hujan,Pagi,Truk,Kelalaian Pengemudi,Jalan Provinsi,Rusak,40-60,Simpang T,Laki-laki,>50,Tidak
7/1/2024,2024,07,Jakarta Barat,2280,312,24,25,Cerah,Pagi,Bus,Kurang Jarak Aman,Jalan Provinsi,Rusak,<40,Simpang T,Laki-laki,<17,Tidak
9/26/2021,2021,09,Jakarta Barat,1728,140,25,7,Hujan,Malam,Bus,Rem Blong,Jalan Nasional,Rusak,40-60,Simpang 4,Perempuan,17-25,Tidak
5/17/2022,2022,05,Jakarta Barat,2369,426,28,20,Cerah,Dini Hari,Bus,Pelanggaran Lalu Lintas,Jalan Kota,Rusak,40-60,Simpang Y,Perempuan,26-45,Ya
5/25/2024,2024,05,Jakarta Barat,2423,447,22,17,Cerah,Pagi,Motor,Rem Blong,Jalan Kota,Baik,40-60,Simpang 4,Laki-laki,26-45,Tidak
4/6/2022,2022,04,Jakarta Barat,3329,495,24,7,Hujan,Pagi,Bus,Kurang Jarak Aman,Jalan Kota,Rusak,40-60,Simpang T,Perempuan,17-25,Ya
7/1/2023,2023,07,Jakarta Barat,2277,423,25,14,Cerah,Dini Hari,Motor,Kondisi Jalan,Jalan Nasional,Baik,40-60,Tikungan,Perempuan,26-45,Tidak
12/1/2023,2023,12,Jakarta Barat,1252,441,21,30,Hujan,Siang,Truk,Kecepatan Berlebih,Jalan Provinsi,Rusak,>60,Simpang Y,Perempuan,>50,Tidak
3/4/2025,2025,03,Jakarta Barat,1696,438,29,36,Hujan,Siang,Bus,Kelalaian Pengemudi,Jalan Provinsi,Rusak,<40,Simpang Y,Perempuan,26-45,Ya
9/7/2024,2024,09,Jakarta Barat,2892,127,25,2,Hujan,Dini Hari,Truk,Kelalaian Pengemudi,Jalan Nasional,Berlubang,>60,Tikungan,Perempuan,26-45,Ya
5/31/2023,2023,05,Jakarta Barat,2139,370,30,31,Hujan,Pagi,Mobil,Kelalaian Pengemudi,Jalan Kota,Baik,>60,Tikungan,Laki-laki,>50,Tidak
6/17/2022,2022,06,Jakarta Barat,4034,495,20,66,Hujan,Pagi,Mobil,Kurang Jarak Aman,Jalan Provinsi,Rusak,40-60,Simpang Y,Laki-laki,>50,Ya
3/22/2025,2025,03,Jakarta Barat,4621,228,24,4,Cerah,Pagi,Truk,Rem Blong,Jalan Nasional,Rusak,<40,Simpang 4,Perempuan,17-25,Ya
6/18/2023,2023,06,Jakarta Barat,3732,213,25,3,Hujan,Malam,Mobil,Kelalaian Pengemudi,Jalan Kota,Baik,>60,Tikungan,Perempuan,26-45,Ya
12/18/2022,2022,12,Jakarta Barat,2891,481,28,8,Hujan,Dini Hari,Truk,Rem Blong,Jalan Provinsi,Rusak,<40,Tikungan,Perempuan,26-45,Tidak
3/21/2023,2023,03,Jakarta Barat,3111,417,22,23,Hujan,Dini Hari,Mobil,Kurang Jarak Aman,Jalan Kota,Rusak,>60,Tikungan,Laki-laki,26-45,Tidak
10/21/2022,2022,10,Jakarta Barat,2477,301,26,41,Cerah,Malam,Truk,Kurang Jarak Aman,Jalan Kota,Rusak,>60,Lurus,Perempuan,17-25,Ya
8/9/2022,2022,08,Jakarta Barat,1703,232,20,57,Cerah,Siang,Mobil,Kondisi Jalan,Jalan Kota,Baik,40-60,Simpang 4,Perempuan,17-25,Ya
6/17/2021,2021,06,Jakarta Barat,3396,207,25,45,Cerah,Siang,Mobil,Kondisi Jalan,Jalan Nasional,Rusak,>60,Simpang 4,Perempuan,>50,Tidak
9/11/2024,2024,09,Jakarta Barat,3591,284,30,3,Hujan,Siang,Motor,Kecepatan Berlebih,Jalan Provinsi,Rusak,40-60,Lurus,Laki-laki,26-45,Tidak
1/15/2021,2021,01,Jakarta Barat,1349,410,28,24,Hujan,Pagi,Bus,Kurang Jarak Aman,Jalan Kota,Berlubang,<40,Lurus,Laki-laki,26-45,Ya
6/21/2023,2023,06,Jakarta Barat,1525,364,20,27,Hujan,Malam,Truk,Pelanggaran Lalu Lintas,Jalan Provinsi,Rusak,40-60,Simpang 4,Laki-laki,>50,Ya
11/22/2024,2024,11,Jakarta Barat,1945,129,30,5,Hujan,Malam,Truk,Kondisi Jalan,Jalan Nasional,Berlubang,<40,Simpang T,Laki-laki,>50,Ya
2/16/2022,2022,02,Jakarta Barat,3370,163,25,34,Hujan,Siang,Bus,Kecepatan Berlebih,Jalan Provinsi,Rusak,40-60,Simpang 4,Perempuan,<17,Ya
3/21/2024,2024,03,Jakarta Barat,4745,194,28,38,Cerah,Pagi,Truk,Kondisi Jalan,Jalan Nasional,Berlubang,<40,Tikungan,Laki-laki,<17,Tidak
3/1/2025,2025,03,Jakarta Barat,2559,428,25,25,Cerah,Siang,Motor,Rem Blong,Jalan Provinsi,Baik,40-60,Lurus,Perempuan,17-25,Tidak
5/9/2025,2025,05,Jakarta Barat,3132,350,24,3,Hujan,Siang,Mobil,Kurang Jarak Aman,Jalan Kota,Berlubang,>60,Simpang T,Perempuan,>50,Tidak
2/7/2021,2021,02,Jakarta Barat,4428,428,24,43,Cerah,Siang,Mobil,Kecepatan Berlebih,Jalan Provinsi,Berlubang,<40,Lurus,Laki-laki,17-25,Ya
2/6/2022,2022,02,Jakarta Barat,2179,268,27,17,Hujan,Pagi,Truk,Pelanggaran Lalu Lintas,Jalan Provinsi,Rusak,>60,Simpang 4,Perempuan,17-25,Tidak
1/28/2025,2025,01,Jakarta Barat,4391,438,27,39,Hujan,Pagi,Truk,Kecepatan Berlebih,Jalan Nasional,Rusak,<40,Simpang T,Perempuan,17-25,Tidak
8/13/2025,2025,08,Jakarta Barat,1068,436,20,3,Hujan,Malam,Truk,Kondisi Jalan,Jalan Provinsi,Rusak,40-60,Tikungan,Laki-laki,>50,Ya
6/29/2023,2023,06,Jakarta Barat,3919,250,22,7,Cerah,Siang,Bus,Kondisi Jalan,Jalan Kota,Rusak,<40,Simpang T,Perempuan,26-45,Ya
9/21/2025,2025,09,Jakarta Barat,2569,265,25,27,Hujan,Dini Hari,Bus,Rem Blong,Jalan Nasional,Rusak,40-60,Tikungan,Laki-laki,26-45,Ya
8/20/2021,2021,08,Jakarta Barat,1628,134,28,25,Cerah,Pagi,Truk,Kurang Jarak Aman,Jalan Nasional,Berlubang,40-60,Lurus,Perempuan,17-25,Ya
2/19/2021,2021,02,Jakarta Barat,3862,487,29,17,Cerah,Malam,Mobil,Kurang Jarak Aman,Jalan Provinsi,Rusak,>60,Simpang Y,Laki-laki,>50,Ya
12/21/2021,2021,12,Jakarta Barat,3037,408,20,3,Hujan,Malam,Bus,Pelanggaran Lalu Lintas,Jalan Kota,Baik,<40,Simpang 4,Perempuan,<17,Ya
12/7/2025,2025,12,Jakarta Barat,1958,266,29,33,Hujan,Malam,Bus,Kondisi Jalan,Jalan Provinsi,Berlubang,40-60,Tikungan,Perempuan,17-25,Tidak
3/1/2022,2022,03,Jakarta Barat,3076,391,22,20,Hujan,Dini Hari,Truk,Pelanggaran Lalu Lintas,Jalan Nasional,Berlubang,>60,Lurus,Laki-laki,17-25,Ya
7/18/2023,2023,07,Jakarta Barat,1125,245,25,15,Hujan,Pagi,Bus,Rem Blong,Jalan Nasional,Rusak,>60,Lurus,Laki-laki,26-45,Ya
4/13/2023,2023,04,Jakarta Barat,2096,219,25,14,Cerah,Siang,Mobil,Kelalaian Pengemudi,Jalan Nasional,Rusak,<40,Simpang T,Perempuan,17-25,Tidak
10/11/2025,2025,10,Jakarta Barat,2929,137,26,11,Cerah,Dini Hari,Mobil,Kelalaian Pengemudi,Jalan Nasional,Baik,<40,Simpang Y,Laki-laki,17-25,Ya
8/16/2021,2021,08,Jakarta Barat,3014,494,20,45,Cerah,Pagi,Mobil,Kecepatan Berlebih,Jalan Provinsi,Berlubang,40-60,Simpang T,Perempuan,26-45,Tidak
2/18/2022,2022,02,Jakarta Barat,3343,250,30,24,Hujan,Malam,Truk,Kurang Jarak Aman,Jalan Provinsi,Rusak,40-60,Simpang Y,Laki-laki,>50,Ya
9/9/2025,2025,09,Jakarta Barat,4142,403,22,19,Cerah,Pagi,Mobil,Pelanggaran Lalu Lintas,Jalan Kota,Rusak,<40,Simpang Y,Laki-laki,>50,Ya
4/10/2025,2025,04,Jakarta Barat,4847,155,24,38,Hujan,Malam,Truk,Rem Blong,Jalan Kota,Rusak,>60,Simpang T,Laki-laki,26-45,Ya
1/8/2022,2022,01,Jakarta Barat,2626,238,26,5,Cerah,Siang,Truk,Kondisi Jalan,Jalan Nasional,Berlubang,>60,Simpang T,Perempuan,<17,Tidak
11/2/2023,2023,11,Jakarta Barat,1561,331,29,15,Cerah,Malam,Motor,Rem Blong,Jalan Kota,Berlubang,>60,Lurus,Perempuan,<17,Tidak
10/6/2024,2024,10,Jakarta Barat,4547,396,29,15,Hujan,Dini Hari,Bus,Rem Blong,Jalan Nasional,Baik,<40,Tikungan,Perempuan,>50,Tidak
7/21/2025,2025,07,Jakarta Barat,2735,286,26,8,Cerah,Pagi,Truk,Kelalaian Pengemudi,Jalan Kota,Berlubang,<40,Tikungan,Perempuan,17-25,Tidak
6/22/2024,2024,06,Jakarta Barat,3351,386,24,37,Cerah,Siang,Truk,Rem Blong,Jalan Kota,Rusak,<40,Lurus,Perempuan,26-45,Tidak
4/13/2025,2025,04,Jakarta Barat,1806,157,25,33,Cerah,Malam,Motor,Kurang Jarak Aman,Jalan Provinsi,Berlubang,>60,Lurus,Laki-laki,17-25,Ya
9/22/2022,2022,09,Jakarta Barat,1766,155,22,20,Cerah,Siang,Motor,Kecepatan Berlebih,Jalan Kota,Baik,<40,Lurus,Laki-laki,26-45,Ya
5/1/2023,2023,05,Jakarta Barat,1341,389,26,34,Cerah,Malam,Motor,Pelanggaran Lalu Lintas,Jalan Provinsi,Rusak,>60,Simpang T,Laki-laki,<17,Ya
6/12/2022,2022,06,Jakarta Barat,3199,204,28,9,Cerah,Malam,Motor,Kelalaian Pengemudi,Jalan Kota,Berlubang,>60,Simpang Y,Laki-laki,17-25,Tidak
7/25/2022,2022,07,Jakarta Barat,2069,388,25,65,Cerah,Siang,Truk,Kecepatan Berlebih,Jalan Kota,Berlubang,40-60,Lurus,Perempuan,17-25,Ya
4/3/2024,2024,04,Jakarta Barat,2943,430,22,6,Hujan,Malam,Mobil,Rem Blong,Jalan Kota,Rusak,<40,Tikungan,Laki-laki,17-25,Tidak
7/30/2023,2023,07,Palembang,2141,431,27,14,Cerah,Dini Hari,Motor,Kondisi Jalan,Jalan Nasional,Baik,>60,Simpang 4,Perempuan,<17,Tidak
2/5/2025,2025,02,Semarang,1386,183,23,17,Hujan,Dini Hari,Truk,Kondisi Jalan,Jalan Nasional,Baik,40-60,Tikungan,Laki-laki,<17,Tidak
12/6/2025,2025,12,Bekasi,4094,331,23,43,Cerah,Pagi,Mobil,Kondisi Jalan,Jalan Kota,Baik,>60,Simpang T,Laki-laki,26-45,Ya
1/5/2021,2021,01,Yogyakarta,1418,366,29,45,Hujan,Dini Hari,Mobil,Rem Blong,Jalan Provinsi,Rusak,<40,Lurus,Laki-laki,26-45,Ya
5/6/2023,2023,05,Surabaya,1481,444,25,22,Cerah,Dini Hari,Truk,Kurang Jarak Aman,Jalan Nasional,Rusak,>60,Tikungan,Perempuan,>50,Tidak
7/12/2024,2024,07,Medan,4081,189,24,48,Hujan,Dini Hari,Motor,Kondisi Jalan,Jalan Kota,Baik,>60,Lurus,Laki-laki,<17,Tidak
6/15/2024,2024,06,Semarang,3048,333,25,32,Hujan,Siang,Mobil,Pelanggaran Lalu Lintas,Jalan Kota,Berlubang,40-60,Tikungan,Perempuan,17-25,Ya
6/30/2025,2025,06,Bekasi,1468,443,30,5,Cerah,Siang,Bus,Kondisi Jalan,Jalan Provinsi,Baik,40-60,Simpang 4,Laki-laki,26-45,Tidak
4/9/2022,2022,04,Yogyakarta,3673,481,29,54,Hujan,Dini Hari,Truk,Kondisi Jalan,Jalan Nasional,Baik,>60,Tikungan,Perempuan,17-25,Ya
10/28/2023,2023,10,Bandung,4696,250,21,13,Hujan,Siang,Truk,Kurang Jarak Aman,Jalan Provinsi,Berlubang,>60,Simpang T,Perempuan,>50,Tidak
12/29/2022,2022,12,Semarang,2594,477,21,15,Hujan,Malam,Bus,Rem Blong,Jalan Provinsi,Baik,>60,Lurus,Laki-laki,26-45,Ya
3/26/2024,2024,03,Yogyakarta,3786,112,28,56,Hujan,Malam,Motor,Kurang Jarak Aman,Jalan Nasional,Berlubang,>60,Lurus,Laki-laki,17-25,Tidak
11/7/2021,2021,11,Yogyakarta,3695,244,24,12,Cerah,Malam,Truk,Kecepatan Berlebih,Jalan Provinsi,Berlubang,>60,Tikungan,Perempuan,17-25,Tidak
11/9/2023,2023,11,Medan,4646,378,26,17,Hujan,Dini Hari,Mobil,Kecepatan Berlebih,Jalan Provinsi,Rusak,40-60,Simpang T,Laki-laki,26-45,Ya
2/13/2022,2022,02,Jakarta Timur,1721,293,28,24,Hujan,Malam,Truk,Kurang Jarak Aman,Jalan Provinsi,Rusak,>60,Simpang 4,Laki-laki,17-25,Tidak
1/1/2023,2023,01,Makassar,4851,191,25,5,Hujan,Malam,Bus,Kurang Jarak Aman,Jalan Nasional,Rusak,>60,Lurus,Perempuan,17-25,Ya
8/19/2021,2021,08,Jakarta Selatan,2325,399,26,18,Hujan,Malam,Bus,Pelanggaran Lalu Lintas,Jalan Provinsi,Rusak,40-60,Simpang 4,Perempuan,17-25,Ya
1/20/2022,2022,01,Semarang,4317,170,21,10,Hujan,Malam,Mobil,Pelanggaran Lalu Lintas,Jalan Nasional,Berlubang,<40,Lurus,Perempuan,26-45,Ya
9/19/2025,2025,09,Surabaya,3763,142,22,15,Hujan,Dini Hari,Truk,Pelanggaran Lalu Lintas,Jalan Kota,Berlubang,40-60,Lurus,Perempuan,<17,Tidak
5/22/2024,2024,05,Palembang,1427,213,29,12,Cerah,Siang,Truk,Kondisi Jalan,Jalan Nasional,Rusak,>60,Simpang T,Perempuan,17-25,Ya
6/22/2023,2023,06,Makassar,3050,471,25,37,Hujan,Dini Hari,Motor,Rem Blong,Jalan Kota,Rusak,<40,Tikungan,Perempuan,17-25,Ya
8/20/2021,2021,08,Jakarta Selatan,4458,215,27,7,Cerah,Pagi,Motor,Pelanggaran Lalu Lintas,Jalan Kota,Baik,>60,Simpang Y,Perempuan,<17,Tidak
10/27/2024,2024,10,Yogyakarta,2603,439,22,18,Cerah,Malam,Mobil,Kurang Jarak Aman,Jalan Kota,Baik,<40,Tikungan,Perempuan,>50,Tidak
2/12/2021,2021,02,Bandung,2356,489,29,54,Cerah,Malam,Bus,Kecepatan Berlebih,Jalan Nasional,Berlubang,<40,Lurus,Laki-laki,>50,Tidak
5/29/2021,2021,05,Medan,3199,489,24,35,Hujan,Malam,Bus,Pelanggaran Lalu Lintas,Jalan Provinsi,Rusak,>60,Simpang 4,Perempuan,17-25,Tidak
10/26/2024,2024,10,Medan,1916,141,29,59,Hujan,Dini Hari,Bus,Pelanggaran Lalu Lintas,Jalan Kota,Berlubang,40-60,Simpang 4,Perempuan,>50,Ya
10/12/2023,2023,10,Bandung,1473,149,22,5,Cerah,Malam,Mobil,Kurang Jarak Aman,Jalan Nasional,Berlubang,<40,Simpang T,Laki-laki,<17,Tidak
1/19/2022,2022,01,Makassar,3594,464,25,69,Hujan,Pagi,Bus,Kecepatan Berlebih,Jalan Kota,Berlubang,40-60,Simpang Y,Laki-laki,26-45,Tidak
4/26/2025,2025,04,Jakarta Selatan,2037,280,27,57,Hujan,Siang,Mobil,Kelalaian Pengemudi,Jalan Nasional,Baik,40-60,Tikungan,Laki-laki,>50,Ya
4/14/2022,2022,04,Bekasi,4633,330,23,9,Hujan,Malam,Motor,Kurang Jarak Aman,Jalan Nasional,Rusak,>60,Tikungan,Laki-laki,17-25,Tidak
2/25/2023,2023,02,Surabaya,3098,385,26,7,Hujan,Pagi,Bus,Kondisi Jalan,Jalan Provinsi,Rusak,>60,Simpang Y,Perempuan,<17,Tidak
3/23/2021,2021,03,Surabaya,1746,182,29,49,Cerah,Dini Hari,Truk,Kecepatan Berlebih,Jalan Kota,Baik,<40,Lurus,Laki-laki,>50,Tidak
4/27/2022,2022,04,Makassar,2759,168,22,11,Hujan,Dini Hari,Truk,Kelalaian Pengemudi,Jalan Nasional,Berlubang,>60,Simpang Y,Perempuan,26-45,Ya
10/31/2025,2025,10,Surabaya,4308,197,27,33,Cerah,Dini Hari,Bus,Kondisi Jalan,Jalan Nasional,Baik,>60,Simpang Y,Perempuan,<17,Ya
10/18/2025,2025,10,Palembang,3762,139,29,21,Hujan,Malam,Truk,Pelanggaran Lalu Lintas,Jalan Nasional,Berlubang,40-60,Simpang 4,Perempuan,<17,Tidak
8/19/2021,2021,08,Jakarta Selatan,4381,384,28,7,Cerah,Pagi,Motor,Pelanggaran Lalu Lintas,Jalan Kota,Baik,<40,Tikungan,Laki-laki,<17,Tidak
9/21/2025,2025,09,Semarang,1040,215,29,43,Cerah,Pagi,Truk,Kurang Jarak Aman,Jalan Provinsi,Berlubang,>60,Lurus,Laki-laki,<17,Tidak
7/10/2025,2025,07,Palembang,1343,174,29,7,Hujan,Malam,Motor,Rem Blong,Jalan Nasional,Baik,40-60,Simpang T,Laki-laki,17-25,Tidak
6/3/2025,2025,06,Medan,3490,208,22,42,Hujan,Dini Hari,Mobil,Rem Blong,Jalan Provinsi,Berlubang,>60,Simpang Y,Perempuan,26-45,Tidak
4/30/2023,2023,04,Surabaya,4481,412,22,32,Hujan,Dini Hari,Mobil,Kondisi Jalan,Jalan Nasional,Berlubang,<40,Lurus,Perempuan,<17,Tidak
11/17/2025,2025,11,Yogyakarta,1385,175,20,3,Cerah,Pagi,Motor,Kurang Jarak Aman,Jalan Kota,Berlubang,<40,Tikungan,Perempuan,>50,Ya
10/11/2022,2022,10,Jakarta Timur,2773,290,29,38,Cerah,Pagi,Bus,Kelalaian Pengemudi,Jalan Kota,Baik,40-60,Lurus,Laki-laki,>50,Ya
12/8/2024,2024,12,Medan,4164,223,28,28,Hujan,Siang,Bus,Kondisi Jalan,Jalan Nasional,Berlubang,40-60,Simpang T,Laki-laki,<17,Ya
8/15/2022,2022,08,Bandung,4678,306,27,9,Hujan,Dini Hari,Motor,Kurang Jarak Aman,Jalan Kota,Rusak,40-60,Tikungan,Laki-laki,<17,Ya
4/7/2024,2024,04,Semarang,3909,355,29,3,Cerah,Pagi,Motor,Kurang Jarak Aman,Jalan Kota,Berlubang,<40,Lurus,Perempuan,>50,Tidak
8/11/2022,2022,08,Bekasi,4105,253,26,27,Cerah,Dini Hari,Truk,Pelanggaran Lalu Lintas,Jalan Provinsi,Rusak,40-60,Simpang T,Laki-laki,>50,Tidak
10/3/2022,2022,10,Makassar,3261,475,25,22,Hujan,Siang,Mobil,Kecepatan Berlebih,Jalan Provinsi,Rusak,<40,Simpang 4,Perempuan,17-25,Tidak
7/27/2025,2025,07,Semarang,4811,450,20,15,Cerah,Dini Hari,Mobil,Kurang Jarak Aman,Jalan Provinsi,Rusak,>60,Lurus,Perempuan,<17,Ya
9/28/2024,2024,09,Palembang,1904,129,27,24,Cerah,Dini Hari,Bus,Rem Blong,Jalan Nasional,Berlubang,<40,Simpang T,Perempuan,>50,Tidak
12/20/2021,2021,12,Bekasi,3354,482,28,24,Cerah,Malam,Motor,Kecepatan Berlebih,Jalan Kota,Berlubang,<40,Tikungan,Laki-laki,17-25,Ya
9/2/2022,2022,09,Makassar,2380,180,29,31,Hujan,Malam,Mobil,Kecepatan Berlebih,Jalan Kota,Rusak,40-60,Tikungan,Perempuan,<17,Ya
11/22/2025,2025,11,Palembang,1420,265,25,35,Cerah,Pagi,Mobil,Pelanggaran Lalu Lintas,Jalan Nasional,Rusak,40-60,Tikungan,Laki-laki,>50,Ya
11/1/2022,2022,11,Surabaya,3626,445,21,24,Hujan,Dini Hari,Truk,Kurang Jarak Aman,Jalan Provinsi,Berlubang,>60,Simpang T,Laki-laki,>50,Ya
2/24/2022,2022,02,Jakarta Timur,1349,488,22,8,Hujan,Dini Hari,Truk,Rem Blong,Jalan Kota,Berlubang,40-60,Tikungan,Perempuan,>50,Ya
5/4/2021,2021,05,Jakarta Selatan,1382,222,23,39,Hujan,Siang,Mobil,Kondisi Jalan,Jalan Provinsi,Baik,40-60,Simpang 4,Perempuan,17-25,Ya
2/6/2025,2025,02,Surabaya,3100,204,23,47,Cerah,Dini Hari,Mobil,Kurang Jarak Aman,Jalan Kota,Rusak,>60,Lurus,Laki-laki,17-25,Ya
2/25/2022,2022,02,Surabaya,1592,328,28,18,Hujan,Dini Hari,Truk,Kecepatan Berlebih,Jalan Provinsi,Baik,>60,Simpang Y,Laki-laki,>50,Ya
1/10/2025,2025,01,Jakarta Selatan,4392,253,22,45,Hujan,Dini Hari,Mobil,Kurang Jarak Aman,Jalan Provinsi,Baik,>60,Simpang Y,Laki-laki,26-45,Ya
9/23/2025,2025,09,Bandung,4142,285,26,19,Cerah,Dini Hari,Bus,Kelalaian Pengemudi,Jalan Nasional,Baik,40-60,Tikungan,Laki-laki,<17,Tidak
10/13/2025,2025,10,Semarang,4424,105,21,7,Hujan,Dini Hari,Truk,Pelanggaran Lalu Lintas,Jalan Provinsi,Baik,<40,Simpang 4,Laki-laki,<17,Ya
6/19/2022,2022,06,Bandung,3325,276,21,27,Cerah,Siang,Motor,Pelanggaran Lalu Lintas,Jalan Kota,Baik,<40,Simpang Y,Laki-laki,17-25,Tidak
11/26/2024,2024,11,Surabaya,1940,103,20,15,Hujan,Siang,Mobil,Rem Blong,Jalan Nasional,Rusak,>60,Tikungan,Laki-laki,26-45,Ya
7/18/2025,2025,07,Jakarta Timur,4646,105,26,35,Cerah,Siang,Truk,Kondisi Jalan,Jalan Provinsi,Rusak,<40,Simpang T,Perempuan,26-45,Tidak
5/13/2023,2023,05,Bekasi,3705,199,30,22,Hujan,Dini Hari,Bus,Kurang Jarak Aman,Jalan Nasional,Rusak,40-60,Simpang T,Laki-laki,26-45,Tidak
10/12/2022,2022,10,Medan,2470,466,21,29,Hujan,Dini Hari,Truk,Kondisi Jalan,Jalan Provinsi,Baik,<40,Lurus,Perempuan,>50,Tidak
7/26/2023,2023,07,Yogyakarta,3142,340,30,40,Hujan,Dini Hari,Mobil,Pelanggaran Lalu Lintas,Jalan Kota,Berlubang,40-60,Simpang 4,Perempuan,17-25,Tidak
10/10/2022,2022,10,Yogyakarta,3245,403,21,41,Cerah,Malam,Truk,Kurang Jarak Aman,Jalan Kota,Rusak,>60,Simpang 4,Laki-laki,26-45,Tidak
5/19/2024,2024,05,Yogyakarta,1780,168,29,9,Hujan,Siang,Mobil,Kurang Jarak Aman,Jalan Kota,Berlubang,40-60,Simpang Y,Laki-laki,>50,Ya
2/14/2023,2023,02,Makassar,1500,360,28,39,Cerah,Siang,Truk,Kondisi Jalan,Jalan Provinsi,Baik,>60,Lurus,Laki-laki,17-25,Tidak
7/8/2025,2025,07,Medan,3114,335,27,29,Cerah,Pagi,Bus,Pelanggaran Lalu Lintas,Jalan Nasional,Baik,40-60,Tikungan,Perempuan,<17,Tidak
5/11/2025,2025,05,Jakarta Selatan,2974,317,21,17,Hujan,Dini Hari,Bus,Kurang Jarak Aman,Jalan Provinsi,Baik,<40,Simpang 4,Laki-laki,26-45,Ya
1/2/2025,2025,01,Makassar,2795,431,20,32,Hujan,Siang,Truk,Kelalaian Pengemudi,Jalan Nasional,Rusak,<40,Tikungan,Laki-laki,<17,Tidak
11/30/2022,2022,11,Jakarta Timur,3510,330,27,24,Cerah,Malam,Mobil,Kondisi Jalan,Jalan Provinsi,Berlubang,>60,Simpang 4,Perempuan,<17,Ya
5/7/2023,2023,05,Bekasi,2171,323,28,15,Hujan,Dini Hari,Truk,Kurang Jarak Aman,Jalan Nasional,Baik,<40,Simpang Y,Perempuan,<17,Tidak
3/24/2024,2024,03,Jakarta Selatan,2290,345,23,12,Cerah,Malam,Motor,Rem Blong,Jalan Provinsi,Baik,>60,Lurus,Laki-laki,26-45,Tidak
11/21/2025,2025,11,Makassar,4915,200,30,26,Cerah,Siang,Motor,Rem Blong,Jalan Provinsi,Rusak,40-60,Lurus,Laki-laki,>50,Tidak
3/10/2023,2023,03,Surabaya,4945,243,23,13,Cerah,Pagi,Mobil,Rem Blong,Jalan Provinsi,Berlubang,40-60,Simpang T,Perempuan,<17,Ya
8/22/2024,2024,08,Palembang,2039,129,21,23,Hujan,Dini Hari,Truk,Kurang Jarak Aman,Jalan Provinsi,Berlubang,40-60,Lurus,Perempuan,>50,Ya
4/17/2023,2023,04,Palembang,3300,449,27,33,Cerah,Siang,Bus,Kecepatan Berlebih,Jalan Kota,Baik,>60,Simpang Y,Laki-laki,17-25,Tidak
2/14/2023,2023,02,Surabaya,3089,490,23,2,Hujan,Malam,Motor,Rem Blong,Jalan Nasional,Baik,>60,Lurus,Perempuan,>50,Ya
10/16/2023,2023,10,Makassar,4203,249,29,16,Cerah,Malam,Motor,Kelalaian Pengemudi,Jalan Provinsi,Baik,40-60,Simpang 4,Perempuan,26-45,Tidak
1/14/2023,2023,01,Makassar,2402,382,21,5,Hujan,Malam,Bus,Kurang Jarak Aman,Jalan Nasional,Rusak,<40,Tikungan,Perempuan,17-25,Ya
10/22/2021,2021,10,Jakarta Selatan,1809,255,25,9,Cerah,Malam,Motor,Kelalaian Pengemudi,Jalan Nasional,Baik,40-60,Simpang T,Perempuan,<17,Tidak
7/26/2023,2023,07,Medan,3882,191,28,33,Cerah,Malam,Motor,Kondisi Jalan,Jalan Provinsi,Baik,40-60,Tikungan,Laki-laki,17-25,Ya
10/11/2021,2021,10,Jakarta Timur,4995,143,23,55,Cerah,Siang,Motor,Kelalaian Pengemudi,Jalan Kota,Rusak,>60,Simpang 4,Perempuan,>50,Ya
4/12/2021,2021,04,Medan,1330,157,20,0,Cerah,Dini Hari,Bus,Kecepatan Berlebih,Jalan Nasional,Berlubang,40-60,Simpang 4,Laki-laki,17-25,Ya
1/29/2023,2023,01,Jakarta Timur,1998,340,20,9,Hujan,Dini Hari,Bus,Pelanggaran Lalu Lintas,Jalan Provinsi,Rusak,40-60,Lurus,Laki-laki,26-45,Ya
9/2/2022,2022,09,Makassar,3308,324,29,12,Cerah,Pagi,Mobil,Kurang Jarak Aman,Jalan Nasional,Rusak,>60,Lurus,Perempuan,26-45,Ya
10/9/2023,2023,10,Bekasi,3620,388,27,25,Hujan,Dini Hari,Motor,Kelalaian Pengemudi,Jalan Kota,Rusak,<40,Simpang T,Laki-laki,>50,Tidak
10/11/2025,2025,10,Surabaya,1498,206,21,32,Hujan,Dini Hari,Motor,Rem Blong,Jalan Provinsi,Baik,>60,Tikungan,Perempuan,<17,Tidak
10/20/2023,2023,10,Jakarta Timur,1011,274,23,30,Cerah,Siang,Mobil,Kondisi Jalan,Jalan Nasional,Rusak,<40,Lurus,Laki-laki,<17,Ya
10/29/2024,2024,10,Yogyakarta,1559,118,28,18,Cerah,Malam,Mobil,Kurang Jarak Aman,Jalan Kota,Baik,40-60,Simpang 4,Laki-laki,<17,Tidak
6/24/2025,2025,06,Surabaya,3232,495,29,10,Hujan,Siang,Truk,Kecepatan Berlebih,Jalan Provinsi,Berlubang,40-60,Simpang 4,Perempuan,26-45,Ya
10/9/2022,2022,10,Palembang,4688,275,23,19,Hujan,Siang,Mobil,Kondisi Jalan,Jalan Nasional,Baik,>60,Lurus,Laki-laki,17-25,Tidak
5/3/2024,2024,05,Yogyakarta,3984,497,30,41,Cerah,Siang,Bus,Kurang Jarak Aman,Jalan Provinsi,Berlubang,40-60,Simpang Y,Perempuan,26-45,Ya
2/21/2021,2021,02,Surabaya,1649,205,27,11,Hujan,Dini Hari,Bus,Kondisi Jalan,Jalan Nasional,Rusak,40-60,Simpang Y,Laki-laki,<17,Tidak
1/11/2022,2022,01,Palembang,3204,397,28,16,Hujan,Pagi,Bus,Kelalaian Pengemudi,Jalan Kota,Berlubang,>60,Lurus,Laki-laki,26-45,Ya
11/14/2023,2023,11,Bekasi,3863,364,23,45,Cerah,Malam,Mobil,Rem Blong,Jalan Kota,Baik,>60,Tikungan,Laki-laki,<17,Ya
1/9/2021,2021,01,Medan,2864,381,24,13,Hujan,Pagi,Mobil,Rem Blong,Jalan Nasional,Berlubang,<40,Simpang Y,Perempuan,17-25,Ya
11/3/2025,2025,11,Bandung,3534,369,29,14,Cerah,Dini Hari,Mobil,Rem Blong,Jalan Provinsi,Baik,40-60,Simpang T,Perempuan,17-25,Ya
3/29/2021,2021,03,Makassar,2151,414,22,9,Cerah,Malam,Truk,Kurang Jarak Aman,Jalan Provinsi,Berlubang,>60,Lurus,Laki-laki,<17,Tidak
12/5/2021,2021,12,Medan,4129,335,30,41,Hujan,Pagi,Truk,Kurang Jarak Aman,Jalan Provinsi,Baik,40-60,Lurus,Perempuan,17-25,Tidak
2/28/2022,2022,02,Semarang,3063,306,22,34,Hujan,Siang,Bus,Kecepatan Berlebih,Jalan Provinsi,Rusak,<40,Simpang Y,Laki-laki,>50,Tidak
11/11/2022,2022,11,Semarang,4007,289,28,13,Hujan,Malam,Truk,Kecepatan Berlebih,Jalan Kota,Rusak,<40,Simpang T,Perempuan,26-45,Ya
8/4/2022,2022,08,Yogyakarta,3826,183,28,11,Cerah,Siang,Motor,Pelanggaran Lalu Lintas,Jalan Kota,Baik,<40,Simpang Y,Laki-laki,>50,Tidak
7/8/2023,2023,07,Medan,2976,481,24,19,Hujan,Dini Hari,Truk,Kelalaian Pengemudi,Jalan Provinsi,Berlubang,<40,Simpang 4,Perempuan,26-45,Tidak
11/14/2024,2024,11,Jakarta Timur,3662,366,20,1,Hujan,Pagi,Bus,Kurang Jarak Aman,Jalan Nasional,Rusak,>60,Lurus,Perempuan,17-25,Tidak
9/16/2021,2021,09,Bandung,3383,143,28,28,Hujan,Pagi,Truk,Pelanggaran Lalu Lintas,Jalan Provinsi,Berlubang,>60,Simpang Y,Perempuan,>50,Ya
3/12/2022,2022,03,Makassar,4382,187,26,44,Hujan,Malam,Mobil,Rem Blong,Jalan Provinsi,Baik,>60,Simpang 4,Laki-laki,<17,Ya
5/16/2022,2022,05,Jakarta Selatan,4208,194,21,8,Hujan,Malam,Mobil,Kurang Jarak Aman,Jalan Nasional,Baik,>60,Simpang Y,Perempuan,<17,Ya
2/6/2023,2023,02,Bekasi,1295,183,30,9,Cerah,Siang,Mobil,Kondisi Jalan,Jalan Nasional,Berlubang,>60,Lurus,Perempuan,17-25,Tidak
12/9/2023,2023,12,Medan,3530,174,22,9,Cerah,Pagi,Motor,Kecepatan Berlebih,Jalan Nasional,Rusak,<40,Simpang Y,Laki-laki,>50,Ya
9/11/2025,2025,09,Jakarta Timur,2026,353,30,12,Hujan,Dini Hari,Bus,Kondisi Jalan,Jalan Kota,Rusak,>60,Simpang Y,Laki-laki,17-25,Ya
9/16/2024,2024,09,Yogyakarta,2598,406,25,16,Hujan,Pagi,Mobil,Kelalaian Pengemudi,Jalan Kota,Berlubang,<40,Simpang Y,Perempuan,26-45,Ya
1/13/2024,2024,01,Surabaya,2539,138,22,61,Hujan,Siang,Truk,Kecepatan Berlebih,Jalan Nasional,Baik,<40,Simpang T,Perempuan,26-45,Tidak
9/4/2024,2024,09,Jakarta Selatan,3323,472,28,26,Cerah,Malam,Bus,Pelanggaran Lalu Lintas,Jalan Nasional,Baik,40-60,Tikungan,Perempuan,26-45,Ya
4/29/2021,2021,04,Bekasi,2106,496,25,16,Cerah,Malam,Bus,Rem Blong,Jalan Kota,Berlubang,<40,Lurus,Perempuan,<17,Tidak
10/5/2021,2021,10,Jakarta Selatan,4037,481,25,32,Cerah,Dini Hari,Truk,Kondisi Jalan,Jalan Kota,Baik,40-60,Lurus,Perempuan,<17,Tidak
11/14/2022,2022,11,Jakarta Selatan,1983,219,22,11,Cerah,Dini Hari,Truk,Kurang Jarak Aman,Jalan Provinsi,Rusak,40-60,Tikungan,Perempuan,17-25,Tidak
5/21/2023,2023,05,Jakarta Timur,1696,110,25,61,Cerah,Siang,Motor,Kondisi Jalan,Jalan Provinsi,Berlubang,>60,Simpang Y,Laki-laki,<17,Tidak
3/5/2022,2022,03,Palembang,4709,219,29,48,Hujan,Dini Hari,Motor,Rem Blong,Jalan Nasional,Rusak,40-60,Simpang 4,Laki-laki,26-45,Tidak
5/24/2022,2022,05,Medan,4217,109,29,8,Cerah,Pagi,Mobil,Rem Blong,Jalan Kota,Berlubang,>60,Lurus,Laki-laki,17-25,Tidak
5/12/2022,2022,05,Medan,3681,207,20,22,Hujan,Pagi,Motor,Kurang Jarak Aman,Jalan Provinsi,Rusak,40-60,Simpang T,Laki-laki,26-45,Tidak
9/7/2022,2022,09,Medan,2181,268,23,18,Hujan,Pagi,Mobil,Rem Blong,Jalan Provinsi,Rusak,>60,Lurus,Laki-laki,26-45,Ya
3/5/2021,2021,03,Bandung,2852,347,30,13,Cerah,Siang,Mobil,Pelanggaran Lalu Lintas,Jalan Nasional,Berlubang,>60,Simpang Y,Laki-laki,<17,Tidak
3/23/2024,2024,03,Semarang,1071,234,24,25,Hujan,Dini Hari,Motor,Kelalaian Pengemudi,Jalan Kota,Baik,>60,Tikungan,Laki-laki,17-25,Tidak
1/31/2022,2022,01,Bekasi,2176,136,20,27,Hujan,Dini Hari,Truk,Kondisi Jalan,Jalan Provinsi,Berlubang,>60,Lurus,Perempuan,17-25,Ya
2/16/2025,2025,02,Medan,3470,323,30,48,Hujan,Dini Hari,Bus,Kecepatan Berlebih,Jalan Nasional,Rusak,<40,Lurus,Perempuan,17-25,Tidak
5/9/2024,2024,05,Medan,3445,146,29,1,Cerah,Malam,Truk,Kelalaian Pengemudi,Jalan Provinsi,Berlubang,>60,Simpang 4,Perempuan,26-45,Ya
10/2/2023,2023,10,Palembang,3204,354,26,34,Hujan,Pagi,Mobil,Rem Blong,Jalan Nasional,Berlubang,<40,Simpang 4,Laki-laki,<17,Tidak
3/22/2022,2022,03,Yogyakarta,3496,174,27,41,Cerah,Malam,Mobil,Pelanggaran Lalu Lintas,Jalan Provinsi,Berlubang,<40,Simpang Y,Perempuan,<17,Ya
10/27/2022,2022,10,Bandung,1132,277,23,18,Cerah,Siang,Truk,Kelalaian Pengemudi,Jalan Nasional,Baik,40-60,Simpang 4,Laki-laki,<17,Tidak
2/20/2021,2021,02,Bekasi,3498,113,28,59,Hujan,Dini Hari,Truk,Kelalaian Pengemudi,Jalan Nasional,Baik,<40,Simpang 4,Laki-laki,17-25,Tidak
6/15/2025,2025,06,Yogyakarta,3617,173,25,16,Hujan,Malam,Bus,Rem Blong,Jalan Nasional,Rusak,<40,Simpang T,Perempuan,<17,Tidak
12/30/2025,2025,12,Palembang,3772,335,25,15,Cerah,Pagi,Mobil,Kurang Jarak Aman,Jalan Provinsi,Baik,>60,Simpang Y,Perempuan,>50,Tidak
4/23/2021,2021,04,Semarang,4605,499,30,38,Hujan,Siang,Truk,Kondisi Jalan,Jalan Kota,Baik,>60,Tikungan,Laki-laki,17-25,Tidak
4/22/2025,2025,04,Semarang,2418,324,21,10,Hujan,Siang,Mobil,Kelalaian Pengemudi,Jalan Nasional,Baik,40-60,Simpang Y,Perempuan,<17,Tidak
11/15/2022,2022,11,Medan,3851,430,26,7,Hujan,Pagi,Bus,Pelanggaran Lalu Lintas,Jalan Provinsi,Berlubang,40-60,Simpang Y,Perempuan,17-25,Tidak
8/13/2023,2023,08,Jakarta Selatan,1280,185,29,37,Cerah,Siang,Mobil,Kecepatan Berlebih,Jalan Nasional,Rusak,<40,Simpang Y,Laki-laki,26-45,Ya
11/14/2022,2022,11,Yogyakarta,3540,310,25,54,Hujan,Pagi,Mobil,Kurang Jarak Aman,Jalan Provinsi,Rusak,>60,Simpang 4,Laki-laki,>50,Tidak
7/31/2023,2023,07,Medan,4960,161,30,28,Hujan,Pagi,Motor,Kondisi Jalan,Jalan Kota,Baik,>60,Simpang 4,Perempuan,>50,Ya
5/1/2023,2023,05,Semarang,2092,457,20,29,Cerah,Malam,Mobil,Kecepatan Berlebih,Jalan Provinsi,Baik,40-60,Simpang T,Perempuan,17-25,Ya
3/14/2024,2024,03,Bekasi,2530,181,26,60,Hujan,Siang,Mobil,Pelanggaran Lalu Lintas,Jalan Provinsi,Baik,>60,Tikungan,Perempuan,<17,Tidak
11/16/2022,2022,11,Palembang,4296,285,30,18,Cerah,Dini Hari,Mobil,Kecepatan Berlebih,Jalan Kota,Baik,<40,Lurus,Laki-laki,>50,Tidak
5/27/2023,2023,05,Surabaya,2787,283,30,16,Cerah,Pagi,Bus,Kelalaian Pengemudi,Jalan Provinsi,Baik,40-60,Tikungan,Laki-laki,<17,Ya
10/29/2022,2022,10,Jakarta Timur,1001,416,28,41,Cerah,Malam,Mobil,Pelanggaran Lalu Lintas,Jalan Nasional,Berlubang,<40,Simpang 4,Perempuan,17-25,Tidak
2/19/2023,2023,02,Semarang,2080,157,23,12,Cerah,Pagi,Mobil,Pelanggaran Lalu Lintas,Jalan Provinsi,Berlubang,<40,Tikungan,Laki-laki,>50,Tidak
2/24/2025,2025,02,Surabaya,4740,495,20,23,Hujan,Malam,Mobil,Kondisi Jalan,Jalan Provinsi,Rusak,40-60,Simpang Y,Laki-laki,<17,Tidak
9/20/2021,2021,09,Surabaya,1839,286,22,10,Hujan,Dini Hari,Mobil,Kondisi Jalan,Jalan Provinsi,Baik,>60,Simpang T,Perempuan,17-25,Ya
8/18/2025,2025,08,Bandung,1628,498,23,0,Cerah,Dini Hari,Truk,Kecepatan Berlebih,Jalan Kota,Berlubang,<40,Simpang 4,Perempuan,26-45,Ya
7/11/2022,2022,07,Palembang,2438,351,20,26,Cerah,Dini Hari,Motor,Kelalaian Pengemudi,Jalan Provinsi,Rusak,<40,Lurus,Perempuan,<17,Tidak
1/30/2023,2023,01,Yogyakarta,1614,404,24,10,Hujan,Dini Hari,Bus,Kelalaian Pengemudi,Jalan Provinsi,Berlubang,40-60,Simpang 4,Laki-laki,>50,Tidak
4/16/2025,2025,04,Jakarta Selatan,1743,280,22,24,Cerah,Dini Hari,Bus,Kelalaian Pengemudi,Jalan Provinsi,Baik,<40,Lurus,Perempuan,>50,Ya
4/9/2025,2025,04,Palembang,4691,233,20,64,Cerah,Malam,Truk,Kondisi Jalan,Jalan Nasional,Rusak,40-60,Tikungan,Perempuan,>50,Tidak
6/9/2022,2022,06,Surabaya,1631,256,29,47,Hujan,Dini Hari,Bus,Rem Blong,Jalan Nasional,Berlubang,40-60,Tikungan,Perempuan,<17,Ya
7/4/2021,2021,07,Bekasi,1077,480,21,6,Cerah,Malam,Motor,Pelanggaran Lalu Lintas,Jalan Kota,Baik,40-60,Simpang 4,Laki-laki,17-25,Ya
8/27/2025,2025,08,Bandung,4666,258,29,4,Hujan,Dini Hari,Motor,Kondisi Jalan,Jalan Kota,Baik,>60,Simpang 4,Laki-laki,26-45,Ya
1/12/2022,2022,01,Jakarta Selatan,4289,153,26,43,Hujan,Siang,Motor,Kondisi Jalan,Jalan Kota,Berlubang,<40,Tikungan,Perempuan,17-25,Tidak
7/3/2021,2021,07,Yogyakarta,2748,388,20,20,Hujan,Siang,Mobil,Kecepatan Berlebih,Jalan Kota,Berlubang,>60,Simpang T,Laki-laki,>50,Tidak
7/12/2022,2022,07,Medan,2102,391,23,34,Cerah,Pagi,Truk,Kurang Jarak Aman,Jalan Nasional,Berlubang,40-60,Simpang 4,Laki-laki,17-25,Ya
9/16/2022,2022,09,Medan,1765,116,24,22,Cerah,Siang,Motor,Kelalaian Pengemudi,Jalan Kota,Rusak,40-60,Simpang Y,Perempuan,>50,Ya
2/4/2023,2023,02,Jakarta Selatan,2909,313,29,51,Cerah,Siang,Truk,Kecepatan Berlebih,Jalan Provinsi,Baik,<40,Lurus,Laki-laki,<17,Tidak
2/24/2025,2025,02,Palembang,4963,380,30,12,Hujan,Pagi,Truk,Kelalaian Pengemudi,Jalan Nasional,Berlubang,>60,Tikungan,Laki-laki,>50,Tidak
2/8/2021,2021,02,Surabaya,4305,114,21,43,Cerah,Siang,Mobil,Kecepatan Berlebih,Jalan Provinsi,Berlubang,>60,Simpang 4,Laki-laki,<17,Tidak
3/11/2025,2025,03,Bekasi,3470,240,26,36,Cerah,Malam,Motor,Pelanggaran Lalu Lintas,Jalan Provinsi,Berlubang,40-60,Tikungan,Laki-laki,>50,Tidak
12/29/2025,2025,12,Jakarta Selatan,2353,259,28,22,Hujan,Malam,Bus,Kondisi Jalan,Jalan Nasional,Berlubang,<40,Lurus,Perempuan,26-45,Tidak
10/31/2021,2021,10,Yogyakarta,2703,191,28,20,Hujan,Siang,Bus,Kondisi Jalan,Jalan Kota,Berlubang,>60,Simpang T,Perempuan,>50,Ya
4/17/2025,2025,04,Jakarta Selatan,4670,465,28,13,Hujan,Malam,Mobil,Pelanggaran Lalu Lintas,Jalan Provinsi,Baik,40-60,Simpang T,Perempuan,>50,Ya
4/25/2022,2022,04,Yogyakarta,3403,425,27,21,Cerah,Dini Hari,Motor,Kecepatan Berlebih,Jalan Kota,Rusak,<40,Simpang Y,Perempuan,17-25,Ya
1/19/2021,2021,01,Medan,4942,450,25,11,Hujan,Dini Hari,Truk,Pelanggaran Lalu Lintas,Jalan Kota,Rusak,>60,Simpang 4,Perempuan,17-25,Tidak
2/26/2022,2022,02,Bandung,3351,293,27,33,Cerah,Malam,Motor,Kecepatan Berlebih,Jalan Provinsi,Rusak,>60,Lurus,Perempuan,>50,Ya
12/19/2023,2023,12,Semarang,2687,417,21,24,Hujan,Malam,Motor,Kondisi Jalan,Jalan Provinsi,Baik,>60,Simpang Y,Laki-laki,17-25,Ya
11/16/2024,2024,11,Yogyakarta,3734,247,28,26,Cerah,Dini Hari,Motor,Kurang Jarak Aman,Jalan Nasional,Berlubang,>60,Simpang 4,Perempuan,<17,Ya
8/17/2025,2025,08,Jakarta Selatan,2268,139,23,2,Cerah,Dini Hari,Mobil,Kelalaian Pengemudi,Jalan Nasional,Rusak,40-60,Simpang T,Laki-laki,>50,Tidak
11/11/2025,2025,11,Yogyakarta,1328,209,25,10,Hujan,Siang,Mobil,Kelalaian Pengemudi,Jalan Provinsi,Berlubang,<40,Simpang T,Laki-laki,<17,Tidak
11/17/2022,2022,11,Bandung,3777,242,23,56,Cerah,Dini Hari,Truk,Kecepatan Berlebih,Jalan Nasional,Rusak,<40,Tikungan,Laki-laki,<17,Ya
5/7/2022,2022,05,Medan,2557,400,29,8,Cerah,Pagi,Mobil,Rem Blong,Jalan Kota,Berlubang,>60,Simpang T,Perempuan,26-45,Ya
2/15/2024,2024,02,Bandung,1541,329,23,13,Hujan,Siang,Bus,Kecepatan Berlebih,Jalan Kota,Berlubang,>60,Lurus,Laki-laki,17-25,Tidak
10/1/2024,2024,10,Palembang,2487,284,20,7,Cerah,Malam,Motor,Kondisi Jalan,Jalan Kota,Baik,<40,Simpang T,Perempuan,>50,Tidak
4/5/2025,2025,04,Jakarta Selatan,1025,131,22,13,Hujan,Malam,Mobil,Pelanggaran Lalu Lintas,Jalan Provinsi,Baik,<40,Lurus,Perempuan,>50,Ya
4/29/2025,2025,04,Bekasi,1599,423,28,39,Hujan,Dini Hari,Motor,Kecepatan Berlebih,Jalan Nasional,Rusak,<40,Lurus,Laki-laki,>50,Tidak
5/5/2022,2022,05,Yogyakarta,2378,211,20,27,Hujan,Siang,Truk,Kondisi Jalan,Jalan Provinsi,Berlubang,<40,Simpang 4,Perempuan,17-25,Ya
7/12/2025,2025,07,Jakarta Selatan,4936,393,22,21,Cerah,Malam,Mobil,Pelanggaran Lalu Lintas,Jalan Kota,Baik,>60,Lurus,Perempuan,<17,Ya
6/14/2023,2023,06,Jakarta Selatan,4590,143,25,15,Cerah,Pagi,Bus,Kecepatan Berlebih,Jalan Provinsi,Baik,>60,Simpang Y,Perempuan,26-45,Ya
7/6/2021,2021,07,Makassar,3050,135,24,8,Hujan,Siang,Mobil,Kondisi Jalan,Jalan Provinsi,Rusak,<40,Simpang 4,Laki-laki,>50,Ya
6/6/2023,2023,06,Yogyakarta,2356,328,26,3,Cerah,Siang,Mobil,Kurang Jarak Aman,Jalan Kota,Rusak,40-60,Lurus,Laki-laki,17-25,Tidak
6/2/2025,2025,06,Yogyakarta,3318,415,29,3,Hujan,Pagi,Bus,Kecepatan Berlebih,Jalan Provinsi,Berlubang,>60,Simpang Y,Perempuan,>50,Ya
5/3/2021,2021,05,Semarang,2148,296,29,29,Cerah,Siang,Motor,Kecepatan Berlebih,Jalan Provinsi,Baik,40-60,Tikungan,Laki-laki,17-25,Ya
1/13/2022,2022,01,Medan,4432,490,29,24,Cerah,Pagi,Bus,Kondisi Jalan,Jalan Provinsi,Rusak,>60,Lurus,Laki-laki,17-25,Tidak
10/9/2023,2023,10,Yogyakarta,4969,376,27,21,Hujan,Dini Hari,Bus,Kurang Jarak Aman,Jalan Nasional,Rusak,<40,Simpang 4,Laki-laki,17-25,Ya
12/17/2023,2023,12,Semarang,4130,450,23,9,Hujan,Pagi,Motor,Kecepatan Berlebih,Jalan Nasional,Rusak,<40,Simpang 4,Laki-laki,>50,Ya
10/11/2024,2024,10,Yogyakarta,1230,250,24,49,Cerah,Pagi,Bus,Kondisi Jalan,Jalan Kota,Berlubang,>60,Simpang T,Perempuan,17-25,Ya
1/1/2021,2021,01,Bandung,1236,290,27,44,Cerah,Siang,Mobil,Kondisi Jalan,Jalan Nasional,Rusak,40-60,Tikungan,Laki-laki,>50,Tidak
5/4/2025,2025,05,Semarang,2185,199,21,36,Hujan,Pagi,Mobil,Kondisi Jalan,Jalan Nasional,Rusak,>60,Tikungan,Laki-laki,26-45,Ya
3/12/2022,2022,03,Bekasi,4708,133,27,16,Hujan,Siang,Mobil,Kecepatan Berlebih,Jalan Kota,Rusak,>60,Simpang Y,Laki-laki,<17,Tidak
4/21/2022,2022,04,Medan,4199,475,28,19,Hujan,Dini Hari,Mobil,Kelalaian Pengemudi,Jalan Nasional,Baik,40-60,Tikungan,Perempuan,<17,Tidak
7/10/2022,2022,07,Yogyakarta,2115,151,20,14,Cerah,Dini Hari,Motor,Rem Blong,Jalan Nasional,Rusak,<40,Tikungan,Laki-laki,17-25,Tidak
11/19/2025,2025,11,Jakarta Timur,4653,419,26,18,Hujan,Siang,Mobil,Kurang Jarak Aman,Jalan Kota,Berlubang,40-60,Simpang Y,Perempuan,>50,Tidak
7/15/2022,2022,07,Surabaya,2040,474,23,9,Cerah,Pagi,Motor,Kondisi Jalan,Jalan Provinsi,Rusak,>60,Simpang Y,Perempuan,>50,Ya
10/9/2023,2023,10,Bekasi,1364,439,24,22,Hujan,Malam,Motor,Kondisi Jalan,Jalan Kota,Baik,>60,Simpang Y,Laki-laki,26-45,Ya
7/30/2021,2021,07,Yogyakarta,1744,377,20,35,Hujan,Dini Hari,Motor,Rem Blong,Jalan Kota,Berlubang,<40,Simpang 4,Perempuan,<17,Tidak
10/4/2025,2025,10,Bekasi,4371,448,22,32,Cerah,Malam,Mobil,Pelanggaran Lalu Lintas,Jalan Kota,Rusak,40-60,Tikungan,Laki-laki,>50,Tidak
5/19/2024,2024,05,Bandung,3775,233,25,10,Hujan,Dini Hari,Truk,Pelanggaran Lalu Lintas,Jalan Provinsi,Rusak,40-60,Simpang 4,Laki-laki,17-25,Ya
4/9/2021,2021,04,Palembang,3140,454,27,18,Hujan,Malam,Motor,Pelanggaran Lalu Lintas,Jalan Kota,Baik,<40,Lurus,Laki-laki,>50,Tidak
11/3/2022,2022,11,Makassar,4092,231,25,46,Hujan,Pagi,Bus,Pelanggaran Lalu Lintas,Jalan Provinsi,Baik,40-60,Tikungan,Perempuan,<17,Tidak
5/10/2024,2024,05,Palembang,4348,367,23,12,Cerah,Siang,Truk,Kondisi Jalan,Jalan Nasional,Rusak,40-60,Tikungan,Perempuan,>50,Tidak
9/15/2023,2023,09,Makassar,1876,418,30,12,Cerah,Malam,Motor,Kelalaian Pengemudi,Jalan Nasional,Berlubang,40-60,Simpang T,Perempuan,>50,Ya
4/29/2022,2022,04,Bekasi,2733,173,28,14,Cerah,Dini Hari,Bus,Pelanggaran Lalu Lintas,Jalan Provinsi,Berlubang,>60,Simpang T,Perempuan,26-45,Ya
2/13/2021,2021,02,Jakarta Selatan,3906,268,30,16,Cerah,Malam,Bus,Kelalaian Pengemudi,Jalan Kota,Baik,40-60,Tikungan,Laki-laki,<17,Ya
11/17/2022,2022,11,Semarang,4037,222,26,49,Cerah,Malam,Truk,Kelalaian Pengemudi,Jalan Nasional,Baik,40-60,Tikungan,Perempuan,17-25,Ya
5/29/2025,2025,05,Semarang,3509,188,26,21,Cerah,Malam,Bus,Kurang Jarak Aman,Jalan Kota,Baik,40-60,Simpang Y,Perempuan,26-45,Tidak
5/22/2025,2025,05,Jakarta Selatan,2010,388,25,17,Hujan,Dini Hari,Bus,Kurang Jarak Aman,Jalan Provinsi,Baik,<40,Tikungan,Perempuan,17-25,Tidak
1/26/2022,2022,01,Bekasi,4154,320,23,17,Cerah,Dini Hari,Motor,Kondisi Jalan,Jalan Kota,Berlubang,>60,Lurus,Perempuan,<17,Ya
4/29/2023,2023,04,Bandung,1682,311,29,52,Cerah,Malam,Mobil,Kondisi Jalan,Jalan Nasional,Rusak,>60,Simpang 4,Laki-laki,26-45,Ya
6/24/2023,2023,06,Makassar,2708,353,21,11,Hujan,Pagi,Truk,Kondisi Jalan,Jalan Provinsi,Berlubang,<40,Simpang Y,Perempuan,26-45,Ya
4/27/2024,2024,04,Surabaya,2754,116,23,13,Hujan,Pagi,Truk,Pelanggaran Lalu Lintas,Jalan Kota,Berlubang,>60,Lurus,Perempuan,>50,Tidak
10/6/2025,2025,10,Palembang,3655,185,22,21,Hujan,Malam,Truk,Pelanggaran Lalu Lintas,Jalan Nasional,Berlubang,40-60,Lurus,Laki-laki,>50,Tidak
10/31/2021,2021,10,Jakarta Timur,1693,317,20,55,Cerah,Siang,Motor,Kelalaian Pengemudi,Jalan Kota,Rusak,40-60,Simpang 4,Perempuan,26-45,Tidak
7/28/2021,2021,07,Palembang,1641,453,22,11,Cerah,Siang,Mobil,Kondisi Jalan,Jalan Provinsi,Rusak,>60,Simpang Y,Laki-laki,<17,Tidak
8/26/2021,2021,08,Bandung,2383,490,22,31,Cerah,Siang,Truk,Rem Blong,Jalan Nasional,Berlubang,<40,Simpang 4,Laki-laki,26-45,Ya
5/30/2025,2025,05,Semarang,3240,287,29,8,Cerah,Pagi,Mobil,Rem Blong,Jalan Kota,Berlubang,>60,Tikungan,Laki-laki,26-45,Ya
10/6/2021,2021,10,Bandung,2517,309,25,9,Cerah,Pagi,Bus,Kurang Jarak Aman,Jalan Provinsi,Baik,<40,Tikungan,Perempuan,>50,Ya
9/1/2021,2021,09,Semarang,1025,137,23,9,Cerah,Siang,Truk,Kondisi Jalan,Jalan Nasional,Baik,>60,Tikungan,Laki-laki,17-25,Ya
1/20/2024,2024,01,Semarang,4564,177,29,14,Hujan,Malam,Mobil,Kurang Jarak Aman,Jalan Provinsi,Baik,<40,Simpang 4,Perempuan,>50,Tidak
3/22/2025,2025,03,Semarang,1280,465,27,30,Hujan,Malam,Mobil,Kecepatan Berlebih,Jalan Kota,Baik,<40,Lurus,Laki-laki,>50,Ya
7/30/2023,2023,07,Semarang,1775,277,26,29,Cerah,Siang,Motor,Rem Blong,Jalan Provinsi,Baik,<40,Tikungan,Perempuan,>50,Ya
11/18/2023,2023,11,Yogyakarta,1797,444,21,11,Cerah,Dini Hari,Bus,Kelalaian Pengemudi,Jalan Nasional,Berlubang,>60,Tikungan,Perempuan,26-45,Tidak
4/25/2025,2025,04,Yogyakarta,1633,238,23,9,Hujan,Siang,Mobil,Kurang Jarak Aman,Jalan Provinsi,Baik,<40,Simpang 4,Laki-laki,26-45,Tidak
3/23/2023,2023,03,Medan,4715,204,29,11,Cerah,Dini Hari,Bus,Pelanggaran Lalu Lintas,Jalan Nasional,Berlubang,40-60,Simpang T,Laki-laki,17-25,Tidak
9/4/2025,2025,09,Semarang,4814,296,29,3,Hujan,Malam,Motor,Rem Blong,Jalan Kota,Rusak,>60,Simpang T,Laki-laki,<17,Tidak
8/31/2025,2025,08,Yogyakarta,3537,403,29,1,Hujan,Dini Hari,Bus,Kecepatan Berlebih,Jalan Provinsi,Baik,40-60,Lurus,Laki-laki,<17,Ya
2/27/2025,2025,02,Palembang,4724,353,26,63,Hujan,Malam,Bus,Kurang Jarak Aman,Jalan Kota,Rusak,>60,Simpang T,Perempuan,>50,Tidak
1/31/2022,2022,01,Palembang,3866,251,28,16,Hujan,Pagi,Bus,Kelalaian Pengemudi,Jalan Kota,Berlubang,40-60,Simpang 4,Laki-laki,>50,Tidak
2/18/2021,2021,02,Bekasi,3676,360,23,33,Cerah,Pagi,Mobil,Rem Blong,Jalan Provinsi,Baik,40-60,Simpang Y,Perempuan,>50,Tidak
10/15/2022,2022,10,Jakarta Timur,1233,447,30,29,Cerah,Malam,Bus,Kelalaian Pengemudi,Jalan Provinsi,Rusak,<40,Simpang 4,Perempuan,<17,Tidak
10/1/2025,2025,10,Yogyakarta,3602,255,22,4,Cerah,Pagi,Motor,Kondisi Jalan,Jalan Kota,Rusak,40-60,Simpang T,Perempuan,26-45,Tidak
10/7/2025,2025,10,Semarang,4364,459,29,34,Cerah,Malam,Truk,Rem Blong,Jalan Provinsi,Baik,<40,Simpang T,Perempuan,<17,Ya
10/24/2024,2024,10,Palembang,2898,424,30,15,Hujan,Dini Hari,Bus,Rem Blong,Jalan Nasional,Baik,>60,Lurus,Perempuan,>50,Ya
11/11/2023,2023,11,Medan,2323,294,27,6,Cerah,Malam,Bus,Kondisi Jalan,Jalan Nasional,Berlubang,40-60,Tikungan,Laki-laki,17-25,Tidak
2/14/2024,2024,02,Semarang,1000,294,30,36,Hujan,Dini Hari,Truk,Kondisi Jalan,Jalan Kota,Berlubang,40-60,Simpang 4,Laki-laki,26-45,Ya
1/23/2021,2021,01,Palembang,3714,268,25,23,Cerah,Malam,Truk,Rem Blong,Jalan Kota,Rusak,40-60,Tikungan,Laki-laki,>50,Ya
1/2/2022,2022,01,Bekasi,1419,309,25,27,Hujan,Dini Hari,Truk,Kondisi Jalan,Jalan Provinsi,Berlubang,>60,Lurus,Laki-laki,17-25,Tidak
1/16/2022,2022,01,Palembang,2492,290,29,3,Hujan,Pagi,Mobil,Rem Blong,Jalan Kota,Rusak,40-60,Lurus,Perempuan,17-25,Ya
3/24/2023,2023,03,Makassar,2358,175,29,15,Cerah,Malam,Motor,Rem Blong,Jalan Provinsi,Berlubang,>60,Simpang 4,Laki-laki,26-45,Ya
9/17/2021,2021,09,Jakarta Selatan,4820,296,21,9,Cerah,Siang,Bus,Kelalaian Pengemudi,Jalan Provinsi,Baik,40-60,Simpang T,Perempuan,<17,Ya
4/8/2022,2022,04,Palembang,4048,232,27,0,Hujan,Siang,Truk,Kondisi Jalan,Jalan Provinsi,Berlubang,<40,Simpang T,Perempuan,>50,Ya
9/7/2021,2021,09,Medan,1315,298,20,12,Cerah,Siang,Truk,Kecepatan Berlebih,Jalan Nasional,Rusak,<40,Simpang Y,Perempuan,>50,Tidak
10/17/2023,2023,10,Bandung,4148,204,27,53,Cerah,Dini Hari,Mobil,Kondisi Jalan,Jalan Provinsi,Baik,<40,Simpang T,Perempuan,17-25,Tidak
3/19/2024,2024,03,Jakarta Timur,4932,243,21,1,Hujan,Pagi,Bus,Rem Blong,Jalan Provinsi,Baik,40-60,Lurus,Laki-laki,<17,Ya
4/3/2024,2024,04,Bandung,1114,106,30,44,Cerah,Pagi,Motor,Kelalaian Pengemudi,Jalan Kota,Baik,40-60,Simpang Y,Laki-laki,>50,Tidak
10/14/2025,2025,10,Surabaya,2259,341,20,58,Hujan,Dini Hari,Motor,Kurang Jarak Aman,Jalan Nasional,Berlubang,>60,Tikungan,Perempuan,26-45,Tidak
5/1/2023,2023,05,Palembang,2163,298,24,71,Cerah,Pagi,Motor,Kurang Jarak Aman,Jalan Nasional,Rusak,>60,Simpang Y,Perempuan,17-25,Ya
5/2/2024,2024,05,Bekasi,1206,369,22,20,Cerah,Pagi,Truk,Kelalaian Pengemudi,Jalan Nasional,Rusak,<40,Lurus,Laki-laki,26-45,Tidak
5/27/2021,2021,05,Surabaya,1764,271,25,40,Cerah,Malam,Mobil,Kelalaian Pengemudi,Jalan Kota,Baik,40-60,Simpang 4,Perempuan,<17,Tidak
1/24/2022,2022,01,Jakarta Timur,1497,232,22,21,Hujan,Dini Hari,Motor,Pelanggaran Lalu Lintas,Jalan Provinsi,Berlubang,40-60,Simpang 4,Perempuan,>50,Ya
8/1/2021,2021,08,Palembang,2226,310,21,23,Hujan,Pagi,Mobil,Kecepatan Berlebih,Jalan Provinsi,Baik,40-60,Simpang T,Laki-laki,17-25,Tidak
4/15/2024,2024,04,Yogyakarta,2148,464,23,11,Hujan,Malam,Mobil,Kecepatan Berlebih,Jalan Nasional,Rusak,<40,Simpang T,Laki-laki,17-25,Ya
2/7/2022,2022,02,Palembang,2722,257,23,37,Cerah,Pagi,Bus,Pelanggaran Lalu Lintas,Jalan Provinsi,Berlubang,40-60,Simpang T,Laki-laki,>50,Ya
5/26/2021,2021,05,Medan,1641,222,20,32,Cerah,Siang,Truk,Kecepatan Berlebih,Jalan Kota,Berlubang,40-60,Simpang Y,Laki-laki,>50,Ya
1/14/2024,2024,01,Bandung,4613,495,27,14,Cerah,Siang,Bus,Kurang Jarak Aman,Jalan Kota,Baik,>60,Simpang Y,Perempuan,>50,Tidak
8/20/2022,2022,08,Semarang,4032,273,30,9,Cerah,Dini Hari,Motor,Kecepatan Berlebih,Jalan Kota,Baik,<40,Tikungan,Perempuan,17-25,Ya
5/11/2021,2021,05,Jakarta Timur,1149,417,20,37,Hujan,Dini Hari,Bus,Kondisi Jalan,Jalan Nasional,Rusak,<40,Tikungan,Laki-laki,<17,Tidak
7/23/2021,2021,07,Makassar,3286,309,27,14,Hujan,Malam,Truk,Kondisi Jalan,Jalan Nasional,Berlubang,40-60,Tikungan,Perempuan,26-45,Ya
8/8/2025,2025,08,Semarang,3013,392,26,21,Cerah,Malam,Truk,Kelalaian Pengemudi,Jalan Nasional,Berlubang,>60,Simpang Y,Perempuan,26-45,Ya
2/11/2022,2022,02,Yogyakarta,2809,252,20,33,Hujan,Malam,Truk,Kecepatan Berlebih,Jalan Kota,Rusak,<40,Simpang T,Perempuan,<17,Tidak
10/13/2023,2023,10,Palembang,3848,108,30,22,Cerah,Malam,Bus,Kelalaian Pengemudi,Jalan Provinsi,Berlubang,<40,Lurus,Perempuan,<17,Tidak
9/9/2024,2024,09,Palembang,3661,111,27,50,Cerah,Dini Hari,Bus,Kurang Jarak Aman,Jalan Kota,Rusak,40-60,Simpang T,Laki-laki,<17,Tidak
12/12/2021,2021,12,Bandung,3479,306,22,15,Cerah,Pagi,Mobil,Kondisi Jalan,Jalan Provinsi,Berlubang,40-60,Simpang Y,Perempuan,17-25,Ya
4/25/2025,2025,04,Semarang,4312,149,26,18,Hujan,Malam,Bus,Kelalaian Pengemudi,Jalan Provinsi,Berlubang,<40,Simpang T,Perempuan,<17,Tidak
7/24/2025,2025,07,Bandung,2840,269,24,40,Hujan,Malam,Mobil,Rem Blong,Jalan Nasional,Rusak,40-60,Simpang Y,Laki-laki,>50,Ya
12/20/2025,2025,12,Medan,2142,268,29,35,Cerah,Siang,Motor,Kelalaian Pengemudi,Jalan Nasional,Berlubang,40-60,Lurus,Laki-laki,>50,Ya
11/26/2022,2022,11,Medan,4755,192,30,7,Hujan,Pagi,Bus,Pelanggaran Lalu Lintas,Jalan Provinsi,Berlubang,40-60,Tikungan,Laki-laki,17-25,Tidak
6/14/2025,2025,06,Jakarta Selatan,3272,390,27,68,Cerah,Dini Hari,Motor,Pelanggaran Lalu Lintas,Jalan Nasional,Baik,<40,Tikungan,Perempuan,26-45,Ya
11/22/2021,2021,11,Bekasi,2586,314,22,13,Hujan,Dini Hari,Mobil,Rem Blong,Jalan Nasional,Rusak,40-60,Lurus,Perempuan,17-25,Tidak
3/4/2024,2024,03,Palembang,1257,295,23,27,Hujan,Pagi,Mobil,Rem Blong,Jalan Kota,Baik,40-60,Simpang Y,Perempuan,<17,Ya
8/3/2021,2021,08,Palembang,1045,424,25,23,Cerah,Malam,Mobil,Kurang Jarak Aman,Jalan Nasional,Rusak,40-60,Lurus,Perempuan,>50,Tidak
4/9/2024,2024,04,Surabaya,1025,311,25,8,Hujan,Malam,Motor,Kurang Jarak Aman,Jalan Kota,Rusak,40-60,Simpang Y,Perempuan,<17,Ya
2/15/2022,2022,02,Yogyakarta,1705,496,28,20,Hujan,Malam,Motor,Kecepatan Berlebih,Jalan Nasional,Baik,>60,Simpang T,Perempuan,<17,Tidak
4/13/2025,2025,04,Jakarta Timur,4575,274,23,31,Cerah,Malam,Truk,Kecepatan Berlebih,Jalan Kota,Baik,>60,Simpang Y,Laki-laki,>50,Ya
5/20/2025,2025,05,Bandung,3864,322,24,2,Hujan,Dini Hari,Truk,Kelalaian Pengemudi,Jalan Provinsi,Berlubang,40-60,Tikungan,Laki-laki,<17,Tidak
1/8/2023,2023,01,Bandung,4907,135,25,9,Cerah,Dini Hari,Motor,Kecepatan Berlebih,Jalan Nasional,Baik,>60,Tikungan,Laki-laki,<17,Ya
4/29/2024,2024,04,Bekasi,2837,488,25,20,Cerah,Malam,Mobil,Kecepatan Berlebih,Jalan Kota,Rusak,40-60,Lurus,Perempuan,17-25,Tidak
5/18/2025,2025,05,Jakarta Timur,4285,260,21,16,Cerah,Dini Hari,Bus,Kondisi Jalan,Jalan Kota,Baik,>60,Simpang 4,Perempuan,17-25,Tidak
1/8/2023,2023,01,Palembang,4004,312,26,31,Hujan,Malam,Bus,Pelanggaran Lalu Lintas,Jalan Nasional,Berlubang,>60,Simpang T,Laki-laki,>50,Tidak
6/21/2025,2025,06,Jakarta Timur,2781,105,30,10,Cerah,Malam,Mobil,Kecepatan Berlebih,Jalan Provinsi,Rusak,40-60,Tikungan,Perempuan,<17,Ya
10/31/2024,2024,10,Surabaya,3271,373,26,13,Hujan,Malam,Mobil,Kelalaian Pengemudi,Jalan Provinsi,Rusak,<40,Simpang T,Laki-laki,17-25,Tidak
9/29/2021,2021,09,Jakarta Selatan,4820,387,22,18,Hujan,Pagi,Motor,Rem Blong,Jalan Nasional,Berlubang,<40,Tikungan,Perempuan,>50,Tidak
1/16/2024,2024,01,Palembang,2078,286,20,14,Cerah,Pagi,Bus,Rem Blong,Jalan Kota,Berlubang,<40,Simpang T,Perempuan,<17,Ya
1/5/2023,2023,01,Bandung,1956,483,27,25,Cerah,Malam,Motor,Kecepatan Berlebih,Jalan Kota,Rusak,>60,Tikungan,Laki-laki,26-45,Tidak
5/19/2021,2021,05,Surabaya,1623,194,28,3,Hujan,Siang,Truk,Kondisi Jalan,Jalan Nasional,Baik,>60,Simpang T,Perempuan,26-45,Ya
3/9/2021,2021,03,Palembang,1107,346,28,13,Hujan,Malam,Bus,Kurang Jarak Aman,Jalan Provinsi,Berlubang,<40,Simpang Y,Laki-laki,26-45,Tidak
8/12/2025,2025,08,Surabaya,2126,495,23,28,Hujan,Malam,Bus,Kondisi Jalan,Jalan Nasional,Rusak,<40,Tikungan,Laki-laki,<17,Tidak
1/5/2023,2023,01,Palembang,1533,119,23,31,Hujan,Malam,Bus,Pelanggaran Lalu Lintas,Jalan Nasional,Berlubang,40-60,Lurus,Perempuan,17-25,Ya
7/17/2022,2022,07,Semarang,3291,293,27,2,Hujan,Malam,Motor,Pelanggaran Lalu Lintas,Jalan Nasional,Rusak,>60,Lurus,Perempuan,<17,Ya
10/29/2021,2021,10,Yogyakarta,4604,198,25,19,Cerah,Malam,Bus,Pelanggaran Lalu Lintas,Jalan Provinsi,Rusak,40-60,Tikungan,Laki-laki,<17,Ya
2/10/2022,2022,02,Yogyakarta,1925,152,29,25,Hujan,Siang,Mobil,Pelanggaran Lalu Lintas,Jalan Provinsi,Baik,>60,Simpang Y,Laki-laki,26-45,Tidak
10/2/2025,2025,10,Makassar,3469,436,30,14,Cerah,Malam,Motor,Kecepatan Berlebih,Jalan Nasional,Rusak,<40,Lurus,Laki-laki,>50,Tidak
3/8/2024,2024,03,Makassar,4240,441,29,54,Hujan,Malam,Bus,Pelanggaran Lalu Lintas,Jalan Nasional,Berlubang,<40,Lurus,Laki-laki,>50,Tidak
5/25/2024,2024,05,Jakarta Selatan,1323,376,28,17,Hujan,Siang,Truk,Kondisi Jalan,Jalan Provinsi,Baik,>60,Simpang T,Perempuan,>50,Tidak
3/9/2022,2022,03,Bekasi,2609,231,28,34,Hujan,Pagi,Motor,Rem Blong,Jalan Provinsi,Rusak,>60,Simpang T,Perempuan,17-25,Tidak
6/29/2025,2025,06,Makassar,1528,376,28,58,Hujan,Pagi,Bus,Kondisi Jalan,Jalan Provinsi,Berlubang,>60,Simpang T,Perempuan,26-45,Ya
3/18/2021,2021,03,Bekasi,3436,475,22,3,Cerah,Malam,Mobil,Kecepatan Berlebih,Jalan Nasional,Baik,>60,Simpang T,Laki-laki,17-25,Tidak
5/31/2024,2024,05,Makassar,1175,229,26,16,Hujan,Dini Hari,Mobil,Kecepatan Berlebih,Jalan Provinsi,Berlubang,>60,Tikungan,Laki-laki,<17,Tidak
1/13/2023,2023,01,Yogyakarta,2730,339,30,10,Hujan,Dini Hari,Bus,Kelalaian Pengemudi,Jalan Provinsi,Berlubang,>60,Simpang Y,Perempuan,>50,Tidak
4/19/2025,2025,04,Makassar,4775,462,30,31,Cerah,Siang,Bus,Kurang Jarak Aman,Jalan Provinsi,Rusak,>60,Simpang T,Perempuan,<17,Tidak
11/15/2023,2023,11,Bandung,4765,340,21,29,Hujan,Malam,Bus,Kelalaian Pengemudi,Jalan Provinsi,Baik,>60,Simpang T,Perempuan,17-25,Ya
8/23/2025,2025,08,Surabaya,2627,346,29,28,Hujan,Malam,Bus,Kondisi Jalan,Jalan Nasional,Rusak,<40,Lurus,Laki-laki,26-45,Tidak
2/23/2021,2021,02,Jakarta Timur,1725,375,26,4,Hujan,Siang,Mobil,Pelanggaran Lalu Lintas,Jalan Provinsi,Berlubang,>60,Tikungan,Perempuan,17-25,Tidak
12/13/2024,2024,12,Bekasi,2855,336,30,6,Cerah,Malam,Bus,Pelanggaran Lalu Lintas,Jalan Kota,Rusak,>60,Simpang Y,Laki-laki,17-25,Tidak
3/8/2024,2024,03,Semarang,2490,210,29,10,Hujan,Malam,Bus,Rem Blong,Jalan Kota,Baik,40-60,Tikungan,Perempuan,>50,Tidak
4/13/2023,2023,04,Jakarta Selatan,3312,105,23,20,Hujan,Dini Hari,Mobil,Kelalaian Pengemudi,Jalan Kota,Rusak,40-60,Tikungan,Perempuan,26-45,Tidak
4/17/2021,2021,04,Semarang,2260,237,27,30,Hujan,Pagi,Motor,Kondisi Jalan,Jalan Provinsi,Berlubang,>60,Simpang 4,Perempuan,26-45,Ya
4/1/2024,2024,04,Palembang,3742,143,28,2,Hujan,Dini Hari,Motor,Kondisi Jalan,Jalan Kota,Baik,<40,Lurus,Perempuan,>50,Ya
1/13/2021,2021,01,Medan,1323,316,30,11,Cerah,Dini Hari,Bus,Kurang Jarak Aman,Jalan Nasional,Rusak,<40,Simpang T,Laki-laki,17-25,Tidak
11/4/2023,2023,11,Palembang,3246,189,20,56,Hujan,Dini Hari,Mobil,Kurang Jarak Aman,Jalan Nasional,Rusak,40-60,Tikungan,Laki-laki,<17,Tidak
4/27/2024,2024,04,Semarang,2015,133,21,46,Hujan,Pagi,Motor,Kelalaian Pengemudi,Jalan Nasional,Berlubang,>60,Simpang 4,Perempuan,17-25,Tidak
2/17/2022,2022,02,Yogyakarta,3299,410,28,50,Cerah,Siang,Mobil,Kondisi Jalan,Jalan Provinsi,Rusak,>60,Simpang 4,Laki-laki,26-45,Tidak
12/19/2025,2025,12,Bandung,1191,302,29,14,Cerah,Dini Hari,Mobil,Kecepatan Berlebih,Jalan Nasional,Baik,>60,Simpang Y,Perempuan,<17,Ya
5/28/2025,2025,05,Makassar,1639,167,29,31,Cerah,Siang,Mobil,Kecepatan Berlebih,Jalan Provinsi,Berlubang,<40,Simpang Y,Perempuan,<17,Ya
4/29/2024,2024,04,Bandung,4855,395,21,44,Cerah,Pagi,Motor,Kelalaian Pengemudi,Jalan Kota,Baik,>60,Lurus,Laki-laki,17-25,Ya
1/29/2024,2024,01,Surabaya,4631,317,24,38,Hujan,Dini Hari,Mobil,Kurang Jarak Aman,Jalan Provinsi,Baik,40-60,Simpang Y,Perempuan,<17,Tidak
12/13/2023,2023,12,Bekasi,3459,176,20,9,Cerah,Dini Hari,Truk,Kelalaian Pengemudi,Jalan Nasional,Berlubang,40-60,Simpang 4,Laki-laki,26-45,Tidak
5/1/2022,2022,05,Jakarta Timur,3328,345,22,45,Cerah,Siang,Motor,Kondisi Jalan,Jalan Provinsi,Rusak,40-60,Lurus,Perempuan,17-25,Tidak
7/17/2021,2021,07,Bekasi,4542,432,25,32,Cerah,Pagi,Mobil,Kecepatan Berlebih,Jalan Kota,Baik,>60,Simpang Y,Laki-laki,<17,Tidak
6/11/2025,2025,06,Makassar,4925,259,24,58,Hujan,Pagi,Bus,Kondisi Jalan,Jalan Provinsi,Berlubang,40-60,Simpang T,Laki-laki,26-45,Tidak
8/11/2023,2023,08,Bekasi,3397,372,24,15,Hujan,Malam,Motor,Rem Blong,Jalan Nasional,Rusak,>60,Tikungan,Laki-laki,26-45,Ya
6/13/2021,2021,06,Jakarta Selatan,1886,446,26,13,Cerah,Siang,Mobil,Kurang Jarak Aman,Jalan Provinsi,Rusak,>60,Lurus,Perempuan,>50,Ya
12/9/2025,2025,12,Surabaya,1775,355,29,9,Cerah,Dini Hari,Bus,Kecepatan Berlebih,Jalan Provinsi,Berlubang,40-60,Tikungan,Perempuan,17-25,Tidak
11/16/2023,2023,11,Semarang,4290,184,23,19,Cerah,Malam,Mobil,Rem Blong,Jalan Nasional,Baik,>60,Simpang T,Perempuan,>50,Tidak
12/30/2025,2025,12,Surabaya,2132,211,26,9,Cerah,Dini Hari,Bus,Kecepatan Berlebih,Jalan Provinsi,Berlubang,>60,Simpang 4,Perempuan,<17,Tidak
12/20/2021,2021,12,Makassar,1060,116,20,17,Cerah,Pagi,Truk,Kurang Jarak Aman,Jalan Kota,Baik,40-60,Tikungan,Laki-laki,17-25,Ya
2/26/2021,2021,02,Semarang,4185,304,20,28,Hujan,Malam,Truk,Rem Blong,Jalan Provinsi,Baik,<40,Simpang 4,Perempuan,>50,Tidak
1/13/2022,2022,01,Jakarta Selatan,4260,401,24,7,Hujan,Pagi,Truk,Kecepatan Berlebih,Jalan Nasional,Berlubang,<40,Tikungan,Perempuan,<17,Tidak
12/23/2023,2023,12,Makassar,2638,281,25,32,Cerah,Dini Hari,Motor,Kondisi Jalan,Jalan Provinsi,Rusak,>60,Simpang Y,Perempuan,26-45,Tidak
2/8/2021,2021,02,Jakarta Selatan,1397,111,28,16,Cerah,Siang,Motor,Kondisi Jalan,Jalan Nasional,Rusak,40-60,Tikungan,Perempuan,26-45,Ya
1/10/2025,2025,01,Makassar,1046,389,22,32,Hujan,Siang,Truk,Kelalaian Pengemudi,Jalan Nasional,Rusak,<40,Simpang Y,Laki-laki,>50,Ya
10/9/2025,2025,10,Jakarta Selatan,1825,377,24,26,Cerah,Dini Hari,Motor,Kondisi Jalan,Jalan Provinsi,Rusak,>60,Lurus,Laki-laki,26-45,Tidak
7/16/2022,2022,07,Yogyakarta,3910,268,27,14,Cerah,Dini Hari,Motor,Rem Blong,Jalan Nasional,Rusak,>60,Simpang Y,Laki-laki,<17,Ya
4/10/2023,2023,04,Bekasi,3231,240,28,11,Cerah,Siang,Bus,Kondisi Jalan,Jalan Kota,Rusak,40-60,Lurus,Perempuan,17-25,Ya
11/16/2021,2021,11,Palembang,3688,164,24,32,Cerah,Siang,Mobil,Pelanggaran Lalu Lintas,Jalan Provinsi,Berlubang,>60,Simpang Y,Laki-laki,26-45,Ya
1/18/2022,2022,01,Bandung,2917,330,25,11,Hujan,Malam,Truk,Kelalaian Pengemudi,Jalan Kota,Baik,40-60,Tikungan,Laki-laki,17-25,Ya
12/7/2024,2024,12,Jakarta Timur,2966,248,21,13,Hujan,Siang,Mobil,Kelalaian Pengemudi,Jalan Provinsi,Baik,40-60,Simpang T,Laki-laki,>50,Tidak
3/10/2023,2023,03,Jakarta Timur,1422,288,25,6,Cerah,Siang,Motor,Pelanggaran Lalu Lintas,Jalan Nasional,Berlubang,>60,Tikungan,Laki-laki,26-45,Tidak
5/12/2025,2025,05,Medan,1546,376,26,48,Hujan,Malam,Bus,Kelalaian Pengemudi,Jalan Nasional,Berlubang,>60,Tikungan,Laki-laki,26-45,Ya
2/18/2025,2025,02,Bandung,3651,344,23,20,Hujan,Malam,Motor,Kelalaian Pengemudi,Jalan Nasional,Baik,>60,Simpang 4,Laki-laki,17-25,Ya
6/15/2024,2024,06,Palembang,4416,297,30,52,Hujan,Malam,Bus,Kurang Jarak Aman,Jalan Provinsi,Berlubang,>60,Simpang 4,Laki-laki,26-45,Ya
10/25/2021,2021,10,Bekasi,1383,231,22,34,Hujan,Pagi,Mobil,Kecepatan Berlebih,Jalan Provinsi,Berlubang,40-60,Simpang T,Perempuan,17-25,Ya
8/13/2024,2024,08,Makassar,1615,300,30,14,Hujan,Pagi,Motor,Kecepatan Berlebih,Jalan Nasional,Rusak,40-60,Tikungan,Laki-laki,<17,Tidak
9/1/2025,2025,09,Makassar,4111,347,26,18,Hujan,Dini Hari,Mobil,Kelalaian Pengemudi,Jalan Kota,Baik,40-60,Simpang 4,Laki-laki,17-25,Tidak
12/9/2024,2024,12,Bekasi,3831,261,30,6,Cerah,Malam,Bus,Pelanggaran Lalu Lintas,Jalan Kota,Rusak,40-60,Simpang 4,Laki-laki,26-45,Ya
12/13/2023,2023,12,Makassar,4226,464,20,15,Hujan,Pagi,Truk,Pelanggaran Lalu Lintas,Jalan Kota,Baik,>60,Simpang T,Laki-laki,17-25,Tidak
8/27/2022,2022,08,Makassar,3284,213,23,21,Cerah,Dini Hari,Truk,Kelalaian Pengemudi,Jalan Kota,Rusak,>60,Simpang Y,Laki-laki,>50,Tidak
8/15/2023,2023,08,Makassar,4556,170,20,42,Cerah,Siang,Bus,Rem Blong,Jalan Kota,Berlubang,<40,Lurus,Laki-laki,>50,Tidak
10/18/2023,2023,10,Semarang,1074,433,26,12,Cerah,Dini Hari,Motor,Rem Blong,Jalan Provinsi,Rusak,>60,Tikungan,Perempuan,>50,Tidak
10/4/2025,2025,10,Surabaya,2805,274,20,15,Hujan,Siang,Motor,Kecepatan Berlebih,Jalan Kota,Rusak,>60,Tikungan,Perempuan,>50,Tidak
5/6/2025,2025,05,Jakarta Selatan,3163,355,23,14,Hujan,Dini Hari,Bus,Kelalaian Pengemudi,Jalan Provinsi,Rusak,<40,Tikungan,Laki-laki,<17,Tidak
7/15/2024,2024,07,Jakarta Timur,2080,408,27,27,Cerah,Malam,Motor,Kurang Jarak Aman,Jalan Nasional,Rusak,<40,Simpang Y,Perempuan,26-45,Ya
3/30/2024,2024,03,Bekasi,4878,394,25,60,Hujan,Siang,Mobil,Pelanggaran Lalu Lintas,Jalan Provinsi,Baik,<40,Simpang Y,Laki-laki,<17,Ya
9/5/2022,2022,09,Medan,3496,110,22,8,Hujan,Siang,Truk,Kurang Jarak Aman,Jalan Nasional,Berlubang,40-60,Simpang T,Perempuan,17-25,Ya
6/22/2024,2024,06,Surabaya,1332,159,30,38,Hujan,Siang,Bus,Kurang Jarak Aman,Jalan Provinsi,Berlubang,<40,Simpang T,Laki-laki,26-45,Ya
7/28/2024,2024,07,Jakarta Selatan,4242,421,29,0,Cerah,Malam,Motor,Kondisi Jalan,Jalan Nasional,Berlubang,>60,Simpang T,Laki-laki,<17,Tidak
8/23/2022,2022,08,Yogyakarta,1897,258,27,12,Hujan,Dini Hari,Bus,Kelalaian Pengemudi,Jalan Nasional,Rusak,40-60,Tikungan,Perempuan,17-25,Ya
9/14/2024,2024,09,Jakarta Selatan,2292,420,20,33,Hujan,Dini Hari,Truk,Kurang Jarak Aman,Jalan Provinsi,Berlubang,40-60,Lurus,Perempuan,26-45,Ya
2/20/2021,2021,02,Medan,2131,292,30,19,Cerah,Dini Hari,Motor,Kecepatan Berlebih,Jalan Kota,Rusak,>60,Simpang 4,Laki-laki,>50,Ya
5/2/2025,2025,05,Yogyakarta,3440,222,22,8,Cerah,Dini Hari,Motor,Rem Blong,Jalan Nasional,Baik,>60,Lurus,Perempuan,<17,Ya
1/13/2021,2021,01,Palembang,4425,470,29,10,Cerah,Siang,Motor,Rem Blong,Jalan Provinsi,Rusak,>60,Simpang 4,Laki-laki,<17,Ya
6/13/2021,2021,06,Makassar,1108,125,30,38,Hujan,Siang,Mobil,Kelalaian Pengemudi,Jalan Nasional,Berlubang,<40,Simpang Y,Laki-laki,26-45,Tidak
8/3/2022,2022,08,Jakarta Selatan,3938,236,30,22,Hujan,Pagi,Bus,Pelanggaran Lalu Lintas,Jalan Provinsi,Berlubang,>60,Tikungan,Laki-laki,>50,Tidak
5/9/2025,2025,05,Bandung,4535,246,28,42,Hujan,Malam,Bus,Kecepatan Berlebih,Jalan Kota,Berlubang,<40,Simpang 4,Laki-laki,>50,Ya
12/22/2022,2022,12,Bekasi,1442,110,28,37,Hujan,Pagi,Mobil,Pelanggaran Lalu Lintas,Jalan Provinsi,Baik,40-60,Simpang Y,Laki-laki,>50,Tidak
2/14/2024,2024,02,Yogyakarta,4754,319,22,21,Hujan,Malam,Bus,Pelanggaran Lalu Lintas,Jalan Provinsi,Baik,>60,Tikungan,Laki-laki,26-45,Ya
12/20/2021,2021,12,Bandung,3438,241,27,37,Hujan,Malam,Bus,Kelalaian Pengemudi,Jalan Provinsi,Baik,40-60,Simpang T,Laki-laki,26-45,Ya
11/19/2023,2023,11,Semarang,3461,390,26,33,Cerah,Siang,Truk,Kelalaian Pengemudi,Jalan Kota,Baik,>60,Simpang T,Laki-laki,<17,Tidak
12/17/2022,2022,12,Bandung,2452,193,29,3,Hujan,Pagi,Bus,Kelalaian Pengemudi,Jalan Nasional,Rusak,>60,Simpang T,Perempuan,<17,Ya
8/18/2023,2023,08,Bandung,3570,209,23,50,Cerah,Malam,Truk,Rem Blong,Jalan Nasional,Berlubang,40-60,Simpang T,Perempuan,17-25,Tidak
3/4/2025,2025,03,Medan,1233,366,21,2,Hujan,Pagi,Bus,Pelanggaran Lalu Lintas,Jalan Kota,Berlubang,<40,Tikungan,Laki-laki,26-45,Ya
6/1/2021,2021,06,Bekasi,3139,378,25,13,Hujan,Siang,Mobil,Rem Blong,Jalan Nasional,Rusak,40-60,Simpang Y,Perempuan,<17,Tidak
12/15/2021,2021,12,Surabaya,2395,234,30,43,Cerah,Pagi,Mobil,Kelalaian Pengemudi,Jalan Nasional,Berlubang,<40,Lurus,Perempuan,>50,Ya
1/11/2021,2021,01,Makassar,4333,378,20,34,Cerah,Siang,Motor,Kelalaian Pengemudi,Jalan Kota,Baik,40-60,Simpang Y,Perempuan,<17,Tidak
2/1/2022,2022,02,Jakarta Selatan,2255,283,23,8,Hujan,Malam,Truk,Rem Blong,Jalan Kota,Berlubang,>60,Tikungan,Laki-laki,26-45,Tidak
10/27/2021,2021,10,Surabaya,3606,237,24,4,Cerah,Pagi,Motor,Kondisi Jalan,Jalan Nasional,Rusak,40-60,Simpang 4,Perempuan,17-25,Ya
9/14/2021,2021,09,Semarang,4690,349,20,8,Hujan,Siang,Motor,Kecepatan Berlebih,Jalan Kota,Rusak,<40,Simpang 4,Perempuan,26-45,Ya
1/21/2021,2021,01,Semarang,4554,133,20,37,Cerah,Dini Hari,Motor,Pelanggaran Lalu Lintas,Jalan Provinsi,Rusak,40-60,Simpang Y,Perempuan,17-25,Ya
3/11/2024,2024,03,Palembang,2543,325,26,42,Hujan,Malam,Motor,Kecepatan Berlebih,Jalan Nasional,Rusak,<40,Lurus,Laki-laki,26-45,Ya
12/2/2025,2025,12,Makassar,4899,297,29,10,Cerah,Siang,Truk,Kurang Jarak Aman,Jalan Nasional,Rusak,>60,Simpang T,Perempuan,17-25,Ya
7/11/2021,2021,07,Surabaya,3955,399,24,29,Cerah,Malam,Bus,Kondisi Jalan,Jalan Provinsi,Rusak,<40,Simpang T,Laki-laki,>50,Tidak
2/10/2025,2025,02,Yogyakarta,1878,426,27,2,Cerah,Siang,Motor,Kondisi Jalan,Jalan Kota,Baik,>60,Simpang Y,Perempuan,26-45,Tidak
10/19/2021,2021,10,Surabaya,3409,288,22,4,Cerah,Pagi,Motor,Kondisi Jalan,Jalan Nasional,Rusak,>60,Tikungan,Laki-laki,>50,Tidak
3/7/2025,2025,03,Bekasi,2975,369,26,22,Cerah,Siang,Bus,Kondisi Jalan,Jalan Kota,Baik,<40,Simpang T,Laki-laki,17-25,Tidak
1/9/2023,2023,01,Bekasi,3724,139,24,27,Cerah,Siang,Truk,Rem Blong,Jalan Provinsi,Rusak,>60,Simpang T,Laki-laki,>50,Tidak
4/27/2022,2022,04,Palembang,3037,411,23,11,Cerah,Dini Hari,Motor,Kecepatan Berlebih,Jalan Kota,Berlubang,>60,Simpang T,Perempuan,17-25,Tidak
7/16/2022,2022,07,Yogyakarta,2333,211,20,31,Hujan,Malam,Bus,Kondisi Jalan,Jalan Kota,Baik,<40,Simpang T,Perempuan,17-25,Tidak
7/17/2022,2022,07,Yogyakarta,2389,190,30,4,Cerah,Siang,Bus,Kelalaian Pengemudi,Jalan Nasional,Rusak,40-60,Simpang 4,Laki-laki,17-25,Tidak
7/12/2023,2023,07,Jakarta Timur,1557,493,20,35,Hujan,Siang,Mobil,Kecepatan Berlebih,Jalan Nasional,Baik,<40,Tikungan,Laki-laki,>50,Tidak
5/26/2022,2022,05,Semarang,4755,500,24,3,Hujan,Siang,Truk,Kelalaian Pengemudi,Jalan Nasional,Baik,40-60,Lurus,Perempuan,<17,Tidak
4/6/2025,2025,04,Bandung,4487,118,24,9,Hujan,Dini Hari,Bus,Kecepatan Berlebih,Jalan Nasional,Rusak,>60,Lurus,Laki-laki,>50,Ya
9/18/2024,2024,09,Bandung,3336,444,24,8,Hujan,Pagi,Truk,Kondisi Jalan,Jalan Provinsi,Berlubang,<40,Tikungan,Perempuan,17-25,Ya
9/14/2023,2023,09,Bekasi,4222,303,29,36,Hujan,Dini Hari,Motor,Kelalaian Pengemudi,Jalan Kota,Rusak,<40,Simpang Y,Laki-laki,26-45,Ya
5/14/2023,2023,05,Jakarta Timur,1787,338,21,61,Cerah,Siang,Motor,Kondisi Jalan,Jalan Provinsi,Berlubang,<40,Simpang Y,Perempuan,17-25,Ya
5/5/2025,2025,05,Bandung,3851,311,29,2,Hujan,Dini Hari,Truk,Kelalaian Pengemudi,Jalan Provinsi,Berlubang,40-60,Simpang 4,Laki-laki,17-25,Ya
4/13/2025,2025,04,Jakarta Timur,4824,241,22,33,Cerah,Malam,Motor,Kurang Jarak Aman,Jalan Provinsi,Berlubang,40-60,Simpang T,Laki-laki,17-25,Tidak
11/23/2023,2023,11,Palembang,3970,459,30,56,Hujan,Dini Hari,Mobil,Kurang Jarak Aman,Jalan Nasional,Rusak,<40,Lurus,Perempuan,<17,Ya
9/8/2025,2025,09,Surabaya,3108,442,28,27,Hujan,Pagi,Mobil,Kondisi Jalan,Jalan Provinsi,Berlubang,<40,Tikungan,Laki-laki,17-25,Ya
11/13/2022,2022,11,Jakarta Selatan,1439,366,21,46,Cerah,Dini Hari,Motor,Kelalaian Pengemudi,Jalan Provinsi,Rusak,>60,Simpang T,Laki-laki,17-25,Tidak
7/20/2023,2023,07,Bekasi,4928,147,29,52,Cerah,Pagi,Bus,Kondisi Jalan,Jalan Provinsi,Rusak,<40,Tikungan,Laki-laki,>50,Ya
9/5/2021,2021,09,Medan,4152,320,27,24,Hujan,Malam,Mobil,Rem Blong,Jalan Provinsi,Rusak,<40,Simpang 4,Perempuan,<17,Tidak
3/29/2024,2024,03,Jakarta Selatan,2819,382,24,58,Hujan,Dini Hari,Motor,Kecepatan Berlebih,Jalan Kota,Rusak,40-60,Simpang T,Laki-laki,17-25,Tidak
1/3/2022,2022,01,Palembang,2586,490,22,16,Hujan,Pagi,Bus,Kelalaian Pengemudi,Jalan Kota,Berlubang,<40,Lurus,Perempuan,<17,Ya
8/14/2022,2022,08,Bandung,1377,214,22,9,Hujan,Dini Hari,Motor,Kurang Jarak Aman,Jalan Kota,Rusak,>60,Tikungan,Laki-laki,17-25,Ya
1/9/2024,2024,01,Jakarta Timur,3706,220,26,43,Hujan,Pagi,Bus,Kurang Jarak Aman,Jalan Provinsi,Berlubang,<40,Simpang Y,Perempuan,<17,Tidak
12/16/2022,2022,12,Semarang,4464,311,20,15,Hujan,Malam,Bus,Rem Blong,Jalan Provinsi,Baik,<40,Simpang Y,Perempuan,26-45,Tidak
11/30/2022,2022,11,Medan,2210,429,29,56,Cerah,Pagi,Truk,Kondisi Jalan,Jalan Provinsi,Rusak,>60,Tikungan,Laki-laki,17-25,Tidak
4/13/2024,2024,04,Jakarta Selatan,1123,306,25,62,Hujan,Pagi,Motor,Kurang Jarak Aman,Jalan Kota,Rusak,>60,Simpang 4,Perempuan,>50,Ya
3/30/2021,2021,03,Jakarta Selatan,2805,496,23,36,Hujan,Siang,Truk,Kurang Jarak Aman,Jalan Nasional,Rusak,40-60,Simpang Y,Perempuan,>50,Ya
5/16/2025,2025,05,Bekasi,1374,426,24,23,Hujan,Malam,Motor,Rem Blong,Jalan Kota,Berlubang,40-60,Simpang T,Perempuan,17-25,Ya
10/5/2021,2021,10,Yogyakarta,3185,103,21,12,Cerah,Siang,Mobil,Kecepatan Berlebih,Jalan Provinsi,Baik,40-60,Simpang 4,Perempuan,26-45,Ya
5/23/2024,2024,05,Bandung,4412,190,21,39,Hujan,Malam,Mobil,Pelanggaran Lalu Lintas,Jalan Nasional,Berlubang,>60,Simpang Y,Perempuan,>50,Ya
12/27/2025,2025,12,Palembang,2252,207,27,17,Hujan,Pagi,Motor,Kelalaian Pengemudi,Jalan Provinsi,Rusak,<40,Simpang Y,Laki-laki,17-25,Tidak
3/6/2024,2024,03,Jakarta Selatan,1975,324,21,40,Cerah,Dini Hari,Truk,Kondisi Jalan,Jalan Nasional,Berlubang,>60,Simpang Y,Laki-laki,26-45,Tidak
6/3/2023,2023,06,Bekasi,4114,338,28,35,Hujan,Dini Hari,Bus,Kecepatan Berlebih,Jalan Nasional,Baik,<40,Lurus,Laki-laki,>50,Tidak
2/26/2021,2021,02,Jakarta Timur,4734,382,22,21,Cerah,Siang,Truk,Rem Blong,Jalan Nasional,Rusak,<40,Simpang 4,Laki-laki,>50,Ya
5/21/2021,2021,05,Jakarta Selatan,4374,190,21,35,Hujan,Malam,Motor,Pelanggaran Lalu Lintas,Jalan Nasional,Berlubang,<40,Simpang T,Perempuan,>50,Ya
4/24/2024,2024,04,Semarang,1971,493,20,3,Cerah,Pagi,Motor,Kurang Jarak Aman,Jalan Kota,Berlubang,>60,Simpang Y,Laki-laki,<17,Ya
10/8/2022,2022,10,Bandung,4060,164,22,66,Hujan,Malam,Mobil,Pelanggaran Lalu Lintas,Jalan Kota,Berlubang,>60,Simpang T,Perempuan,17-25,Ya
4/26/2024,2024,04,Semarang,1518,480,27,46,Hujan,Pagi,Motor,Kelalaian Pengemudi,Jalan Nasional,Berlubang,40-60,Lurus,Laki-laki,<17,Ya
6/1/2024,2024,06,Medan,3594,174,24,21,Cerah,Dini Hari,Bus,Kurang Jarak Aman,Jalan Nasional,Baik,<40,Simpang 4,Perempuan,17-25,Ya
2/8/2021,2021,02,Medan,2154,343,20,47,Cerah,Dini Hari,Bus,Rem Blong,Jalan Kota,Rusak,40-60,Lurus,Laki-laki,17-25,Ya
4/8/2023,2023,04,Surabaya,2537,161,28,2,Cerah,Siang,Motor,Kurang Jarak Aman,Jalan Nasional,Baik,>60,Simpang Y,Laki-laki,>50,Tidak
3/18/2024,2024,03,Jakarta Timur,1421,259,25,1,Hujan,Pagi,Bus,Rem Blong,Jalan Provinsi,Baik,40-60,Simpang 4,Laki-laki,<17,Tidak
12/1/2021,2021,12,Jakarta Timur,4060,493,23,13,Cerah,Pagi,Bus,Kurang Jarak Aman,Jalan Kota,Rusak,<40,Simpang Y,Laki-laki,<17,Ya
4/28/2025,2025,04,Bandung,2828,459,20,23,Hujan,Malam,Motor,Kelalaian Pengemudi,Jalan Provinsi,Rusak,>60,Lurus,Laki-laki,<17,Tidak
1/13/2025,2025,01,Bandung,4458,357,21,10,Cerah,Malam,Mobil,Kurang Jarak Aman,Jalan Nasional,Rusak,>60,Simpang 4,Perempuan,>50,Ya
10/15/2024,2024,10,Bandung,2763,168,27,37,Hujan,Pagi,Bus,Kelalaian Pengemudi,Jalan Nasional,Rusak,<40,Simpang 4,Laki-laki,17-25,Ya
1/10/2025,2025,01,Semarang,4044,293,26,44,Cerah,Pagi,Mobil,Rem Blong,Jalan Nasional,Berlubang,40-60,Lurus,Perempuan,<17,Tidak
5/12/2023,2023,05,Bekasi,1751,475,29,49,Cerah,Dini Hari,Motor,Kecepatan Berlebih,Jalan Provinsi,Berlubang,40-60,Simpang 4,Perempuan,26-45,Tidak
3/2/2025,2025,03,Jakarta Timur,4644,440,24,23,Hujan,Siang,Motor,Kurang Jarak Aman,Jalan Provinsi,Berlubang,>60,Simpang Y,Laki-laki,17-25,Tidak
12/26/2022,2022,12,Medan,2965,395,24,19,Cerah,Dini Hari,Motor,Kondisi Jalan,Jalan Kota,Baik,>60,Lurus,Laki-laki,<17,Tidak
9/17/2023,2023,09,Jakarta Timur,4701,321,30,26,Hujan,Siang,Mobil,Pelanggaran Lalu Lintas,Jalan Kota,Baik,40-60,Simpang Y,Perempuan,17-25,Ya
1/29/2024,2024,01,Jakarta Selatan,2113,119,27,37,Cerah,Dini Hari,Mobil,Pelanggaran Lalu Lintas,Jalan Provinsi,Berlubang,>60,Simpang 4,Laki-laki,<17,Tidak
8/5/2024,2024,08,Surabaya,3984,149,28,38,Hujan,Dini Hari,Motor,Kurang Jarak Aman,Jalan Kota,Baik,<40,Simpang 4,Laki-laki,<17,Ya
4/12/2022,2022,04,Medan,4296,488,26,19,Hujan,Dini Hari,Mobil,Kelalaian Pengemudi,Jalan Nasional,Baik,40-60,Simpang Y,Laki-laki,<17,Tidak
1/27/2024,2024,01,Bekasi,1372,148,23,4,Cerah,Malam,Bus,Pelanggaran Lalu Lintas,Jalan Provinsi,Berlubang,<40,Simpang Y,Laki-laki,26-45,Tidak
12/6/2022,2022,12,Makassar,4548,143,22,3,Cerah,Siang,Motor,Kecepatan Berlebih,Jalan Nasional,Berlubang,>60,Simpang T,Laki-laki,<17,Ya
3/2/2023,2023,03,Medan,1331,153,22,11,Cerah,Dini Hari,Bus,Pelanggaran Lalu Lintas,Jalan Nasional,Berlubang,>60,Tikungan,Laki-laki,<17,Tidak
2/13/2025,2025,02,Semarang,3734,358,28,15,Hujan,Malam,Motor,Kecepatan Berlebih,Jalan Provinsi,Rusak,40-60,Simpang 4,Perempuan,17-25,Tidak
7/12/2024,2024,07,Yogyakarta,1063,318,29,21,Cerah,Malam,Bus,Kecepatan Berlebih,Jalan Provinsi,Berlubang,<40,Tikungan,Laki-laki,>50,Tidak
8/18/2023,2023,08,Semarang,1319,174,25,3,Cerah,Siang,Bus,Kurang Jarak Aman,Jalan Nasional,Rusak,<40,Simpang T,Laki-laki,>50,Ya
6/10/2023,2023,06,Surabaya,3446,433,20,8,Cerah,Siang,Bus,Rem Blong,Jalan Nasional,Baik,40-60,Lurus,Laki-laki,>50,Tidak
5/11/2023,2023,05,Jakarta Selatan,2385,107,21,17,Hujan,Pagi,Mobil,Kecepatan Berlebih,Jalan Kota,Rusak,40-60,Tikungan,Perempuan,<17,Ya
1/16/2025,2025,01,Medan,2427,128,28,24,Hujan,Malam,Mobil,Pelanggaran Lalu Lintas,Jalan Nasional,Baik,<40,Tikungan,Perempuan,26-45,Ya
11/18/2024,2024,11,Palembang,1404,282,24,23,Hujan,Malam,Mobil,Kecepatan Berlebih,Jalan Nasional,Rusak,40-60,Tikungan,Perempuan,17-25,Tidak
5/12/2025,2025,05,Palembang,2893,479,29,11,Hujan,Dini Hari,Bus,Pelanggaran Lalu Lintas,Jalan Nasional,Rusak,>60,Tikungan,Perempuan,<17,Tidak
9/27/2024,2024,09,Jakarta Selatan,1731,366,25,33,Hujan,Dini Hari,Truk,Kurang Jarak Aman,Jalan Provinsi,Berlubang,<40,Simpang T,Laki-laki,26-45,Tidak
6/8/2023,2023,06,Palembang,1821,319,27,27,Hujan,Malam,Truk,Pelanggaran Lalu Lintas,Jalan Provinsi,Rusak,<40,Simpang Y,Laki-laki,<17,Ya
5/16/2025,2025,05,Semarang,2991,278,23,8,Cerah,Pagi,Mobil,Rem Blong,Jalan Kota,Berlubang,<40,Lurus,Laki-laki,>50,Ya
10/4/2022,2022,10,Jakarta Selatan,4118,484,25,39,Hujan,Dini Hari,Motor,Kurang Jarak Aman,Jalan Kota,Rusak,>60,Simpang Y,Perempuan,26-45,Ya
2/28/2022,2022,02,Yogyakarta,3610,214,25,25,Hujan,Siang,Mobil,Pelanggaran Lalu Lintas,Jalan Provinsi,Baik,40-60,Lurus,Laki-laki,26-45,Ya
6/26/2025,2025,06,Palembang,3837,303,23,24,Cerah,Pagi,Truk,Pelanggaran Lalu Lintas,Jalan Kota,Berlubang,>60,Simpang Y,Perempuan,17-25,Tidak
5/21/2021,2021,05,Bandung,1602,142,20,10,Hujan,Malam,Truk,Pelanggaran Lalu Lintas,Jalan Provinsi,Rusak,>60,Simpang T,Perempuan,26-45,Tidak
12/8/2024,2024,12,Bandung,2096,174,22,30,Cerah,Pagi,Mobil,Kondisi Jalan,Jalan Nasional,Rusak,>60,Simpang T,Laki-laki,26-45,Tidak
8/29/2022,2022,08,Bandung,2883,144,27,31,Cerah,Malam,Motor,Rem Blong,Jalan Kota,Rusak,<40,Simpang Y,Perempuan,26-45,Tidak
4/14/2021,2021,04,Makassar,2967,427,24,13,Cerah,Malam,Motor,Kondisi Jalan,Jalan Provinsi,Berlubang,<40,Simpang 4,Perempuan,26-45,Ya
12/22/2024,2024,12,Surabaya,4735,484,21,39,Cerah,Malam,Motor,Rem Blong,Jalan Kota,Rusak,40-60,Tikungan,Laki-laki,<17,Ya
5/25/2022,2022,05,Semarang,4526,487,27,20,Hujan,Malam,Truk,Kecepatan Berlebih,Jalan Provinsi,Baik,<40,Lurus,Laki-laki,<17,Tidak
11/4/2022,2022,11,Yogyakarta,2575,402,29,42,Cerah,Malam,Mobil,Rem Blong,Jalan Kota,Berlubang,<40,Tikungan,Laki-laki,<17,Tidak
1/30/2021,2021,01,Jakarta Timur,3589,447,27,64,Hujan,Malam,Mobil,Kecepatan Berlebih,Jalan Provinsi,Rusak,40-60,Tikungan,Laki-laki,<17,Ya
9/1/2021,2021,09,Surabaya,4011,330,26,8,Hujan,Dini Hari,Bus,Kecepatan Berlebih,Jalan Provinsi,Berlubang,40-60,Simpang T,Laki-laki,17-25,Tidak
9/26/2023,2023,09,Jakarta Selatan,4726,363,24,61,Hujan,Dini Hari,Motor,Kondisi Jalan,Jalan Nasional,Baik,40-60,Simpang T,Laki-laki,>50,Ya
2/13/2021,2021,02,Bandung,4098,423,25,33,Hujan,Pagi,Mobil,Pelanggaran Lalu Lintas,Jalan Nasional,Baik,<40,Simpang T,Laki-laki,<17,Ya
1/10/2021,2021,01,Jakarta Selatan,1704,171,28,17,Cerah,Pagi,Motor,Kecepatan Berlebih,Jalan Provinsi,Baik,<40,Lurus,Perempuan,26-45,Tidak
11/12/2023,2023,11,Jakarta Timur,1184,219,21,26,Hujan,Dini Hari,Bus,Kelalaian Pengemudi,Jalan Kota,Baik,<40,Tikungan,Perempuan,17-25,Tidak
12/9/2021,2021,12,Semarang,1832,176,27,32,Cerah,Siang,Mobil,Pelanggaran Lalu Lintas,Jalan Nasional,Baik,>60,Simpang 4,Laki-laki,<17,Ya
2/7/2021,2021,02,Makassar,2968,467,26,7,Cerah,Dini Hari,Mobil,Pelanggaran Lalu Lintas,Jalan Provinsi,Baik,<40,Lurus,Perempuan,17-25,Ya
6/13/2025,2025,06,Semarang,3651,222,27,9,Cerah,Dini Hari,Truk,Kurang Jarak Aman,Jalan Provinsi,Berlubang,40-60,Lurus,Perempuan,17-25,Ya
6/27/2023,2023,06,Palembang,2440,301,30,10,Hujan,Siang,Motor,Kelalaian Pengemudi,Jalan Kota,Berlubang,>60,Lurus,Laki-laki,26-45,Ya
11/4/2024,2024,11,Yogyakarta,4483,187,24,41,Cerah,Pagi,Bus,Kondisi Jalan,Jalan Provinsi,Baik,>60,Tikungan,Perempuan,26-45,Tidak
1/19/2024,2024,01,Palembang,2775,410,25,10,Cerah,Malam,Truk,Pelanggaran Lalu Lintas,Jalan Nasional,Berlubang,>60,Simpang T,Laki-laki,26-45,Tidak
6/30/2022,2022,06,Jakarta Timur,1990,177,24,37,Cerah,Siang,Mobil,Rem Blong,Jalan Kota,Berlubang,>60,Simpang Y,Perempuan,17-25,Ya
12/15/2024,2024,12,Palembang,1171,456,20,51,Cerah,Pagi,Bus,Rem Blong,Jalan Kota,Baik,<40,Simpang Y,Laki-laki,>50,Ya
3/3/2023,2023,03,Palembang,2497,212,20,10,Cerah,Malam,Bus,Rem Blong,Jalan Kota,Baik,>60,Simpang Y,Perempuan,<17,Ya
4/11/2021,2021,04,Bekasi,2304,454,22,9,Cerah,Dini Hari,Motor,Pelanggaran Lalu Lintas,Jalan Kota,Baik,<40,Tikungan,Perempuan,>50,Tidak
4/14/2022,2022,04,Bandung,3185,214,29,30,Hujan,Malam,Bus,Rem Blong,Jalan Nasional,Baik,40-60,Simpang 4,Laki-laki,>50,Ya
3/10/2025,2025,03,Yogyakarta,2684,191,30,10,Hujan,Siang,Bus,Kondisi Jalan,Jalan Provinsi,Rusak,<40,Simpang T,Perempuan,26-45,Tidak
2/3/2023,2023,02,Makassar,1464,460,21,25,Cerah,Malam,Motor,Kecepatan Berlebih,Jalan Kota,Berlubang,<40,Simpang T,Laki-laki,17-25,Ya
9/5/2025,2025,09,Yogyakarta,1128,355,25,23,Cerah,Siang,Motor,Pelanggaran Lalu Lintas,Jalan Nasional,Baik,<40,Simpang T,Laki-laki,17-25,Ya
3/24/2023,2023,03,Medan,1842,414,28,26,Hujan,Malam,Mobil,Kondisi Jalan,Jalan Provinsi,Baik,<40,Simpang Y,Laki-laki,17-25,Tidak
5/26/2024,2024,05,Medan,1778,187,29,1,Cerah,Malam,Truk,Kelalaian Pengemudi,Jalan Provinsi,Berlubang,>60,Simpang Y,Laki-laki,26-45,Tidak
7/11/2023,2023,07,Semarang,4194,337,20,29,Cerah,Siang,Motor,Rem Blong,Jalan Provinsi,Baik,>60,Simpang 4,Laki-laki,<17,Tidak
8/23/2024,2024,08,Semarang,2737,223,24,42,Hujan,Malam,Mobil,Rem Blong,Jalan Kota,Rusak,>60,Lurus,Laki-laki,>50,Ya
3/21/2023,2023,03,Bandung,4796,404,23,23,Cerah,Dini Hari,Mobil,Kelalaian Pengemudi,Jalan Nasional,Rusak,40-60,Simpang 4,Perempuan,>50,Ya
9/3/2022,2022,09,Medan,1204,126,28,7,Cerah,Malam,Truk,Kelalaian Pengemudi,Jalan Kota,Baik,>60,Simpang T,Perempuan,26-45,Ya
5/20/2025,2025,05,Medan,1679,342,28,15,Hujan,Pagi,Motor,Rem Blong,Jalan Nasional,Rusak,40-60,Lurus,Perempuan,17-25,Ya
10/5/2023,2023,10,Jakarta Timur,2414,355,25,30,Cerah,Siang,Mobil,Kondisi Jalan,Jalan Nasional,Rusak,<40,Simpang 4,Laki-laki,17-25,Tidak
1/23/2022,2022,01,Makassar,4527,488,20,26,Cerah,Pagi,Bus,Kecepatan Berlebih,Jalan Kota,Rusak,>60,Lurus,Laki-laki,>50,Ya
4/18/2021,2021,04,Makassar,3815,232,30,46,Hujan,Malam,Bus,Kurang Jarak Aman,Jalan Nasional,Rusak,40-60,Simpang 4,Laki-laki,<17,Tidak
10/6/2021,2021,10,Semarang,1685,458,22,28,Cerah,Malam,Mobil,Kurang Jarak Aman,Jalan Nasional,Rusak,<40,Simpang Y,Laki-laki,17-25,Ya
2/13/2021,2021,02,Palembang,1080,303,25,7,Cerah,Pagi,Mobil,Kurang Jarak Aman,Jalan Kota,Rusak,<40,Lurus,Laki-laki,17-25,Ya
5/20/2024,2024,05,Jakarta Timur,1025,347,24,12,Cerah,Dini Hari,Motor,Kelalaian Pengemudi,Jalan Nasional,Rusak,>60,Simpang T,Perempuan,17-25,Tidak
11/19/2021,2021,11,Jakarta Selatan,3143,288,25,13,Cerah,Siang,Bus,Kecepatan Berlebih,Jalan Provinsi,Berlubang,<40,Simpang Y,Laki-laki,<17,Ya
2/26/2024,2024,02,Semarang,4298,122,23,36,Hujan,Dini Hari,Truk,Kondisi Jalan,Jalan Kota,Berlubang,<40,Tikungan,Laki-laki,<17,Ya
4/15/2024,2024,04,Jakarta Timur,2974,380,29,25,Cerah,Malam,Bus,Kurang Jarak Aman,Jalan Provinsi,Rusak,<40,Simpang T,Laki-laki,26-45,Tidak
12/18/2021,2021,12,Medan,2679,280,21,3,Hujan,Malam,Bus,Kondisi Jalan,Jalan Provinsi,Berlubang,<40,Simpang 4,Laki-laki,26-45,Ya
6/29/2021,2021,06,Yogyakarta,3969,372,23,16,Cerah,Siang,Mobil,Kelalaian Pengemudi,Jalan Nasional,Baik,>60,Simpang 4,Perempuan,<17,Ya
5/11/2023,2023,05,Palembang,4443,196,29,25,Cerah,Malam,Truk,Kecepatan Berlebih,Jalan Provinsi,Berlubang,40-60,Lurus,Laki-laki,17-25,Ya
10/6/2023,2023,10,Surabaya,4594,444,20,13,Hujan,Pagi,Bus,Kurang Jarak Aman,Jalan Nasional,Rusak,40-60,Lurus,Perempuan,17-25,Ya
12/2/2023,2023,12,Jakarta Selatan,3754,393,22,39,Cerah,Pagi,Mobil,Kurang Jarak Aman,Jalan Kota,Rusak,40-60,Tikungan,Laki-laki,26-45,Tidak
3/10/2021,2021,03,Bekasi,2913,399,21,49,Cerah,Malam,Truk,Kurang Jarak Aman,Jalan Nasional,Baik,<40,Simpang 4,Laki-laki,26-45,Ya
5/29/2025,2025,05,Palembang,2130,432,30,11,Cerah,Malam,Bus,Pelanggaran Lalu Lintas,Jalan Kota,Baik,<40,Tikungan,Laki-laki,26-45,Tidak
2/16/2024,2024,02,Jakarta Selatan,2158,394,20,28,Cerah,Malam,Truk,Kelalaian Pengemudi,Jalan Nasional,Baik,<40,Lurus,Laki-laki,17-25,Tidak
7/11/2024,2024,07,Bekasi,1476,455,23,7,Cerah,Siang,Bus,Pelanggaran Lalu Lintas,Jalan Provinsi,Baik,40-60,Lurus,Perempuan,26-45,Tidak
5/27/2022,2022,05,Bandung,1256,194,29,7,Cerah,Siang,Motor,Kecepatan Berlebih,Jalan Nasional,Rusak,40-60,Simpang T,Laki-laki,26-45,Tidak
1/21/2022,2022,01,Bekasi,4426,237,24,34,Cerah,Dini Hari,Bus,Kondisi Jalan,Jalan Kota,Rusak,40-60,Simpang T,Laki-laki,26-45,Tidak
2/4/2024,2024,02,Bekasi,4964,131,23,12,Cerah,Dini Hari,Motor,Kelalaian Pengemudi,Jalan Nasional,Baik,>60,Simpang T,Perempuan,26-45,Ya
1/15/2021,2021,01,Bandung,2838,376,28,44,Cerah,Siang,Mobil,Kondisi Jalan,Jalan Nasional,Rusak,40-60,Lurus,Laki-laki,>50,Tidak
5/8/2021,2021,05,Yogyakarta,3743,412,24,13,Cerah,Pagi,Truk,Kondisi Jalan,Jalan Nasional,Berlubang,>60,Simpang 4,Laki-laki,17-25,Ya
12/22/2023,2023,12,Surabaya,4393,244,30,14,Hujan,Malam,Bus,Kelalaian Pengemudi,Jalan Nasional,Berlubang,>60,Simpang Y,Laki-laki,26-45,Ya
7/8/2023,2023,07,Yogyakarta,2216,132,20,16,Cerah,Pagi,Mobil,Kondisi Jalan,Jalan Nasional,Baik,>60,Simpang T,Perempuan,17-25,Ya
5/8/2024,2024,05,Yogyakarta,3691,374,22,45,Hujan,Pagi,Mobil,Pelanggaran Lalu Lintas,Jalan Kota,Baik,<40,Tikungan,Laki-laki,17-25,Ya
6/30/2025,2025,06,Palembang,1552,190,30,29,Cerah,Pagi,Mobil,Kurang Jarak Aman,Jalan Nasional,Baik,40-60,Simpang T,Perempuan,26-45,Ya
2/18/2024,2024,02,Medan,1606,298,29,26,Cerah,Dini Hari,Mobil,Kurang Jarak Aman,Jalan Nasional,Berlubang,40-60,Tikungan,Perempuan,17-25,Tidak
10/2/2022,2022,10,Yogyakarta,2532,500,23,41,Cerah,Malam,Truk,Kurang Jarak Aman,Jalan Kota,Rusak,40-60,Simpang Y,Perempuan,>50,Tidak
6/8/2023,2023,06,Yogyakarta,4528,484,29,3,Cerah,Malam,Bus,Kelalaian Pengemudi,Jalan Provinsi,Berlubang,40-60,Lurus,Perempuan,17-25,Tidak
6/20/2021,2021,06,Medan,2816,324,23,63,Cerah,Malam,Bus,Rem Blong,Jalan Kota,Berlubang,40-60,Lurus,Laki-laki,17-25,Tidak
1/9/2023,2023,01,Semarang,4265,304,30,13,Hujan,Siang,Bus,Kurang Jarak Aman,Jalan Nasional,Baik,<40,Lurus,Perempuan,26-45,Ya
6/4/2023,2023,06,Makassar,1411,162,28,3,Hujan,Malam,Mobil,Kelalaian Pengemudi,Jalan Kota,Baik,40-60,Tikungan,Perempuan,<17,Ya
8/10/2024,2024,08,Yogyakarta,4292,178,20,36,Cerah,Pagi,Bus,Kelalaian Pengemudi,Jalan Nasional,Berlubang,>60,Simpang 4,Perempuan,26-45,Tidak
4/9/2025,2025,04,Makassar,1005,476,27,31,Cerah,Siang,Bus,Kurang Jarak Aman,Jalan Provinsi,Rusak,40-60,Lurus,Laki-laki,17-25,Tidak
4/26/2025,2025,04,Medan,1665,220,23,10,Hujan,Dini Hari,Truk,Rem Blong,Jalan Nasional,Rusak,<40,Lurus,Perempuan,26-45,Ya
1/4/2024,2024,01,Surabaya,3810,320,28,38,Hujan,Dini Hari,Mobil,Kurang Jarak Aman,Jalan Provinsi,Baik,40-60,Simpang 4,Laki-laki,>50,Ya
7/9/2025,2025,07,Jakarta Timur,2025,252,29,5,Hujan,Pagi,Bus,Rem Blong,Jalan Kota,Rusak,>60,Tikungan,Perempuan,17-25,Tidak
12/23/2023,2023,12,Semarang,2822,251,20,30,Hujan,Siang,Motor,Pelanggaran Lalu Lintas,Jalan Kota,Baik,<40,Simpang 4,Laki-laki,17-25,Ya
2/19/2024,2024,02,Bandung,2991,386,28,11,Cerah,Malam,Motor,Kecepatan Berlebih,Jalan Nasional,Berlubang,>60,Simpang Y,Perempuan,>50,Tidak
9/13/2022,2022,09,Bekasi,4282,375,25,37,Hujan,Siang,Bus,Kelalaian Pengemudi,Jalan Provinsi,Berlubang,>60,Simpang Y,Laki-laki,<17,Tidak
6/16/2023,2023,06,Surabaya,4810,457,24,17,Hujan,Dini Hari,Motor,Kondisi Jalan,Jalan Nasional,Berlubang,40-60,Tikungan,Perempuan,26-45,Tidak
8/2/2024,2024,08,Surabaya,2422,118,20,38,Cerah,Malam,Mobil,Kurang Jarak Aman,Jalan Provinsi,Baik,>60,Simpang 4,Perempuan,26-45,Ya
5/9/2021,2021,05,Jakarta Timur,1396,456,21,37,Hujan,Dini Hari,Bus,Kondisi Jalan,Jalan Nasional,Rusak,<40,Tikungan,Perempuan,26-45,Ya
12/26/2023,2023,12,Makassar,4170,168,23,32,Cerah,Dini Hari,Motor,Kondisi Jalan,Jalan Provinsi,Rusak,<40,Lurus,Laki-laki,>50,Ya
6/5/2021,2021,06,Makassar,1215,108,24,22,Cerah,Malam,Truk,Kurang Jarak Aman,Jalan Kota,Rusak,40-60,Simpang 4,Laki-laki,<17,Tidak
11/16/2023,2023,11,Palembang,4827,341,25,27,Cerah,Malam,Mobil,Kecepatan Berlebih,Jalan Nasional,Berlubang,>60,Tikungan,Laki-laki,17-25,Ya
7/4/2021,2021,07,Yogyakarta,3806,467,23,22,Cerah,Pagi,Bus,Kurang Jarak Aman,Jalan Nasional,Rusak,40-60,Simpang Y,Perempuan,26-45,Tidak
10/23/2022,2022,10,Jakarta Selatan,4624,272,26,39,Hujan,Dini Hari,Motor,Kurang Jarak Aman,Jalan Kota,Rusak,<40,Tikungan,Perempuan,17-25,Ya
1/16/2025,2025,01,Jakarta Selatan,1229,257,29,45,Hujan,Dini Hari,Mobil,Kurang Jarak Aman,Jalan Provinsi,Baik,>60,Lurus,Perempuan,>50,Ya
5/17/2023,2023,05,Medan,2395,372,22,29,Hujan,Siang,Truk,Rem Blong,Jalan Kota,Rusak,<40,Simpang 4,Laki-laki,>50,Tidak
11/2/2024,2024,11,Palembang,3189,408,21,18,Hujan,Pagi,Motor,Kurang Jarak Aman,Jalan Provinsi,Baik,40-60,Tikungan,Laki-laki,17-25,Tidak
1/11/2023,2023,01,Jakarta Selatan,2644,477,22,3,Cerah,Malam,Truk,Kondisi Jalan,Jalan Provinsi,Baik,>60,Simpang Y,Laki-laki,>50,Tidak
7/17/2025,2025,07,Bandung,1503,311,29,25,Cerah,Pagi,Motor,Rem Blong,Jalan Nasional,Berlubang,40-60,Simpang Y,Laki-laki,<17,Tidak
10/18/2023,2023,10,Makassar,2007,287,20,18,Cerah,Malam,Truk,Pelanggaran Lalu Lintas,Jalan Nasional,Rusak,>60,Lurus,Perempuan,<17,Ya
2/15/2023,2023,02,Jakarta Timur,3247,277,20,51,Cerah,Malam,Mobil,Pelanggaran Lalu Lintas,Jalan Nasional,Baik,<40,Tikungan,Laki-laki,17-25,Tidak
4/8/2022,2022,04,Yogyakarta,3400,145,21,54,Hujan,Dini Hari,Truk,Kondisi Jalan,Jalan Nasional,Baik,>60,Lurus,Perempuan,>50,Tidak
11/25/2022,2022,11,Medan,1932,204,20,7,Hujan,Pagi,Bus,Pelanggaran Lalu Lintas,Jalan Provinsi,Berlubang,>60,Simpang T,Perempuan,>50,Ya
7/26/2024,2024,07,Semarang,4927,487,21,14,Hujan,Dini Hari,Mobil,Pelanggaran Lalu Lintas,Jalan Provinsi,Baik,<40,Lurus,Laki-laki,>50,Ya
10/25/2023,2023,10,Palembang,1639,179,21,48,Hujan,Pagi,Mobil,Kondisi Jalan,Jalan Nasional,Berlubang,40-60,Lurus,Perempuan,>50,Tidak
5/14/2025,2025,05,Jakarta Timur,3343,301,20,16,Cerah,Dini Hari,Bus,Kondisi Jalan,Jalan Kota,Baik,<40,Simpang T,Perempuan,17-25,Tidak
12/24/2022,2022,12,Makassar,3893,149,28,44,Hujan,Siang,Motor,Kurang Jarak Aman,Jalan Kota,Baik,40-60,Simpang T,Perempuan,>50,Ya
2/11/2022,2022,02,Jakarta Selatan,1260,233,26,16,Hujan,Siang,Bus,Pelanggaran Lalu Lintas,Jalan Provinsi,Berlubang,>60,Simpang 4,Laki-laki,17-25,Tidak
11/24/2025,2025,11,Makassar,2597,103,26,26,Cerah,Siang,Motor,Rem Blong,Jalan Provinsi,Rusak,<40,Simpang 4,Laki-laki,17-25,Ya
2/20/2024,2024,02,Yogyakarta,4956,215,20,50,Cerah,Pagi,Motor,Rem Blong,Jalan Nasional,Berlubang,40-60,Simpang T,Laki-laki,26-45,Tidak
5/5/2025,2025,05,Makassar,2636,221,20,21,Cerah,Siang,Mobil,Kecepatan Berlebih,Jalan Nasional,Baik,<40,Tikungan,Perempuan,17-25,Tidak
2/27/2021,2021,02,Bandung,4818,280,20,10,Hujan,Pagi,Bus,Kecepatan Berlebih,Jalan Provinsi,Baik,>60,Simpang 4,Laki-laki,26-45,Tidak
12/11/2024,2024,12,Palembang,1510,380,20,51,Cerah,Pagi,Bus,Rem Blong,Jalan Kota,Baik,<40,Lurus,Laki-laki,>50,Tidak
3/21/2021,2021,03,Jakarta Timur,3240,121,26,42,Hujan,Dini Hari,Bus,Kelalaian Pengemudi,Jalan Nasional,Berlubang,<40,Simpang T,Laki-laki,>50,Tidak
11/27/2021,2021,11,Medan,4275,464,25,17,Hujan,Siang,Mobil,Kecepatan Berlebih,Jalan Nasional,Rusak,>60,Lurus,Laki-laki,17-25,Ya
9/20/2023,2023,09,Bekasi,3209,314,30,23,Cerah,Pagi,Motor,Kelalaian Pengemudi,Jalan Kota,Berlubang,<40,Simpang 4,Laki-laki,>50,Ya
8/4/2022,2022,08,Bekasi,2291,202,24,27,Cerah,Dini Hari,Truk,Pelanggaran Lalu Lintas,Jalan Provinsi,Rusak,>60,Lurus,Laki-laki,<17,Tidak
4/20/2024,2024,04,Jakarta Timur,4183,278,28,8,Hujan,Siang,Mobil,Pelanggaran Lalu Lintas,Jalan Kota,Rusak,<40,Tikungan,Laki-laki,>50,Ya
9/13/2024,2024,09,Makassar,2333,367,29,20,Cerah,Dini Hari,Truk,Kecepatan Berlebih,Jalan Nasional,Berlubang,<40,Simpang Y,Perempuan,<17,Tidak
8/25/2024,2024,08,Jakarta Selatan,1074,460,20,27,Cerah,Pagi,Mobil,Pelanggaran Lalu Lintas,Jalan Kota,Baik,40-60,Simpang 4,Perempuan,26-45,Ya
11/26/2023,2023,11,Jakarta Selatan,2534,243,30,18,Cerah,Pagi,Truk,Kecepatan Berlebih,Jalan Kota,Baik,<40,Simpang Y,Laki-laki,<17,Ya
1/17/2023,2023,01,Jakarta Selatan,1324,111,25,54,Hujan,Pagi,Truk,Kelalaian Pengemudi,Jalan Provinsi,Baik,>60,Lurus,Laki-laki,<17,Tidak
12/17/2021,2021,12,Jakarta Selatan,4599,306,27,10,Cerah,Pagi,Truk,Kondisi Jalan,Jalan Provinsi,Berlubang,>60,Simpang Y,Perempuan,>50,Tidak
5/27/2025,2025,05,Jakarta Timur,2580,483,27,33,Cerah,Dini Hari,Truk,Kecepatan Berlebih,Jalan Nasional,Rusak,<40,Tikungan,Perempuan,17-25,Tidak
10/6/2024,2024,10,Bandung,4475,246,22,46,Hujan,Pagi,Truk,Pelanggaran Lalu Lintas,Jalan Nasional,Rusak,>60,Tikungan,Laki-laki,26-45,Ya
11/18/2023,2023,11,Semarang,1540,242,30,34,Cerah,Pagi,Motor,Kondisi Jalan,Jalan Nasional,Berlubang,<40,Simpang T,Perempuan,>50,Ya
8/9/2022,2022,08,Jakarta Selatan,4470,301,28,13,Cerah,Siang,Truk,Kelalaian Pengemudi,Jalan Provinsi,Baik,>60,Lurus,Perempuan,<17,Tidak
11/15/2021,2021,11,Bandung,1307,454,26,59,Hujan,Dini Hari,Mobil,Kecepatan Berlebih,Jalan Nasional,Rusak,<40,Simpang T,Perempuan,26-45,Tidak
5/11/2024,2024,05,Bandung,3984,487,30,53,Cerah,Malam,Mobil,Rem Blong,Jalan Provinsi,Rusak,40-60,Tikungan,Laki-laki,<17,Tidak
6/1/2022,2022,06,Palembang,2362,182,25,29,Cerah,Pagi,Mobil,Kelalaian Pengemudi,Jalan Provinsi,Rusak,>60,Lurus,Laki-laki,26-45,Tidak
2/3/2025,2025,02,Yogyakarta,4296,257,20,31,Cerah,Malam,Truk,Rem Blong,Jalan Provinsi,Baik,<40,Tikungan,Perempuan,26-45,Ya
5/19/2024,2024,05,Bandung,1053,498,27,39,Hujan,Malam,Mobil,Pelanggaran Lalu Lintas,Jalan Nasional,Berlubang,>60,Lurus,Perempuan,<17,Ya
11/1/2022,2022,11,Yogyakarta,4500,263,26,46,Cerah,Pagi,Motor,Kondisi Jalan,Jalan Kota,Baik,<40,Simpang 4,Laki-laki,<17,Tidak
8/21/2025,2025,08,Palembang,1505,435,23,14,Hujan,Siang,Bus,Kelalaian Pengemudi,Jalan Kota,Berlubang,>60,Simpang Y,Perempuan,<17,Ya
10/2/2021,2021,10,Jakarta Selatan,3872,360,30,24,Cerah,Pagi,Bus,Kurang Jarak Aman,Jalan Nasional,Rusak,<40,Simpang T,Laki-laki,>50,Ya
1/20/2024,2024,01,Surabaya,2895,359,20,4,Hujan,Siang,Motor,Rem Blong,Jalan Provinsi,Baik,<40,Tikungan,Perempuan,26-45,Tidak
3/17/2022,2022,03,Medan,1284,375,24,24,Hujan,Siang,Mobil,Kondisi Jalan,Jalan Nasional,Rusak,>60,Tikungan,Laki-laki,>50,Tidak
4/1/2024,2024,04,Surabaya,4939,448,28,13,Hujan,Siang,Motor,Kelalaian Pengemudi,Jalan Provinsi,Baik,40-60,Simpang T,Perempuan,17-25,Tidak
9/22/2025,2025,09,Medan,3335,348,22,11,Cerah,Pagi,Truk,Rem Blong,Jalan Nasional,Berlubang,>60,Tikungan,Perempuan,17-25,Ya
12/3/2023,2023,12,Makassar,1596,250,30,5,Cerah,Siang,Mobil,Kecepatan Berlebih,Jalan Nasional,Baik,>60,Simpang 4,Perempuan,<17,Tidak
4/30/2021,2021,04,Surabaya,2641,371,26,40,Cerah,Malam,Bus,Kurang Jarak Aman,Jalan Kota,Baik,40-60,Simpang 4,Laki-laki,<17,Tidak
7/15/2023,2023,07,Semarang,1128,330,24,0,Cerah,Pagi,Motor,Rem Blong,Jalan Nasional,Berlubang,40-60,Lurus,Laki-laki,17-25,Ya
12/19/2024,2024,12,Makassar,2974,500,26,20,Hujan,Siang,Mobil,Kelalaian Pengemudi,Jalan Nasional,Berlubang,40-60,Simpang Y,Laki-laki,<17,Tidak
9/2/2024,2024,09,Medan,4093,325,21,9,Hujan,Malam,Motor,Pelanggaran Lalu Lintas,Jalan Nasional,Berlubang,<40,Lurus,Laki-laki,>50,Tidak
10/26/2022,2022,10,Medan,3609,335,30,2,Hujan,Siang,Bus,Kecepatan Berlebih,Jalan Provinsi,Baik,40-60,Lurus,Laki-laki,>50,Tidak
12/22/2024,2024,12,Semarang,1391,428,20,30,Hujan,Dini Hari,Truk,Kecepatan Berlebih,Jalan Nasional,Baik,>60,Simpang 4,Laki-laki,26-45,Ya
3/17/2023,2023,03,Makassar,2280,299,28,17,Cerah,Pagi,Truk,Pelanggaran Lalu Lintas,Jalan Nasional,Berlubang,<40,Simpang T,Laki-laki,>50,Ya
9/28/2025,2025,09,Surabaya,4015,474,25,27,Hujan,Pagi,Mobil,Kondisi Jalan,Jalan Provinsi,Berlubang,40-60,Simpang Y,Laki-laki,<17,Ya
7/4/2023,2023,07,Jakarta Timur,2131,428,29,35,Hujan,Siang,Mobil,Kecepatan Berlebih,Jalan Nasional,Baik,<40,Tikungan,Perempuan,26-45,Ya
7/9/2023,2023,07,Makassar,1059,410,28,49,Cerah,Siang,Mobil,Kelalaian Pengemudi,Jalan Nasional,Berlubang,<40,Lurus,Perempuan,26-45,Tidak
12/24/2022,2022,12,Makassar,2645,244,26,3,Cerah,Siang,Motor,Kecepatan Berlebih,Jalan Nasional,Berlubang,>60,Tikungan,Perempuan,26-45,Tidak
2/11/2024,2024,02,Bandung,2745,179,21,17,Hujan,Malam,Bus,Kecepatan Berlebih,Jalan Nasional,Berlubang,>60,Tikungan,Perempuan,<17,Tidak
9/27/2021,2021,09,Yogyakarta,3463,351,20,29,Hujan,Dini Hari,Motor,Rem Blong,Jalan Provinsi,Berlubang,40-60,Simpang T,Perempuan,17-25,Ya
11/4/2022,2022,11,Medan,2186,375,29,56,Cerah,Pagi,Truk,Kondisi Jalan,Jalan Provinsi,Rusak,40-60,Simpang Y,Laki-laki,>50,Tidak
5/13/2022,2022,05,Yogyakarta,1031,280,20,5,Hujan,Pagi,Motor,Kecepatan Berlebih,Jalan Nasional,Baik,<40,Simpang T,Laki-laki,<17,Ya
8/29/2021,2021,08,Semarang,3443,223,28,10,Hujan,Dini Hari,Bus,Kondisi Jalan,Jalan Provinsi,Berlubang,>60,Simpang Y,Laki-laki,26-45,Tidak
5/19/2024,2024,05,Surabaya,4870,118,20,33,Cerah,Malam,Motor,Pelanggaran Lalu Lintas,Jalan Nasional,Berlubang,<40,Lurus,Perempuan,26-45,Ya
12/14/2024,2024,12,Surabaya,3930,167,28,34,Cerah,Pagi,Bus,Rem Blong,Jalan Provinsi,Rusak,>60,Simpang Y,Perempuan,17-25,Ya
9/10/2022,2022,09,Bekasi,2845,286,23,68,Hujan,Pagi,Truk,Kondisi Jalan,Jalan Kota,Rusak,>60,Simpang Y,Perempuan,>50,Tidak
9/28/2025,2025,09,Jakarta Selatan,1940,150,22,19,Cerah,Pagi,Mobil,Pelanggaran Lalu Lintas,Jalan Kota,Rusak,<40,Lurus,Laki-laki,>50,Ya
8/8/2025,2025,08,Yogyakarta,3092,465,22,1,Hujan,Dini Hari,Bus,Kecepatan Berlebih,Jalan Provinsi,Baik,<40,Simpang Y,Laki-laki,<17,Ya
6/1/2022,2022,06,Jakarta Timur,1499,233,30,20,Cerah,Siang,Motor,Rem Blong,Jalan Provinsi,Berlubang,<40,Simpang Y,Perempuan,17-25,Tidak
7/29/2024,2024,07,Palembang,3011,284,21,15,Cerah,Pagi,Mobil,Kondisi Jalan,Jalan Nasional,Baik,40-60,Lurus,Laki-laki,>50,Ya
12/28/2022,2022,12,Bandung,4256,434,25,34,Hujan,Siang,Mobil,Kurang Jarak Aman,Jalan Provinsi,Rusak,40-60,Tikungan,Laki-laki,26-45,Ya
6/12/2024,2024,06,Jakarta Timur,3447,381,23,51,Hujan,Siang,Mobil,Rem Blong,Jalan Provinsi,Berlubang,40-60,Simpang Y,Laki-laki,17-25,Ya
1/15/2025,2025,01,Bandung,3011,301,27,16,Cerah,Dini Hari,Truk,Kurang Jarak Aman,Jalan Nasional,Berlubang,<40,Simpang T,Laki-laki,>50,Ya
10/29/2023,2023,10,Makassar,2701,138,28,45,Hujan,Pagi,Motor,Kecepatan Berlebih,Jalan Nasional,Berlubang,40-60,Simpang Y,Perempuan,26-45,Ya
10/7/2021,2021,10,Bandung,2208,419,22,30,Hujan,Siang,Truk,Kondisi Jalan,Jalan Kota,Baik,40-60,Simpang T,Laki-laki,17-25,Ya
7/2/2023,2023,07,Surabaya,3572,273,20,3,Cerah,Dini Hari,Mobil,Kondisi Jalan,Jalan Provinsi,Baik,<40,Tikungan,Laki-laki,<17,Tidak
11/7/2023,2023,11,Jakarta Timur,2529,168,29,26,Hujan,Pagi,Mobil,Kecepatan Berlebih,Jalan Nasional,Rusak,<40,Simpang 4,Perempuan,26-45,Tidak
6/14/2025,2025,06,Bandung,2613,240,21,6,Cerah,Siang,Motor,Kecepatan Berlebih,Jalan Provinsi,Berlubang,40-60,Simpang T,Laki-laki,>50,Tidak
9/24/2022,2022,09,Medan,1736,402,21,7,Cerah,Malam,Truk,Kelalaian Pengemudi,Jalan Kota,Baik,<40,Simpang Y,Perempuan,>50,Tidak
5/11/2025,2025,05,Bandung,1798,168,21,2,Hujan,Dini Hari,Truk,Kelalaian Pengemudi,Jalan Provinsi,Berlubang,40-60,Lurus,Laki-laki,>50,Ya
12/11/2023,2023,12,Bekasi,3075,134,22,53,Cerah,Dini Hari,Motor,Rem Blong,Jalan Nasional,Baik,40-60,Tikungan,Perempuan,>50,Ya
11/29/2025,2025,11,Palembang,3053,167,21,27,Hujan,Dini Hari,Bus,Kelalaian Pengemudi,Jalan Nasional,Baik,>60,Simpang T,Laki-laki,>50,Ya
3/26/2022,2022,03,Yogyakarta,2141,127,26,41,Cerah,Malam,Mobil,Pelanggaran Lalu Lintas,Jalan Provinsi,Berlubang,40-60,Simpang 4,Laki-laki,17-25,Ya
6/27/2024,2024,06,Medan,1762,320,27,21,Cerah,Dini Hari,Bus,Kurang Jarak Aman,Jalan Nasional,Baik,40-60,Simpang T,Laki-laki,<17,Tidak
11/3/2023,2023,11,Medan,3972,252,24,9,Hujan,Dini Hari,Motor,Kondisi Jalan,Jalan Provinsi,Rusak,<40,Lurus,Laki-laki,<17,Tidak
6/21/2024,2024,06,Semarang,3563,364,26,10,Hujan,Pagi,Truk,Kurang Jarak Aman,Jalan Provinsi,Berlubang,<40,Simpang T,Perempuan,17-25,Ya
7/26/2025,2025,07,Palembang,2106,449,29,7,Hujan,Malam,Motor,Rem Blong,Jalan Nasional,Baik,40-60,Simpang 4,Laki-laki,26-45,Ya
2/27/2024,2024,02,Palembang,3758,474,23,45,Cerah,Malam,Bus,Kelalaian Pengemudi,Jalan Kota,Rusak,<40,Simpang 4,Laki-laki,26-45,Ya
11/23/2025,2025,11,Medan,1403,267,22,25,Hujan,Malam,Mobil,Kecepatan Berlebih,Jalan Nasional,Baik,>60,Simpang 4,Laki-laki,17-25,Tidak
11/21/2025,2025,11,Medan,2035,428,25,25,Hujan,Malam,Mobil,Kecepatan Berlebih,Jalan Nasional,Baik,<40,Simpang 4,Perempuan,>50,Ya
3/30/2024,2024,03,Bekasi,3365,232,30,60,Hujan,Siang,Mobil,Pelanggaran Lalu Lintas,Jalan Provinsi,Baik,40-60,Simpang T,Perempuan,<17,Tidak
8/23/2024,2024,08,Semarang,2135,299,24,10,Hujan,Malam,Truk,Kondisi Jalan,Jalan Provinsi,Rusak,<40,Tikungan,Laki-laki,<17,Tidak
5/3/2025,2025,05,Palembang,2296,472,25,36,Hujan,Dini Hari,Bus,Kecepatan Berlebih,Jalan Kota,Rusak,<40,Simpang T,Laki-laki,>50,Ya
3/23/2021,2021,03,Jakarta Timur,2721,460,29,15,Hujan,Dini Hari,Mobil,Rem Blong,Jalan Nasional,Baik,<40,Tikungan,Perempuan,26-45,Tidak
2/9/2021,2021,02,Semarang,4451,324,27,14,Hujan,Pagi,Motor,Kelalaian Pengemudi,Jalan Kota,Berlubang,40-60,Lurus,Laki-laki,26-45,Ya
1/25/2025,2025,01,Palembang,3460,486,25,36,Hujan,Siang,Mobil,Kelalaian Pengemudi,Jalan Nasional,Rusak,<40,Lurus,Laki-laki,>50,Ya
4/23/2025,2025,04,Surabaya,4026,164,21,40,Hujan,Pagi,Truk,Kecepatan Berlebih,Jalan Provinsi,Baik,40-60,Simpang T,Perempuan,>50,Tidak
12/3/2023,2023,12,Medan,3749,127,21,40,Cerah,Malam,Mobil,Rem Blong,Jalan Kota,Baik,40-60,Simpang T,Perempuan,17-25,Tidak
3/1/2022,2022,03,Bekasi,4095,472,27,49,Hujan,Dini Hari,Bus,Pelanggaran Lalu Lintas,Jalan Nasional,Berlubang,>60,Simpang T,Laki-laki,>50,Ya
10/14/2023,2023,10,Semarang,3034,103,20,35,Cerah,Siang,Bus,Rem Blong,Jalan Kota,Baik,<40,Simpang 4,Laki-laki,26-45,Ya
3/2/2024,2024,03,Medan,3866,265,20,33,Hujan,Dini Hari,Bus,Kecepatan Berlebih,Jalan Kota,Baik,40-60,Lurus,Laki-laki,<17,Tidak
7/27/2023,2023,07,Medan,1655,424,27,19,Hujan,Dini Hari,Truk,Kelalaian Pengemudi,Jalan Provinsi,Berlubang,>60,Simpang Y,Laki-laki,>50,Tidak
1/20/2021,2021,01,Bandung,2939,163,26,8,Cerah,Dini Hari,Mobil,Kondisi Jalan,Jalan Nasional,Berlubang,<40,Lurus,Laki-laki,>50,Ya
11/24/2023,2023,11,Jakarta Timur,2118,251,20,26,Hujan,Pagi,Mobil,Kecepatan Berlebih,Jalan Nasional,Rusak,>60,Tikungan,Laki-laki,17-25,Tidak
6/18/2025,2025,06,Bekasi,2052,484,24,14,Hujan,Pagi,Motor,Rem Blong,Jalan Provinsi,Berlubang,<40,Tikungan,Laki-laki,17-25,Tidak
12/31/2024,2024,12,Surabaya,2192,170,29,34,Cerah,Pagi,Bus,Rem Blong,Jalan Provinsi,Rusak,40-60,Simpang 4,Perempuan,>50,Ya
11/26/2025,2025,11,Surabaya,1788,169,25,12,Hujan,Pagi,Truk,Rem Blong,Jalan Provinsi,Rusak,40-60,Lurus,Laki-laki,>50,Tidak
1/16/2022,2022,01,Medan,2831,377,30,23,Cerah,Siang,Motor,Kondisi Jalan,Jalan Nasional,Baik,>60,Lurus,Perempuan,>50,Tidak
2/27/2024,2024,02,Makassar,2510,393,27,7,Hujan,Dini Hari,Motor,Kondisi Jalan,Jalan Kota,Rusak,>60,Tikungan,Laki-laki,<17,Ya
3/10/2022,2022,03,Yogyakarta,1138,289,29,41,Cerah,Malam,Mobil,Pelanggaran Lalu Lintas,Jalan Provinsi,Berlubang,40-60,Tikungan,Laki-laki,17-25,Tidak
7/16/2021,2021,07,Jakarta Timur,4064,234,22,33,Cerah,Pagi,Mobil,Kondisi Jalan,Jalan Kota,Baik,>60,Simpang 4,Laki-laki,26-45,Ya
8/6/2024,2024,08,Jakarta Timur,3366,397,22,17,Hujan,Siang,Mobil,Kondisi Jalan,Jalan Kota,Rusak,>60,Simpang 4,Perempuan,>50,Ya
7/20/2021,2021,07,Surabaya,1276,285,28,26,Hujan,Pagi,Truk,Pelanggaran Lalu Lintas,Jalan Nasional,Baik,>60,Simpang Y,Laki-laki,17-25,Ya
9/14/2024,2024,09,Palembang,4897,199,20,10,Hujan,Siang,Truk,Kurang Jarak Aman,Jalan Nasional,Rusak,>60,Simpang T,Perempuan,26-45,Ya
6/1/2024,2024,06,Semarang,2875,373,23,20,Cerah,Malam,Motor,Pelanggaran Lalu Lintas,Jalan Provinsi,Berlubang,40-60,Simpang Y,Perempuan,26-45,Ya
5/20/2024,2024,05,Jakarta Timur,4389,216,27,36,Hujan,Dini Hari,Truk,Kecepatan Berlebih,Jalan Nasional,Baik,<40,Simpang 4,Laki-laki,17-25,Tidak
8/5/2025,2025,08,Jakarta Selatan,1036,318,29,8,Hujan,Siang,Truk,Pelanggaran Lalu Lintas,Jalan Nasional,Rusak,>60,Lurus,Perempuan,<17,Ya
12/8/2025,2025,12,Palembang,3769,222,24,17,Cerah,Siang,Mobil,Kelalaian Pengemudi,Jalan Provinsi,Baik,<40,Tikungan,Perempuan,17-25,Tidak
6/5/2022,2022,06,Medan,4918,379,20,23,Hujan,Dini Hari,Motor,Kecepatan Berlebih,Jalan Kota,Baik,40-60,Simpang T,Perempuan,<17,Tidak
8/30/2025,2025,08,Yogyakarta,4959,323,22,19,Cerah,Siang,Truk,Kecepatan Berlebih,Jalan Nasional,Rusak,>60,Lurus,Laki-laki,26-45,Ya
7/21/2023,2023,07,Jakarta Selatan,3111,492,25,48,Cerah,Malam,Truk,Kecepatan Berlebih,Jalan Kota,Berlubang,<40,Simpang T,Laki-laki,<17,Tidak
3/8/2022,2022,03,Makassar,1449,204,27,54,Hujan,Dini Hari,Truk,Kondisi Jalan,Jalan Provinsi,Rusak,<40,Lurus,Laki-laki,<17,Tidak
2/24/2025,2025,02,Makassar,3824,211,30,36,Hujan,Pagi,Bus,Kurang Jarak Aman,Jalan Kota,Baik,<40,Simpang Y,Laki-laki,>50,Tidak
8/1/2025,2025,08,Palembang,3401,283,25,16,Cerah,Siang,Truk,Kelalaian Pengemudi,Jalan Kota,Rusak,>60,Lurus,Perempuan,<17,Ya
7/21/2021,2021,07,Bandung,2651,445,30,12,Cerah,Siang,Bus,Kondisi Jalan,Jalan Provinsi,Rusak,<40,Lurus,Perempuan,<17,Tidak
8/24/2025,2025,08,Palembang,1401,169,20,24,Hujan,Dini Hari,Truk,Kondisi Jalan,Jalan Nasional,Rusak,<40,Lurus,Laki-laki,26-45,Tidak
1/21/2023,2023,01,Semarang,4147,414,26,43,Cerah,Dini Hari,Truk,Rem Blong,Jalan Provinsi,Rusak,40-60,Lurus,Laki-laki,17-25,Ya
11/11/2025,2025,11,Surabaya,2286,216,29,28,Cerah,Pagi,Motor,Kondisi Jalan,Jalan Provinsi,Baik,40-60,Tikungan,Laki-laki,>50,Ya
6/19/2025,2025,06,Medan,3044,148,21,35,Hujan,Malam,Motor,Kondisi Jalan,Jalan Provinsi,Rusak,>60,Simpang T,Laki-laki,17-25,Tidak
11/22/2023,2023,11,Jakarta Selatan,2613,492,27,18,Cerah,Pagi,Truk,Kecepatan Berlebih,Jalan Kota,Baik,40-60,Lurus,Perempuan,>50,Ya
3/19/2021,2021,03,Jakarta Selatan,4566,373,27,9,Hujan,Dini Hari,Truk,Kelalaian Pengemudi,Jalan Provinsi,Baik,<40,Tikungan,Laki-laki,<17,Ya
10/15/2025,2025,10,Makassar,3236,170,24,14,Cerah,Malam,Motor,Kecepatan Berlebih,Jalan Nasional,Rusak,<40,Simpang T,Laki-laki,<17,Ya
8/2/2025,2025,08,Palembang,2174,244,25,30,Cerah,Malam,Mobil,Kondisi Jalan,Jalan Provinsi,Baik,>60,Simpang 4,Laki-laki,17-25,Ya
11/13/2021,2021,11,Palembang,4422,487,25,32,Cerah,Siang,Mobil,Pelanggaran Lalu Lintas,Jalan Provinsi,Berlubang,<40,Tikungan,Laki-laki,<17,Ya
12/10/2023,2023,12,Bandung,1285,411,25,5,Hujan,Siang,Mobil,Kurang Jarak Aman,Jalan Kota,Berlubang,40-60,Simpang Y,Perempuan,26-45,Tidak
7/7/2022,2022,07,Bekasi,3085,482,23,19,Hujan,Siang,Mobil,Kurang Jarak Aman,Jalan Kota,Berlubang,>60,Tikungan,Perempuan,26-45,Tidak
1/2/2021,2021,01,Palembang,3711,104,20,23,Cerah,Malam,Truk,Rem Blong,Jalan Kota,Rusak,<40,Simpang 4,Perempuan,>50,Ya
9/26/2025,2025,09,Yogyakarta,4915,358,23,14,Cerah,Pagi,Motor,Kelalaian Pengemudi,Jalan Provinsi,Berlubang,40-60,Simpang T,Perempuan,<17,Ya
4/16/2025,2025,04,Medan,2060,412,29,37,Cerah,Dini Hari,Truk,Kondisi Jalan,Jalan Provinsi,Rusak,>60,Simpang 4,Laki-laki,17-25,Ya
3/31/2023,2023,03,Bandung,3821,315,30,29,Hujan,Pagi,Truk,Rem Blong,Jalan Nasional,Baik,40-60,Tikungan,Perempuan,17-25,Ya
9/20/2023,2023,09,Medan,1305,215,27,4,Hujan,Pagi,Truk,Rem Blong,Jalan Kota,Berlubang,<40,Lurus,Laki-laki,<17,Ya
5/12/2025,2025,05,Bekasi,4947,421,20,44,Hujan,Pagi,Truk,Kondisi Jalan,Jalan Provinsi,Berlubang,>60,Simpang 4,Laki-laki,26-45,Ya
6/13/2023,2023,06,Makassar,3730,161,23,3,Hujan,Malam,Mobil,Kelalaian Pengemudi,Jalan Kota,Baik,<40,Simpang Y,Laki-laki,<17,Tidak
7/23/2023,2023,07,Jakarta Timur,3278,475,25,17,Cerah,Pagi,Motor,Kelalaian Pengemudi,Jalan Provinsi,Baik,>60,Lurus,Perempuan,17-25,Ya
10/19/2024,2024,10,Bandung,3563,330,26,12,Cerah,Dini Hari,Motor,Kurang Jarak Aman,Jalan Provinsi,Berlubang,<40,Simpang 4,Laki-laki,17-25,Tidak
10/28/2022,2022,10,Palembang,4001,126,21,19,Hujan,Siang,Mobil,Kondisi Jalan,Jalan Nasional,Baik,<40,Simpang Y,Laki-laki,<17,Ya
8/17/2025,2025,08,Surabaya,4023,247,29,37,Hujan,Malam,Mobil,Rem Blong,Jalan Nasional,Rusak,40-60,Simpang T,Laki-laki,<17,Tidak
5/19/2025,2025,05,Semarang,4452,373,25,3,Hujan,Malam,Mobil,Kecepatan Berlebih,Jalan Nasional,Rusak,>60,Simpang Y,Perempuan,<17,Ya
9/26/2025,2025,09,Jakarta Timur,3338,482,22,12,Hujan,Dini Hari,Bus,Kondisi Jalan,Jalan Kota,Rusak,>60,Lurus,Perempuan,17-25,Ya
10/4/2023,2023,10,Makassar,1947,307,30,7,Hujan,Dini Hari,Motor,Pelanggaran Lalu Lintas,Jalan Kota,Baik,<40,Lurus,Laki-laki,26-45,Ya
11/1/2021,2021,11,Jakarta Timur,3123,258,27,1,Hujan,Pagi,Bus,Rem Blong,Jalan Provinsi,Baik,>60,Simpang T,Perempuan,26-45,Ya
9/19/2024,2024,09,Bekasi,2699,347,24,42,Hujan,Siang,Truk,Kondisi Jalan,Jalan Kota,Rusak,40-60,Lurus,Laki-laki,>50,Tidak
5/8/2022,2022,05,Palembang,1276,478,24,23,Cerah,Pagi,Motor,Pelanggaran Lalu Lintas,Jalan Provinsi,Rusak,>60,Simpang 4,Perempuan,>50,Tidak
12/15/2023,2023,12,Bekasi,2498,367,27,13,Cerah,Pagi,Motor,Rem Blong,Jalan Provinsi,Baik,<40,Simpang T,Laki-laki,26-45,Tidak
2/19/2025,2025,02,Semarang,4665,451,21,24,Cerah,Pagi,Bus,Kelalaian Pengemudi,Jalan Provinsi,Berlubang,<40,Simpang Y,Perempuan,26-45,Ya
8/20/2025,2025,08,Bandung,1862,337,22,3,Cerah,Siang,Mobil,Pelanggaran Lalu Lintas,Jalan Kota,Berlubang,<40,Simpang T,Laki-laki,26-45,Ya
1/20/2023,2023,01,Bandung,2020,344,23,7,Hujan,Pagi,Bus,Rem Blong,Jalan Nasional,Berlubang,>60,Tikungan,Laki-laki,17-25,Tidak
11/14/2025,2025,11,Surabaya,2515,490,30,16,Cerah,Malam,Mobil,Kelalaian Pengemudi,Jalan Nasional,Rusak,<40,Simpang 4,Perempuan,<17,Ya
4/25/2021,2021,04,Semarang,3341,118,24,34,Cerah,Siang,Motor,Rem Blong,Jalan Nasional,Baik,>60,Simpang Y,Perempuan,17-25,Ya
8/4/2024,2024,08,Bekasi,1791,230,22,4,Hujan,Dini Hari,Truk,Rem Blong,Jalan Kota,Rusak,40-60,Tikungan,Laki-laki,26-45,Tidak
2/22/2021,2021,02,Palembang,2454,454,29,17,Hujan,Siang,Truk,Kurang Jarak Aman,Jalan Kota,Baik,>60,Simpang 4,Laki-laki,17-25,Ya
5/30/2022,2022,05,Palembang,3126,395,21,12,Cerah,Pagi,Mobil,Kecepatan Berlebih,Jalan Provinsi,Berlubang,40-60,Simpang 4,Perempuan,>50,Tidak
11/19/2021,2021,11,Bandung,1360,107,22,59,Hujan,Dini Hari,Mobil,Kecepatan Berlebih,Jalan Nasional,Rusak,40-60,Tikungan,Perempuan,26-45,Tidak
7/2/2024,2024,07,Jakarta Selatan,3151,108,23,9,Cerah,Dini Hari,Motor,Pelanggaran Lalu Lintas,Jalan Kota,Berlubang,>60,Simpang Y,Laki-laki,>50,Tidak
10/9/2021,2021,10,Yogyakarta,1282,150,20,12,Cerah,Siang,Mobil,Kecepatan Berlebih,Jalan Provinsi,Baik,<40,Simpang 4,Perempuan,<17,Tidak
6/7/2023,2023,06,Medan,4066,192,22,7,Cerah,Siang,Bus,Kondisi Jalan,Jalan Kota,Rusak,>60,Simpang Y,Laki-laki,>50,Ya
3/18/2024,2024,03,Palembang,1697,251,27,27,Hujan,Pagi,Mobil,Rem Blong,Jalan Kota,Baik,<40,Simpang 4,Perempuan,26-45,Ya
7/21/2021,2021,07,Palembang,3087,234,26,8,Hujan,Malam,Truk,Kurang Jarak Aman,Jalan Nasional,Rusak,40-60,Tikungan,Perempuan,<17,Tidak
12/29/2025,2025,12,Palembang,4837,500,24,17,Cerah,Siang,Mobil,Kelalaian Pengemudi,Jalan Provinsi,Baik,<40,Lurus,Laki-laki,>50,Ya
9/13/2021,2021,09,Semarang,4651,242,27,45,Hujan,Siang,Motor,Kurang Jarak Aman,Jalan Provinsi,Baik,40-60,Simpang Y,Laki-laki,>50,Tidak
8/21/2021,2021,08,Surabaya,2741,228,22,25,Cerah,Pagi,Truk,Kurang Jarak Aman,Jalan Nasional,Berlubang,40-60,Simpang 4,Perempuan,<17,Ya
8/2/2024,2024,08,Makassar,3815,143,29,41,Hujan,Dini Hari,Truk,Pelanggaran Lalu Lintas,Jalan Provinsi,Berlubang,>60,Lurus,Perempuan,<17,Ya
2/23/2025,2025,02,Jakarta Timur,3734,415,23,23,Cerah,Malam,Truk,Kurang Jarak Aman,Jalan Kota,Berlubang,40-60,Simpang T,Laki-laki,<17,Tidak
5/21/2022,2022,05,Makassar,1251,259,21,38,Hujan,Malam,Truk,Pelanggaran Lalu Lintas,Jalan Nasional,Rusak,>60,Simpang 4,Perempuan,<17,Ya
6/7/2022,2022,06,Bandung,2797,473,26,68,Cerah,Siang,Bus,Kecepatan Berlebih,Jalan Provinsi,Berlubang,<40,Simpang Y,Laki-laki,>50,Ya
4/17/2022,2022,04,Medan,4746,132,29,27,Cerah,Pagi,Motor,Pelanggaran Lalu Lintas,Jalan Kota,Rusak,40-60,Tikungan,Laki-laki,17-25,Tidak
2/28/2022,2022,02,Yogyakarta,4757,370,23,33,Hujan,Malam,Truk,Kecepatan Berlebih,Jalan Kota,Rusak,<40,Simpang T,Perempuan,26-45,Ya
10/22/2022,2022,10,Medan,1638,451,22,2,Hujan,Siang,Bus,Kecepatan Berlebih,Jalan Provinsi,Baik,40-60,Simpang 4,Laki-laki,<17,Ya
10/30/2022,2022,10,Palembang,4672,494,27,19,Hujan,Siang,Mobil,Kondisi Jalan,Jalan Nasional,Baik,40-60,Lurus,Laki-laki,>50,Ya
12/6/2021,2021,12,Makassar,2417,275,22,4,Hujan,Siang,Mobil,Kurang Jarak Aman,Jalan Provinsi,Berlubang,40-60,Lurus,Perempuan,<17,Tidak
1/12/2021,2021,01,Surabaya,4688,193,20,8,Cerah,Dini Hari,Motor,Rem Blong,Jalan Nasional,Berlubang,<40,Tikungan,Laki-laki,>50,Tidak
1/18/2024,2024,01,Bekasi,3849,308,24,26,Hujan,Dini Hari,Truk,Rem Blong,Jalan Nasional,Rusak,<40,Tikungan,Laki-laki,26-45,Tidak
10/18/2022,2022,10,Palembang,2083,102,22,9,Cerah,Pagi,Motor,Pelanggaran Lalu Lintas,Jalan Provinsi,Rusak,<40,Tikungan,Perempuan,26-45,Ya
1/27/2022,2022,01,Medan,4187,178,21,8,Hujan,Malam,Mobil,Kondisi Jalan,Jalan Nasional,Baik,40-60,Simpang Y,Perempuan,>50,Ya
11/22/2023,2023,11,Bekasi,4052,213,24,25,Hujan,Siang,Mobil,Pelanggaran Lalu Lintas,Jalan Kota,Rusak,<40,Tikungan,Perempuan,17-25,Ya
10/16/2022,2022,10,Surabaya,3646,110,23,7,Cerah,Malam,Motor,Rem Blong,Jalan Nasional,Berlubang,40-60,Tikungan,Perempuan,26-45,Ya
5/3/2024,2024,05,Palembang,3752,273,30,12,Cerah,Siang,Truk,Kondisi Jalan,Jalan Nasional,Rusak,<40,Simpang T,Perempuan,>50,Tidak
6/26/2021,2021,06,Jakarta Selatan,4565,172,21,45,Cerah,Siang,Mobil,Kondisi Jalan,Jalan Nasional,Rusak,40-60,Simpang T,Laki-laki,17-25,Ya
2/18/2021,2021,02,Jakarta Selatan,1311,337,21,16,Cerah,Malam,Bus,Kelalaian Pengemudi,Jalan Kota,Baik,<40,Simpang T,Laki-laki,17-25,Tidak
7/8/2022,2022,07,Jakarta Timur,2517,161,29,15,Hujan,Pagi,Mobil,Kecepatan Berlebih,Jalan Nasional,Baik,>60,Tikungan,Perempuan,26-45,Tidak
12/10/2021,2021,12,Palembang,1929,227,30,27,Hujan,Siang,Mobil,Kelalaian Pengemudi,Jalan Nasional,Baik,40-60,Lurus,Perempuan,<17,Ya
2/19/2025,2025,02,Yogyakarta,2974,121,28,2,Cerah,Siang,Motor,Kondisi Jalan,Jalan Kota,Baik,40-60,Simpang Y,Perempuan,>50,Tidak
5/5/2024,2024,05,Surabaya,1564,496,22,10,Hujan,Pagi,Motor,Kurang Jarak Aman,Jalan Provinsi,Rusak,40-60,Tikungan,Perempuan,17-25,Ya
4/9/2023,2023,04,Surabaya,4994,198,22,32,Hujan,Dini Hari,Mobil,Kondisi Jalan,Jalan Nasional,Berlubang,40-60,Lurus,Perempuan,>50,Ya
10/21/2025,2025,10,Jakarta Selatan,2514,443,23,40,Cerah,Pagi,Truk,Kurang Jarak Aman,Jalan Provinsi,Berlubang,40-60,Lurus,Laki-laki,>50,Ya
6/29/2022,2022,06,Surabaya,1948,152,21,42,Cerah,Dini Hari,Truk,Kecepatan Berlebih,Jalan Provinsi,Rusak,<40,Simpang Y,Laki-laki,<17,Tidak
4/13/2022,2022,04,Bandung,3808,160,29,39,Cerah,Pagi,Truk,Rem Blong,Jalan Kota,Berlubang,>60,Simpang Y,Perempuan,<17,Tidak
9/6/2022,2022,09,Jakarta Selatan,3415,304,25,35,Cerah,Pagi,Motor,Kecepatan Berlebih,Jalan Kota,Berlubang,40-60,Simpang T,Perempuan,26-45,Ya
1/28/2022,2022,01,Bekasi,4702,292,22,17,Cerah,Dini Hari,Motor,Kondisi Jalan,Jalan Kota,Berlubang,<40,Lurus,Perempuan,26-45,Tidak
3/8/2021,2021,03,Semarang,3883,421,26,54,Hujan,Dini Hari,Mobil,Kondisi Jalan,Jalan Provinsi,Baik,<40,Tikungan,Perempuan,<17,Ya
7/2/2021,2021,07,Jakarta Selatan,4182,233,25,19,Hujan,Malam,Bus,Kelalaian Pengemudi,Jalan Nasional,Rusak,>60,Simpang T,Perempuan,<17,Ya
11/5/2024,2024,11,Jakarta Timur,4714,498,22,1,Hujan,Pagi,Bus,Kurang Jarak Aman,Jalan Nasional,Rusak,<40,Simpang T,Laki-laki,17-25,Ya
8/20/2022,2022,08,Medan,4372,312,28,30,Cerah,Malam,Motor,Kondisi Jalan,Jalan Nasional,Rusak,<40,Simpang T,Perempuan,26-45,Tidak
8/8/2023,2023,08,Surabaya,3542,270,25,30,Cerah,Malam,Motor,Kecepatan Berlebih,Jalan Provinsi,Berlubang,40-60,Tikungan,Laki-laki,<17,Ya
2/14/2023,2023,02,Bekasi,2942,480,21,14,Hujan,Siang,Bus,Kondisi Jalan,Jalan Kota,Rusak,>60,Tikungan,Laki-laki,<17,Ya
12/18/2024,2024,12,Yogyakarta,1671,105,27,6,Cerah,Dini Hari,Motor,Kurang Jarak Aman,Jalan Provinsi,Baik,40-60,Simpang 4,Laki-laki,26-45,Ya
6/4/2021,2021,06,Medan,1426,271,22,25,Cerah,Pagi,Motor,Kondisi Jalan,Jalan Kota,Berlubang,40-60,Lurus,Laki-laki,26-45,Tidak
9/16/2023,2023,09,Medan,2440,114,29,4,Hujan,Pagi,Truk,Rem Blong,Jalan Kota,Berlubang,40-60,Lurus,Perempuan,17-25,Tidak
9/12/2023,2023,09,Jakarta Selatan,1707,178,27,26,Hujan,Siang,Mobil,Kondisi Jalan,Jalan Provinsi,Berlubang,40-60,Lurus,Laki-laki,17-25,Ya
11/6/2025,2025,11,Semarang,2620,203,25,18,Cerah,Malam,Bus,Kecepatan Berlebih,Jalan Nasional,Berlubang,<40,Simpang T,Laki-laki,17-25,Tidak
6/20/2022,2022,06,Palembang,1793,403,25,9,Cerah,Siang,Bus,Kondisi Jalan,Jalan Nasional,Baik,<40,Lurus,Perempuan,17-25,Tidak
6/13/2024,2024,06,Semarang,4618,211,25,52,Hujan,Dini Hari,Mobil,Rem Blong,Jalan Kota,Baik,40-60,Simpang Y,Laki-laki,26-45,Tidak
10/4/2024,2024,10,Surabaya,3691,191,29,13,Hujan,Malam,Mobil,Kelalaian Pengemudi,Jalan Provinsi,Rusak,<40,Tikungan,Laki-laki,17-25,Tidak
6/11/2022,2022,06,Jakarta Timur,1950,327,20,56,Hujan,Siang,Motor,Pelanggaran Lalu Lintas,Jalan Nasional,Berlubang,40-60,Lurus,Perempuan,26-45,Tidak
1/23/2022,2022,01,Makassar,3174,102,30,20,Hujan,Pagi,Truk,Kondisi Jalan,Jalan Nasional,Berlubang,<40,Tikungan,Perempuan,>50,Tidak
3/7/2024,2024,03,Jakarta Timur,3771,348,28,12,Cerah,Siang,Bus,Rem Blong,Jalan Kota,Baik,40-60,Simpang 4,Laki-laki,<17,Ya
2/13/2025,2025,02,Medan,1013,362,22,23,Cerah,Malam,Bus,Pelanggaran Lalu Lintas,Jalan Nasional,Rusak,<40,Simpang Y,Perempuan,17-25,Tidak
7/21/2024,2024,07,Palembang,3623,417,24,53,Cerah,Siang,Truk,Kurang Jarak Aman,Jalan Nasional,Berlubang,40-60,Simpang T,Laki-laki,26-45,Ya
8/8/2021,2021,08,Yogyakarta,4611,287,24,10,Cerah,Siang,Truk,Kecepatan Berlebih,Jalan Provinsi,Berlubang,40-60,Tikungan,Perempuan,<17,Tidak
4/2/2023,2023,04,Semarang,4837,279,20,5,Hujan,Siang,Bus,Pelanggaran Lalu Lintas,Jalan Nasional,Baik,40-60,Simpang 4,Laki-laki,>50,Ya
6/3/2021,2021,06,Jakarta Timur,4394,109,21,17,Cerah,Dini Hari,Bus,Kondisi Jalan,Jalan Provinsi,Baik,>60,Simpang T,Perempuan,26-45,Ya
11/7/2025,2025,11,Semarang,1628,443,25,40,Cerah,Dini Hari,Motor,Kecepatan Berlebih,Jalan Kota,Rusak,<40,Tikungan,Perempuan,26-45,Tidak
9/20/2025,2025,09,Surabaya,1728,358,26,15,Hujan,Dini Hari,Truk,Pelanggaran Lalu Lintas,Jalan Kota,Berlubang,<40,Simpang Y,Laki-laki,26-45,Ya
2/29/2024,2024,02,Palembang,4956,441,28,32,Cerah,Dini Hari,Mobil,Rem Blong,Jalan Provinsi,Berlubang,<40,Lurus,Perempuan,26-45,Tidak
2/25/2022,2022,02,Medan,1285,232,24,35,Cerah,Pagi,Motor,Pelanggaran Lalu Lintas,Jalan Nasional,Rusak,<40,Tikungan,Laki-laki,17-25,Tidak
1/8/2025,2025,01,Jakarta Timur,3207,106,23,7,Hujan,Siang,Mobil,Kecepatan Berlebih,Jalan Kota,Berlubang,<40,Simpang 4,Perempuan,>50,Tidak
2/27/2023,2023,02,Semarang,1229,189,20,5,Cerah,Pagi,Bus,Kurang Jarak Aman,Jalan Nasional,Rusak,40-60,Simpang T,Laki-laki,17-25,Ya
12/11/2025,2025,12,Jakarta Selatan,4557,283,21,57,Hujan,Malam,Truk,Kondisi Jalan,Jalan Kota,Rusak,>60,Lurus,Laki-laki,<17,Ya
8/26/2025,2025,08,Palembang,4746,185,30,6,Cerah,Pagi,Motor,Kurang Jarak Aman,Jalan Nasional,Baik,>60,Simpang Y,Perempuan,17-25,Ya
4/24/2021,2021,04,Bekasi,1212,258,24,9,Cerah,Dini Hari,Motor,Pelanggaran Lalu Lintas,Jalan Kota,Baik,<40,Tikungan,Perempuan,17-25,Tidak
11/21/2024,2024,11,Yogyakarta,2564,203,30,26,Cerah,Dini Hari,Motor,Kurang Jarak Aman,Jalan Nasional,Berlubang,<40,Simpang T,Perempuan,26-45,Ya
6/7/2022,2022,06,Palembang,1272,274,24,16,Cerah,Siang,Truk,Kecepatan Berlebih,Jalan Provinsi,Baik,40-60,Simpang 4,Laki-laki,<17,Ya
9/1/2022,2022,09,Yogyakarta,2506,406,24,3,Cerah,Pagi,Motor,Rem Blong,Jalan Kota,Baik,<40,Simpang Y,Laki-laki,17-25,Tidak
4/23/2024,2024,04,Yogyakarta,3516,310,28,14,Cerah,Siang,Truk,Rem Blong,Jalan Kota,Baik,<40,Simpang Y,Laki-laki,>50,Tidak
8/8/2023,2023,08,Jakarta Selatan,2133,346,22,45,Hujan,Dini Hari,Motor,Pelanggaran Lalu Lintas,Jalan Kota,Berlubang,>60,Simpang Y,Laki-laki,26-45,Tidak
6/23/2022,2022,06,Jakarta Timur,1378,321,20,37,Cerah,Siang,Mobil,Rem Blong,Jalan Kota,Berlubang,<40,Simpang T,Perempuan,<17,Tidak
3/10/2022,2022,03,Makassar,4452,145,28,11,Hujan,Dini Hari,Bus,Pelanggaran Lalu Lintas,Jalan Nasional,Berlubang,>60,Simpang T,Perempuan,<17,Ya
12/3/2023,2023,12,Jakarta Selatan,1023,432,24,41,Hujan,Dini Hari,Truk,Pelanggaran Lalu Lintas,Jalan Nasional,Rusak,<40,Tikungan,Laki-laki,17-25,Tidak
7/10/2025,2025,07,Bekasi,4727,285,20,26,Hujan,Malam,Motor,Pelanggaran Lalu Lintas,Jalan Provinsi,Rusak,>60,Simpang Y,Perempuan,>50,Ya
1/25/2021,2021,01,Makassar,2329,124,29,9,Cerah,Dini Hari,Truk,Kelalaian Pengemudi,Jalan Nasional,Baik,>60,Lurus,Perempuan,26-45,Ya
3/30/2022,2022,03,Surabaya,3186,335,21,8,Cerah,Siang,Bus,Kelalaian Pengemudi,Jalan Provinsi,Rusak,40-60,Lurus,Laki-laki,<17,Tidak
2/16/2022,2022,02,Makassar,2856,163,28,9,Cerah,Dini Hari,Bus,Rem Blong,Jalan Provinsi,Baik,<40,Lurus,Laki-laki,17-25,Ya
4/6/2023,2023,04,Jakarta Timur,3194,422,25,35,Cerah,Dini Hari,Bus,Kecepatan Berlebih,Jalan Nasional,Berlubang,<40,Simpang 4,Laki-laki,<17,Ya
11/5/2023,2023,11,Medan,3004,436,25,6,Cerah,Malam,Bus,Kondisi Jalan,Jalan Nasional,Berlubang,40-60,Simpang T,Laki-laki,<17,Tidak
5/10/2024,2024,05,Semarang,1327,126,26,22,Hujan,Dini Hari,Truk,Kelalaian Pengemudi,Jalan Nasional,Baik,40-60,Simpang T,Laki-laki,>50,Tidak
4/1/2024,2024,04,Jakarta Selatan,3427,177,23,2,Hujan,Dini Hari,Mobil,Kelalaian Pengemudi,Jalan Provinsi,Rusak,>60,Tikungan,Laki-laki,17-25,Ya
1/19/2021,2021,01,Makassar,3742,349,28,9,Cerah,Dini Hari,Truk,Kelalaian Pengemudi,Jalan Nasional,Baik,<40,Tikungan,Perempuan,17-25,Tidak
10/4/2023,2023,10,Bandung,2201,250,26,53,Cerah,Dini Hari,Mobil,Kondisi Jalan,Jalan Provinsi,Baik,40-60,Simpang Y,Laki-laki,<17,Tidak
10/19/2022,2022,10,Medan,4137,118,25,5,Cerah,Malam,Truk,Pelanggaran Lalu Lintas,Jalan Nasional,Rusak,40-60,Tikungan,Perempuan,17-25,Ya
9/25/2025,2025,09,Bandung,2628,454,28,44,Cerah,Dini Hari,Mobil,Kurang Jarak Aman,Jalan Provinsi,Baik,40-60,Tikungan,Laki-laki,<17,Ya
4/22/2022,2022,04,Jakarta Selatan,2755,180,26,9,Hujan,Pagi,Mobil,Kurang Jarak Aman,Jalan Provinsi,Baik,<40,Tikungan,Perempuan,17-25,Tidak
6/25/2021,2021,06,Semarang,3956,107,24,38,Cerah,Dini Hari,Motor,Kecepatan Berlebih,Jalan Provinsi,Baik,40-60,Lurus,Laki-laki,17-25,Tidak
4/12/2025,2025,04,Surabaya,2687,164,26,5,Cerah,Siang,Truk,Rem Blong,Jalan Nasional,Baik,40-60,Tikungan,Laki-laki,<17,Tidak
10/26/2023,2023,10,Makassar,4889,367,21,23,Hujan,Pagi,Truk,Pelanggaran Lalu Lintas,Jalan Kota,Berlubang,40-60,Simpang Y,Laki-laki,<17,Ya
1/21/2024,2024,01,Yogyakarta,3758,408,21,18,Cerah,Malam,Motor,Rem Blong,Jalan Kota,Berlubang,>60,Simpang T,Perempuan,>50,Tidak
1/13/2024,2024,01,Yogyakarta,2221,166,24,3,Cerah,Siang,Bus,Kondisi Jalan,Jalan Kota,Berlubang,>60,Lurus,Perempuan,26-45,Ya
10/1/2024,2024,10,Semarang,3555,474,26,33,Hujan,Malam,Bus,Kondisi Jalan,Jalan Nasional,Rusak,40-60,Lurus,Perempuan,26-45,Ya
9/15/2023,2023,09,Medan,1387,115,23,8,Cerah,Siang,Motor,Rem Blong,Jalan Provinsi,Rusak,<40,Lurus,Laki-laki,<17,Tidak
6/20/2021,2021,06,Palembang,1650,130,23,66,Hujan,Malam,Bus,Rem Blong,Jalan Nasional,Rusak,<40,Simpang 4,Perempuan,>50,Ya
10/31/2025,2025,10,Jakarta Timur,1796,490,24,27,Cerah,Dini Hari,Motor,Kondisi Jalan,Jalan Kota,Berlubang,40-60,Simpang Y,Laki-laki,<17,Ya
4/16/2025,2025,04,Surabaya,3220,184,21,38,Hujan,Malam,Truk,Rem Blong,Jalan Kota,Rusak,<40,Simpang Y,Perempuan,<17,Ya
12/5/2024,2024,12,Makassar,4261,383,23,20,Hujan,Siang,Mobil,Kelalaian Pengemudi,Jalan Nasional,Berlubang,40-60,Lurus,Perempuan,<17,Tidak
10/28/2025,2025,10,Jakarta Selatan,2293,438,27,26,Cerah,Dini Hari,Motor,Kondisi Jalan,Jalan Provinsi,Rusak,<40,Simpang 4,Laki-laki,<17,Tidak
8/11/2025,2025,08,Palembang,3448,466,30,14,Hujan,Siang,Bus,Kelalaian Pengemudi,Jalan Kota,Berlubang,>60,Simpang T,Laki-laki,26-45,Ya
12/11/2022,2022,12,Surabaya,3841,321,29,41,Hujan,Malam,Truk,Kelalaian Pengemudi,Jalan Kota,Rusak,<40,Simpang T,Laki-laki,>50,Ya
4/2/2024,2024,04,Bandung,1359,358,21,6,Hujan,Malam,Mobil,Rem Blong,Jalan Kota,Rusak,40-60,Simpang 4,Laki-laki,<17,Ya
9/14/2022,2022,09,Jakarta Timur,3515,270,28,7,Hujan,Pagi,Bus,Kurang Jarak Aman,Jalan Nasional,Baik,40-60,Simpang Y,Perempuan,17-25,Ya
10/12/2025,2025,10,Semarang,1551,386,20,34,Cerah,Malam,Truk,Rem Blong,Jalan Provinsi,Baik,40-60,Tikungan,Laki-laki,26-45,Tidak
12/29/2022,2022,12,Makassar,2651,120,22,12,Hujan,Dini Hari,Mobil,Kelalaian Pengemudi,Jalan Nasional,Berlubang,40-60,Simpang Y,Laki-laki,<17,Ya
11/2/2025,2025,11,Jakarta Timur,3813,404,21,6,Hujan,Dini Hari,Bus,Kelalaian Pengemudi,Jalan Provinsi,Baik,40-60,Tikungan,Perempuan,17-25,Tidak
5/2/2025,2025,05,Bekasi,2954,176,25,44,Hujan,Pagi,Truk,Kondisi Jalan,Jalan Provinsi,Berlubang,<40,Simpang 4,Perempuan,26-45,Tidak
11/25/2024,2024,11,Bekasi,4671,142,22,18,Cerah,Malam,Truk,Rem Blong,Jalan Kota,Baik,40-60,Simpang 4,Perempuan,<17,Tidak
9/19/2021,2021,09,Jakarta Timur,4746,134,22,19,Cerah,Dini Hari,Mobil,Pelanggaran Lalu Lintas,Jalan Provinsi,Rusak,>60,Simpang T,Laki-laki,>50,Tidak
4/7/2023,2023,04,Makassar,1332,427,30,58,Hujan,Malam,Truk,Kecepatan Berlebih,Jalan Kota,Baik,>60,Lurus,Perempuan,17-25,Tidak
3/30/2021,2021,03,Palembang,3692,119,29,14,Cerah,Siang,Bus,Rem Blong,Jalan Nasional,Rusak,40-60,Tikungan,Perempuan,17-25,Ya
4/27/2021,2021,04,Jakarta Timur,2653,209,25,2,Hujan,Malam,Bus,Pelanggaran Lalu Lintas,Jalan Nasional,Baik,40-60,Simpang 4,Laki-laki,>50,Tidak
11/27/2024,2024,11,Jakarta Selatan,3215,416,29,46,Cerah,Dini Hari,Motor,Kurang Jarak Aman,Jalan Nasional,Baik,<40,Simpang Y,Laki-laki,>50,Ya
5/6/2022,2022,05,Bekasi,3523,264,30,29,Cerah,Dini Hari,Bus,Kurang Jarak Aman,Jalan Provinsi,Rusak,>60,Simpang T,Laki-laki,<17,Tidak
4/12/2025,2025,04,Jakarta Selatan,2168,439,22,57,Hujan,Siang,Mobil,Kelalaian Pengemudi,Jalan Nasional,Baik,40-60,Simpang 4,Perempuan,>50,Tidak
3/25/2022,2022,03,Palembang,1957,437,26,14,Cerah,Siang,Bus,Kondisi Jalan,Jalan Provinsi,Baik,>60,Simpang T,Laki-laki,>50,Tidak
6/16/2022,2022,06,Jakarta Selatan,4140,484,25,58,Cerah,Pagi,Motor,Kurang Jarak Aman,Jalan Nasional,Berlubang,40-60,Tikungan,Perempuan,<17,Ya
1/24/2024,2024,01,Semarang,4797,208,28,38,Cerah,Malam,Truk,Kecepatan Berlebih,Jalan Kota,Berlubang,40-60,Simpang T,Perempuan,17-25,Ya
2/25/2024,2024,02,Yogyakarta,1374,311,24,15,Hujan,Dini Hari,Truk,Kurang Jarak Aman,Jalan Kota,Rusak,40-60,Tikungan,Perempuan,26-45,Tidak
6/18/2021,2021,06,Palembang,4661,213,22,16,Cerah,Siang,Truk,Pelanggaran Lalu Lintas,Jalan Provinsi,Rusak,<40,Tikungan,Laki-laki,<17,Ya
2/13/2022,2022,02,Makassar,3287,358,23,23,Hujan,Pagi,Truk,Pelanggaran Lalu Lintas,Jalan Kota,Rusak,40-60,Lurus,Perempuan,17-25,Tidak
5/28/2024,2024,05,Bekasi,1472,191,30,17,Hujan,Dini Hari,Motor,Kelalaian Pengemudi,Jalan Nasional,Rusak,<40,Simpang Y,Laki-laki,26-45,Ya
10/29/2025,2025,10,Yogyakarta,3547,111,30,4,Cerah,Pagi,Motor,Kondisi Jalan,Jalan Kota,Rusak,>60,Simpang Y,Laki-laki,26-45,Ya
3/8/2021,2021,03,Semarang,4954,343,22,20,Hujan,Siang,Mobil,Pelanggaran Lalu Lintas,Jalan Nasional,Berlubang,40-60,Simpang 4,Perempuan,>50,Tidak
5/15/2022,2022,05,Surabaya,4634,323,27,15,Cerah,Malam,Bus,Pelanggaran Lalu Lintas,Jalan Kota,Berlubang,>60,Simpang T,Perempuan,>50,Ya
5/14/2023,2023,05,Palembang,2533,365,23,34,Cerah,Malam,Motor,Pelanggaran Lalu Lintas,Jalan Provinsi,Rusak,40-60,Simpang Y,Laki-laki,17-25,Ya
12/16/2022,2022,12,Palembang,2053,296,20,25,Cerah,Siang,Truk,Pelanggaran Lalu Lintas,Jalan Nasional,Rusak,>60,Simpang 4,Laki-laki,>50,Tidak
3/2/2025,2025,03,Bekasi,3912,334,26,5,Cerah,Malam,Bus,Kondisi Jalan,Jalan Nasional,Baik,<40,Lurus,Perempuan,26-45,Ya
2/13/2021,2021,02,Bekasi,4643,176,20,11,Hujan,Malam,Motor,Kondisi Jalan,Jalan Provinsi,Baik,<40,Simpang T,Perempuan,>50,Ya
10/29/2021,2021,10,Bandung,1910,124,25,1,Hujan,Siang,Bus,Pelanggaran Lalu Lintas,Jalan Provinsi,Berlubang,40-60,Simpang Y,Laki-laki,<17,Tidak
12/23/2023,2023,12,Jakarta Selatan,2110,203,24,41,Hujan,Dini Hari,Truk,Pelanggaran Lalu Lintas,Jalan Nasional,Rusak,<40,Lurus,Perempuan,>50,Tidak
5/11/2025,2025,05,Surabaya,1181,216,24,11,Hujan,Siang,Motor,Kondisi Jalan,Jalan Nasional,Berlubang,<40,Simpang Y,Laki-laki,26-45,Tidak
3/25/2025,2025,03,Semarang,4950,196,27,30,Hujan,Malam,Mobil,Kecepatan Berlebih,Jalan Kota,Baik,40-60,Tikungan,Perempuan,>50,Ya
12/14/2023,2023,12,Surabaya,4089,431,24,28,Hujan,Pagi,Mobil,Kelalaian Pengemudi,Jalan Nasional,Berlubang,>60,Simpang Y,Laki-laki,>50,Ya
2/1/2022,2022,02,Surabaya,2275,343,25,40,Hujan,Dini Hari,Mobil,Rem Blong,Jalan Provinsi,Berlubang,40-60,Simpang Y,Perempuan,17-25,Tidak
9/6/2025,2025,09,Jakarta Selatan,3132,437,28,0,Cerah,Siang,Motor,Kecepatan Berlebih,Jalan Kota,Berlubang,<40,Tikungan,Perempuan,17-25,Ya
2/2/2023,2023,02,Palembang,3146,249,22,68,Cerah,Pagi,Mobil,Kondisi Jalan,Jalan Nasional,Berlubang,>60,Lurus,Laki-laki,<17,Tidak
1/23/2022,2022,01,Medan,3428,184,23,18,Hujan,Siang,Mobil,Rem Blong,Jalan Nasional,Berlubang,40-60,Simpang Y,Laki-laki,17-25,Ya
9/18/2021,2021,09,Surabaya,1305,245,24,10,Hujan,Dini Hari,Mobil,Kondisi Jalan,Jalan Provinsi,Baik,>60,Simpang T,Laki-laki,>50,Tidak
11/5/2025,2025,11,Jakarta Timur,3716,159,26,18,Hujan,Siang,Mobil,Kurang Jarak Aman,Jalan Kota,Berlubang,>60,Lurus,Laki-laki,>50,Ya
8/25/2021,2021,08,Jakarta Selatan,4938,308,30,7,Cerah,Pagi,Motor,Pelanggaran Lalu Lintas,Jalan Kota,Baik,40-60,Tikungan,Laki-laki,>50,Tidak
5/15/2023,2023,05,Semarang,4511,470,28,29,Cerah,Malam,Mobil,Kecepatan Berlebih,Jalan Provinsi,Baik,>60,Tikungan,Laki-laki,>50,Tidak
7/14/2024,2024,07,Surabaya,4633,450,30,8,Hujan,Siang,Bus,Kecepatan Berlebih,Jalan Nasional,Berlubang,>60,Simpang T,Perempuan,<17,Tidak
3/23/2022,2022,03,Surabaya,4848,256,20,44,Hujan,Pagi,Motor,Kondisi Jalan,Jalan Nasional,Rusak,40-60,Tikungan,Laki-laki,>50,Tidak
5/9/2022,2022,05,Medan,4079,481,27,22,Hujan,Pagi,Motor,Kurang Jarak Aman,Jalan Provinsi,Rusak,<40,Lurus,Perempuan,17-25,Ya
12/19/2022,2022,12,Bekasi,4062,186,26,8,Hujan,Malam,Truk,Rem Blong,Jalan Nasional,Baik,>60,Simpang 4,Perempuan,>50,Tidak
9/26/2023,2023,09,Jakarta Selatan,2940,425,22,16,Cerah,Dini Hari,Motor,Rem Blong,Jalan Nasional,Rusak,>60,Tikungan,Perempuan,26-45,Tidak
5/16/2022,2022,05,Bandung,1190,301,29,11,Cerah,Siang,Motor,Kecepatan Berlebih,Jalan Nasional,Berlubang,40-60,Simpang Y,Laki-laki,>50,Ya
8/28/2022,2022,08,Semarang,4168,476,23,60,Cerah,Siang,Truk,Rem Blong,Jalan Provinsi,Berlubang,>60,Simpang 4,Laki-laki,17-25,Tidak
7/18/2025,2025,07,Yogyakarta,2687,331,26,68,Cerah,Pagi,Mobil,Kecepatan Berlebih,Jalan Nasional,Rusak,40-60,Simpang T,Perempuan,>50,Tidak
11/11/2023,2023,11,Semarang,1873,150,26,33,Cerah,Siang,Truk,Kelalaian Pengemudi,Jalan Kota,Baik,>60,Simpang T,Perempuan,>50,Tidak
4/25/2023,2023,04,Makassar,4984,185,25,58,Hujan,Malam,Truk,Kecepatan Berlebih,Jalan Kota,Baik,>60,Simpang 4,Perempuan,<17,Tidak
6/1/2025,2025,06,Jakarta Selatan,4775,285,27,42,Cerah,Pagi,Truk,Pelanggaran Lalu Lintas,Jalan Nasional,Berlubang,40-60,Simpang Y,Laki-laki,26-45,Tidak
2/5/2023,2023,02,Surabaya,4790,494,30,10,Cerah,Pagi,Bus,Kondisi Jalan,Jalan Nasional,Berlubang,40-60,Simpang T,Perempuan,26-45,Tidak
12/23/2022,2022,12,Medan,2766,374,25,52,Cerah,Malam,Truk,Kondisi Jalan,Jalan Provinsi,Baik,<40,Tikungan,Laki-laki,>50,Ya
11/9/2021,2021,11,Yogyakarta,4381,209,22,44,Hujan,Pagi,Mobil,Kurang Jarak Aman,Jalan Kota,Rusak,>60,Simpang T,Laki-laki,26-45,Ya
3/20/2025,2025,03,Yogyakarta,4547,125,28,0,Cerah,Siang,Truk,Kecepatan Berlebih,Jalan Kota,Baik,>60,Simpang 4,Perempuan,>50,Ya
11/24/2025,2025,11,Palembang,1535,487,29,31,Cerah,Pagi,Truk,Pelanggaran Lalu Lintas,Jalan Provinsi,Rusak,40-60,Lurus,Laki-laki,<17,Ya
1/1/2025,2025,01,Makassar,4714,382,23,39,Hujan,Malam,Mobil,Kecepatan Berlebih,Jalan Nasional,Baik,>60,Simpang 4,Laki-laki,>50,Ya
3/23/2024,2024,03,Semarang,2898,113,21,6,Hujan,Siang,Bus,Kecepatan Berlebih,Jalan Kota,Berlubang,40-60,Simpang T,Perempuan,<17,Tidak
3/24/2021,2021,03,Jakarta Timur,2342,442,21,15,Hujan,Dini Hari,Truk,Kecepatan Berlebih,Jalan Provinsi,Berlubang,<40,Simpang Y,Laki-laki,>50,Tidak
2/12/2022,2022,02,Bandung,4010,337,27,37,Cerah,Siang,Truk,Rem Blong,Jalan Kota,Baik,<40,Tikungan,Laki-laki,>50,Ya
3/25/2025,2025,03,Medan,2018,286,28,28,Cerah,Pagi,Motor,Kecepatan Berlebih,Jalan Provinsi,Baik,<40,Tikungan,Perempuan,>50,Tidak
11/3/2025,2025,11,Jakarta Selatan,3300,360,29,9,Hujan,Malam,Motor,Kurang Jarak Aman,Jalan Nasional,Baik,>60,Simpang T,Perempuan,<17,Ya
12/1/2025,2025,12,Medan,3442,306,20,2,Cerah,Pagi,Bus,Kelalaian Pengemudi,Jalan Provinsi,Rusak,<40,Simpang 4,Perempuan,17-25,Tidak
12/7/2024,2024,12,Jakarta Selatan,3269,188,30,11,Hujan,Dini Hari,Mobil,Rem Blong,Jalan Provinsi,Berlubang,40-60,Simpang 4,Perempuan,26-45,Tidak
10/8/2021,2021,10,Bekasi,4351,226,28,42,Cerah,Siang,Bus,Kondisi Jalan,Jalan Provinsi,Berlubang,40-60,Simpang 4,Perempuan,<17,Ya
12/1/2024,2024,12,Semarang,4587,468,29,8,Hujan,Malam,Mobil,Kecepatan Berlebih,Jalan Provinsi,Rusak,<40,Simpang 4,Perempuan,>50,Ya
5/5/2021,2021,05,Jakarta Timur,1070,239,23,58,Cerah,Malam,Bus,Pelanggaran Lalu Lintas,Jalan Kota,Berlubang,<40,Lurus,Perempuan,17-25,Ya
12/13/2022,2022,12,Medan,1358,458,28,21,Cerah,Pagi,Mobil,Kecepatan Berlebih,Jalan Provinsi,Rusak,>60,Simpang T,Laki-laki,<17,Tidak
12/7/2025,2025,12,Yogyakarta,2265,348,29,4,Cerah,Malam,Motor,Kurang Jarak Aman,Jalan Nasional,Rusak,40-60,Simpang 4,Perempuan,>50,Ya
9/11/2023,2023,09,Semarang,2538,158,24,12,Hujan,Dini Hari,Bus,Kelalaian Pengemudi,Jalan Nasional,Rusak,<40,Simpang T,Laki-laki,26-45,Ya
12/23/2022,2022,12,Yogyakarta,3695,101,25,48,Hujan,Pagi,Mobil,Kelalaian Pengemudi,Jalan Provinsi,Baik,<40,Simpang Y,Laki-laki,17-25,Ya
11/8/2024,2024,11,Surabaya,3526,131,21,16,Cerah,Dini Hari,Motor,Kelalaian Pengemudi,Jalan Kota,Berlubang,40-60,Tikungan,Perempuan,26-45,Ya
2/17/2024,2024,02,Semarang,1744,230,24,28,Cerah,Pagi,Motor,Kondisi Jalan,Jalan Kota,Berlubang,40-60,Simpang 4,Perempuan,26-45,Tidak
2/22/2025,2025,02,Yogyakarta,1393,483,29,2,Cerah,Siang,Motor,Kondisi Jalan,Jalan Kota,Baik,>60,Tikungan,Perempuan,>50,Tidak
8/24/2021,2021,08,Makassar,4044,168,30,7,Hujan,Pagi,Mobil,Kecepatan Berlebih,Jalan Kota,Baik,<40,Simpang Y,Laki-laki,>50,Tidak
3/21/2024,2024,03,Jakarta Selatan,3010,193,25,12,Cerah,Malam,Motor,Rem Blong,Jalan Provinsi,Baik,>60,Simpang 4,Laki-laki,26-45,Tidak
11/11/2025,2025,11,Jakarta Selatan,4718,323,22,33,Hujan,Dini Hari,Mobil,Kurang Jarak Aman,Jalan Provinsi,Rusak,40-60,Simpang Y,Perempuan,<17,Tidak
1/1/2025,2025,01,Surabaya,3563,484,27,7,Hujan,Malam,Truk,Kecepatan Berlebih,Jalan Nasional,Baik,>60,Simpang Y,Perempuan,17-25,Ya
3/27/2022,2022,03,Surabaya,3806,342,30,44,Hujan,Pagi,Motor,Kondisi Jalan,Jalan Nasional,Rusak,40-60,Lurus,Laki-laki,<17,Tidak
2/6/2021,2021,02,Bandung,4717,180,20,33,Hujan,Pagi,Mobil,Pelanggaran Lalu Lintas,Jalan Nasional,Baik,>60,Simpang T,Laki-laki,>50,Ya
5/3/2025,2025,05,Medan,3957,400,22,48,Hujan,Malam,Bus,Kelalaian Pengemudi,Jalan Nasional,Berlubang,<40,Simpang T,Laki-laki,>50,Tidak
11/13/2025,2025,11,Yogyakarta,3972,430,30,42,Cerah,Pagi,Motor,Pelanggaran Lalu Lintas,Jalan Provinsi,Berlubang,40-60,Lurus,Laki-laki,>50,Tidak
4/16/2024,2024,04,Makassar,3504,312,23,6,Cerah,Siang,Truk,Kelalaian Pengemudi,Jalan Provinsi,Berlubang,<40,Simpang T,Perempuan,26-45,Ya
3/21/2024,2024,03,Bandung,4251,305,23,42,Cerah,Siang,Mobil,Kelalaian Pengemudi,Jalan Kota,Berlubang,<40,Tikungan,Perempuan,<17,Tidak
2/2/2023,2023,02,Bandung,1107,223,24,8,Cerah,Dini Hari,Mobil,Kurang Jarak Aman,Jalan Provinsi,Rusak,>60,Lurus,Perempuan,17-25,Ya
1/26/2021,2021,01,Medan,1665,488,24,11,Hujan,Dini Hari,Truk,Pelanggaran Lalu Lintas,Jalan Kota,Rusak,40-60,Simpang Y,Perempuan,17-25,Tidak
7/28/2025,2025,07,Semarang,2714,189,23,50,Hujan,Siang,Bus,Kecepatan Berlebih,Jalan Nasional,Baik,40-60,Lurus,Laki-laki,>50,Ya
3/19/2024,2024,03,Jakarta Timur,2062,159,20,1,Hujan,Pagi,Bus,Rem Blong,Jalan Provinsi,Baik,<40,Tikungan,Perempuan,17-25,Tidak
9/22/2025,2025,09,Surabaya,3418,401,20,30,Cerah,Siang,Truk,Kurang Jarak Aman,Jalan Nasional,Baik,>60,Lurus,Perempuan,<17,Ya
8/7/2023,2023,08,Jakarta Selatan,1095,208,24,50,Cerah,Dini Hari,Motor,Kurang Jarak Aman,Jalan Kota,Rusak,>60,Lurus,Perempuan,17-25,Ya
11/21/2025,2025,11,Medan,1012,394,24,25,Hujan,Pagi,Truk,Kurang Jarak Aman,Jalan Provinsi,Baik,40-60,Simpang T,Perempuan,17-25,Ya
8/15/2025,2025,08,Medan,1440,186,26,17,Cerah,Siang,Bus,Kelalaian Pengemudi,Jalan Provinsi,Rusak,>60,Lurus,Perempuan,17-25,Tidak
2/13/2023,2023,02,Yogyakarta,4779,202,22,6,Hujan,Dini Hari,Motor,Kurang Jarak Aman,Jalan Kota,Baik,40-60,Simpang 4,Laki-laki,<17,Tidak
11/23/2021,2021,11,Surabaya,1154,312,30,28,Cerah,Malam,Bus,Kecepatan Berlebih,Jalan Nasional,Baik,40-60,Simpang T,Perempuan,26-45,Ya
6/1/2023,2023,06,Yogyakarta,4761,332,29,25,Hujan,Pagi,Bus,Kurang Jarak Aman,Jalan Provinsi,Baik,<40,Simpang Y,Laki-laki,26-45,Ya
7/7/2021,2021,07,Jakarta Selatan,1429,436,24,19,Hujan,Malam,Bus,Kelalaian Pengemudi,Jalan Nasional,Rusak,<40,Simpang Y,Laki-laki,17-25,Ya
3/20/2024,2024,03,Jakarta Selatan,2536,244,25,47,Cerah,Malam,Truk,Pelanggaran Lalu Lintas,Jalan Kota,Baik,<40,Lurus,Perempuan,<17,Tidak
12/18/2021,2021,12,Semarang,3254,132,25,32,Cerah,Siang,Mobil,Pelanggaran Lalu Lintas,Jalan Nasional,Baik,40-60,Lurus,Laki-laki,>50,Tidak
2/4/2022,2022,02,Jakarta Timur,3464,423,23,62,Hujan,Dini Hari,Motor,Pelanggaran Lalu Lintas,Jalan Nasional,Berlubang,<40,Simpang Y,Laki-laki,17-25,Tidak
3/1/2021,2021,03,Palembang,1351,372,21,18,Cerah,Pagi,Motor,Kecepatan Berlebih,Jalan Kota,Berlubang,<40,Simpang T,Perempuan,<17,Tidak
11/11/2021,2021,11,Makassar,1441,172,29,3,Cerah,Siang,Mobil,Kelalaian Pengemudi,Jalan Nasional,Baik,<40,Tikungan,Perempuan,>50,Ya
7/29/2024,2024,07,Semarang,4245,436,20,28,Cerah,Siang,Bus,Kelalaian Pengemudi,Jalan Provinsi,Baik,40-60,Lurus,Perempuan,>50,Tidak
9/5/2023,2023,09,Bekasi,1700,146,21,23,Cerah,Pagi,Motor,Kelalaian Pengemudi,Jalan Kota,Berlubang,>60,Simpang T,Perempuan,17-25,Ya
2/6/2024,2024,02,Bekasi,1455,316,21,22,Hujan,Malam,Truk,Pelanggaran Lalu Lintas,Jalan Nasional,Baik,<40,Tikungan,Perempuan,26-45,Tidak
5/29/2025,2025,05,Surabaya,1453,300,24,10,Cerah,Dini Hari,Bus,Kurang Jarak Aman,Jalan Provinsi,Baik,<40,Simpang Y,Perempuan,17-25,Tidak
9/12/2021,2021,09,Bandung,2897,439,30,23,Hujan,Pagi,Motor,Kurang Jarak Aman,Jalan Nasional,Rusak,<40,Simpang T,Laki-laki,26-45,Tidak
7/24/2025,2025,07,Jakarta Selatan,1511,413,26,22,Hujan,Malam,Bus,Kecepatan Berlebih,Jalan Nasional,Baik,>60,Tikungan,Laki-laki,17-25,Tidak
8/18/2023,2023,08,Jakarta Timur,2672,391,25,7,Hujan,Siang,Bus,Kelalaian Pengemudi,Jalan Kota,Rusak,40-60,Simpang Y,Laki-laki,26-45,Tidak
7/24/2025,2025,07,Bekasi,4617,467,29,20,Hujan,Dini Hari,Bus,Pelanggaran Lalu Lintas,Jalan Provinsi,Berlubang,<40,Simpang 4,Laki-laki,17-25,Ya
8/3/2025,2025,08,Surabaya,1032,490,23,33,Hujan,Malam,Truk,Kondisi Jalan,Jalan Provinsi,Baik,40-60,Simpang 4,Laki-laki,17-25,Tidak
1/18/2022,2022,01,Semarang,4021,484,23,0,Cerah,Pagi,Bus,Kecepatan Berlebih,Jalan Nasional,Berlubang,>60,Simpang 4,Laki-laki,26-45,Tidak
1/27/2025,2025,01,Makassar,4023,398,24,32,Hujan,Siang,Truk,Kelalaian Pengemudi,Jalan Nasional,Rusak,40-60,Lurus,Laki-laki,>50,Ya
6/1/2023,2023,06,Bekasi,2654,361,20,24,Cerah,Pagi,Truk,Kurang Jarak Aman,Jalan Nasional,Berlubang,<40,Tikungan,Perempuan,26-45,Ya
3/25/2021,2021,03,Jakarta Timur,3051,154,26,15,Hujan,Dini Hari,Mobil,Rem Blong,Jalan Nasional,Baik,40-60,Lurus,Laki-laki,26-45,Tidak
9/20/2025,2025,09,Jakarta Selatan,3239,403,24,5,Hujan,Dini Hari,Truk,Rem Blong,Jalan Provinsi,Baik,>60,Simpang T,Perempuan,>50,Tidak
10/24/2023,2023,10,Medan,1221,127,24,10,Cerah,Siang,Bus,Kurang Jarak Aman,Jalan Kota,Baik,40-60,Lurus,Perempuan,<17,Ya
2/9/2023,2023,02,Surabaya,2285,161,20,13,Hujan,Siang,Motor,Kelalaian Pengemudi,Jalan Provinsi,Berlubang,40-60,Simpang 4,Laki-laki,26-45,Ya
5/26/2025,2025,05,Surabaya,1059,100,22,8,Cerah,Malam,Truk,Kecepatan Berlebih,Jalan Provinsi,Berlubang,40-60,Tikungan,Perempuan,17-25,Ya
1/6/2022,2022,01,Surabaya,1790,346,20,1,Hujan,Dini Hari,Mobil,Kurang Jarak Aman,Jalan Provinsi,Baik,<40,Simpang Y,Laki-laki,<17,Ya
2/13/2023,2023,02,Semarang,4371,383,26,5,Cerah,Pagi,Bus,Kurang Jarak Aman,Jalan Nasional,Rusak,>60,Simpang 4,Perempuan,26-45,Ya
3/28/2022,2022,03,Bekasi,2602,467,27,49,Hujan,Dini Hari,Bus,Pelanggaran Lalu Lintas,Jalan Nasional,Berlubang,<40,Simpang 4,Laki-laki,17-25,Tidak
1/12/2021,2021,01,Semarang,1644,134,26,41,Hujan,Dini Hari,Motor,Kondisi Jalan,Jalan Provinsi,Berlubang,40-60,Simpang 4,Laki-laki,>50,Tidak
3/16/2021,2021,03,Semarang,4853,432,25,4,Cerah,Pagi,Mobil,Rem Blong,Jalan Nasional,Rusak,<40,Simpang Y,Laki-laki,26-45,Tidak
1/11/2023,2023,01,Jakarta Selatan,4982,303,23,3,Cerah,Malam,Truk,Kondisi Jalan,Jalan Provinsi,Baik,<40,Simpang T,Laki-laki,17-25,Tidak
2/28/2024,2024,02,Medan,4126,397,20,7,Hujan,Siang,Mobil,Rem Blong,Jalan Kota,Berlubang,>60,Simpang T,Laki-laki,<17,Ya
2/26/2025,2025,02,Palembang,1771,231,20,12,Hujan,Pagi,Truk,Kelalaian Pengemudi,Jalan Nasional,Berlubang,40-60,Lurus,Laki-laki,<17,Ya
9/2/2022,2022,09,Yogyakarta,3819,221,25,3,Cerah,Pagi,Motor,Rem Blong,Jalan Kota,Baik,>60,Simpang 4,Perempuan,17-25,Ya
4/22/2021,2021,04,Bandung,1943,130,29,14,Cerah,Siang,Bus,Pelanggaran Lalu Lintas,Jalan Kota,Berlubang,<40,Lurus,Laki-laki,>50,Ya
5/31/2025,2025,05,Bandung,3508,469,22,11,Hujan,Malam,Truk,Kecepatan Berlebih,Jalan Kota,Rusak,40-60,Simpang T,Laki-laki,17-25,Tidak
4/26/2025,2025,04,Bandung,3225,115,23,14,Hujan,Malam,Truk,Kurang Jarak Aman,Jalan Nasional,Rusak,<40,Simpang 4,Laki-laki,17-25,Tidak
11/1/2022,2022,11,Yogyakarta,3120,114,20,54,Hujan,Pagi,Mobil,Kurang Jarak Aman,Jalan Provinsi,Rusak,>60,Simpang T,Laki-laki,<17,Ya
1/24/2023,2023,01,Bekasi,4509,201,27,15,Cerah,Siang,Bus,Kurang Jarak Aman,Jalan Nasional,Berlubang,40-60,Simpang T,Perempuan,>50,Ya
2/13/2021,2021,02,Semarang,3951,227,20,6,Cerah,Malam,Motor,Kelalaian Pengemudi,Jalan Kota,Rusak,>60,Lurus,Perempuan,26-45,Tidak
1/13/2021,2021,01,Makassar,3065,423,27,9,Cerah,Dini Hari,Truk,Kelalaian Pengemudi,Jalan Nasional,Baik,<40,Simpang 4,Laki-laki,26-45,Tidak
1/18/2025,2025,01,Medan,2953,166,25,11,Hujan,Pagi,Bus,Kelalaian Pengemudi,Jalan Nasional,Berlubang,>60,Simpang 4,Laki-laki,26-45,Tidak
2/5/2025,2025,02,Yogyakarta,3315,389,21,29,Cerah,Siang,Motor,Kurang Jarak Aman,Jalan Kota,Rusak,>60,Simpang 4,Perempuan,17-25,Tidak
2/8/2022,2022,02,Semarang,4892,301,22,14,Hujan,Siang,Mobil,Kelalaian Pengemudi,Jalan Provinsi,Berlubang,<40,Simpang 4,Laki-laki,17-25,Tidak
8/14/2021,2021,08,Bandung,2958,131,20,23,Cerah,Pagi,Bus,Kondisi Jalan,Jalan Provinsi,Baik,>60,Tikungan,Laki-laki,17-25,Ya
3/17/2024,2024,03,Medan,3680,306,23,33,Hujan,Dini Hari,Bus,Kecepatan Berlebih,Jalan Kota,Baik,<40,Simpang 4,Perempuan,26-45,Ya
12/16/2022,2022,12,Makassar,2335,406,23,3,Cerah,Siang,Motor,Kecepatan Berlebih,Jalan Nasional,Berlubang,<40,Tikungan,Laki-laki,17-25,Tidak
9/16/2023,2023,09,Yogyakarta,2615,323,20,13,Hujan,Dini Hari,Motor,Pelanggaran Lalu Lintas,Jalan Kota,Berlubang,>60,Simpang T,Laki-laki,<17,Tidak
2/10/2022,2022,02,Surabaya,4590,362,22,18,Hujan,Dini Hari,Truk,Kecepatan Berlebih,Jalan Provinsi,Baik,<40,Simpang T,Perempuan,>50,Tidak
11/16/2025,2025,11,Yogyakarta,1970,341,20,15,Cerah,Dini Hari,Mobil,Kurang Jarak Aman,Jalan Nasional,Rusak,<40,Simpang T,Laki-laki,26-45,Ya
9/11/2023,2023,09,Jakarta Timur,4931,158,25,9,Hujan,Siang,Truk,Kondisi Jalan,Jalan Nasional,Baik,40-60,Simpang T,Perempuan,>50,Tidak
8/24/2025,2025,08,Jakarta Selatan,4284,170,22,8,Hujan,Siang,Truk,Pelanggaran Lalu Lintas,Jalan Nasional,Rusak,40-60,Simpang T,Laki-laki,26-45,Tidak
7/1/2021,2021,07,Surabaya,1154,488,22,29,Cerah,Malam,Bus,Kondisi Jalan,Jalan Provinsi,Rusak,<40,Simpang T,Laki-laki,26-45,Ya
2/2/2024,2024,02,Jakarta Selatan,3529,320,20,28,Cerah,Malam,Truk,Kelalaian Pengemudi,Jalan Nasional,Baik,40-60,Simpang Y,Perempuan,26-45,Tidak
9/9/2021,2021,09,Yogyakarta,2801,499,30,24,Hujan,Malam,Mobil,Kondisi Jalan,Jalan Provinsi,Baik,<40,Simpang T,Perempuan,<17,Ya
6/9/2024,2024,06,Bandung,2646,497,30,27,Cerah,Dini Hari,Truk,Pelanggaran Lalu Lintas,Jalan Kota,Baik,>60,Simpang 4,Laki-laki,26-45,Tidak
3/27/2021,2021,03,Yogyakarta,2534,428,22,12,Cerah,Siang,Bus,Pelanggaran Lalu Lintas,Jalan Provinsi,Rusak,<40,Simpang T,Perempuan,<17,Ya
4/22/2023,2023,04,Makassar,3168,186,25,17,Hujan,Siang,Motor,Kondisi Jalan,Jalan Kota,Berlubang,40-60,Lurus,Perempuan,17-25,Tidak
3/4/2024,2024,03,Medan,3391,430,26,2,Cerah,Pagi,Motor,Kelalaian Pengemudi,Jalan Nasional,Baik,40-60,Simpang T,Perempuan,>50,Ya
3/19/2025,2025,03,Yogyakarta,3768,469,22,24,Cerah,Malam,Truk,Kecepatan Berlebih,Jalan Kota,Berlubang,40-60,Simpang 4,Laki-laki,<17,Tidak
8/3/2024,2024,08,Jakarta Selatan,2855,392,29,27,Cerah,Pagi,Mobil,Pelanggaran Lalu Lintas,Jalan Kota,Baik,40-60,Simpang 4,Perempuan,>50,Ya
7/10/2022,2022,07,Makassar,4785,348,22,14,Hujan,Dini Hari,Motor,Kelalaian Pengemudi,Jalan Kota,Baik,<40,Lurus,Laki-laki,26-45,Ya
7/12/2023,2023,07,Surabaya,3039,361,21,74,Hujan,Malam,Bus,Kondisi Jalan,Jalan Kota,Berlubang,<40,Lurus,Perempuan,17-25,Ya
11/28/2022,2022,11,Semarang,1901,492,21,49,Cerah,Malam,Truk,Kelalaian Pengemudi,Jalan Nasional,Baik,>60,Simpang Y,Perempuan,>50,Ya
2/13/2021,2021,02,Jakarta Selatan,4675,260,30,16,Cerah,Siang,Motor,Kondisi Jalan,Jalan Nasional,Rusak,<40,Simpang Y,Perempuan,26-45,Tidak
5/18/2022,2022,05,Makassar,2604,428,20,38,Hujan,Malam,Truk,Pelanggaran Lalu Lintas,Jalan Nasional,Rusak,>60,Simpang T,Perempuan,<17,Tidak
7/27/2023,2023,07,Jakarta Selatan,2626,465,29,48,Cerah,Malam,Truk,Kecepatan Berlebih,Jalan Kota,Berlubang,40-60,Tikungan,Laki-laki,26-45,Tidak
3/3/2024,2024,03,Bandung,2584,379,24,42,Cerah,Siang,Mobil,Kelalaian Pengemudi,Jalan Kota,Berlubang,>60,Simpang Y,Perempuan,>50,Tidak
1/28/2021,2021,01,Surabaya,4722,407,20,8,Cerah,Dini Hari,Motor,Rem Blong,Jalan Nasional,Berlubang,>60,Tikungan,Laki-laki,<17,Tidak
8/2/2022,2022,08,Bandung,3185,127,25,9,Hujan,Dini Hari,Motor,Kurang Jarak Aman,Jalan Kota,Rusak,>60,Simpang Y,Laki-laki,17-25,Tidak
3/30/2021,2021,03,Jakarta Timur,2854,334,23,40,Hujan,Dini Hari,Truk,Kondisi Jalan,Jalan Provinsi,Berlubang,40-60,Simpang Y,Laki-laki,17-25,Tidak
11/4/2022,2022,11,Medan,3064,352,24,7,Hujan,Pagi,Bus,Pelanggaran Lalu Lintas,Jalan Provinsi,Berlubang,>60,Simpang Y,Perempuan,>50,Tidak
2/20/2021,2021,02,Medan,2320,225,25,51,Cerah,Siang,Truk,Kelalaian Pengemudi,Jalan Kota,Berlubang,>60,Lurus,Perempuan,<17,Tidak
3/23/2021,2021,03,Makassar,1883,308,23,10,Hujan,Dini Hari,Truk,Kondisi Jalan,Jalan Provinsi,Baik,>60,Simpang T,Laki-laki,>50,Ya
3/4/2023,2023,03,Medan,4488,290,21,26,Hujan,Malam,Mobil,Kondisi Jalan,Jalan Provinsi,Baik,<40,Simpang Y,Laki-laki,17-25,Ya
2/10/2021,2021,02,Yogyakarta,2911,472,30,39,Cerah,Pagi,Mobil,Pelanggaran Lalu Lintas,Jalan Provinsi,Baik,40-60,Tikungan,Laki-laki,<17,Tidak
6/22/2025,2025,06,Bandung,1343,103,30,28,Hujan,Malam,Truk,Kecepatan Berlebih,Jalan Nasional,Baik,<40,Simpang Y,Perempuan,26-45,Ya
11/6/2024,2024,11,Makassar,4877,194,23,40,Cerah,Pagi,Mobil,Pelanggaran Lalu Lintas,Jalan Kota,Rusak,>60,Simpang T,Perempuan,17-25,Ya
7/18/2024,2024,07,Yogyakarta,4806,332,29,24,Hujan,Dini Hari,Bus,Kelalaian Pengemudi,Jalan Provinsi,Berlubang,<40,Lurus,Laki-laki,17-25,Tidak
6/6/2023,2023,06,Makassar,4886,456,23,3,Hujan,Malam,Mobil,Kelalaian Pengemudi,Jalan Kota,Baik,40-60,Simpang 4,Perempuan,26-45,Ya
9/10/2025,2025,09,Makassar,4888,365,20,18,Cerah,Dini Hari,Bus,Kondisi Jalan,Jalan Kota,Rusak,40-60,Simpang 4,Perempuan,>50,Ya
5/23/2025,2025,05,Surabaya,2578,128,21,43,Hujan,Pagi,Mobil,Kondisi Jalan,Jalan Nasional,Rusak,>60,Lurus,Laki-laki,<17,Tidak
8/23/2025,2025,08,Jakarta Selatan,1525,107,24,10,Hujan,Dini Hari,Truk,Kondisi Jalan,Jalan Kota,Baik,>60,Tikungan,Perempuan,>50,Tidak
7/7/2022,2022,07,Makassar,4155,408,21,14,Hujan,Dini Hari,Motor,Kelalaian Pengemudi,Jalan Kota,Baik,<40,Tikungan,Laki-laki,17-25,Tidak
6/10/2021,2021,06,Palembang,4725,459,26,16,Cerah,Siang,Truk,Pelanggaran Lalu Lintas,Jalan Provinsi,Rusak,>60,Simpang Y,Perempuan,<17,Ya
4/23/2023,2023,04,Palembang,3029,425,27,38,Cerah,Dini Hari,Mobil,Rem Blong,Jalan Kota,Berlubang,>60,Simpang 4,Perempuan,17-25,Tidak
1/17/2021,2021,01,Bandung,2052,144,24,24,Hujan,Pagi,Bus,Kurang Jarak Aman,Jalan Kota,Berlubang,<40,Simpang T,Perempuan,17-25,Tidak
1/16/2023,2023,01,Surabaya,3337,446,22,41,Hujan,Dini Hari,Mobil,Kurang Jarak Aman,Jalan Kota,Berlubang,>60,Simpang Y,Perempuan,26-45,Ya
4/7/2021,2021,04,Medan,1964,341,27,65,Cerah,Siang,Motor,Kondisi Jalan,Jalan Nasional,Rusak,40-60,Simpang 4,Laki-laki,17-25,Ya
7/14/2021,2021,07,Jakarta Selatan,1670,428,27,31,Cerah,Siang,Motor,Kelalaian Pengemudi,Jalan Nasional,Rusak,40-60,Simpang Y,Laki-laki,>50,Ya
9/24/2023,2023,09,Makassar,3068,358,20,11,Cerah,Malam,Truk,Kecepatan Berlebih,Jalan Nasional,Berlubang,>60,Simpang 4,Perempuan,<17,Ya
2/11/2025,2025,02,Semarang,4316,268,24,24,Cerah,Pagi,Bus,Kelalaian Pengemudi,Jalan Provinsi,Berlubang,>60,Simpang Y,Laki-laki,17-25,Ya
10/31/2025,2025,10,Yogyakarta,3008,439,30,19,Hujan,Dini Hari,Mobil,Pelanggaran Lalu Lintas,Jalan Kota,Berlubang,>60,Simpang 4,Perempuan,17-25,Ya
8/6/2023,2023,08,Makassar,3131,411,23,4,Hujan,Siang,Mobil,Kelalaian Pengemudi,Jalan Nasional,Rusak,40-60,Tikungan,Laki-laki,26-45,Ya
4/21/2023,2023,04,Yogyakarta,1994,290,22,2,Hujan,Siang,Truk,Rem Blong,Jalan Provinsi,Berlubang,<40,Simpang T,Perempuan,<17,Ya
9/28/2024,2024,09,Surabaya,4599,356,30,5,Hujan,Siang,Truk,Kelalaian Pengemudi,Jalan Provinsi,Berlubang,>60,Simpang Y,Laki-laki,17-25,Ya
8/10/2025,2025,08,Bekasi,4110,376,29,19,Cerah,Siang,Bus,Rem Blong,Jalan Nasional,Berlubang,<40,Simpang Y,Laki-laki,>50,Tidak
1/3/2022,2022,01,Medan,2375,264,22,8,Hujan,Malam,Mobil,Kondisi Jalan,Jalan Nasional,Baik,<40,Simpang 4,Laki-laki,17-25,Ya
11/23/2022,2022,11,Bandung,3856,433,28,25,Hujan,Malam,Bus,Kecepatan Berlebih,Jalan Nasional,Berlubang,<40,Simpang Y,Laki-laki,17-25,Ya
10/17/2024,2024,10,Makassar,2710,496,23,46,Cerah,Pagi,Mobil,Rem Blong,Jalan Kota,Berlubang,>60,Tikungan,Laki-laki,<17,Tidak
9/2/2022,2022,09,Jakarta Timur,4396,147,27,12,Hujan,Pagi,Motor,Pelanggaran Lalu Lintas,Jalan Kota,Berlubang,<40,Simpang T,Perempuan,26-45,Ya
12/12/2022,2022,12,Semarang,4067,210,25,8,Hujan,Dini Hari,Truk,Rem Blong,Jalan Provinsi,Rusak,40-60,Simpang Y,Perempuan,17-25,Ya
9/9/2021,2021,09,Medan,3943,221,22,1,Hujan,Malam,Truk,Kondisi Jalan,Jalan Kota,Rusak,<40,Simpang 4,Perempuan,<17,Tidak
5/23/2023,2023,05,Yogyakarta,2681,481,29,5,Hujan,Malam,Mobil,Kondisi Jalan,Jalan Kota,Rusak,>60,Tikungan,Laki-laki,17-25,Tidak
1/29/2021,2021,01,Palembang,3920,490,22,12,Hujan,Dini Hari,Truk,Rem Blong,Jalan Provinsi,Baik,<40,Simpang 4,Perempuan,17-25,Tidak
2/28/2022,2022,02,Makassar,3597,258,22,9,Cerah,Dini Hari,Bus,Rem Blong,Jalan Provinsi,Baik,40-60,Simpang T,Perempuan,<17,Ya
7/19/2022,2022,07,Makassar,4197,454,27,7,Hujan,Siang,Mobil,Kecepatan Berlebih,Jalan Provinsi,Baik,40-60,Tikungan,Perempuan,>50,Tidak
1/9/2022,2022,01,Medan,2127,281,24,1,Cerah,Siang,Mobil,Pelanggaran Lalu Lintas,Jalan Nasional,Rusak,<40,Simpang T,Laki-laki,>50,Tidak
8/17/2021,2021,08,Jakarta Timur,2632,393,23,16,Hujan,Malam,Motor,Kondisi Jalan,Jalan Nasional,Baik,40-60,Lurus,Laki-laki,17-25,Tidak
10/3/2023,2023,10,Bandung,4722,268,28,8,Hujan,Dini Hari,Mobil,Rem Blong,Jalan Provinsi,Baik,40-60,Tikungan,Perempuan,26-45,Tidak
8/23/2025,2025,08,Surabaya,2190,276,27,33,Hujan,Malam,Truk,Kondisi Jalan,Jalan Provinsi,Baik,>60,Simpang Y,Perempuan,<17,Tidak
10/6/2025,2025,10,Yogyakarta,2328,481,23,38,Hujan,Dini Hari,Mobil,Kecepatan Berlebih,Jalan Kota,Baik,40-60,Tikungan,Perempuan,>50,Ya
5/11/2021,2021,05,Surabaya,4409,423,29,40,Cerah,Malam,Mobil,Kelalaian Pengemudi,Jalan Kota,Baik,40-60,Simpang 4,Laki-laki,>50,Tidak
7/28/2021,2021,07,Makassar,4644,408,29,51,Hujan,Malam,Bus,Kurang Jarak Aman,Jalan Nasional,Rusak,<40,Simpang T,Perempuan,17-25,Tidak
6/14/2021,2021,06,Makassar,2430,140,29,67,Cerah,Malam,Motor,Kecepatan Berlebih,Jalan Provinsi,Rusak,40-60,Tikungan,Perempuan,<17,Ya
12/19/2021,2021,12,Bekasi,1634,387,22,15,Cerah,Pagi,Truk,Kelalaian Pengemudi,Jalan Kota,Berlubang,>60,Tikungan,Perempuan,17-25,Ya
3/12/2021,2021,03,Bandung,1449,200,28,5,Cerah,Dini Hari,Mobil,Kurang Jarak Aman,Jalan Provinsi,Berlubang,>60,Simpang T,Perempuan,26-45,Ya
6/19/2025,2025,06,Yogyakarta,2853,129,30,3,Hujan,Pagi,Bus,Kecepatan Berlebih,Jalan Provinsi,Berlubang,>60,Simpang T,Perempuan,<17,Tidak
3/29/2025,2025,03,Jakarta Selatan,3448,482,30,12,Hujan,Dini Hari,Motor,Rem Blong,Jalan Nasional,Berlubang,40-60,Simpang T,Perempuan,26-45,Ya
4/23/2023,2023,04,Makassar,2356,141,27,7,Cerah,Malam,Mobil,Kelalaian Pengemudi,Jalan Kota,Rusak,>60,Simpang Y,Perempuan,<17,Ya
3/19/2022,2022,03,Makassar,3148,422,28,15,Cerah,Siang,Motor,Kelalaian Pengemudi,Jalan Provinsi,Berlubang,>60,Simpang 4,Perempuan,17-25,Ya
2/5/2022,2022,02,Jakarta Selatan,4258,338,28,68,Cerah,Malam,Truk,Kecepatan Berlebih,Jalan Kota,Berlubang,40-60,Simpang 4,Perempuan,<17,Tidak
4/28/2023,2023,04,Semarang,3125,202,21,5,Hujan,Siang,Bus,Pelanggaran Lalu Lintas,Jalan Nasional,Baik,<40,Simpang T,Perempuan,26-45,Tidak
1/18/2025,2025,01,Jakarta Timur,2808,245,29,11,Hujan,Dini Hari,Mobil,Kecepatan Berlebih,Jalan Nasional,Rusak,>60,Lurus,Laki-laki,26-45,Ya
6/18/2022,2022,06,Palembang,4569,352,24,9,Cerah,Siang,Bus,Kondisi Jalan,Jalan Nasional,Baik,>60,Simpang T,Laki-laki,>50,Ya
9/20/2024,2024,09,Surabaya,3915,107,27,23,Hujan,Siang,Motor,Kecepatan Berlebih,Jalan Kota,Berlubang,>60,Simpang 4,Perempuan,<17,Ya
5/30/2022,2022,05,Palembang,3786,216,20,9,Hujan,Siang,Bus,Rem Blong,Jalan Kota,Rusak,>60,Lurus,Laki-laki,>50,Ya
8/11/2025,2025,08,Yogyakarta,2000,172,20,57,Hujan,Pagi,Motor,Kelalaian Pengemudi,Jalan Nasional,Berlubang,40-60,Lurus,Perempuan,17-25,Tidak
8/19/2021,2021,08,Jakarta Timur,4338,352,28,21,Hujan,Dini Hari,Truk,Kelalaian Pengemudi,Jalan Provinsi,Rusak,40-60,Simpang 4,Perempuan,<17,Tidak
3/5/2023,2023,03,Palembang,3673,176,24,31,Cerah,Siang,Truk,Kondisi Jalan,Jalan Nasional,Baik,>60,Tikungan,Perempuan,<17,Ya
12/14/2021,2021,12,Jakarta Selatan,4006,331,25,18,Hujan,Dini Hari,Bus,Kecepatan Berlebih,Jalan Nasional,Baik,<40,Lurus,Laki-laki,26-45,Ya
12/25/2022,2022,12,Semarang,3304,275,30,15,Hujan,Malam,Bus,Rem Blong,Jalan Provinsi,Baik,>60,Simpang Y,Laki-laki,>50,Tidak
10/1/2022,2022,10,Surabaya,4839,207,21,42,Hujan,Pagi,Motor,Kelalaian Pengemudi,Jalan Nasional,Rusak,>60,Simpang Y,Laki-laki,<17,Ya
11/30/2025,2025,11,Medan,3126,262,22,7,Hujan,Pagi,Bus,Kecepatan Berlebih,Jalan Nasional,Baik,40-60,Lurus,Perempuan,<17,Tidak
8/12/2025,2025,08,Yogyakarta,1069,147,30,57,Hujan,Pagi,Motor,Kelalaian Pengemudi,Jalan Nasional,Berlubang,<40,Simpang Y,Laki-laki,17-25,Tidak
1/13/2025,2025,01,Yogyakarta,1327,382,25,38,Cerah,Dini Hari,Mobil,Kondisi Jalan,Jalan Nasional,Berlubang,<40,Simpang 4,Perempuan,<17,Tidak
6/7/2024,2024,06,Jakarta Selatan,4357,493,27,20,Hujan,Siang,Bus,Kondisi Jalan,Jalan Kota,Rusak,>60,Simpang T,Perempuan,26-45,Ya
9/2/2022,2022,09,Bekasi,2543,273,22,6,Cerah,Malam,Truk,Kurang Jarak Aman,Jalan Kota,Baik,>60,Simpang T,Laki-laki,>50,Ya
3/11/2021,2021,03,Jakarta Timur,4724,279,21,40,Hujan,Dini Hari,Truk,Kondisi Jalan,Jalan Provinsi,Berlubang,40-60,Simpang 4,Laki-laki,<17,Tidak
5/14/2025,2025,05,Bandung,3372,295,29,15,Cerah,Pagi,Mobil,Kecepatan Berlebih,Jalan Kota,Berlubang,<40,Simpang 4,Laki-laki,>50,Tidak
10/18/2022,2022,10,Yogyakarta,2591,293,21,26,Hujan,Siang,Mobil,Kelalaian Pengemudi,Jalan Provinsi,Berlubang,40-60,Simpang 4,Laki-laki,<17,Tidak
7/16/2025,2025,07,Semarang,2250,450,22,45,Cerah,Pagi,Bus,Rem Blong,Jalan Kota,Rusak,40-60,Lurus,Perempuan,26-45,Ya
8/2/2025,2025,08,Semarang,3479,249,25,25,Cerah,Malam,Mobil,Kondisi Jalan,Jalan Nasional,Berlubang,40-60,Tikungan,Laki-laki,26-45,Tidak
4/15/2021,2021,04,Bandung,4291,475,26,6,Cerah,Pagi,Truk,Kecepatan Berlebih,Jalan Nasional,Baik,>60,Tikungan,Perempuan,26-45,Ya
8/21/2025,2025,08,Surabaya,3243,171,29,37,Hujan,Malam,Mobil,Rem Blong,Jalan Nasional,Rusak,<40,Lurus,Laki-laki,26-45,Ya
7/17/2021,2021,07,Surabaya,4857,132,21,6,Cerah,Malam,Bus,Kecepatan Berlebih,Jalan Kota,Berlubang,40-60,Simpang T,Perempuan,<17,Tidak
1/18/2021,2021,01,Medan,2115,254,20,13,Hujan,Pagi,Mobil,Rem Blong,Jalan Nasional,Berlubang,40-60,Simpang T,Perempuan,17-25,Ya
11/15/2024,2024,11,Semarang,3733,439,29,10,Hujan,Malam,Mobil,Kondisi Jalan,Jalan Provinsi,Berlubang,40-60,Simpang 4,Perempuan,17-25,Tidak
2/21/2023,2023,02,Jakarta Timur,2471,377,30,51,Cerah,Malam,Mobil,Pelanggaran Lalu Lintas,Jalan Nasional,Baik,>60,Tikungan,Perempuan,>50,Ya
8/1/2025,2025,08,Surabaya,1988,246,21,11,Cerah,Siang,Truk,Kondisi Jalan,Jalan Kota,Rusak,<40,Lurus,Laki-laki,26-45,Tidak
5/10/2022,2022,05,Semarang,1713,153,25,32,Cerah,Pagi,Motor,Kondisi Jalan,Jalan Provinsi,Rusak,<40,Lurus,Perempuan,<17,Tidak
3/10/2025,2025,03,Palembang,2119,236,29,13,Hujan,Dini Hari,Bus,Kondisi Jalan,Jalan Kota,Rusak,<40,Lurus,Perempuan,>50,Ya
11/22/2025,2025,11,Palembang,2709,331,21,40,Hujan,Pagi,Mobil,Kecepatan Berlebih,Jalan Nasional,Baik,40-60,Tikungan,Laki-laki,<17,Tidak
1/9/2021,2021,01,Bandung,2116,123,21,2,Cerah,Malam,Motor,Kurang Jarak Aman,Jalan Nasional,Baik,>60,Simpang 4,Laki-laki,17-25,Ya
9/24/2021,2021,09,Palembang,1441,145,28,4,Hujan,Siang,Motor,Kelalaian Pengemudi,Jalan Nasional,Baik,<40,Simpang T,Laki-laki,<17,Ya
3/6/2023,2023,03,Semarang,3108,141,22,42,Hujan,Malam,Motor,Pelanggaran Lalu Lintas,Jalan Kota,Baik,40-60,Lurus,Laki-laki,26-45,Ya
9/17/2022,2022,09,Semarang,1127,410,29,5,Hujan,Siang,Truk,Pelanggaran Lalu Lintas,Jalan Provinsi,Baik,40-60,Simpang 4,Laki-laki,26-45,Ya
6/7/2025,2025,06,Palembang,3739,478,23,38,Hujan,Malam,Truk,Kecepatan Berlebih,Jalan Provinsi,Rusak,<40,Lurus,Perempuan,26-45,Ya
6/14/2021,2021,06,Semarang,1307,451,25,6,Hujan,Siang,Truk,Kondisi Jalan,Jalan Nasional,Baik,40-60,Simpang Y,Perempuan,26-45,Tidak
2/21/2022,2022,02,Bandung,2716,465,24,5,Hujan,Malam,Bus,Kondisi Jalan,Jalan Provinsi,Rusak,<40,Simpang Y,Perempuan,>50,Tidak
11/10/2025,2025,11,Makassar,4109,319,21,10,Hujan,Pagi,Motor,Rem Blong,Jalan Provinsi,Rusak,40-60,Lurus,Perempuan,17-25,Ya
10/25/2021,2021,10,Medan,3717,262,27,7,Cerah,Malam,Mobil,Pelanggaran Lalu Lintas,Jalan Provinsi,Baik,<40,Lurus,Perempuan,26-45,Ya
10/21/2024,2024,10,Jakarta Timur,3473,254,29,33,Hujan,Malam,Motor,Rem Blong,Jalan Kota,Berlubang,>60,Simpang Y,Laki-laki,17-25,Ya
5/19/2021,2021,05,Surabaya,4722,222,29,46,Cerah,Dini Hari,Truk,Kurang Jarak Aman,Jalan Provinsi,Baik,<40,Simpang Y,Perempuan,>50,Ya
2/4/2022,2022,02,Yogyakarta,3866,412,21,25,Hujan,Siang,Mobil,Pelanggaran Lalu Lintas,Jalan Provinsi,Baik,<40,Tikungan,Perempuan,<17,Ya
9/13/2023,2023,09,Makassar,2762,272,29,6,Cerah,Malam,Motor,Kelalaian Pengemudi,Jalan Nasional,Rusak,<40,Simpang Y,Laki-laki,26-45,Ya
11/2/2025,2025,11,Semarang,1128,274,25,18,Cerah,Malam,Bus,Kecepatan Berlebih,Jalan Nasional,Berlubang,>60,Simpang Y,Laki-laki,<17,Ya
12/30/2022,2022,12,Yogyakarta,1026,201,25,17,Cerah,Dini Hari,Truk,Pelanggaran Lalu Lintas,Jalan Kota,Rusak,<40,Tikungan,Perempuan,26-45,Tidak
6/11/2023,2023,06,Palembang,4352,178,23,19,Hujan,Pagi,Motor,Pelanggaran Lalu Lintas,Jalan Kota,Baik,<40,Lurus,Laki-laki,<17,Ya
11/7/2023,2023,11,Makassar,1072,400,23,32,Cerah,Siang,Truk,Kecepatan Berlebih,Jalan Nasional,Baik,>60,Tikungan,Perempuan,<17,Ya
9/7/2025,2025,09,Medan,2886,251,24,11,Cerah,Pagi,Truk,Rem Blong,Jalan Nasional,Berlubang,<40,Tikungan,Perempuan,26-45,Ya
3/31/2022,2022,03,Yogyakarta,3139,373,25,21,Cerah,Siang,Motor,Kondisi Jalan,Jalan Provinsi,Rusak,40-60,Tikungan,Perempuan,<17,Ya
1/13/2021,2021,01,Semarang,4798,430,30,41,Hujan,Dini Hari,Motor,Kondisi Jalan,Jalan Provinsi,Berlubang,>60,Tikungan,Perempuan,17-25,Tidak
6/17/2022,2022,06,Bandung,4524,378,20,34,Cerah,Siang,Bus,Rem Blong,Jalan Nasional,Rusak,40-60,Simpang T,Perempuan,26-45,Tidak
2/25/2024,2024,02,Jakarta Timur,2808,345,21,27,Hujan,Pagi,Mobil,Rem Blong,Jalan Kota,Baik,<40,Lurus,Perempuan,<17,Ya
9/27/2021,2021,09,Yogyakarta,4849,319,25,13,Hujan,Pagi,Motor,Kecepatan Berlebih,Jalan Provinsi,Berlubang,40-60,Simpang Y,Perempuan,<17,Ya
6/2/2021,2021,06,Yogyakarta,4110,312,21,28,Hujan,Pagi,Truk,Kondisi Jalan,Jalan Nasional,Berlubang,>60,Lurus,Laki-laki,17-25,Ya
5/26/2021,2021,05,Bekasi,4511,216,30,3,Hujan,Dini Hari,Motor,Kondisi Jalan,Jalan Provinsi,Berlubang,<40,Simpang 4,Laki-laki,<17,Ya
2/3/2022,2022,02,Surabaya,2273,451,30,5,Hujan,Malam,Truk,Kelalaian Pengemudi,Jalan Nasional,Baik,40-60,Simpang Y,Perempuan,26-45,Tidak
1/17/2022,2022,01,Semarang,3414,332,28,40,Cerah,Siang,Mobil,Pelanggaran Lalu Lintas,Jalan Nasional,Baik,40-60,Simpang Y,Laki-laki,26-45,Ya
5/14/2021,2021,05,Palembang,4128,178,23,34,Hujan,Siang,Truk,Kurang Jarak Aman,Jalan Provinsi,Berlubang,<40,Tikungan,Perempuan,>50,Tidak
9/18/2023,2023,09,Bandung,3887,401,25,21,Cerah,Malam,Truk,Pelanggaran Lalu Lintas,Jalan Kota,Rusak,40-60,Lurus,Laki-laki,17-25,Ya
11/26/2022,2022,11,Makassar,3331,309,30,46,Hujan,Pagi,Bus,Pelanggaran Lalu Lintas,Jalan Provinsi,Baik,<40,Simpang Y,Perempuan,<17,Ya
9/10/2024,2024,09,Surabaya,3334,208,28,33,Hujan,Pagi,Mobil,Kondisi Jalan,Jalan Nasional,Baik,>60,Simpang T,Perempuan,26-45,Ya
5/14/2021,2021,05,Medan,1754,221,26,18,Cerah,Malam,Mobil,Kondisi Jalan,Jalan Provinsi,Rusak,<40,Simpang T,Perempuan,26-45,Tidak
7/17/2025,2025,07,Bekasi,4567,428,26,20,Cerah,Dini Hari,Bus,Kelalaian Pengemudi,Jalan Nasional,Rusak,>60,Simpang T,Perempuan,17-25,Ya
5/9/2022,2022,05,Semarang,2395,366,30,32,Cerah,Pagi,Motor,Kondisi Jalan,Jalan Provinsi,Rusak,>60,Simpang 4,Laki-laki,<17,Tidak
7/3/2021,2021,07,Jakarta Selatan,3284,280,24,11,Hujan,Siang,Bus,Kelalaian Pengemudi,Jalan Provinsi,Baik,40-60,Simpang 4,Perempuan,26-45,Ya
7/20/2021,2021,07,Makassar,2005,311,30,14,Hujan,Malam,Truk,Kondisi Jalan,Jalan Nasional,Berlubang,>60,Simpang 4,Perempuan,26-45,Ya
12/7/2024,2024,12,Palembang,4936,335,20,31,Cerah,Malam,Motor,Kecepatan Berlebih,Jalan Provinsi,Rusak,<40,Tikungan,Perempuan,26-45,Ya
2/20/2024,2024,02,Semarang,4088,124,30,32,Cerah,Malam,Mobil,Kurang Jarak Aman,Jalan Kota,Rusak,40-60,Lurus,Perempuan,<17,Ya
10/17/2022,2022,10,Jakarta Timur,2621,350,26,11,Cerah,Dini Hari,Truk,Kelalaian Pengemudi,Jalan Provinsi,Baik,>60,Simpang Y,Perempuan,26-45,Tidak
7/11/2021,2021,07,Yogyakarta,2251,420,21,22,Cerah,Pagi,Bus,Kurang Jarak Aman,Jalan Nasional,Rusak,>60,Simpang T,Laki-laki,<17,Ya
2/8/2024,2024,02,Jakarta Timur,3248,495,24,32,Cerah,Dini Hari,Truk,Kelalaian Pengemudi,Jalan Nasional,Rusak,<40,Lurus,Perempuan,>50,Tidak
8/29/2024,2024,08,Semarang,3961,484,27,10,Hujan,Malam,Truk,Kondisi Jalan,Jalan Provinsi,Rusak,<40,Tikungan,Laki-laki,17-25,Ya
3/9/2021,2021,03,Surabaya,4177,149,26,49,Cerah,Dini Hari,Motor,Kelalaian Pengemudi,Jalan Kota,Berlubang,<40,Lurus,Laki-laki,17-25,Tidak
1/10/2024,2024,01,Jakarta Timur,2133,263,26,65,Cerah,Malam,Mobil,Kondisi Jalan,Jalan Kota,Berlubang,<40,Simpang 4,Laki-laki,26-45,Ya
6/9/2021,2021,06,Bandung,1164,291,27,35,Cerah,Malam,Truk,Rem Blong,Jalan Kota,Rusak,<40,Simpang Y,Laki-laki,<17,Ya
8/4/2021,2021,08,Medan,1344,364,26,45,Cerah,Malam,Bus,Pelanggaran Lalu Lintas,Jalan Provinsi,Berlubang,>60,Lurus,Perempuan,>50,Tidak
1/2/2022,2022,01,Yogyakarta,2073,468,25,32,Hujan,Pagi,Truk,Kelalaian Pengemudi,Jalan Provinsi,Rusak,>60,Lurus,Perempuan,17-25,Tidak
7/20/2025,2025,07,Palembang,2625,464,20,12,Cerah,Pagi,Bus,Pelanggaran Lalu Lintas,Jalan Provinsi,Baik,40-60,Lurus,Perempuan,>50,Ya
1/2/2024,2024,01,Semarang,4378,278,23,15,Hujan,Dini Hari,Motor,Kurang Jarak Aman,Jalan Provinsi,Berlubang,>60,Lurus,Laki-laki,17-25,Tidak
1/27/2025,2025,01,Jakarta Selatan,1704,181,25,46,Cerah,Pagi,Motor,Kurang Jarak Aman,Jalan Nasional,Baik,40-60,Simpang T,Perempuan,<17,Ya
8/8/2021,2021,08,Jakarta Timur,3009,292,27,16,Cerah,Malam,Motor,Kecepatan Berlebih,Jalan Kota,Berlubang,>60,Simpang T,Laki-laki,<17,Ya
5/15/2025,2025,05,Surabaya,4930,233,25,43,Hujan,Pagi,Mobil,Kondisi Jalan,Jalan Nasional,Rusak,40-60,Simpang T,Laki-laki,17-25,Tidak
6/16/2022,2022,06,Bekasi,3250,111,23,14,Hujan,Dini Hari,Bus,Kelalaian Pengemudi,Jalan Nasional,Rusak,40-60,Simpang 4,Perempuan,>50,Ya
11/19/2025,2025,11,Semarang,1379,428,22,42,Cerah,Siang,Motor,Kondisi Jalan,Jalan Kota,Rusak,>60,Lurus,Laki-laki,>50,Ya
5/23/2024,2024,05,Makassar,4903,403,27,42,Hujan,Dini Hari,Motor,Pelanggaran Lalu Lintas,Jalan Kota,Rusak,<40,Lurus,Laki-laki,17-25,Ya
2/10/2024,2024,02,Bekasi,4572,130,23,26,Hujan,Dini Hari,Mobil,Kecepatan Berlebih,Jalan Nasional,Berlubang,40-60,Simpang 4,Laki-laki,>50,Ya
10/30/2023,2023,10,Surabaya,4246,160,24,13,Hujan,Pagi,Bus,Kurang Jarak Aman,Jalan Nasional,Rusak,>60,Simpang Y,Perempuan,>50,Ya
3/28/2024,2024,03,Yogyakarta,4916,249,20,22,Hujan,Pagi,Truk,Kondisi Jalan,Jalan Kota,Berlubang,<40,Lurus,Laki-laki,17-25,Ya
5/1/2022,2022,05,Makassar,3416,479,30,38,Hujan,Malam,Truk,Pelanggaran Lalu Lintas,Jalan Nasional,Rusak,<40,Simpang Y,Laki-laki,17-25,Ya
1/17/2022,2022,01,Medan,1635,494,22,8,Hujan,Malam,Mobil,Kondisi Jalan,Jalan Nasional,Baik,40-60,Simpang T,Laki-laki,26-45,Ya
3/21/2022,2022,03,Semarang,1601,223,26,29,Hujan,Siang,Bus,Kelalaian Pengemudi,Jalan Nasional,Berlubang,40-60,Lurus,Perempuan,26-45,Ya
3/11/2023,2023,03,Palembang,1604,115,21,58,Cerah,Siang,Truk,Kecepatan Berlebih,Jalan Nasional,Baik,<40,Simpang T,Perempuan,26-45,Ya
1/17/2023,2023,01,Jakarta Timur,4862,304,27,2,Cerah,Malam,Truk,Kecepatan Berlebih,Jalan Provinsi,Baik,>60,Simpang Y,Perempuan,>50,Ya
1/28/2021,2021,01,Bandung,4403,499,28,8,Cerah,Dini Hari,Mobil,Kondisi Jalan,Jalan Nasional,Berlubang,<40,Simpang T,Laki-laki,>50,Ya
8/31/2022,2022,08,Medan,1848,158,24,3,Cerah,Siang,Truk,Rem Blong,Jalan Nasional,Berlubang,<40,Lurus,Perempuan,>50,Ya
11/7/2023,2023,11,Jakarta Timur,1054,151,22,18,Cerah,Malam,Motor,Pelanggaran Lalu Lintas,Jalan Nasional,Rusak,>60,Simpang T,Perempuan,>50,Ya
6/1/2024,2024,06,Medan,3207,368,27,6,Hujan,Siang,Motor,Kurang Jarak Aman,Jalan Kota,Rusak,40-60,Simpang 4,Laki-laki,>50,Tidak
11/23/2025,2025,11,Medan,3989,464,29,25,Hujan,Pagi,Truk,Kurang Jarak Aman,Jalan Provinsi,Baik,>60,Tikungan,Perempuan,<17,Tidak
12/12/2024,2024,12,Yogyakarta,3181,398,20,2,Cerah,Malam,Motor,Rem Blong,Jalan Provinsi,Baik,>60,Lurus,Laki-laki,<17,Tidak
2/8/2022,2022,02,Palembang,2171,324,22,36,Cerah,Siang,Bus,Pelanggaran Lalu Lintas,Jalan Provinsi,Berlubang,>60,Tikungan,Perempuan,>50,Ya
6/9/2023,2023,06,Bandung,2667,103,21,30,Cerah,Malam,Mobil,Kondisi Jalan,Jalan Provinsi,Baik,40-60,Simpang T,Perempuan,>50,Ya
6/20/2023,2023,06,Surabaya,3734,404,27,28,Cerah,Siang,Truk,Kondisi Jalan,Jalan Kota,Rusak,<40,Simpang 4,Laki-laki,>50,Tidak
1/3/2023,2023,01,Bekasi,4491,154,20,15,Cerah,Siang,Bus,Kurang Jarak Aman,Jalan Nasional,Berlubang,40-60,Simpang 4,Perempuan,>50,Tidak
4/2/2022,2022,04,Makassar,3327,197,30,11,Hujan,Dini Hari,Truk,Kelalaian Pengemudi,Jalan Nasional,Berlubang,>60,Simpang 4,Laki-laki,<17,Tidak
2/16/2023,2023,02,Surabaya,1791,201,28,2,Hujan,Malam,Truk,Pelanggaran Lalu Lintas,Jalan Kota,Rusak,<40,Simpang Y,Laki-laki,17-25,Ya
10/30/2025,2025,10,Makassar,4216,292,30,5,Hujan,Siang,Motor,Kecepatan Berlebih,Jalan Provinsi,Berlubang,40-60,Tikungan,Laki-laki,17-25,Tidak
4/29/2021,2021,04,Makassar,3837,252,21,10,Hujan,Malam,Bus,Kecepatan Berlebih,Jalan Provinsi,Rusak,>60,Simpang T,Perempuan,<17,Tidak
3/8/2022,2022,03,Palembang,3858,249,21,12,Cerah,Dini Hari,Motor,Kondisi Jalan,Jalan Kota,Baik,>60,Simpang T,Laki-laki,26-45,Tidak
6/1/2024,2024,06,Semarang,2558,484,24,20,Cerah,Malam,Motor,Pelanggaran Lalu Lintas,Jalan Provinsi,Berlubang,<40,Simpang T,Perempuan,26-45,Ya
5/24/2022,2022,05,Palembang,3950,499,27,12,Cerah,Pagi,Mobil,Kecepatan Berlebih,Jalan Provinsi,Berlubang,>60,Simpang 4,Laki-laki,<17,Tidak
4/12/2025,2025,04,Bekasi,4882,218,28,18,Cerah,Siang,Mobil,Rem Blong,Jalan Nasional,Rusak,40-60,Simpang T,Laki-laki,26-45,Ya
11/9/2024,2024,11,Yogyakarta,4870,476,25,11,Hujan,Siang,Bus,Kondisi Jalan,Jalan Kota,Rusak,<40,Simpang 4,Perempuan,<17,Tidak
7/19/2024,2024,07,Bekasi,1371,212,26,7,Cerah,Siang,Bus,Pelanggaran Lalu Lintas,Jalan Provinsi,Baik,40-60,Simpang 4,Perempuan,26-45,Tidak
11/16/2023,2023,11,Makassar,3294,215,26,16,Hujan,Pagi,Mobil,Kecepatan Berlebih,Jalan Kota,Rusak,40-60,Simpang Y,Laki-laki,<17,Ya
9/7/2023,2023,09,Palembang,4944,129,30,8,Hujan,Dini Hari,Bus,Kecepatan Berlebih,Jalan Nasional,Baik,<40,Lurus,Perempuan,26-45,Ya
1/26/2021,2021,01,Makassar,4025,172,27,19,Hujan,Malam,Mobil,Kecepatan Berlebih,Jalan Provinsi,Berlubang,>60,Tikungan,Perempuan,<17,Ya
9/29/2025,2025,09,Makassar,4726,109,20,10,Hujan,Malam,Mobil,Kelalaian Pengemudi,Jalan Kota,Rusak,40-60,Simpang Y,Perempuan,17-25,Tidak
2/5/2022,2022,02,Jakarta Selatan,4511,238,29,68,Cerah,Malam,Truk,Kecepatan Berlebih,Jalan Kota,Berlubang,40-60,Lurus,Laki-laki,>50,Tidak
3/29/2025,2025,03,Jakarta Timur,2615,337,23,14,Hujan,Malam,Bus,Kecepatan Berlebih,Jalan Nasional,Baik,40-60,Simpang 4,Laki-laki,26-45,Tidak
5/6/2023,2023,05,Bekasi,4613,361,26,6,Hujan,Malam,Bus,Rem Blong,Jalan Provinsi,Baik,40-60,Simpang 4,Laki-laki,<17,Tidak
10/10/2025,2025,10,Palembang,2855,147,26,21,Hujan,Malam,Truk,Pelanggaran Lalu Lintas,Jalan Nasional,Berlubang,<40,Tikungan,Laki-laki,17-25,Tidak
7/30/2022,2022,07,Makassar,1859,350,24,11,Cerah,Dini Hari,Truk,Kecepatan Berlebih,Jalan Kota,Baik,40-60,Simpang 4,Laki-laki,<17,Tidak
11/15/2023,2023,11,Makassar,3482,130,28,35,Cerah,Dini Hari,Bus,Pelanggaran Lalu Lintas,Jalan Nasional,Baik,>60,Simpang 4,Perempuan,>50,Tidak
9/14/2023,2023,09,Bekasi,2341,229,29,28,Cerah,Siang,Mobil,Kurang Jarak Aman,Jalan Nasional,Rusak,<40,Simpang Y,Perempuan,17-25,Tidak
6/6/2023,2023,06,Bandung,2635,385,26,10,Hujan,Dini Hari,Mobil,Kelalaian Pengemudi,Jalan Nasional,Baik,40-60,Tikungan,Perempuan,>50,Ya
11/12/2023,2023,11,Makassar,1763,308,29,32,Cerah,Siang,Truk,Kecepatan Berlebih,Jalan Nasional,Baik,40-60,Simpang 4,Perempuan,<17,Ya
10/30/2024,2024,10,Jakarta Timur,1374,105,25,50,Cerah,Pagi,Mobil,Kecepatan Berlebih,Jalan Kota,Baik,40-60,Simpang T,Laki-laki,17-25,Ya
3/5/2025,2025,03,Jakarta Timur,3345,179,22,36,Hujan,Siang,Bus,Kelalaian Pengemudi,Jalan Provinsi,Rusak,>60,Lurus,Perempuan,<17,Ya
4/20/2022,2022,04,Bandung,1459,387,27,29,Cerah,Dini Hari,Mobil,Kelalaian Pengemudi,Jalan Provinsi,Baik,>60,Tikungan,Perempuan,>50,Ya
3/2/2024,2024,03,Yogyakarta,2111,245,28,56,Hujan,Malam,Motor,Kurang Jarak Aman,Jalan Nasional,Berlubang,<40,Simpang T,Laki-laki,>50,Tidak
11/7/2025,2025,11,Yogyakarta,3118,489,22,10,Hujan,Siang,Mobil,Kelalaian Pengemudi,Jalan Provinsi,Berlubang,40-60,Simpang 4,Laki-laki,17-25,Tidak
6/22/2024,2024,06,Semarang,1426,332,28,10,Hujan,Pagi,Truk,Kurang Jarak Aman,Jalan Provinsi,Berlubang,>60,Lurus,Laki-laki,<17,Tidak
1/27/2021,2021,01,Jakarta Selatan,2457,397,30,15,Cerah,Dini Hari,Truk,Kecepatan Berlebih,Jalan Provinsi,Berlubang,<40,Tikungan,Laki-laki,<17,Ya
3/29/2021,2021,03,Medan,4892,145,25,8,Cerah,Malam,Mobil,Pelanggaran Lalu Lintas,Jalan Kota,Berlubang,>60,Lurus,Perempuan,17-25,Tidak
3/3/2022,2022,03,Jakarta Selatan,3084,150,23,45,Hujan,Siang,Bus,Kecepatan Berlebih,Jalan Nasional,Baik,40-60,Tikungan,Perempuan,>50,Ya
11/30/2025,2025,11,Jakarta Timur,1113,235,22,6,Hujan,Dini Hari,Bus,Kelalaian Pengemudi,Jalan Provinsi,Baik,>60,Tikungan,Perempuan,17-25,Ya
5/8/2022,2022,05,Jakarta Selatan,2669,488,29,8,Hujan,Malam,Motor,Rem Blong,Jalan Nasional,Baik,40-60,Lurus,Perempuan,17-25,Tidak
2/24/2024,2024,02,Jakarta Timur,2761,322,20,10,Cerah,Dini Hari,Bus,Pelanggaran Lalu Lintas,Jalan Kota,Baik,<40,Simpang 4,Laki-laki,26-45,Tidak
10/10/2025,2025,10,Medan,1927,347,27,6,Hujan,Dini Hari,Motor,Pelanggaran Lalu Lintas,Jalan Kota,Rusak,40-60,Simpang T,Perempuan,<17,Ya
8/4/2024,2024,08,Yogyakarta,1934,210,27,36,Cerah,Pagi,Bus,Kelalaian Pengemudi,Jalan Nasional,Berlubang,40-60,Lurus,Laki-laki,<17,Ya
11/27/2021,2021,11,Bekasi,4133,433,24,36,Cerah,Pagi,Bus,Rem Blong,Jalan Provinsi,Baik,<40,Tikungan,Laki-laki,>50,Tidak
12/27/2023,2023,12,Bekasi,2175,170,25,8,Hujan,Siang,Motor,Kurang Jarak Aman,Jalan Nasional,Berlubang,>60,Simpang 4,Laki-laki,<17,Tidak
2/16/2023,2023,02,Bandung,3397,490,21,47,Cerah,Dini Hari,Mobil,Rem Blong,Jalan Nasional,Berlubang,<40,Simpang 4,Laki-laki,26-45,Tidak
12/20/2022,2022,12,Semarang,4429,465,28,31,Hujan,Pagi,Truk,Rem Blong,Jalan Provinsi,Rusak,>60,Simpang Y,Laki-laki,>50,Tidak
7/22/2023,2023,07,Jakarta Selatan,3498,482,29,33,Hujan,Malam,Motor,Rem Blong,Jalan Nasional,Baik,>60,Lurus,Laki-laki,17-25,Tidak
6/21/2022,2022,06,Jakarta Timur,1861,344,21,56,Hujan,Siang,Motor,Pelanggaran Lalu Lintas,Jalan Nasional,Berlubang,>60,Simpang 4,Perempuan,17-25,Tidak
2/11/2025,2025,02,Jakarta Selatan,2184,392,23,19,Hujan,Pagi,Bus,Rem Blong,Jalan Kota,Berlubang,>60,Simpang Y,Laki-laki,>50,Tidak
6/3/2022,2022,06,Palembang,1396,491,24,16,Cerah,Siang,Truk,Kecepatan Berlebih,Jalan Provinsi,Baik,<40,Lurus,Laki-laki,>50,Ya
11/15/2022,2022,11,Jakarta Timur,4538,233,23,46,Hujan,Dini Hari,Bus,Kondisi Jalan,Jalan Kota,Baik,40-60,Simpang 4,Perempuan,26-45,Ya
5/29/2022,2022,05,Semarang,1075,278,22,32,Cerah,Pagi,Motor,Kondisi Jalan,Jalan Provinsi,Rusak,<40,Tikungan,Perempuan,26-45,Ya
4/21/2025,2025,04,Jakarta Timur,4777,320,24,31,Cerah,Malam,Truk,Kecepatan Berlebih,Jalan Kota,Baik,40-60,Lurus,Laki-laki,>50,Tidak
1/24/2023,2023,01,Medan,2296,359,26,11,Hujan,Malam,Mobil,Rem Blong,Jalan Kota,Baik,40-60,Simpang 4,Perempuan,26-45,Tidak
3/14/2021,2021,03,Makassar,1265,262,22,25,Hujan,Malam,Motor,Kecepatan Berlebih,Jalan Provinsi,Berlubang,>60,Simpang Y,Laki-laki,17-25,Tidak
10/17/2021,2021,10,Bekasi,3714,101,28,42,Cerah,Siang,Bus,Kondisi Jalan,Jalan Provinsi,Berlubang,<40,Lurus,Laki-laki,26-45,Tidak
4/19/2023,2023,04,Bandung,3103,357,29,1,Hujan,Siang,Mobil,Kurang Jarak Aman,Jalan Provinsi,Berlubang,40-60,Lurus,Laki-laki,17-25,Ya
1/22/2021,2021,01,Medan,1438,205,23,5,Hujan,Siang,Mobil,Rem Blong,Jalan Provinsi,Baik,>60,Simpang Y,Laki-laki,>50,Tidak
5/3/2023,2023,05,Yogyakarta,3976,448,27,6,Cerah,Siang,Mobil,Rem Blong,Jalan Nasional,Baik,>60,Simpang Y,Laki-laki,17-25,Ya
3/17/2023,2023,03,Jakarta Selatan,4411,233,26,19,Cerah,Malam,Bus,Kurang Jarak Aman,Jalan Kota,Berlubang,40-60,Tikungan,Perempuan,17-25,Tidak
6/21/2022,2022,06,Bandung,4448,406,27,68,Cerah,Siang,Bus,Kecepatan Berlebih,Jalan Provinsi,Berlubang,40-60,Simpang T,Laki-laki,>50,Tidak
6/24/2022,2022,06,Medan,1319,496,30,5,Hujan,Dini Hari,Mobil,Kondisi Jalan,Jalan Provinsi,Baik,40-60,Simpang 4,Perempuan,>50,Tidak
11/9/2025,2025,11,Bandung,4058,328,21,14,Cerah,Siang,Bus,Pelanggaran Lalu Lintas,Jalan Provinsi,Rusak,40-60,Lurus,Perempuan,26-45,Tidak
6/27/2022,2022,06,Yogyakarta,1058,404,25,43,Hujan,Siang,Truk,Kelalaian Pengemudi,Jalan Nasional,Baik,<40,Simpang T,Perempuan,26-45,Tidak
1/31/2021,2021,01,Yogyakarta,4741,375,25,8,Cerah,Pagi,Motor,Kondisi Jalan,Jalan Nasional,Rusak,<40,Tikungan,Perempuan,17-25,Tidak
8/28/2024,2024,08,Yogyakarta,3299,398,30,24,Hujan,Dini Hari,Truk,Kurang Jarak Aman,Jalan Nasional,Berlubang,<40,Simpang Y,Laki-laki,<17,Ya
12/13/2022,2022,12,Bandung,3091,387,23,38,Hujan,Malam,Motor,Kondisi Jalan,Jalan Provinsi,Baik,40-60,Simpang T,Laki-laki,>50,Tidak
10/20/2022,2022,10,Medan,2942,244,26,11,Hujan,Pagi,Mobil,Kondisi Jalan,Jalan Nasional,Baik,>60,Simpang Y,Perempuan,>50,Ya
6/18/2023,2023,06,Medan,4638,130,28,7,Cerah,Siang,Bus,Kondisi Jalan,Jalan Kota,Rusak,40-60,Tikungan,Perempuan,<17,Tidak
5/12/2022,2022,05,Surabaya,3415,140,29,2,Hujan,Siang,Truk,Kurang Jarak Aman,Jalan Kota,Baik,>60,Simpang T,Perempuan,<17,Ya
9/24/2021,2021,09,Bandung,3416,276,23,31,Hujan,Malam,Bus,Pelanggaran Lalu Lintas,Jalan Nasional,Baik,>60,Simpang Y,Laki-laki,>50,Ya
1/2/2021,2021,01,Yogyakarta,1353,451,22,45,Hujan,Dini Hari,Mobil,Rem Blong,Jalan Provinsi,Rusak,<40,Tikungan,Laki-laki,26-45,Tidak
8/16/2023,2023,08,Bandung,2386,460,26,1,Hujan,Malam,Truk,Kondisi Jalan,Jalan Provinsi,Baik,>60,Simpang 4,Laki-laki,<17,Ya
8/1/2025,2025,08,Bandung,4872,201,30,33,Hujan,Malam,Motor,Pelanggaran Lalu Lintas,Jalan Kota,Berlubang,<40,Simpang Y,Laki-laki,17-25,Ya
3/23/2022,2022,03,Bekasi,1140,421,21,8,Hujan,Dini Hari,Motor,Rem Blong,Jalan Provinsi,Rusak,<40,Tikungan,Laki-laki,<17,Tidak
6/24/2022,2022,06,Semarang,2540,361,29,23,Hujan,Pagi,Bus,Kurang Jarak Aman,Jalan Provinsi,Rusak,<40,Simpang Y,Laki-laki,17-25,Ya
11/27/2021,2021,11,Yogyakarta,3838,440,21,44,Hujan,Pagi,Mobil,Kurang Jarak Aman,Jalan Kota,Rusak,<40,Simpang 4,Perempuan,<17,Tidak
9/25/2022,2022,09,Yogyakarta,3589,157,26,4,Hujan,Malam,Truk,Kelalaian Pengemudi,Jalan Nasional,Rusak,40-60,Simpang 4,Laki-laki,17-25,Ya
9/19/2025,2025,09,Palembang,3673,314,27,31,Cerah,Siang,Truk,Kelalaian Pengemudi,Jalan Kota,Baik,<40,Simpang T,Laki-laki,26-45,Tidak
1/25/2023,2023,01,Jakarta Timur,2848,344,25,9,Hujan,Dini Hari,Bus,Pelanggaran Lalu Lintas,Jalan Provinsi,Rusak,40-60,Lurus,Perempuan,17-25,Ya
6/8/2024,2024,06,Yogyakarta,2511,263,23,1,Cerah,Pagi,Motor,Pelanggaran Lalu Lintas,Jalan Provinsi,Berlubang,<40,Simpang T,Laki-laki,>50,Tidak
6/22/2021,2021,06,Yogyakarta,3379,448,25,28,Hujan,Pagi,Truk,Kondisi Jalan,Jalan Nasional,Berlubang,40-60,Simpang Y,Laki-laki,<17,Ya
9/15/2024,2024,09,Jakarta Selatan,3607,150,29,62,Hujan,Malam,Bus,Pelanggaran Lalu Lintas,Jalan Kota,Rusak,<40,Simpang Y,Laki-laki,17-25,Ya
4/19/2024,2024,04,Yogyakarta,3058,190,24,34,Cerah,Siang,Truk,Kelalaian Pengemudi,Jalan Provinsi,Rusak,40-60,Simpang T,Laki-laki,<17,Tidak
3/7/2025,2025,03,Bekasi,3880,444,20,36,Cerah,Malam,Motor,Pelanggaran Lalu Lintas,Jalan Provinsi,Berlubang,>60,Tikungan,Perempuan,26-45,Tidak
1/20/2023,2023,01,Semarang,4301,420,21,17,Cerah,Dini Hari,Truk,Kelalaian Pengemudi,Jalan Provinsi,Rusak,<40,Simpang Y,Laki-laki,<17,Tidak
6/23/2023,2023,06,Jakarta Timur,1414,253,23,35,Hujan,Malam,Motor,Kurang Jarak Aman,Jalan Kota,Rusak,>60,Simpang 4,Laki-laki,26-45,Tidak
9/16/2025,2025,09,Palembang,1590,331,21,31,Cerah,Siang,Truk,Kelalaian Pengemudi,Jalan Kota,Baik,<40,Simpang 4,Perempuan,<17,Tidak
11/26/2023,2023,11,Semarang,4656,345,26,66,Cerah,Pagi,Truk,Pelanggaran Lalu Lintas,Jalan Provinsi,Berlubang,<40,Simpang Y,Laki-laki,<17,Tidak
3/11/2024,2024,03,Bandung,3498,500,23,54,Hujan,Malam,Motor,Rem Blong,Jalan Nasional,Rusak,<40,Lurus,Laki-laki,26-45,Tidak
1/17/2024,2024,01,Surabaya,2045,190,23,61,Hujan,Siang,Truk,Kecepatan Berlebih,Jalan Nasional,Baik,>60,Simpang Y,Laki-laki,26-45,Tidak
9/5/2023,2023,09,Bekasi,2326,452,30,23,Cerah,Pagi,Motor,Kelalaian Pengemudi,Jalan Kota,Berlubang,>60,Tikungan,Perempuan,26-45,Ya
12/2/2022,2022,12,Makassar,3272,305,20,3,Cerah,Siang,Motor,Kecepatan Berlebih,Jalan Nasional,Berlubang,40-60,Simpang 4,Laki-laki,17-25,Ya
12/20/2022,2022,12,Surabaya,4223,355,26,48,Hujan,Malam,Mobil,Kurang Jarak Aman,Jalan Kota,Baik,<40,Simpang Y,Laki-laki,17-25,Tidak
4/16/2021,2021,04,Medan,4057,167,30,65,Cerah,Siang,Motor,Kondisi Jalan,Jalan Nasional,Rusak,<40,Simpang Y,Laki-laki,>50,Tidak
11/10/2025,2025,11,Yogyakarta,3831,476,28,51,Cerah,Siang,Mobil,Rem Blong,Jalan Nasional,Berlubang,>60,Simpang T,Perempuan,17-25,Ya
8/7/2024,2024,08,Medan,4045,266,27,44,Hujan,Dini Hari,Mobil,Kondisi Jalan,Jalan Kota,Rusak,>60,Tikungan,Laki-laki,>50,Tidak
11/29/2025,2025,11,Makassar,4666,199,26,63,Cerah,Pagi,Truk,Kecepatan Berlebih,Jalan Provinsi,Berlubang,40-60,Simpang 4,Perempuan,>50,Tidak
4/28/2024,2024,04,Jakarta Timur,3466,149,27,11,Cerah,Pagi,Mobil,Pelanggaran Lalu Lintas,Jalan Kota,Baik,<40,Tikungan,Perempuan,<17,Ya
9/18/2024,2024,09,Jakarta Timur,4334,141,29,25,Cerah,Malam,Bus,Kondisi Jalan,Jalan Nasional,Baik,<40,Simpang T,Laki-laki,26-45,Ya
12/7/2024,2024,12,Medan,1523,109,20,18,Cerah,Pagi,Truk,Kecepatan Berlebih,Jalan Provinsi,Baik,<40,Lurus,Perempuan,<17,Tidak
5/17/2025,2025,05,Surabaya,3151,488,22,13,Cerah,Dini Hari,Mobil,Kelalaian Pengemudi,Jalan Nasional,Baik,40-60,Simpang T,Perempuan,>50,Ya
8/31/2023,2023,08,Jakarta Timur,4011,236,30,47,Hujan,Dini Hari,Motor,Pelanggaran Lalu Lintas,Jalan Nasional,Baik,>60,Tikungan,Perempuan,>50,Tidak
4/14/2025,2025,04,Palembang,1585,268,20,35,Cerah,Dini Hari,Motor,Kondisi Jalan,Jalan Provinsi,Berlubang,40-60,Simpang T,Perempuan,26-45,Tidak
7/22/2021,2021,07,Surabaya,3206,230,26,26,Hujan,Pagi,Truk,Pelanggaran Lalu Lintas,Jalan Nasional,Baik,>60,Simpang T,Laki-laki,26-45,Tidak
12/27/2024,2024,12,Semarang,1772,111,21,22,Hujan,Malam,Bus,Pelanggaran Lalu Lintas,Jalan Nasional,Rusak,40-60,Lurus,Laki-laki,<17,Ya
8/15/2023,2023,08,Bandung,3788,401,29,11,Cerah,Siang,Bus,Kondisi Jalan,Jalan Kota,Baik,<40,Simpang 4,Perempuan,26-45,Tidak
10/29/2022,2022,10,Yogyakarta,3037,259,26,45,Hujan,Pagi,Motor,Kecepatan Berlebih,Jalan Nasional,Rusak,>60,Simpang Y,Perempuan,17-25,Tidak
7/3/2021,2021,07,Bandung,4810,101,30,12,Cerah,Siang,Bus,Kondisi Jalan,Jalan Provinsi,Rusak,40-60,Simpang Y,Perempuan,>50,Ya
4/2/2021,2021,04,Bekasi,3937,160,30,37,Hujan,Pagi,Mobil,Kurang Jarak Aman,Jalan Kota,Rusak,<40,Tikungan,Perempuan,<17,Ya
10/1/2024,2024,10,Bandung,1107,422,23,46,Hujan,Pagi,Truk,Pelanggaran Lalu Lintas,Jalan Nasional,Rusak,40-60,Simpang T,Perempuan,<17,Ya
1/13/2022,2022,01,Semarang,2470,269,27,44,Cerah,Pagi,Mobil,Kecepatan Berlebih,Jalan Kota,Berlubang,>60,Tikungan,Laki-laki,<17,Ya
2/6/2024,2024,02,Yogyakarta,4906,352,22,15,Hujan,Dini Hari,Truk,Kurang Jarak Aman,Jalan Kota,Rusak,40-60,Lurus,Laki-laki,17-25,Tidak
5/22/2024,2024,05,Jakarta Selatan,2352,362,24,17,Hujan,Siang,Truk,Kondisi Jalan,Jalan Provinsi,Baik,<40,Simpang Y,Laki-laki,>50,Tidak
10/2/2021,2021,10,Makassar,2747,481,28,24,Cerah,Pagi,Bus,Kecepatan Berlebih,Jalan Provinsi,Berlubang,>60,Tikungan,Perempuan,>50,Ya
3/7/2022,2022,03,Makassar,3571,410,24,20,Hujan,Dini Hari,Truk,Pelanggaran Lalu Lintas,Jalan Nasional,Berlubang,40-60,Simpang 4,Laki-laki,17-25,Ya
4/9/2025,2025,04,Surabaya,1209,421,29,38,Hujan,Malam,Truk,Rem Blong,Jalan Kota,Rusak,>60,Simpang Y,Laki-laki,17-25,Ya
8/12/2022,2022,08,Jakarta Timur,3901,489,27,23,Hujan,Pagi,Bus,Rem Blong,Jalan Kota,Baik,<40,Simpang T,Laki-laki,17-25,Tidak
12/24/2024,2024,12,Jakarta Timur,1929,419,26,55,Hujan,Malam,Motor,Kecepatan Berlebih,Jalan Nasional,Baik,40-60,Simpang T,Laki-laki,<17,Ya
8/20/2021,2021,08,Yogyakarta,1397,332,25,2,Hujan,Pagi,Mobil,Rem Blong,Jalan Nasional,Rusak,40-60,Lurus,Laki-laki,26-45,Tidak
2/24/2025,2025,02,Medan,4722,455,26,48,Hujan,Dini Hari,Bus,Kecepatan Berlebih,Jalan Nasional,Rusak,>60,Lurus,Laki-laki,17-25,Ya
9/18/2024,2024,09,Bandung,3178,409,27,8,Hujan,Pagi,Truk,Kondisi Jalan,Jalan Provinsi,Berlubang,<40,Simpang 4,Perempuan,26-45,Tidak
5/20/2023,2023,05,Palembang,1151,350,22,71,Cerah,Pagi,Motor,Kurang Jarak Aman,Jalan Nasional,Rusak,40-60,Simpang Y,Perempuan,<17,Ya
3/7/2024,2024,03,Makassar,1870,102,25,30,Hujan,Pagi,Bus,Kurang Jarak Aman,Jalan Nasional,Rusak,40-60,Simpang 4,Laki-laki,17-25,Tidak
9/28/2024,2024,09,Jakarta Timur,1960,475,21,12,Cerah,Dini Hari,Bus,Rem Blong,Jalan Provinsi,Rusak,>60,Tikungan,Laki-laki,<17,Tidak
11/7/2021,2021,11,Semarang,2642,470,24,46,Hujan,Malam,Mobil,Rem Blong,Jalan Provinsi,Berlubang,>60,Simpang Y,Laki-laki,17-25,Ya
1/6/2024,2024,01,Medan,2564,399,23,13,Hujan,Dini Hari,Truk,Kondisi Jalan,Jalan Kota,Berlubang,>60,Simpang Y,Laki-laki,>50,Tidak
5/21/2023,2023,05,Surabaya,1017,321,30,53,Cerah,Dini Hari,Truk,Kelalaian Pengemudi,Jalan Nasional,Berlubang,40-60,Lurus,Laki-laki,26-45,Tidak
6/25/2021,2021,06,Bandung,1396,421,26,22,Cerah,Malam,Mobil,Pelanggaran Lalu Lintas,Jalan Nasional,Rusak,<40,Simpang T,Laki-laki,26-45,Ya
1/12/2024,2024,01,Bandung,1694,319,23,0,Hujan,Siang,Truk,Kondisi Jalan,Jalan Nasional,Rusak,<40,Simpang 4,Perempuan,<17,Ya
11/14/2022,2022,11,Yogyakarta,2740,328,29,40,Hujan,Malam,Truk,Kecepatan Berlebih,Jalan Nasional,Rusak,40-60,Simpang T,Laki-laki,<17,Tidak
5/30/2023,2023,05,Surabaya,3035,382,22,22,Cerah,Dini Hari,Truk,Kurang Jarak Aman,Jalan Nasional,Rusak,>60,Lurus,Perempuan,<17,Tidak
9/26/2025,2025,09,Makassar,1950,199,26,18,Hujan,Dini Hari,Mobil,Kelalaian Pengemudi,Jalan Kota,Baik,>60,Tikungan,Perempuan,<17,Ya
7/12/2023,2023,07,Palembang,1139,233,28,15,Cerah,Pagi,Mobil,Kelalaian Pengemudi,Jalan Nasional,Rusak,>60,Lurus,Perempuan,<17,Ya
9/27/2022,2022,09,Yogyakarta,2464,335,22,3,Cerah,Pagi,Motor,Rem Blong,Jalan Kota,Baik,40-60,Simpang T,Perempuan,26-45,Ya
11/9/2022,2022,11,Palembang,2957,215,26,18,Cerah,Dini Hari,Mobil,Kecepatan Berlebih,Jalan Kota,Baik,40-60,Simpang Y,Perempuan,<17,Tidak
2/2/2024,2024,02,Palembang,1011,173,30,13,Cerah,Malam,Truk,Kondisi Jalan,Jalan Kota,Rusak,<40,Simpang T,Perempuan,>50,Ya
7/28/2021,2021,07,Bekasi,2057,112,23,32,Cerah,Pagi,Mobil,Kecepatan Berlebih,Jalan Kota,Baik,>60,Tikungan,Perempuan,26-45,Ya
6/1/2025,2025,06,Bandung,3757,116,21,28,Hujan,Malam,Truk,Kecepatan Berlebih,Jalan Nasional,Baik,40-60,Simpang Y,Laki-laki,17-25,Ya
1/6/2022,2022,01,Semarang,1487,365,23,44,Cerah,Pagi,Mobil,Kecepatan Berlebih,Jalan Kota,Berlubang,>60,Lurus,Perempuan,26-45,Ya
9/23/2021,2021,09,Jakarta Selatan,1789,202,21,16,Hujan,Siang,Bus,Kelalaian Pengemudi,Jalan Nasional,Berlubang,>60,Simpang Y,Laki-laki,>50,Tidak
6/7/2025,2025,06,Jakarta Selatan,2534,480,27,6,Hujan,Pagi,Bus,Rem Blong,Jalan Kota,Berlubang,>60,Simpang 4,Laki-laki,26-45,Tidak
9/27/2024,2024,09,Bekasi,3422,237,27,54,Cerah,Pagi,Truk,Kondisi Jalan,Jalan Provinsi,Rusak,>60,Tikungan,Perempuan,>50,Tidak
1/24/2022,2022,01,Jakarta Timur,1243,403,27,25,Hujan,Siang,Truk,Kecepatan Berlebih,Jalan Provinsi,Baik,<40,Simpang Y,Perempuan,<17,Ya
7/25/2022,2022,07,Bandung,1265,387,25,29,Cerah,Pagi,Truk,Kondisi Jalan,Jalan Provinsi,Baik,<40,Tikungan,Perempuan,<17,Ya
1/10/2023,2023,01,Yogyakarta,1150,434,20,15,Cerah,Dini Hari,Mobil,Kondisi Jalan,Jalan Nasional,Baik,40-60,Simpang T,Perempuan,17-25,Tidak
10/2/2024,2024,10,Makassar,3915,102,28,4,Hujan,Malam,Truk,Pelanggaran Lalu Lintas,Jalan Kota,Berlubang,>60,Simpang Y,Perempuan,<17,Ya
10/31/2024,2024,10,Jakarta Timur,3977,146,20,33,Hujan,Malam,Motor,Rem Blong,Jalan Kota,Berlubang,40-60,Tikungan,Laki-laki,17-25,Ya
11/22/2021,2021,11,Surabaya,4737,341,24,55,Cerah,Pagi,Mobil,Kurang Jarak Aman,Jalan Nasional,Baik,>60,Simpang Y,Laki-laki,17-25,Tidak
11/2/2022,2022,11,Palembang,4465,262,30,18,Cerah,Dini Hari,Mobil,Kecepatan Berlebih,Jalan Kota,Baik,<40,Simpang Y,Laki-laki,>50,Ya
11/8/2022,2022,11,Yogyakarta,3681,220,24,40,Hujan,Malam,Truk,Kecepatan Berlebih,Jalan Nasional,Rusak,40-60,Simpang Y,Laki-laki,17-25,Tidak
6/30/2022,2022,06,Makassar,1167,257,24,30,Hujan,Pagi,Truk,Kondisi Jalan,Jalan Provinsi,Rusak,>60,Lurus,Perempuan,>50,Tidak
3/22/2023,2023,03,Bandung,3242,482,27,20,Cerah,Dini Hari,Motor,Kelalaian Pengemudi,Jalan Provinsi,Baik,40-60,Tikungan,Laki-laki,>50,Tidak
11/3/2021,2021,11,Bandung,4970,310,26,22,Cerah,Dini Hari,Motor,Kelalaian Pengemudi,Jalan Kota,Baik,>60,Lurus,Laki-laki,>50,Tidak
8/2/2024,2024,08,Medan,3190,134,28,2,Cerah,Dini Hari,Bus,Kurang Jarak Aman,Jalan Kota,Rusak,40-60,Simpang Y,Laki-laki,>50,Ya
11/6/2022,2022,11,Yogyakarta,4069,330,27,27,Cerah,Dini Hari,Bus,Pelanggaran Lalu Lintas,Jalan Provinsi,Berlubang,>60,Simpang 4,Perempuan,<17,Ya
3/2/2024,2024,03,Bandung,1209,126,21,33,Cerah,Siang,Mobil,Kecepatan Berlebih,Jalan Nasional,Rusak,>60,Simpang 4,Laki-laki,>50,Tidak
6/6/2022,2022,06,Palembang,2463,297,29,70,Cerah,Malam,Truk,Kecepatan Berlebih,Jalan Provinsi,Rusak,<40,Tikungan,Laki-laki,26-45,Tidak
5/12/2021,2021,05,Makassar,1164,106,24,6,Hujan,Pagi,Bus,Kurang Jarak Aman,Jalan Nasional,Rusak,<40,Simpang T,Perempuan,>50,Tidak
11/15/2022,2022,11,Jakarta Timur,4057,325,20,6,Hujan,Dini Hari,Bus,Pelanggaran Lalu Lintas,Jalan Nasional,Rusak,40-60,Simpang Y,Laki-laki,<17,Ya
7/23/2025,2025,07,Jakarta Timur,3798,489,25,8,Cerah,Malam,Truk,Kecepatan Berlebih,Jalan Provinsi,Baik,40-60,Simpang 4,Perempuan,<17,Tidak
11/16/2023,2023,11,Semarang,4436,452,20,19,Cerah,Malam,Mobil,Rem Blong,Jalan Nasional,Baik,>60,Simpang Y,Laki-laki,<17,Ya
9/29/2021,2021,09,Medan,4783,363,24,32,Cerah,Malam,Truk,Pelanggaran Lalu Lintas,Jalan Provinsi,Rusak,<40,Tikungan,Perempuan,<17,Tidak
11/29/2022,2022,11,Makassar,3558,453,22,12,Hujan,Malam,Bus,Rem Blong,Jalan Kota,Rusak,>60,Tikungan,Laki-laki,26-45,Tidak
2/26/2022,2022,02,Jakarta Timur,1389,412,29,62,Hujan,Dini Hari,Motor,Pelanggaran Lalu Lintas,Jalan Nasional,Berlubang,>60,Lurus,Laki-laki,26-45,Ya
6/6/2024,2024,06,Jakarta Selatan,3109,174,22,37,Cerah,Siang,Truk,Rem Blong,Jalan Kota,Rusak,<40,Simpang Y,Perempuan,17-25,Tidak
7/24/2022,2022,07,Makassar,2182,491,20,14,Hujan,Dini Hari,Motor,Kelalaian Pengemudi,Jalan Kota,Baik,>60,Simpang Y,Laki-laki,<17,Tidak
11/11/2024,2024,11,Makassar,1877,181,26,40,Cerah,Pagi,Mobil,Pelanggaran Lalu Lintas,Jalan Kota,Rusak,>60,Simpang 4,Perempuan,17-25,Ya
5/2/2022,2022,05,Semarang,1749,198,25,9,Hujan,Malam,Mobil,Pelanggaran Lalu Lintas,Jalan Kota,Baik,>60,Lurus,Laki-laki,<17,Ya
9/17/2024,2024,09,Palembang,1584,296,20,50,Cerah,Dini Hari,Bus,Kurang Jarak Aman,Jalan Kota,Rusak,40-60,Lurus,Laki-laki,<17,Tidak
4/28/2022,2022,04,Makassar,2778,425,24,10,Hujan,Siang,Truk,Kondisi Jalan,Jalan Provinsi,Berlubang,>60,Tikungan,Perempuan,>50,Ya
3/17/2025,2025,03,Surabaya,2922,285,27,19,Hujan,Dini Hari,Mobil,Kecepatan Berlebih,Jalan Nasional,Baik,<40,Lurus,Perempuan,17-25,Ya
1/9/2021,2021,01,Surabaya,3147,140,28,7,Cerah,Malam,Motor,Pelanggaran Lalu Lintas,Jalan Kota,Berlubang,40-60,Lurus,Perempuan,17-25,Tidak
9/22/2021,2021,09,Semarang,1013,479,21,8,Hujan,Siang,Motor,Kecepatan Berlebih,Jalan Kota,Rusak,>60,Simpang T,Laki-laki,<17,Ya
11/29/2025,2025,11,Jakarta Timur,3596,121,22,6,Hujan,Dini Hari,Bus,Kelalaian Pengemudi,Jalan Provinsi,Baik,40-60,Lurus,Perempuan,17-25,Ya
6/8/2024,2024,06,Bekasi,1958,474,23,9,Hujan,Malam,Truk,Kelalaian Pengemudi,Jalan Kota,Rusak,<40,Lurus,Perempuan,<17,Tidak
8/19/2024,2024,08,Bandung,1853,307,20,34,Hujan,Dini Hari,Mobil,Kecepatan Berlebih,Jalan Nasional,Berlubang,40-60,Simpang T,Laki-laki,>50,Tidak
1/17/2022,2022,01,Yogyakarta,1360,473,23,12,Cerah,Siang,Motor,Kecepatan Berlebih,Jalan Provinsi,Baik,40-60,Simpang Y,Laki-laki,<17,Ya
1/19/2022,2022,01,Bekasi,1080,309,25,24,Cerah,Malam,Truk,Kecepatan Berlebih,Jalan Kota,Baik,<40,Simpang Y,Perempuan,26-45,Ya
6/29/2021,2021,06,Jakarta Selatan,2916,154,23,45,Cerah,Siang,Mobil,Kondisi Jalan,Jalan Nasional,Rusak,<40,Simpang 4,Laki-laki,17-25,Tidak
1/12/2022,2022,01,Palembang,1965,452,26,71,Hujan,Dini Hari,Mobil,Kondisi Jalan,Jalan Kota,Berlubang,<40,Simpang T,Laki-laki,26-45,Tidak
2/11/2022,2022,02,Yogyakarta,2017,420,30,33,Hujan,Malam,Truk,Kecepatan Berlebih,Jalan Kota,Rusak,>60,Simpang 4,Laki-laki,26-45,Ya
11/6/2022,2022,11,Yogyakarta,2636,170,25,54,Hujan,Pagi,Mobil,Kurang Jarak Aman,Jalan Provinsi,Rusak,>60,Tikungan,Perempuan,<17,Ya
6/5/2022,2022,06,Jakarta Timur,3921,273,22,29,Cerah,Pagi,Motor,Kurang Jarak Aman,Jalan Nasional,Baik,<40,Simpang T,Laki-laki,<17,Tidak
9/11/2024,2024,09,Semarang,4854,335,25,5,Hujan,Dini Hari,Truk,Kecepatan Berlebih,Jalan Kota,Rusak,<40,Simpang T,Perempuan,>50,Tidak
10/12/2024,2024,10,Palembang,2917,472,20,12,Hujan,Malam,Mobil,Pelanggaran Lalu Lintas,Jalan Kota,Baik,<40,Lurus,Perempuan,17-25,Ya
7/6/2022,2022,07,Yogyakarta,1059,118,26,31,Hujan,Malam,Bus,Kondisi Jalan,Jalan Kota,Baik,>60,Simpang 4,Perempuan,<17,Ya
1/5/2021,2021,01,Semarang,1598,215,21,41,Hujan,Dini Hari,Motor,Kondisi Jalan,Jalan Provinsi,Berlubang,40-60,Simpang T,Laki-laki,>50,Tidak
5/13/2022,2022,05,Bekasi,3928,478,27,5,Hujan,Pagi,Truk,Kecepatan Berlebih,Jalan Kota,Baik,<40,Simpang T,Perempuan,26-45,Ya
9/14/2025,2025,09,Medan,2424,449,21,18,Hujan,Dini Hari,Motor,Pelanggaran Lalu Lintas,Jalan Nasional,Berlubang,40-60,Simpang Y,Laki-laki,17-25,Tidak
6/13/2025,2025,06,Semarang,1884,232,21,9,Cerah,Pagi,Mobil,Kurang Jarak Aman,Jalan Nasional,Berlubang,40-60,Tikungan,Perempuan,26-45,Ya
3/3/2024,2024,03,Makassar,1027,362,20,24,Cerah,Dini Hari,Truk,Kelalaian Pengemudi,Jalan Nasional,Berlubang,>60,Tikungan,Laki-laki,17-25,Tidak
7/21/2025,2025,07,Palembang,3370,121,20,16,Cerah,Siang,Truk,Pelanggaran Lalu Lintas,Jalan Kota,Berlubang,>60,Lurus,Laki-laki,>50,Tidak
10/29/2024,2024,10,Palembang,1117,329,27,50,Cerah,Pagi,Mobil,Pelanggaran Lalu Lintas,Jalan Nasional,Berlubang,<40,Simpang 4,Perempuan,<17,Tidak
11/30/2021,2021,11,Jakarta Timur,1499,389,28,47,Hujan,Dini Hari,Mobil,Pelanggaran Lalu Lintas,Jalan Kota,Berlubang,<40,Tikungan,Laki-laki,>50,Tidak
1/14/2024,2024,01,Yogyakarta,3125,446,30,3,Cerah,Siang,Bus,Kondisi Jalan,Jalan Kota,Berlubang,40-60,Lurus,Laki-laki,26-45,Ya
3/15/2023,2023,03,Yogyakarta,1564,274,28,4,Cerah,Dini Hari,Truk,Kelalaian Pengemudi,Jalan Nasional,Berlubang,>60,Simpang Y,Perempuan,>50,Ya
2/19/2022,2022,02,Bandung,2905,160,28,7,Hujan,Siang,Mobil,Kondisi Jalan,Jalan Nasional,Baik,>60,Simpang T,Laki-laki,>50,Ya
10/11/2021,2021,10,Bandung,2398,119,29,11,Hujan,Siang,Motor,Kurang Jarak Aman,Jalan Nasional,Rusak,>60,Lurus,Perempuan,>50,Tidak
1/19/2024,2024,01,Semarang,1242,388,23,14,Hujan,Malam,Mobil,Kurang Jarak Aman,Jalan Provinsi,Baik,<40,Simpang 4,Laki-laki,>50,Tidak
10/12/2025,2025,10,Palembang,2657,368,23,21,Hujan,Malam,Truk,Pelanggaran Lalu Lintas,Jalan Nasional,Berlubang,<40,Lurus,Perempuan,>50,Tidak
9/28/2024,2024,09,Palembang,1706,426,24,3,Hujan,Siang,Motor,Kecepatan Berlebih,Jalan Provinsi,Rusak,>60,Tikungan,Laki-laki,>50,Ya
1/19/2021,2021,01,Medan,4467,458,21,13,Hujan,Pagi,Mobil,Rem Blong,Jalan Nasional,Berlubang,>60,Tikungan,Laki-laki,>50,Ya
4/9/2022,2022,04,Makassar,2231,415,22,67,Cerah,Dini Hari,Truk,Kecepatan Berlebih,Jalan Nasional,Baik,40-60,Simpang 4,Perempuan,>50,Ya
5/31/2025,2025,05,Jakarta Selatan,2355,188,21,3,Hujan,Pagi,Mobil,Kelalaian Pengemudi,Jalan Provinsi,Baik,>60,Simpang Y,Perempuan,17-25,Tidak
5/2/2024,2024,05,Surabaya,1162,342,25,33,Cerah,Malam,Motor,Pelanggaran Lalu Lintas,Jalan Nasional,Berlubang,40-60,Simpang T,Perempuan,26-45,Tidak
8/22/2022,2022,08,Makassar,4774,430,22,32,Hujan,Malam,Motor,Rem Blong,Jalan Provinsi,Baik,<40,Tikungan,Laki-laki,26-45,Tidak
6/15/2025,2025,06,Yogyakarta,2199,295,29,15,Cerah,Dini Hari,Truk,Kecepatan Berlebih,Jalan Provinsi,Rusak,>60,Simpang 4,Laki-laki,26-45,Tidak
10/8/2023,2023,10,Bandung,3776,312,29,53,Cerah,Dini Hari,Mobil,Kondisi Jalan,Jalan Provinsi,Baik,<40,Simpang 4,Laki-laki,>50,Tidak
11/4/2025,2025,11,Bekasi,2687,216,30,31,Hujan,Malam,Mobil,Kondisi Jalan,Jalan Kota,Baik,>60,Lurus,Laki-laki,>50,Ya
8/30/2023,2023,08,Bandung,1507,369,30,39,Hujan,Siang,Truk,Rem Blong,Jalan Provinsi,Baik,<40,Simpang T,Laki-laki,>50,Ya
6/26/2022,2022,06,Semarang,1009,467,22,48,Cerah,Siang,Mobil,Kecepatan Berlebih,Jalan Nasional,Baik,>60,Simpang 4,Perempuan,>50,Tidak
10/1/2025,2025,10,Yogyakarta,2367,369,24,2,Hujan,Siang,Truk,Kondisi Jalan,Jalan Provinsi,Baik,40-60,Lurus,Laki-laki,26-45,Ya
9/9/2025,2025,09,Semarang,2109,168,20,29,Cerah,Malam,Motor,Kecepatan Berlebih,Jalan Nasional,Baik,>60,Tikungan,Laki-laki,<17,Ya
5/17/2023,2023,05,Yogyakarta,3647,340,20,48,Cerah,Pagi,Mobil,Pelanggaran Lalu Lintas,Jalan Nasional,Berlubang,40-60,Simpang T,Perempuan,26-45,Ya
5/19/2025,2025,05,Makassar,4969,419,24,3,Hujan,Siang,Mobil,Kurang Jarak Aman,Jalan Kota,Berlubang,>60,Tikungan,Perempuan,17-25,Tidak
4/1/2025,2025,04,Bandung,1097,174,26,23,Hujan,Malam,Motor,Kelalaian Pengemudi,Jalan Provinsi,Rusak,40-60,Simpang T,Laki-laki,17-25,Tidak
6/25/2022,2022,06,Palembang,3001,277,27,70,Cerah,Malam,Truk,Kecepatan Berlebih,Jalan Provinsi,Rusak,40-60,Lurus,Laki-laki,17-25,Ya
1/29/2021,2021,01,Surabaya,4369,465,22,15,Hujan,Malam,Mobil,Kecepatan Berlebih,Jalan Nasional,Rusak,>60,Simpang 4,Laki-laki,<17,Ya
8/28/2024,2024,08,Jakarta Timur,4460,430,24,35,Hujan,Pagi,Mobil,Rem Blong,Jalan Nasional,Baik,<40,Tikungan,Perempuan,17-25,Tidak
4/25/2022,2022,04,Yogyakarta,1125,213,23,21,Cerah,Dini Hari,Motor,Kecepatan Berlebih,Jalan Kota,Rusak,>60,Simpang Y,Perempuan,>50,Tidak
2/25/2021,2021,02,Bekasi,3456,298,25,47,Cerah,Siang,Motor,Rem Blong,Jalan Nasional,Berlubang,40-60,Simpang 4,Perempuan,26-45,Tidak
7/27/2023,2023,07,Medan,2577,156,23,28,Hujan,Pagi,Motor,Kondisi Jalan,Jalan Kota,Baik,<40,Lurus,Perempuan,<17,Tidak
1/28/2024,2024,01,Jakarta Timur,3514,263,26,43,Hujan,Pagi,Bus,Kurang Jarak Aman,Jalan Provinsi,Berlubang,40-60,Simpang Y,Perempuan,<17,Tidak
2/28/2023,2023,02,Palembang,4006,342,24,16,Cerah,Siang,Mobil,Kondisi Jalan,Jalan Kota,Berlubang,<40,Lurus,Laki-laki,>50,Tidak
5/19/2023,2023,05,Jakarta Selatan,3344,193,27,56,Hujan,Pagi,Truk,Rem Blong,Jalan Kota,Rusak,>60,Lurus,Perempuan,17-25,Ya
11/25/2021,2021,11,Jakarta Timur,4872,172,26,47,Hujan,Dini Hari,Mobil,Pelanggaran Lalu Lintas,Jalan Kota,Berlubang,<40,Lurus,Laki-laki,>50,Tidak
5/26/2022,2022,05,Medan,1932,408,20,22,Hujan,Pagi,Motor,Kurang Jarak Aman,Jalan Provinsi,Rusak,<40,Lurus,Laki-laki,>50,Ya
11/5/2025,2025,11,Palembang,4063,334,25,31,Cerah,Malam,Truk,Kondisi Jalan,Jalan Kota,Rusak,40-60,Simpang 4,Perempuan,>50,Tidak
1/3/2024,2024,01,Jakarta Timur,1537,281,28,11,Hujan,Malam,Bus,Kondisi Jalan,Jalan Kota,Baik,>60,Simpang T,Laki-laki,17-25,Ya
11/28/2025,2025,11,Palembang,2929,175,22,35,Cerah,Pagi,Mobil,Pelanggaran Lalu Lintas,Jalan Nasional,Rusak,<40,Lurus,Perempuan,17-25,Ya
10/30/2023,2023,10,Makassar,2123,105,20,18,Cerah,Malam,Truk,Pelanggaran Lalu Lintas,Jalan Nasional,Rusak,40-60,Simpang Y,Laki-laki,17-25,Ya
8/28/2025,2025,08,Palembang,2026,181,26,30,Cerah,Malam,Mobil,Kondisi Jalan,Jalan Provinsi,Baik,>60,Lurus,Laki-laki,26-45,Ya
3/15/2022,2022,03,Bekasi,4368,453,30,3,Cerah,Malam,Truk,Rem Blong,Jalan Provinsi,Berlubang,>60,Simpang T,Laki-laki,>50,Tidak
3/14/2022,2022,03,Bandung,3076,487,22,32,Cerah,Malam,Motor,Kondisi Jalan,Jalan Kota,Berlubang,>60,Lurus,Perempuan,<17,Tidak
10/22/2023,2023,10,Jakarta Selatan,2698,381,20,2,Cerah,Pagi,Bus,Kelalaian Pengemudi,Jalan Kota,Berlubang,>60,Tikungan,Laki-laki,>50,Ya
12/5/2022,2022,12,Semarang,1863,343,24,28,Hujan,Dini Hari,Truk,Pelanggaran Lalu Lintas,Jalan Provinsi,Rusak,>60,Simpang Y,Perempuan,>50,Tidak
11/25/2024,2024,11,Surabaya,4570,434,28,15,Hujan,Siang,Mobil,Rem Blong,Jalan Nasional,Rusak,>60,Tikungan,Laki-laki,<17,Ya
6/3/2024,2024,06,Bekasi,3312,327,28,3,Hujan,Dini Hari,Motor,Kondisi Jalan,Jalan Kota,Rusak,>60,Simpang T,Perempuan,17-25,Ya
6/16/2023,2023,06,Surabaya,2704,139,22,28,Cerah,Siang,Truk,Kondisi Jalan,Jalan Kota,Rusak,40-60,Lurus,Perempuan,17-25,Tidak
8/19/2022,2022,08,Yogyakarta,1087,312,29,14,Hujan,Pagi,Mobil,Kecepatan Berlebih,Jalan Provinsi,Berlubang,<40,Lurus,Perempuan,17-25,Ya
10/6/2024,2024,10,Bekasi,1788,462,24,17,Hujan,Siang,Motor,Kondisi Jalan,Jalan Kota,Berlubang,<40,Simpang T,Perempuan,<17,Tidak
6/17/2022,2022,06,Medan,4764,101,29,23,Hujan,Dini Hari,Motor,Kecepatan Berlebih,Jalan Kota,Baik,<40,Simpang Y,Perempuan,26-45,Tidak
7/9/2023,2023,07,Medan,4438,489,25,33,Cerah,Malam,Motor,Kondisi Jalan,Jalan Provinsi,Baik,>60,Lurus,Perempuan,<17,Tidak
10/5/2021,2021,10,Bekasi,4280,255,30,14,Cerah,Pagi,Mobil,Kurang Jarak Aman,Jalan Nasional,Rusak,<40,Lurus,Laki-laki,<17,Ya
11/18/2021,2021,11,Semarang,1877,496,26,16,Hujan,Malam,Motor,Kurang Jarak Aman,Jalan Provinsi,Baik,<40,Lurus,Laki-laki,17-25,Ya
8/6/2022,2022,08,Jakarta Selatan,1130,360,29,13,Cerah,Pagi,Bus,Kurang Jarak Aman,Jalan Provinsi,Rusak,40-60,Simpang T,Laki-laki,26-45,Ya
8/25/2023,2023,08,Jakarta Timur,3030,199,25,33,Hujan,Malam,Mobil,Kurang Jarak Aman,Jalan Kota,Baik,>60,Simpang Y,Perempuan,17-25,Ya
2/17/2024,2024,02,Bandung,1921,149,23,17,Hujan,Malam,Bus,Kecepatan Berlebih,Jalan Nasional,Berlubang,40-60,Lurus,Perempuan,26-45,Ya
6/10/2024,2024,06,Jakarta Timur,1353,460,27,53,Hujan,Dini Hari,Bus,Kurang Jarak Aman,Jalan Nasional,Berlubang,40-60,Lurus,Perempuan,26-45,Ya
9/2/2024,2024,09,Yogyakarta,2427,123,22,16,Hujan,Pagi,Mobil,Kelalaian Pengemudi,Jalan Kota,Berlubang,>60,Simpang Y,Perempuan,<17,Tidak
7/4/2021,2021,07,Jakarta Timur,4541,451,21,23,Cerah,Dini Hari,Motor,Kecepatan Berlebih,Jalan Kota,Baik,>60,Simpang T,Laki-laki,<17,Ya
6/20/2022,2022,06,Bekasi,2660,101,27,38,Cerah,Dini Hari,Bus,Pelanggaran Lalu Lintas,Jalan Nasional,Rusak,>60,Tikungan,Laki-laki,<17,Tidak
12/3/2023,2023,12,Palembang,3118,245,24,11,Hujan,Malam,Motor,Pelanggaran Lalu Lintas,Jalan Provinsi,Rusak,>60,Simpang Y,Perempuan,>50,Tidak
1/2/2022,2022,01,Surabaya,3084,313,29,1,Hujan,Dini Hari,Mobil,Kurang Jarak Aman,Jalan Provinsi,Baik,40-60,Simpang T,Perempuan,>50,Ya
5/30/2023,2023,05,Yogyakarta,4210,409,22,30,Hujan,Malam,Mobil,Pelanggaran Lalu Lintas,Jalan Nasional,Berlubang,<40,Lurus,Laki-laki,17-25,Tidak
7/16/2021,2021,07,Medan,1908,265,24,49,Cerah,Dini Hari,Motor,Kurang Jarak Aman,Jalan Kota,Rusak,>60,Simpang T,Laki-laki,17-25,Tidak
6/26/2025,2025,06,Palembang,4389,263,20,24,Cerah,Pagi,Truk,Pelanggaran Lalu Lintas,Jalan Kota,Berlubang,40-60,Simpang Y,Laki-laki,26-45,Ya
7/12/2025,2025,07,Jakarta Timur,1059,200,28,8,Cerah,Malam,Truk,Kecepatan Berlebih,Jalan Provinsi,Baik,>60,Tikungan,Laki-laki,>50,Tidak
10/31/2021,2021,10,Surabaya,1158,376,21,10,Cerah,Malam,Mobil,Pelanggaran Lalu Lintas,Jalan Nasional,Rusak,<40,Simpang 4,Laki-laki,<17,Ya
11/7/2025,2025,11,Medan,4937,259,24,25,Hujan,Pagi,Truk,Kurang Jarak Aman,Jalan Provinsi,Baik,40-60,Simpang 4,Laki-laki,<17,Tidak
4/22/2025,2025,04,Jakarta Selatan,3558,388,26,11,Hujan,Siang,Mobil,Kurang Jarak Aman,Jalan Kota,Berlubang,>60,Simpang Y,Laki-laki,26-45,Tidak
6/18/2024,2024,06,Bekasi,2871,181,29,8,Hujan,Dini Hari,Bus,Kelalaian Pengemudi,Jalan Kota,Baik,<40,Simpang 4,Laki-laki,>50,Tidak
10/14/2024,2024,10,Medan,1067,226,30,59,Hujan,Dini Hari,Bus,Pelanggaran Lalu Lintas,Jalan Kota,Berlubang,>60,Simpang T,Laki-laki,<17,Ya
11/13/2022,2022,11,Palembang,3751,392,20,12,Hujan,Pagi,Truk,Kondisi Jalan,Jalan Nasional,Rusak,<40,Simpang 4,Perempuan,<17,Tidak
11/26/2023,2023,11,Bandung,2293,478,25,29,Hujan,Malam,Bus,Kelalaian Pengemudi,Jalan Provinsi,Baik,<40,Lurus,Perempuan,26-45,Ya
9/30/2023,2023,09,Jakarta Timur,4622,377,25,52,Hujan,Siang,Mobil,Kelalaian Pengemudi,Jalan Provinsi,Baik,>60,Tikungan,Perempuan,<17,Ya
10/23/2021,2021,10,Bekasi,4630,294,21,42,Cerah,Siang,Bus,Kondisi Jalan,Jalan Provinsi,Berlubang,40-60,Simpang Y,Perempuan,>50,Tidak
8/25/2023,2023,08,Jakarta Selatan,3990,109,26,45,Hujan,Dini Hari,Motor,Pelanggaran Lalu Lintas,Jalan Kota,Berlubang,40-60,Simpang T,Laki-laki,17-25,Ya
7/1/2022,2022,07,Surabaya,3697,370,21,32,Cerah,Pagi,Truk,Kurang Jarak Aman,Jalan Nasional,Baik,<40,Simpang T,Laki-laki,<17,Tidak
7/14/2025,2025,07,Makassar,4558,391,22,5,Hujan,Malam,Motor,Kecepatan Berlebih,Jalan Nasional,Berlubang,40-60,Tikungan,Perempuan,26-45,Ya
3/16/2025,2025,03,Makassar,1814,438,24,27,Cerah,Dini Hari,Truk,Kecepatan Berlebih,Jalan Nasional,Baik,<40,Lurus,Laki-laki,<17,Ya
7/28/2022,2022,07,Bekasi,3913,166,20,19,Hujan,Siang,Mobil,Kurang Jarak Aman,Jalan Kota,Berlubang,40-60,Simpang T,Perempuan,<17,Ya
11/18/2024,2024,11,Semarang,4143,304,21,39,Cerah,Malam,Bus,Pelanggaran Lalu Lintas,Jalan Kota,Rusak,<40,Simpang T,Perempuan,17-25,Tidak
2/19/2021,2021,02,Palembang,3567,137,22,17,Hujan,Siang,Truk,Kurang Jarak Aman,Jalan Kota,Baik,>60,Simpang 4,Perempuan,>50,Tidak
9/29/2024,2024,09,Yogyakarta,2512,355,29,3,Hujan,Siang,Bus,Kondisi Jalan,Jalan Kota,Baik,>60,Lurus,Perempuan,17-25,Ya
1/5/2023,2023,01,Makassar,4526,387,29,55,Hujan,Dini Hari,Mobil,Kondisi Jalan,Jalan Nasional,Berlubang,40-60,Simpang Y,Laki-laki,17-25,Tidak
11/19/2021,2021,11,Surabaya,4805,350,30,10,Cerah,Pagi,Mobil,Kecepatan Berlebih,Jalan Nasional,Rusak,40-60,Lurus,Laki-laki,17-25,Tidak
8/8/2021,2021,08,Jakarta Selatan,3906,434,29,2,Hujan,Pagi,Bus,Kondisi Jalan,Jalan Nasional,Rusak,<40,Tikungan,Perempuan,<17,Ya
8/2/2022,2022,08,Medan,2765,220,27,22,Cerah,Siang,Bus,Pelanggaran Lalu Lintas,Jalan Provinsi,Rusak,<40,Simpang 4,Laki-laki,<17,Tidak
3/2/2025,2025,03,Medan,4430,294,20,28,Cerah,Pagi,Motor,Kecepatan Berlebih,Jalan Provinsi,Baik,>60,Lurus,Perempuan,>50,Tidak
2/25/2021,2021,02,Jakarta Timur,3747,257,29,52,Hujan,Siang,Motor,Pelanggaran Lalu Lintas,Jalan Nasional,Berlubang,40-60,Simpang 4,Laki-laki,17-25,Tidak
5/25/2021,2021,05,Palembang,4504,500,25,50,Hujan,Dini Hari,Truk,Pelanggaran Lalu Lintas,Jalan Provinsi,Baik,<40,Tikungan,Laki-laki,26-45,Ya
1/27/2024,2024,01,Medan,4605,165,29,38,Cerah,Siang,Mobil,Kelalaian Pengemudi,Jalan Nasional,Baik,>60,Simpang 4,Laki-laki,26-45,Ya
1/13/2023,2023,01,Semarang,2466,365,25,19,Hujan,Pagi,Mobil,Kelalaian Pengemudi,Jalan Nasional,Baik,>60,Tikungan,Laki-laki,>50,Tidak
6/15/2021,2021,06,Makassar,4275,111,30,60,Hujan,Malam,Motor,Kelalaian Pengemudi,Jalan Nasional,Baik,<40,Simpang 4,Perempuan,17-25,Ya
2/11/2023,2023,02,Surabaya,2657,491,25,2,Hujan,Malam,Truk,Pelanggaran Lalu Lintas,Jalan Kota,Rusak,40-60,Tikungan,Laki-laki,<17,Ya
11/17/2021,2021,11,Palembang,4140,230,24,8,Hujan,Siang,Bus,Kondisi Jalan,Jalan Nasional,Baik,40-60,Simpang 4,Laki-laki,<17,Tidak
3/29/2021,2021,03,Palembang,3863,339,24,13,Hujan,Malam,Bus,Kurang Jarak Aman,Jalan Provinsi,Berlubang,40-60,Simpang 4,Perempuan,<17,Tidak
5/25/2023,2023,05,Medan,3000,114,27,10,Hujan,Siang,Mobil,Kondisi Jalan,Jalan Provinsi,Baik,40-60,Tikungan,Laki-laki,26-45,Ya
2/17/2024,2024,02,Medan,1132,112,28,7,Hujan,Siang,Mobil,Rem Blong,Jalan Kota,Berlubang,>60,Tikungan,Perempuan,>50,Ya
1/23/2023,2023,01,Jakarta Timur,2632,295,28,9,Hujan,Dini Hari,Bus,Pelanggaran Lalu Lintas,Jalan Provinsi,Rusak,40-60,Lurus,Perempuan,26-45,Ya
2/1/2022,2022,02,Jakarta Timur,4145,316,28,24,Hujan,Malam,Truk,Kurang Jarak Aman,Jalan Provinsi,Rusak,40-60,Simpang T,Laki-laki,<17,Tidak
5/3/2025,2025,05,Jakarta Timur,4319,199,22,7,Hujan,Siang,Mobil,Kelalaian Pengemudi,Jalan Nasional,Berlubang,<40,Tikungan,Laki-laki,<17,Tidak
2/15/2024,2024,02,Surabaya,4861,374,25,24,Cerah,Siang,Truk,Kondisi Jalan,Jalan Nasional,Baik,40-60,Simpang Y,Perempuan,>50,Tidak
2/10/2021,2021,02,Yogyakarta,1022,316,27,39,Cerah,Pagi,Mobil,Pelanggaran Lalu Lintas,Jalan Provinsi,Baik,<40,Simpang 4,Perempuan,17-25,Tidak
2/22/2023,2023,02,Makassar,3157,131,22,25,Cerah,Malam,Motor,Kecepatan Berlebih,Jalan Kota,Berlubang,40-60,Simpang T,Perempuan,<17,Tidak
3/24/2022,2022,03,Jakarta Selatan,4988,295,21,34,Hujan,Pagi,Truk,Kurang Jarak Aman,Jalan Kota,Baik,<40,Simpang Y,Laki-laki,>50,Tidak
4/1/2021,2021,04,Medan,3939,244,28,24,Cerah,Malam,Bus,Pelanggaran Lalu Lintas,Jalan Kota,Berlubang,>60,Simpang Y,Laki-laki,17-25,Ya
9/2/2022,2022,09,Jakarta Timur,3339,420,26,7,Hujan,Pagi,Bus,Kurang Jarak Aman,Jalan Nasional,Baik,40-60,Tikungan,Perempuan,26-45,Ya
5/2/2023,2023,05,Makassar,4770,175,26,34,Hujan,Malam,Bus,Kurang Jarak Aman,Jalan Nasional,Berlubang,<40,Simpang Y,Perempuan,26-45,Ya
9/27/2024,2024,09,Palembang,1499,366,24,50,Cerah,Dini Hari,Bus,Kurang Jarak Aman,Jalan Kota,Rusak,>60,Simpang Y,Perempuan,<17,Tidak
1/14/2025,2025,01,Jakarta Selatan,4286,101,29,45,Hujan,Dini Hari,Mobil,Kurang Jarak Aman,Jalan Provinsi,Baik,>60,Lurus,Perempuan,<17,Ya
6/24/2025,2025,06,Medan,1545,356,22,46,Hujan,Dini Hari,Bus,Kelalaian Pengemudi,Jalan Provinsi,Baik,40-60,Tikungan,Laki-laki,<17,Ya
9/26/2025,2025,09,Makassar,2760,277,24,18,Hujan,Dini Hari,Mobil,Kelalaian Pengemudi,Jalan Kota,Baik,40-60,Lurus,Perempuan,17-25,Tidak
7/27/2023,2023,07,Makassar,4954,119,28,15,Hujan,Pagi,Truk,Kurang Jarak Aman,Jalan Provinsi,Berlubang,40-60,Simpang T,Perempuan,17-25,Ya
11/20/2021,2021,11,Semarang,3956,147,23,45,Cerah,Dini Hari,Motor,Kondisi Jalan,Jalan Kota,Baik,>60,Simpang T,Perempuan,>50,Tidak
1/16/2023,2023,01,Bekasi,1666,327,25,15,Cerah,Siang,Bus,Kurang Jarak Aman,Jalan Nasional,Berlubang,>60,Simpang Y,Laki-laki,>50,Ya
9/3/2022,2022,09,Jakarta Timur,3975,270,29,16,Hujan,Malam,Bus,Kecepatan Berlebih,Jalan Kota,Baik,<40,Lurus,Laki-laki,17-25,Tidak
4/10/2024,2024,04,Jakarta Timur,2195,410,30,11,Cerah,Pagi,Mobil,Pelanggaran Lalu Lintas,Jalan Kota,Baik,>60,Simpang Y,Laki-laki,26-45,Tidak
2/19/2025,2025,02,Medan,4491,479,24,53,Cerah,Pagi,Motor,Kurang Jarak Aman,Jalan Nasional,Baik,40-60,Simpang T,Laki-laki,<17,Tidak
1/6/2022,2022,01,Palembang,2375,205,30,16,Hujan,Pagi,Bus,Kelalaian Pengemudi,Jalan Kota,Berlubang,>60,Simpang Y,Laki-laki,26-45,Tidak
5/17/2022,2022,05,Palembang,4457,373,28,23,Cerah,Pagi,Motor,Pelanggaran Lalu Lintas,Jalan Provinsi,Rusak,>60,Simpang Y,Laki-laki,17-25,Tidak
12/6/2023,2023,12,Yogyakarta,3093,369,27,53,Hujan,Malam,Mobil,Pelanggaran Lalu Lintas,Jalan Kota,Berlubang,>60,Simpang Y,Laki-laki,>50,Ya
5/23/2021,2021,05,Bandung,3264,281,26,13,Cerah,Malam,Truk,Kondisi Jalan,Jalan Nasional,Rusak,>60,Tikungan,Perempuan,<17,Tidak
2/21/2024,2024,02,Surabaya,2883,443,22,24,Cerah,Siang,Truk,Kondisi Jalan,Jalan Nasional,Baik,40-60,Tikungan,Perempuan,>50,Ya
1/23/2021,2021,01,Jakarta Selatan,4049,278,26,9,Cerah,Pagi,Motor,Rem Blong,Jalan Provinsi,Berlubang,40-60,Tikungan,Perempuan,26-45,Tidak
6/25/2024,2024,06,Yogyakarta,4252,261,26,27,Cerah,Malam,Truk,Kondisi Jalan,Jalan Nasional,Rusak,>60,Simpang Y,Perempuan,>50,Ya
5/3/2025,2025,05,Jakarta Timur,1748,182,27,7,Hujan,Siang,Mobil,Kelalaian Pengemudi,Jalan Nasional,Berlubang,40-60,Simpang T,Laki-laki,>50,Tidak
9/24/2023,2023,09,Bandung,4295,274,24,6,Hujan,Siang,Mobil,Kecepatan Berlebih,Jalan Nasional,Berlubang,>60,Lurus,Laki-laki,17-25,Ya
12/25/2023,2023,12,Yogyakarta,3928,136,27,8,Hujan,Siang,Motor,Kondisi Jalan,Jalan Nasional,Rusak,40-60,Lurus,Perempuan,<17,Tidak
1/16/2025,2025,01,Jakarta Timur,2908,418,30,12,Cerah,Pagi,Motor,Kecepatan Berlebih,Jalan Kota,Baik,40-60,Simpang Y,Laki-laki,17-25,Ya
4/10/2024,2024,04,Yogyakarta,2656,268,21,21,Cerah,Dini Hari,Bus,Kondisi Jalan,Jalan Nasional,Rusak,40-60,Simpang Y,Laki-laki,>50,Ya
5/20/2022,2022,05,Semarang,1958,244,25,9,Hujan,Malam,Mobil,Pelanggaran Lalu Lintas,Jalan Kota,Baik,<40,Simpang 4,Laki-laki,<17,Ya
10/26/2025,2025,10,Makassar,2761,208,27,45,Cerah,Pagi,Motor,Kondisi Jalan,Jalan Nasional,Berlubang,>60,Simpang T,Perempuan,>50,Ya
6/15/2024,2024,06,Jakarta Timur,4194,325,22,26,Cerah,Dini Hari,Mobil,Kurang Jarak Aman,Jalan Kota,Baik,<40,Simpang 4,Perempuan,<17,Ya
11/2/2025,2025,11,Makassar,3469,199,24,20,Hujan,Siang,Truk,Kelalaian Pengemudi,Jalan Kota,Berlubang,<40,Lurus,Perempuan,26-45,Tidak
6/1/2025,2025,06,Bekasi,2732,266,29,37,Cerah,Malam,Truk,Kelalaian Pengemudi,Jalan Nasional,Berlubang,40-60,Simpang 4,Perempuan,17-25,Ya
2/8/2021,2021,02,Surabaya,1183,391,28,43,Cerah,Siang,Mobil,Kecepatan Berlebih,Jalan Provinsi,Berlubang,40-60,Simpang 4,Perempuan,26-45,Tidak
8/22/2023,2023,08,Jakarta Timur,4492,179,28,33,Hujan,Malam,Mobil,Kurang Jarak Aman,Jalan Kota,Baik,40-60,Simpang T,Perempuan,<17,Tidak
4/7/2024,2024,04,Medan,1795,447,30,15,Cerah,Siang,Truk,Kurang Jarak Aman,Jalan Kota,Berlubang,<40,Tikungan,Laki-laki,<17,Ya
3/21/2021,2021,03,Surabaya,4498,278,30,10,Hujan,Dini Hari,Truk,Rem Blong,Jalan Provinsi,Baik,>60,Simpang T,Perempuan,>50,Ya
8/28/2025,2025,08,Yogyakarta,1974,268,23,8,Cerah,Siang,Truk,Pelanggaran Lalu Lintas,Jalan Kota,Berlubang,<40,Simpang 4,Laki-laki,<17,Tidak
2/4/2021,2021,02,Medan,2420,426,27,8,Cerah,Siang,Mobil,Rem Blong,Jalan Kota,Baik,>60,Simpang Y,Perempuan,17-25,Tidak
4/17/2022,2022,04,Makassar,4167,321,30,67,Cerah,Dini Hari,Truk,Kecepatan Berlebih,Jalan Nasional,Baik,40-60,Simpang Y,Laki-laki,26-45,Tidak
8/20/2021,2021,08,Yogyakarta,1540,474,30,9,Cerah,Dini Hari,Truk,Kondisi Jalan,Jalan Kota,Baik,>60,Tikungan,Perempuan,26-45,Tidak
1/17/2023,2023,01,Bandung,2167,122,30,55,Cerah,Malam,Motor,Rem Blong,Jalan Kota,Baik,<40,Simpang Y,Laki-laki,26-45,Tidak
11/26/2023,2023,11,Yogyakarta,2191,163,26,19,Cerah,Pagi,Motor,Kurang Jarak Aman,Jalan Nasional,Rusak,>60,Lurus,Laki-laki,<17,Ya
1/24/2024,2024,01,Surabaya,3405,372,20,38,Hujan,Dini Hari,Mobil,Kurang Jarak Aman,Jalan Provinsi,Baik,>60,Simpang T,Perempuan,17-25,Tidak
6/30/2021,2021,06,Yogyakarta,1121,191,28,6,Cerah,Dini Hari,Motor,Kelalaian Pengemudi,Jalan Kota,Rusak,>60,Lurus,Laki-laki,<17,Tidak
1/12/2024,2024,01,Bandung,2639,252,21,18,Hujan,Siang,Mobil,Kecepatan Berlebih,Jalan Nasional,Baik,>60,Tikungan,Laki-laki,>50,Tidak
12/14/2021,2021,12,Bekasi,4260,198,30,14,Hujan,Siang,Truk,Kecepatan Berlebih,Jalan Kota,Baik,40-60,Simpang T,Perempuan,<17,Ya
12/15/2023,2023,12,Jakarta Timur,2098,482,29,56,Hujan,Siang,Bus,Kecepatan Berlebih,Jalan Nasional,Rusak,<40,Simpang T,Perempuan,26-45,Ya
2/18/2024,2024,02,Yogyakarta,1009,152,29,17,Hujan,Malam,Bus,Kurang Jarak Aman,Jalan Kota,Rusak,40-60,Simpang 4,Perempuan,26-45,Tidak
4/15/2025,2025,04,Yogyakarta,4776,475,25,41,Hujan,Pagi,Bus,Pelanggaran Lalu Lintas,Jalan Nasional,Rusak,40-60,Simpang T,Laki-laki,>50,Ya
10/5/2025,2025,10,Surabaya,4520,138,29,15,Hujan,Siang,Motor,Kecepatan Berlebih,Jalan Kota,Rusak,>60,Simpang Y,Laki-laki,17-25,Ya
6/28/2024,2024,06,Yogyakarta,1323,439,24,30,Hujan,Siang,Mobil,Pelanggaran Lalu Lintas,Jalan Provinsi,Rusak,>60,Simpang T,Laki-laki,26-45,Tidak
3/31/2023,2023,03,Bekasi,2468,348,21,45,Cerah,Malam,Truk,Kecepatan Berlebih,Jalan Provinsi,Baik,>60,Simpang Y,Laki-laki,17-25,Tidak
10/18/2021,2021,10,Makassar,4962,359,28,25,Cerah,Malam,Motor,Kondisi Jalan,Jalan Nasional,Rusak,40-60,Simpang Y,Laki-laki,>50,Tidak
1/9/2022,2022,01,Palembang,2775,147,27,71,Hujan,Dini Hari,Mobil,Kondisi Jalan,Jalan Kota,Berlubang,>60,Simpang T,Perempuan,>50,Tidak
12/28/2022,2022,12,Surabaya,4660,499,26,41,Hujan,Malam,Truk,Kelalaian Pengemudi,Jalan Kota,Rusak,40-60,Lurus,Perempuan,<17,Tidak
8/22/2023,2023,08,Bandung,3433,251,29,65,Hujan,Pagi,Truk,Rem Blong,Jalan Kota,Rusak,40-60,Simpang 4,Perempuan,<17,Tidak
11/9/2023,2023,11,Surabaya,3370,434,21,22,Hujan,Malam,Mobil,Kecepatan Berlebih,Jalan Nasional,Baik,>60,Lurus,Perempuan,>50,Ya
9/4/2022,2022,09,Jakarta Selatan,4558,202,29,35,Cerah,Pagi,Motor,Kecepatan Berlebih,Jalan Kota,Berlubang,40-60,Simpang 4,Laki-laki,17-25,Ya
1/11/2023,2023,01,Surabaya,1155,391,30,41,Hujan,Dini Hari,Mobil,Kurang Jarak Aman,Jalan Kota,Berlubang,<40,Simpang 4,Laki-laki,<17,Ya
2/8/2021,2021,02,Medan,1291,134,29,47,Cerah,Dini Hari,Bus,Rem Blong,Jalan Kota,Rusak,<40,Lurus,Laki-laki,26-45,Ya
5/2/2021,2021,05,Surabaya,3197,307,29,46,Cerah,Dini Hari,Truk,Kurang Jarak Aman,Jalan Provinsi,Baik,40-60,Simpang 4,Perempuan,26-45,Tidak
9/5/2024,2024,09,Semarang,4690,310,26,21,Cerah,Dini Hari,Bus,Kecepatan Berlebih,Jalan Kota,Baik,>60,Simpang Y,Laki-laki,17-25,Tidak
2/22/2024,2024,02,Yogyakarta,3638,460,29,15,Hujan,Dini Hari,Truk,Kurang Jarak Aman,Jalan Kota,Rusak,>60,Simpang T,Perempuan,17-25,Tidak
9/24/2021,2021,09,Bandung,2575,403,20,25,Cerah,Dini Hari,Truk,Pelanggaran Lalu Lintas,Jalan Provinsi,Rusak,>60,Simpang Y,Perempuan,26-45,Ya
9/24/2022,2022,09,Jakarta Selatan,3564,347,28,35,Cerah,Pagi,Motor,Kecepatan Berlebih,Jalan Kota,Berlubang,<40,Lurus,Perempuan,>50,Ya
4/11/2021,2021,04,Yogyakarta,3040,132,21,8,Hujan,Dini Hari,Bus,Kelalaian Pengemudi,Jalan Nasional,Berlubang,40-60,Simpang Y,Laki-laki,26-45,Tidak
5/1/2022,2022,05,Jakarta Timur,3293,128,29,45,Cerah,Siang,Motor,Kondisi Jalan,Jalan Provinsi,Rusak,40-60,Simpang T,Perempuan,26-45,Tidak
1/8/2021,2021,01,Surabaya,2141,350,28,7,Cerah,Malam,Motor,Pelanggaran Lalu Lintas,Jalan Kota,Berlubang,>60,Tikungan,Laki-laki,>50,Ya
8/22/2021,2021,08,Bekasi,4667,182,26,69,Cerah,Pagi,Mobil,Pelanggaran Lalu Lintas,Jalan Provinsi,Baik,40-60,Simpang Y,Laki-laki,<17,Tidak
5/10/2022,2022,05,Jakarta Selatan,2861,237,25,8,Hujan,Malam,Mobil,Kurang Jarak Aman,Jalan Nasional,Baik,>60,Simpang 4,Laki-laki,<17,Tidak
10/6/2021,2021,10,Bandung,1043,135,21,12,Hujan,Pagi,Truk,Kurang Jarak Aman,Jalan Nasional,Baik,40-60,Simpang T,Laki-laki,>50,Tidak
11/23/2025,2025,11,Bandung,4067,474,25,10,Cerah,Pagi,Mobil,Rem Blong,Jalan Provinsi,Baik,40-60,Tikungan,Perempuan,17-25,Tidak
3/14/2022,2022,03,Semarang,4365,476,29,5,Cerah,Malam,Bus,Pelanggaran Lalu Lintas,Jalan Provinsi,Baik,>60,Simpang 4,Perempuan,17-25,Tidak
4/6/2022,2022,04,Yogyakarta,3486,263,28,43,Cerah,Malam,Truk,Pelanggaran Lalu Lintas,Jalan Kota,Rusak,>60,Lurus,Perempuan,17-25,Ya
1/19/2021,2021,01,Bandung,3642,486,22,13,Hujan,Malam,Bus,Kecepatan Berlebih,Jalan Kota,Baik,<40,Simpang 4,Laki-laki,>50,Ya
6/12/2022,2022,06,Semarang,1223,188,25,42,Hujan,Dini Hari,Bus,Rem Blong,Jalan Nasional,Berlubang,>60,Tikungan,Perempuan,17-25,Ya
8/21/2025,2025,08,Bekasi,3319,352,26,17,Hujan,Dini Hari,Motor,Kurang Jarak Aman,Jalan Nasional,Berlubang,<40,Simpang Y,Perempuan,26-45,Tidak
8/18/2025,2025,08,Makassar,4629,340,25,9,Hujan,Siang,Bus,Kondisi Jalan,Jalan Nasional,Baik,40-60,Simpang Y,Perempuan,<17,Tidak
9/13/2025,2025,09,Bekasi,1927,484,20,34,Hujan,Dini Hari,Mobil,Kondisi Jalan,Jalan Provinsi,Rusak,40-60,Tikungan,Perempuan,17-25,Tidak
4/30/2024,2024,04,Jakarta Selatan,4763,124,21,2,Hujan,Dini Hari,Mobil,Kelalaian Pengemudi,Jalan Provinsi,Rusak,<40,Simpang 4,Laki-laki,26-45,Tidak
7/14/2025,2025,07,Jakarta Selatan,4656,175,25,21,Cerah,Malam,Mobil,Pelanggaran Lalu Lintas,Jalan Kota,Baik,<40,Lurus,Laki-laki,>50,Ya
5/22/2023,2023,05,Yogyakarta,4093,430,21,6,Cerah,Siang,Mobil,Rem Blong,Jalan Nasional,Baik,40-60,Tikungan,Laki-laki,26-45,Tidak
1/9/2023,2023,01,Jakarta Timur,2755,156,21,9,Hujan,Dini Hari,Bus,Pelanggaran Lalu Lintas,Jalan Provinsi,Rusak,40-60,Lurus,Perempuan,>50,Ya
12/25/2022,2022,12,Jakarta Selatan,2827,222,20,65,Hujan,Dini Hari,Mobil,Kelalaian Pengemudi,Jalan Nasional,Berlubang,40-60,Tikungan,Laki-laki,26-45,Tidak
4/23/2024,2024,04,Medan,1842,412,21,15,Cerah,Siang,Truk,Kurang Jarak Aman,Jalan Kota,Berlubang,40-60,Tikungan,Perempuan,<17,Ya
11/14/2025,2025,11,Yogyakarta,1220,281,25,51,Cerah,Siang,Mobil,Rem Blong,Jalan Nasional,Berlubang,>60,Tikungan,Laki-laki,26-45,Tidak
2/1/2022,2022,02,Surabaya,1596,135,28,25,Cerah,Pagi,Truk,Rem Blong,Jalan Provinsi,Berlubang,<40,Simpang 4,Laki-laki,<17,Ya
1/11/2022,2022,01,Bekasi,1047,239,26,27,Hujan,Dini Hari,Truk,Kondisi Jalan,Jalan Provinsi,Berlubang,40-60,Tikungan,Perempuan,<17,Ya
12/6/2023,2023,12,Bandung,3530,229,21,29,Hujan,Dini Hari,Bus,Kondisi Jalan,Jalan Provinsi,Rusak,>60,Lurus,Perempuan,26-45,Tidak
8/27/2024,2024,08,Bandung,3388,313,21,6,Hujan,Siang,Truk,Pelanggaran Lalu Lintas,Jalan Nasional,Baik,40-60,Simpang Y,Perempuan,>50,Ya
1/20/2022,2022,01,Surabaya,1072,281,27,49,Hujan,Dini Hari,Mobil,Kurang Jarak Aman,Jalan Nasional,Berlubang,40-60,Simpang 4,Laki-laki,>50,Tidak
7/1/2024,2024,07,Palembang,3475,483,29,48,Cerah,Pagi,Motor,Pelanggaran Lalu Lintas,Jalan Nasional,Berlubang,>60,Lurus,Laki-laki,17-25,Tidak
6/1/2021,2021,06,Surabaya,1393,482,28,15,Cerah,Malam,Bus,Kurang Jarak Aman,Jalan Provinsi,Berlubang,40-60,Simpang 4,Perempuan,26-45,Ya
1/14/2024,2024,01,Bekasi,2544,125,21,4,Cerah,Malam,Bus,Pelanggaran Lalu Lintas,Jalan Provinsi,Berlubang,>60,Tikungan,Perempuan,26-45,Ya
7/30/2025,2025,07,Jakarta Timur,3778,484,24,20,Cerah,Siang,Bus,Kurang Jarak Aman,Jalan Nasional,Berlubang,40-60,Simpang 4,Laki-laki,<17,Ya
12/3/2021,2021,12,Palembang,1026,252,21,27,Hujan,Siang,Mobil,Kelalaian Pengemudi,Jalan Nasional,Baik,>60,Simpang 4,Laki-laki,17-25,Tidak
10/10/2021,2021,10,Palembang,1182,450,23,44,Hujan,Pagi,Bus,Kondisi Jalan,Jalan Nasional,Berlubang,>60,Lurus,Laki-laki,26-45,Ya
6/8/2021,2021,06,Semarang,2067,413,23,8,Cerah,Dini Hari,Truk,Pelanggaran Lalu Lintas,Jalan Provinsi,Rusak,40-60,Simpang 4,Laki-laki,17-25,Ya
6/22/2025,2025,06,Bekasi,3005,129,29,5,Cerah,Malam,Bus,Kurang Jarak Aman,Jalan Nasional,Berlubang,>60,Simpang T,Perempuan,26-45,Ya
8/18/2022,2022,08,Yogyakarta,4023,426,25,5,Hujan,Malam,Motor,Rem Blong,Jalan Kota,Rusak,>60,Simpang Y,Laki-laki,17-25,Tidak
7/31/2025,2025,07,Bekasi,1061,408,27,42,Cerah,Malam,Truk,Pelanggaran Lalu Lintas,Jalan Nasional,Berlubang,<40,Simpang 4,Laki-laki,17-25,Ya
8/16/2023,2023,08,Yogyakarta,4454,427,27,16,Hujan,Malam,Mobil,Rem Blong,Jalan Nasional,Rusak,>60,Simpang 4,Laki-laki,26-45,Ya
2/24/2022,2022,02,Semarang,4770,302,26,43,Cerah,Siang,Motor,Kurang Jarak Aman,Jalan Nasional,Berlubang,<40,Simpang 4,Perempuan,>50,Tidak
1/13/2021,2021,01,Yogyakarta,4759,368,20,29,Hujan,Dini Hari,Bus,Kecepatan Berlebih,Jalan Kota,Baik,<40,Tikungan,Laki-laki,<17,Ya
8/5/2021,2021,08,Makassar,2515,484,28,55,Hujan,Siang,Motor,Pelanggaran Lalu Lintas,Jalan Kota,Rusak,40-60,Simpang Y,Laki-laki,>50,Ya
4/21/2024,2024,04,Bandung,3958,111,22,13,Cerah,Dini Hari,Truk,Rem Blong,Jalan Kota,Baik,<40,Simpang T,Perempuan,>50,Tidak
1/16/2024,2024,01,Bandung,1557,189,27,13,Cerah,Malam,Truk,Rem Blong,Jalan Nasional,Berlubang,<40,Simpang Y,Laki-laki,>50,Ya
11/23/2022,2022,11,Bekasi,4609,331,23,15,Cerah,Dini Hari,Mobil,Kurang Jarak Aman,Jalan Nasional,Berlubang,40-60,Lurus,Laki-laki,17-25,Ya
7/8/2021,2021,07,Bandung,4438,475,26,10,Cerah,Pagi,Bus,Kondisi Jalan,Jalan Kota,Berlubang,<40,Tikungan,Perempuan,<17,Ya
5/24/2022,2022,05,Bandung,3557,366,22,8,Hujan,Malam,Motor,Pelanggaran Lalu Lintas,Jalan Kota,Berlubang,<40,Simpang 4,Laki-laki,26-45,Ya
1/2/2023,2023,01,Medan,4871,419,25,11,Hujan,Malam,Mobil,Rem Blong,Jalan Kota,Baik,40-60,Simpang Y,Perempuan,<17,Tidak
6/18/2025,2025,06,Bandung,4290,254,25,42,Cerah,Dini Hari,Mobil,Kondisi Jalan,Jalan Kota,Rusak,<40,Simpang Y,Laki-laki,17-25,Tidak
8/10/2023,2023,08,Palembang,2159,193,28,27,Cerah,Pagi,Truk,Rem Blong,Jalan Provinsi,Berlubang,<40,Simpang Y,Laki-laki,<17,Ya
3/4/2021,2021,03,Medan,3513,446,30,36,Cerah,Malam,Bus,Rem Blong,Jalan Provinsi,Rusak,<40,Tikungan,Perempuan,26-45,Tidak
1/20/2024,2024,01,Jakarta Timur,2576,350,23,17,Cerah,Siang,Mobil,Kondisi Jalan,Jalan Nasional,Berlubang,<40,Simpang 4,Perempuan,26-45,Tidak
6/26/2022,2022,06,Bandung,2868,418,26,66,Hujan,Pagi,Mobil,Kurang Jarak Aman,Jalan Provinsi,Rusak,40-60,Simpang Y,Laki-laki,26-45,Ya
2/23/2024,2024,02,Makassar,2959,406,30,4,Cerah,Malam,Motor,Kurang Jarak Aman,Jalan Provinsi,Berlubang,<40,Lurus,Laki-laki,>50,Ya
8/15/2021,2021,08,Bandung,2930,296,30,12,Cerah,Pagi,Bus,Kondisi Jalan,Jalan Provinsi,Berlubang,>60,Simpang 4,Perempuan,<17,Ya
5/1/2025,2025,05,Bandung,4911,468,30,15,Cerah,Pagi,Mobil,Kecepatan Berlebih,Jalan Kota,Berlubang,40-60,Tikungan,Perempuan,>50,Ya
10/5/2021,2021,10,Bandung,3942,358,20,11,Hujan,Siang,Motor,Kurang Jarak Aman,Jalan Nasional,Rusak,<40,Tikungan,Perempuan,<17,Ya
4/19/2025,2025,04,Jakarta Selatan,3767,368,21,13,Hujan,Malam,Mobil,Pelanggaran Lalu Lintas,Jalan Provinsi,Baik,40-60,Simpang 4,Perempuan,>50,Ya
2/20/2023,2023,02,Surabaya,2711,336,25,10,Cerah,Pagi,Bus,Kondisi Jalan,Jalan Nasional,Berlubang,>60,Simpang 4,Perempuan,<17,Ya
12/9/2024,2024,12,Jakarta Timur,1368,370,25,18,Cerah,Malam,Mobil,Rem Blong,Jalan Provinsi,Rusak,<40,Simpang Y,Perempuan,26-45,Tidak
6/26/2022,2022,06,Bandung,1266,154,21,10,Cerah,Pagi,Truk,Kelalaian Pengemudi,Jalan Nasional,Berlubang,40-60,Tikungan,Perempuan,17-25,Tidak
5/8/2024,2024,05,Bekasi,4617,305,20,9,Cerah,Dini Hari,Truk,Kelalaian Pengemudi,Jalan Nasional,Rusak,<40,Simpang Y,Perempuan,26-45,Tidak
8/19/2023,2023,08,Bandung,1250,398,24,2,Cerah,Malam,Mobil,Kurang Jarak Aman,Jalan Nasional,Berlubang,>60,Simpang Y,Perempuan,<17,Ya
7/7/2025,2025,07,Palembang,3457,213,24,16,Cerah,Siang,Truk,Pelanggaran Lalu Lintas,Jalan Kota,Berlubang,>60,Simpang Y,Perempuan,>50,Ya
11/15/2021,2021,11,Makassar,3793,266,27,40,Cerah,Dini Hari,Mobil,Kondisi Jalan,Jalan Provinsi,Berlubang,40-60,Simpang 4,Perempuan,<17,Tidak
10/31/2024,2024,10,Bandung,3164,485,24,12,Cerah,Dini Hari,Motor,Kurang Jarak Aman,Jalan Provinsi,Berlubang,<40,Lurus,Laki-laki,17-25,Ya
12/7/2022,2022,12,Jakarta Timur,2988,147,23,36,Cerah,Dini Hari,Mobil,Kelalaian Pengemudi,Jalan Provinsi,Berlubang,<40,Lurus,Perempuan,26-45,Ya
11/13/2025,2025,11,Jakarta Timur,4402,149,22,10,Cerah,Siang,Mobil,Rem Blong,Jalan Nasional,Berlubang,<40,Simpang 4,Perempuan,<17,Tidak
6/3/2025,2025,06,Bandung,3853,108,28,28,Hujan,Malam,Truk,Kecepatan Berlebih,Jalan Nasional,Baik,>60,Simpang Y,Perempuan,>50,Ya
5/1/2023,2023,05,Jakarta Timur,4244,262,22,37,Hujan,Siang,Motor,Kecepatan Berlebih,Jalan Provinsi,Berlubang,40-60,Tikungan,Laki-laki,26-45,Ya
12/2/2024,2024,12,Palembang,2286,157,22,35,Hujan,Malam,Motor,Rem Blong,Jalan Provinsi,Rusak,40-60,Tikungan,Laki-laki,<17,Ya
8/27/2024,2024,08,Medan,2830,212,24,2,Cerah,Dini Hari,Bus,Kurang Jarak Aman,Jalan Kota,Rusak,40-60,Simpang 4,Perempuan,<17,Tidak
3/22/2023,2023,03,Bekasi,2347,374,24,11,Hujan,Pagi,Truk,Kondisi Jalan,Jalan Kota,Rusak,>60,Lurus,Laki-laki,17-25,Ya
7/31/2025,2025,07,Surabaya,2103,127,26,11,Cerah,Pagi,Truk,Kondisi Jalan,Jalan Provinsi,Baik,40-60,Lurus,Laki-laki,>50,Ya
9/18/2023,2023,09,Palembang,4445,116,26,6,Cerah,Dini Hari,Bus,Kecepatan Berlebih,Jalan Nasional,Berlubang,<40,Tikungan,Perempuan,17-25,Tidak
6/6/2021,2021,06,Bandung,4137,337,22,22,Cerah,Malam,Mobil,Pelanggaran Lalu Lintas,Jalan Nasional,Rusak,>60,Simpang Y,Laki-laki,>50,Tidak
2/15/2022,2022,02,Semarang,2350,249,30,43,Cerah,Siang,Motor,Kurang Jarak Aman,Jalan Nasional,Berlubang,40-60,Simpang T,Laki-laki,>50,Ya
2/28/2023,2023,02,Semarang,3763,405,22,5,Cerah,Pagi,Bus,Kurang Jarak Aman,Jalan Nasional,Rusak,40-60,Simpang T,Laki-laki,>50,Ya
4/26/2021,2021,04,Bandung,2933,307,29,12,Hujan,Pagi,Truk,Kecepatan Berlebih,Jalan Kota,Berlubang,40-60,Simpang T,Perempuan,17-25,Ya
12/5/2022,2022,12,Jakarta Selatan,3922,275,30,28,Cerah,Dini Hari,Bus,Kondisi Jalan,Jalan Kota,Berlubang,<40,Tikungan,Laki-laki,>50,Tidak
12/8/2021,2021,12,Surabaya,4656,165,28,37,Hujan,Siang,Bus,Rem Blong,Jalan Provinsi,Rusak,40-60,Simpang 4,Perempuan,>50,Tidak
12/29/2022,2022,12,Semarang,2095,289,27,8,Hujan,Dini Hari,Truk,Rem Blong,Jalan Provinsi,Rusak,>60,Lurus,Perempuan,26-45,Tidak
10/29/2021,2021,10,Surabaya,3548,222,30,16,Hujan,Dini Hari,Mobil,Rem Blong,Jalan Provinsi,Rusak,>60,Lurus,Perempuan,<17,Ya
2/6/2024,2024,02,Makassar,3900,206,23,43,Hujan,Pagi,Motor,Rem Blong,Jalan Nasional,Berlubang,40-60,Simpang Y,Laki-laki,>50,Tidak
7/24/2025,2025,07,Jakarta Timur,4938,142,28,5,Hujan,Pagi,Bus,Rem Blong,Jalan Kota,Rusak,>60,Simpang Y,Perempuan,26-45,Tidak
6/10/2025,2025,06,Bekasi,4892,451,20,5,Cerah,Siang,Bus,Kondisi Jalan,Jalan Provinsi,Baik,>60,Simpang 4,Perempuan,17-25,Tidak
3/11/2022,2022,03,Bekasi,4816,305,28,49,Hujan,Dini Hari,Bus,Pelanggaran Lalu Lintas,Jalan Nasional,Berlubang,<40,Simpang T,Laki-laki,>50,Ya
4/3/2024,2024,04,Bekasi,3846,411,25,9,Cerah,Malam,Motor,Kondisi Jalan,Jalan Kota,Berlubang,40-60,Tikungan,Perempuan,17-25,Ya
4/11/2025,2025,04,Bekasi,4758,210,30,39,Hujan,Dini Hari,Motor,Kecepatan Berlebih,Jalan Nasional,Rusak,<40,Simpang 4,Perempuan,26-45,Ya
9/23/2021,2021,09,Yogyakarta,4067,358,22,29,Hujan,Dini Hari,Motor,Rem Blong,Jalan Provinsi,Berlubang,>60,Tikungan,Perempuan,17-25,Tidak
6/15/2023,2023,06,Yogyakarta,4580,497,21,25,Hujan,Pagi,Bus,Kurang Jarak Aman,Jalan Provinsi,Baik,<40,Simpang 4,Laki-laki,26-45,Tidak
5/22/2022,2022,05,Makassar,2182,202,24,24,Hujan,Pagi,Truk,Kecepatan Berlebih,Jalan Provinsi,Rusak,>60,Tikungan,Laki-laki,>50,Ya
10/21/2021,2021,10,Surabaya,3940,313,26,4,Cerah,Pagi,Motor,Kondisi Jalan,Jalan Nasional,Rusak,40-60,Simpang 4,Laki-laki,>50,Tidak
8/14/2024,2024,08,Medan,1858,383,29,38,Cerah,Pagi,Truk,Kurang Jarak Aman,Jalan Provinsi,Rusak,40-60,Simpang T,Perempuan,<17,Ya
1/30/2021,2021,01,Jakarta Selatan,3068,334,21,9,Cerah,Pagi,Motor,Rem Blong,Jalan Provinsi,Berlubang,<40,Lurus,Laki-laki,17-25,Tidak
7/19/2021,2021,07,Yogyakarta,2732,190,24,7,Hujan,Malam,Bus,Rem Blong,Jalan Nasional,Baik,>60,Tikungan,Perempuan,26-45,Ya
7/4/2024,2024,07,Makassar,4487,191,22,7,Cerah,Siang,Bus,Rem Blong,Jalan Provinsi,Berlubang,<40,Simpang T,Perempuan,<17,Ya
5/4/2025,2025,05,Medan,1912,294,28,28,Cerah,Siang,Truk,Kelalaian Pengemudi,Jalan Nasional,Berlubang,40-60,Simpang Y,Laki-laki,>50,Ya
8/3/2025,2025,08,Palembang,2237,352,28,11,Cerah,Malam,Mobil,Pelanggaran Lalu Lintas,Jalan Provinsi,Rusak,40-60,Simpang T,Perempuan,17-25,Tidak
10/3/2021,2021,10,Makassar,1687,476,29,25,Cerah,Malam,Motor,Kondisi Jalan,Jalan Nasional,Rusak,<40,Lurus,Perempuan,26-45,Tidak
8/18/2024,2024,08,Surabaya,2476,162,20,38,Cerah,Malam,Mobil,Kurang Jarak Aman,Jalan Provinsi,Baik,>60,Simpang T,Laki-laki,26-45,Ya
5/20/2023,2023,05,Jakarta Selatan,2521,453,27,10,Hujan,Siang,Motor,Kecepatan Berlebih,Jalan Nasional,Berlubang,>60,Tikungan,Laki-laki,<17,Tidak
10/8/2023,2023,10,Palembang,4997,369,20,48,Hujan,Pagi,Mobil,Kondisi Jalan,Jalan Nasional,Berlubang,40-60,Simpang 4,Laki-laki,>50,Tidak
7/20/2021,2021,07,Palembang,2407,190,23,10,Hujan,Malam,Mobil,Kecepatan Berlebih,Jalan Nasional,Rusak,<40,Simpang T,Perempuan,<17,Ya
7/15/2023,2023,07,Jakarta Timur,2895,153,20,35,Hujan,Siang,Mobil,Kecepatan Berlebih,Jalan Nasional,Baik,<40,Lurus,Perempuan,<17,Ya
1/20/2021,2021,01,Bandung,2673,408,23,13,Hujan,Malam,Bus,Kecepatan Berlebih,Jalan Kota,Baik,<40,Tikungan,Laki-laki,26-45,Ya
10/11/2021,2021,10,Jakarta Selatan,2954,331,22,12,Hujan,Pagi,Truk,Rem Blong,Jalan Provinsi,Berlubang,>60,Simpang Y,Laki-laki,17-25,Tidak
6/2/2024,2024,06,Palembang,1461,407,27,44,Cerah,Dini Hari,Mobil,Pelanggaran Lalu Lintas,Jalan Provinsi,Baik,>60,Lurus,Laki-laki,>50,Tidak
1/7/2024,2024,01,Yogyakarta,1505,353,25,9,Cerah,Dini Hari,Truk,Kecepatan Berlebih,Jalan Kota,Berlubang,<40,Simpang Y,Perempuan,26-45,Ya
10/9/2025,2025,10,Yogyakarta,2148,192,25,2,Hujan,Siang,Truk,Kondisi Jalan,Jalan Provinsi,Baik,>60,Simpang T,Laki-laki,<17,Tidak
3/15/2021,2021,03,Jakarta Timur,4683,289,23,15,Hujan,Dini Hari,Mobil,Rem Blong,Jalan Nasional,Baik,>60,Lurus,Perempuan,26-45,Tidak
4/2/2022,2022,04,Jakarta Timur,4945,357,25,5,Hujan,Malam,Bus,Kurang Jarak Aman,Jalan Kota,Berlubang,>60,Simpang Y,Perempuan,<17,Ya
11/7/2025,2025,11,Yogyakarta,2372,148,25,10,Hujan,Siang,Mobil,Kelalaian Pengemudi,Jalan Provinsi,Berlubang,>60,Tikungan,Laki-laki,26-45,Ya
6/24/2025,2025,06,Medan,3951,407,22,42,Hujan,Dini Hari,Mobil,Rem Blong,Jalan Provinsi,Berlubang,40-60,Tikungan,Perempuan,17-25,Ya
2/14/2024,2024,02,Bekasi,1294,174,24,22,Hujan,Malam,Truk,Pelanggaran Lalu Lintas,Jalan Nasional,Baik,>60,Lurus,Laki-laki,26-45,Ya
1/16/2021,2021,01,Semarang,4358,184,24,37,Cerah,Dini Hari,Motor,Pelanggaran Lalu Lintas,Jalan Provinsi,Rusak,40-60,Simpang 4,Perempuan,>50,Tidak
3/20/2024,2024,03,Yogyakarta,1203,135,20,16,Hujan,Malam,Mobil,Kelalaian Pengemudi,Jalan Kota,Rusak,<40,Lurus,Perempuan,>50,Ya
11/9/2025,2025,11,Palembang,2934,290,30,35,Cerah,Pagi,Mobil,Pelanggaran Lalu Lintas,Jalan Nasional,Rusak,>60,Simpang 4,Perempuan,<17,Tidak
11/18/2022,2022,11,Medan,2218,402,26,7,Hujan,Pagi,Bus,Pelanggaran Lalu Lintas,Jalan Provinsi,Berlubang,>60,Simpang T,Perempuan,17-25,Tidak
5/13/2021,2021,05,Yogyakarta,3094,141,25,13,Cerah,Pagi,Truk,Kondisi Jalan,Jalan Nasional,Berlubang,40-60,Lurus,Perempuan,<17,Ya
2/2/2024,2024,02,Surabaya,3353,259,30,43,Hujan,Dini Hari,Mobil,Kecepatan Berlebih,Jalan Nasional,Berlubang,<40,Simpang Y,Laki-laki,26-45,Tidak
3/1/2023,2023,03,Makassar,3430,314,28,36,Cerah,Pagi,Bus,Kondisi Jalan,Jalan Nasional,Baik,<40,Lurus,Laki-laki,26-45,Ya
3/5/2023,2023,03,Semarang,4307,181,21,13,Cerah,Malam,Bus,Kecepatan Berlebih,Jalan Provinsi,Berlubang,>60,Tikungan,Perempuan,>50,Tidak
9/15/2021,2021,09,Bandung,4804,210,27,29,Hujan,Dini Hari,Mobil,Kondisi Jalan,Jalan Provinsi,Baik,40-60,Tikungan,Laki-laki,26-45,Tidak
6/27/2021,2021,06,Bekasi,4191,404,24,14,Hujan,Siang,Motor,Kelalaian Pengemudi,Jalan Kota,Rusak,<40,Simpang T,Perempuan,26-45,Ya
7/5/2025,2025,07,Bandung,1893,360,29,40,Hujan,Malam,Mobil,Rem Blong,Jalan Nasional,Rusak,>60,Simpang T,Perempuan,<17,Ya
7/18/2024,2024,07,Palembang,2999,174,21,22,Hujan,Malam,Mobil,Kelalaian Pengemudi,Jalan Kota,Rusak,>60,Simpang T,Perempuan,26-45,Ya
9/30/2025,2025,09,Bekasi,2642,369,29,31,Cerah,Dini Hari,Bus,Kurang Jarak Aman,Jalan Provinsi,Berlubang,40-60,Simpang T,Perempuan,>50,Ya
12/6/2021,2021,12,Bekasi,2775,480,20,6,Hujan,Malam,Motor,Kurang Jarak Aman,Jalan Kota,Rusak,<40,Lurus,Perempuan,>50,Ya
5/4/2021,2021,05,Medan,2550,245,23,8,Hujan,Malam,Motor,Kelalaian Pengemudi,Jalan Nasional,Baik,40-60,Lurus,Laki-laki,>50,Ya
1/23/2025,2025,01,Jakarta Timur,3190,438,26,9,Hujan,Malam,Mobil,Kecepatan Berlebih,Jalan Nasional,Baik,<40,Simpang Y,Perempuan,<17,Ya
1/2/2024,2024,01,Surabaya,3423,214,29,6,Cerah,Malam,Mobil,Kurang Jarak Aman,Jalan Kota,Berlubang,<40,Simpang 4,Perempuan,26-45,Ya
6/8/2023,2023,06,Palembang,1064,206,20,12,Hujan,Dini Hari,Mobil,Rem Blong,Jalan Provinsi,Rusak,>60,Simpang Y,Laki-laki,>50,Tidak
9/3/2023,2023,09,Makassar,3304,420,29,25,Cerah,Siang,Bus,Kondisi Jalan,Jalan Nasional,Rusak,40-60,Lurus,Laki-laki,<17,Ya
5/16/2025,2025,05,Palembang,2011,382,25,36,Hujan,Dini Hari,Bus,Kecepatan Berlebih,Jalan Kota,Rusak,<40,Lurus,Laki-laki,>50,Ya
4/20/2022,2022,04,Surabaya,4936,299,20,3,Hujan,Malam,Mobil,Pelanggaran Lalu Lintas,Jalan Provinsi,Berlubang,40-60,Tikungan,Laki-laki,26-45,Tidak
12/15/2022,2022,12,Bekasi,2937,333,20,37,Hujan,Pagi,Mobil,Pelanggaran Lalu Lintas,Jalan Provinsi,Baik,40-60,Simpang Y,Perempuan,<17,Tidak
5/17/2024,2024,05,Jakarta Selatan,1491,240,20,17,Hujan,Siang,Truk,Kondisi Jalan,Jalan Provinsi,Baik,>60,Tikungan,Laki-laki,<17,Ya
9/8/2023,2023,09,Makassar,1296,139,27,11,Cerah,Malam,Truk,Kecepatan Berlebih,Jalan Nasional,Berlubang,<40,Simpang Y,Laki-laki,17-25,Tidak
8/7/2023,2023,08,Jakarta Timur,2968,184,28,21,Cerah,Siang,Mobil,Rem Blong,Jalan Kota,Berlubang,>60,Tikungan,Laki-laki,26-45,Tidak
8/15/2025,2025,08,Bandung,3949,142,28,4,Hujan,Dini Hari,Motor,Kondisi Jalan,Jalan Kota,Baik,<40,Lurus,Laki-laki,26-45,Ya
11/24/2024,2024,11,Palembang,4425,405,26,18,Hujan,Pagi,Motor,Kurang Jarak Aman,Jalan Provinsi,Baik,40-60,Simpang Y,Perempuan,<17,Ya
8/17/2024,2024,08,Bekasi,3420,498,20,4,Hujan,Dini Hari,Truk,Rem Blong,Jalan Kota,Rusak,40-60,Simpang 4,Perempuan,26-45,Ya
11/25/2021,2021,11,Bandung,4299,286,24,30,Cerah,Siang,Motor,Rem Blong,Jalan Kota,Baik,40-60,Lurus,Perempuan,17-25,Ya
6/11/2025,2025,06,Yogyakarta,4055,491,23,16,Hujan,Malam,Bus,Rem Blong,Jalan Nasional,Rusak,>60,Simpang 4,Laki-laki,<17,Tidak
1/2/2024,2024,01,Semarang,2980,406,26,28,Cerah,Malam,Motor,Kurang Jarak Aman,Jalan Provinsi,Berlubang,>60,Simpang Y,Perempuan,17-25,Tidak
12/22/2022,2022,12,Palembang,3493,187,26,10,Hujan,Dini Hari,Motor,Kelalaian Pengemudi,Jalan Nasional,Baik,40-60,Simpang T,Laki-laki,26-45,Tidak
11/11/2025,2025,11,Jakarta Timur,3245,377,24,23,Hujan,Siang,Bus,Kecepatan Berlebih,Jalan Nasional,Rusak,>60,Tikungan,Perempuan,<17,Tidak
10/13/2025,2025,10,Makassar,4971,353,25,5,Hujan,Siang,Motor,Kecepatan Berlebih,Jalan Provinsi,Berlubang,>60,Simpang Y,Laki-laki,>50,Ya
12/8/2023,2023,12,Medan,3974,228,24,8,Cerah,Siang,Truk,Kondisi Jalan,Jalan Nasional,Baik,<40,Lurus,Perempuan,<17,Tidak
3/26/2025,2025,03,Jakarta Selatan,1732,218,25,23,Cerah,Siang,Bus,Kurang Jarak Aman,Jalan Provinsi,Rusak,<40,Tikungan,Laki-laki,>50,Ya
1/21/2024,2024,01,Palembang,3151,128,20,23,Hujan,Malam,Mobil,Kurang Jarak Aman,Jalan Provinsi,Baik,>60,Simpang Y,Laki-laki,>50,Ya
12/20/2025,2025,12,Yogyakarta,3898,302,24,23,Cerah,Siang,Motor,Kecepatan Berlebih,Jalan Provinsi,Baik,<40,Tikungan,Perempuan,>50,Tidak
5/7/2024,2024,05,Semarang,1053,444,21,32,Cerah,Dini Hari,Mobil,Kelalaian Pengemudi,Jalan Nasional,Berlubang,40-60,Simpang T,Laki-laki,<17,Ya
8/11/2024,2024,08,Jakarta Timur,1680,136,25,11,Cerah,Dini Hari,Truk,Pelanggaran Lalu Lintas,Jalan Kota,Baik,40-60,Simpang 4,Laki-laki,26-45,Tidak
7/5/2023,2023,07,Bekasi,1644,172,24,36,Cerah,Siang,Truk,Kecepatan Berlebih,Jalan Kota,Berlubang,40-60,Tikungan,Perempuan,>50,Tidak
6/9/2023,2023,06,Jakarta Selatan,1808,167,27,44,Cerah,Pagi,Mobil,Pelanggaran Lalu Lintas,Jalan Kota,Berlubang,<40,Simpang T,Perempuan,<17,Ya
10/4/2023,2023,10,Medan,4209,154,26,17,Cerah,Malam,Mobil,Kecepatan Berlebih,Jalan Provinsi,Berlubang,>60,Simpang Y,Perempuan,>50,Tidak
5/30/2024,2024,05,Surabaya,2310,387,29,10,Hujan,Pagi,Motor,Kurang Jarak Aman,Jalan Provinsi,Rusak,>60,Simpang 4,Perempuan,26-45,Tidak
2/20/2023,2023,02,Surabaya,1561,499,29,7,Hujan,Pagi,Bus,Kondisi Jalan,Jalan Provinsi,Rusak,<40,Tikungan,Laki-laki,17-25,Ya
8/24/2023,2023,08,Medan,4719,359,21,0,Hujan,Dini Hari,Truk,Kecepatan Berlebih,Jalan Nasional,Rusak,<40,Simpang Y,Perempuan,17-25,Tidak
12/20/2023,2023,12,Jakarta Timur,2390,188,30,56,Hujan,Siang,Bus,Kecepatan Berlebih,Jalan Nasional,Rusak,<40,Tikungan,Laki-laki,<17,Ya
12/29/2021,2021,12,Jakarta Timur,2891,207,23,34,Hujan,Siang,Motor,Kondisi Jalan,Jalan Provinsi,Berlubang,40-60,Simpang T,Laki-laki,<17,Tidak
12/27/2022,2022,12,Bandung,3817,195,30,38,Hujan,Malam,Motor,Kondisi Jalan,Jalan Provinsi,Baik,>60,Simpang 4,Laki-laki,>50,Ya
6/9/2022,2022,06,Bandung,4982,108,26,66,Hujan,Pagi,Mobil,Kurang Jarak Aman,Jalan Provinsi,Rusak,<40,Simpang Y,Laki-laki,>50,Ya
12/24/2023,2023,12,Surabaya,3347,143,30,28,Hujan,Pagi,Mobil,Kelalaian Pengemudi,Jalan Nasional,Berlubang,>60,Simpang 4,Laki-laki,>50,Ya
8/27/2024,2024,08,Medan,3210,224,28,38,Cerah,Pagi,Truk,Kurang Jarak Aman,Jalan Provinsi,Rusak,<40,Simpang Y,Laki-laki,<17,Tidak
6/15/2022,2022,06,Semarang,4542,221,21,22,Cerah,Siang,Bus,Kurang Jarak Aman,Jalan Kota,Berlubang,<40,Simpang Y,Perempuan,26-45,Tidak
11/29/2024,2024,11,Medan,2327,235,28,7,Cerah,Pagi,Mobil,Rem Blong,Jalan Nasional,Berlubang,<40,Simpang T,Laki-laki,26-45,Ya
1/24/2023,2023,01,Jakarta Selatan,3762,108,25,35,Cerah,Dini Hari,Truk,Kecepatan Berlebih,Jalan Provinsi,Baik,>60,Simpang T,Laki-laki,>50,Tidak
7/1/2022,2022,07,Makassar,3416,384,25,11,Cerah,Dini Hari,Truk,Kecepatan Berlebih,Jalan Kota,Baik,>60,Simpang 4,Laki-laki,17-25,Ya
6/28/2021,2021,06,Jakarta Selatan,3885,468,29,22,Cerah,Dini Hari,Motor,Kurang Jarak Aman,Jalan Provinsi,Rusak,>60,Tikungan,Laki-laki,<17,Ya
5/3/2025,2025,05,Jakarta Selatan,2774,225,23,3,Hujan,Pagi,Mobil,Kelalaian Pengemudi,Jalan Provinsi,Baik,40-60,Simpang 4,Laki-laki,<17,Ya
9/22/2025,2025,09,Jakarta Timur,3179,418,28,12,Hujan,Dini Hari,Bus,Kondisi Jalan,Jalan Kota,Rusak,40-60,Tikungan,Perempuan,17-25,Tidak
4/25/2024,2024,04,Medan,3158,281,27,16,Cerah,Dini Hari,Motor,Rem Blong,Jalan Nasional,Berlubang,40-60,Simpang Y,Laki-laki,>50,Tidak
8/9/2022,2022,08,Bandung,2146,240,24,17,Hujan,Dini Hari,Truk,Kondisi Jalan,Jalan Nasional,Baik,<40,Lurus,Laki-laki,26-45,Tidak
4/12/2021,2021,04,Surabaya,3127,361,26,40,Cerah,Malam,Bus,Kurang Jarak Aman,Jalan Kota,Baik,>60,Lurus,Laki-laki,>50,Ya
11/18/2024,2024,11,Bandung,1837,435,28,23,Hujan,Dini Hari,Truk,Kurang Jarak Aman,Jalan Provinsi,Baik,40-60,Simpang 4,Laki-laki,17-25,Ya
8/23/2022,2022,08,Yogyakarta,1647,329,28,5,Hujan,Malam,Motor,Rem Blong,Jalan Kota,Rusak,40-60,Simpang T,Perempuan,26-45,Tidak
5/31/2025,2025,05,Medan,3481,387,22,28,Cerah,Siang,Truk,Kelalaian Pengemudi,Jalan Nasional,Berlubang,40-60,Simpang Y,Laki-laki,17-25,Tidak
10/15/2022,2022,10,Surabaya,1633,315,29,7,Cerah,Malam,Motor,Rem Blong,Jalan Nasional,Berlubang,>60,Tikungan,Laki-laki,<17,Tidak
7/26/2022,2022,07,Bandung,4721,185,24,65,Cerah,Siang,Truk,Kecepatan Berlebih,Jalan Kota,Berlubang,<40,Simpang 4,Laki-laki,26-45,Ya
3/5/2025,2025,03,Jakarta Timur,4184,449,21,4,Cerah,Pagi,Truk,Rem Blong,Jalan Nasional,Rusak,40-60,Simpang T,Perempuan,<17,Tidak
11/2/2022,2022,11,Bekasi,4032,147,26,5,Cerah,Pagi,Motor,Kecepatan Berlebih,Jalan Nasional,Baik,40-60,Simpang 4,Perempuan,>50,Tidak
7/2/2022,2022,07,Palembang,3148,361,24,26,Cerah,Dini Hari,Motor,Kelalaian Pengemudi,Jalan Provinsi,Rusak,<40,Lurus,Laki-laki,26-45,Ya
9/1/2021,2021,09,Medan,3736,439,20,59,Cerah,Pagi,Motor,Kurang Jarak Aman,Jalan Provinsi,Baik,<40,Simpang T,Perempuan,<17,Ya
5/18/2021,2021,05,Makassar,2324,282,27,8,Cerah,Siang,Truk,Kurang Jarak Aman,Jalan Kota,Berlubang,<40,Simpang 4,Laki-laki,17-25,Ya
3/2/2025,2025,03,Bandung,3631,412,22,25,Cerah,Dini Hari,Motor,Pelanggaran Lalu Lintas,Jalan Provinsi,Rusak,>60,Tikungan,Laki-laki,17-25,Ya
7/6/2024,2024,07,Jakarta Selatan,3909,202,26,9,Hujan,Siang,Truk,Rem Blong,Jalan Provinsi,Berlubang,>60,Simpang 4,Perempuan,>50,Ya
11/30/2022,2022,11,Semarang,1643,481,29,16,Cerah,Siang,Bus,Kondisi Jalan,Jalan Kota,Baik,40-60,Simpang T,Laki-laki,17-25,Ya
12/18/2022,2022,12,Bandung,2149,193,23,38,Hujan,Malam,Motor,Kondisi Jalan,Jalan Provinsi,Baik,>60,Simpang 4,Perempuan,26-45,Tidak
3/12/2021,2021,03,Jakarta Selatan,2298,145,20,36,Hujan,Siang,Truk,Kurang Jarak Aman,Jalan Nasional,Rusak,>60,Simpang 4,Laki-laki,<17,Ya
4/12/2021,2021,04,Medan,1054,192,30,0,Cerah,Dini Hari,Bus,Kecepatan Berlebih,Jalan Nasional,Berlubang,40-60,Simpang 4,Perempuan,17-25,Tidak
10/2/2022,2022,10,Palembang,4654,486,24,24,Cerah,Malam,Bus,Kelalaian Pengemudi,Jalan Nasional,Berlubang,40-60,Simpang 4,Perempuan,>50,Tidak
9/1/2025,2025,09,Medan,3657,468,22,11,Cerah,Pagi,Truk,Rem Blong,Jalan Nasional,Berlubang,40-60,Simpang 4,Perempuan,17-25,Tidak
11/9/2022,2022,11,Yogyakarta,3559,140,30,42,Cerah,Malam,Mobil,Rem Blong,Jalan Kota,Berlubang,>60,Simpang T,Perempuan,17-25,Ya
12/14/2025,2025,12,Bandung,1549,275,26,7,Hujan,Siang,Mobil,Kelalaian Pengemudi,Jalan Provinsi,Rusak,40-60,Simpang 4,Laki-laki,17-25,Tidak
11/29/2024,2024,11,Surabaya,2560,242,20,51,Hujan,Malam,Truk,Kelalaian Pengemudi,Jalan Kota,Berlubang,>60,Simpang T,Perempuan,17-25,Ya
10/18/2024,2024,10,Bekasi,2399,362,26,41,Cerah,Siang,Truk,Kecepatan Berlebih,Jalan Nasional,Rusak,>60,Simpang 4,Perempuan,26-45,Tidak
12/28/2025,2025,12,Jakarta Selatan,4855,126,28,22,Hujan,Malam,Bus,Kondisi Jalan,Jalan Nasional,Berlubang,40-60,Tikungan,Perempuan,>50,Tidak
5/9/2022,2022,05,Semarang,3862,297,24,3,Hujan,Siang,Truk,Kelalaian Pengemudi,Jalan Nasional,Baik,<40,Lurus,Perempuan,17-25,Ya
1/15/2023,2023,01,Jakarta Selatan,4119,244,22,47,Cerah,Siang,Bus,Kelalaian Pengemudi,Jalan Kota,Berlubang,<40,Simpang 4,Perempuan,>50,Ya
5/1/2024,2024,05,Bekasi,1358,413,21,17,Hujan,Dini Hari,Motor,Kelalaian Pengemudi,Jalan Nasional,Rusak,>60,Tikungan,Laki-laki,26-45,Ya
9/30/2024,2024,09,Yogyakarta,1771,416,25,20,Hujan,Malam,Mobil,Kondisi Jalan,Jalan Provinsi,Berlubang,<40,Simpang T,Laki-laki,>50,Tidak
7/11/2023,2023,07,Surabaya,1444,174,28,32,Hujan,Malam,Motor,Pelanggaran Lalu Lintas,Jalan Kota,Rusak,40-60,Simpang T,Perempuan,<17,Ya
6/23/2021,2021,06,Surabaya,2963,428,22,16,Hujan,Dini Hari,Motor,Rem Blong,Jalan Nasional,Rusak,40-60,Simpang Y,Perempuan,>50,Ya
1/19/2023,2023,01,Palembang,3156,315,21,17,Cerah,Pagi,Bus,Pelanggaran Lalu Lintas,Jalan Kota,Rusak,40-60,Simpang T,Laki-laki,>50,Tidak
12/12/2023,2023,12,Makassar,3159,132,28,32,Cerah,Dini Hari,Motor,Kondisi Jalan,Jalan Provinsi,Rusak,<40,Simpang 4,Perempuan,<17,Ya
4/1/2025,2025,04,Bandung,1043,269,20,44,Cerah,Dini Hari,Mobil,Rem Blong,Jalan Kota,Rusak,<40,Lurus,Perempuan,>50,Ya
5/2/2022,2022,05,Jakarta Selatan,4839,325,24,29,Cerah,Pagi,Truk,Kondisi Jalan,Jalan Kota,Baik,>60,Simpang 4,Laki-laki,26-45,Tidak
7/12/2021,2021,07,Yogyakarta,4978,222,24,7,Hujan,Malam,Bus,Rem Blong,Jalan Nasional,Baik,>60,Simpang 4,Perempuan,<17,Tidak
9/15/2025,2025,09,Bandung,1309,328,22,44,Cerah,Dini Hari,Mobil,Kurang Jarak Aman,Jalan Provinsi,Baik,40-60,Simpang T,Laki-laki,17-25,Ya
2/14/2024,2024,02,Jakarta Timur,3015,146,29,32,Cerah,Dini Hari,Truk,Kelalaian Pengemudi,Jalan Nasional,Rusak,<40,Lurus,Laki-laki,26-45,Ya
1/29/2023,2023,01,Makassar,1515,161,24,9,Hujan,Pagi,Mobil,Kecepatan Berlebih,Jalan Kota,Baik,<40,Lurus,Perempuan,17-25,Ya
3/5/2021,2021,03,Jakarta Timur,4584,463,27,17,Cerah,Malam,Motor,Pelanggaran Lalu Lintas,Jalan Kota,Rusak,<40,Simpang Y,Laki-laki,17-25,Ya
7/22/2022,2022,07,Bekasi,1874,241,26,52,Cerah,Malam,Motor,Kurang Jarak Aman,Jalan Nasional,Baik,40-60,Simpang T,Laki-laki,17-25,Ya
9/8/2023,2023,09,Makassar,1448,285,23,11,Cerah,Malam,Truk,Kecepatan Berlebih,Jalan Nasional,Berlubang,<40,Lurus,Laki-laki,<17,Ya
2/4/2025,2025,02,Medan,2046,389,30,72,Cerah,Malam,Bus,Kecepatan Berlebih,Jalan Kota,Rusak,>60,Tikungan,Perempuan,<17,Tidak
2/6/2023,2023,02,Bekasi,2055,308,27,34,Cerah,Pagi,Bus,Kecepatan Berlebih,Jalan Provinsi,Berlubang,>60,Simpang T,Perempuan,<17,Ya
10/20/2021,2021,10,Bandung,3021,231,20,30,Hujan,Siang,Truk,Kondisi Jalan,Jalan Kota,Baik,<40,Lurus,Perempuan,>50,Tidak
4/3/2023,2023,04,Palembang,2089,463,24,44,Hujan,Siang,Mobil,Rem Blong,Jalan Kota,Berlubang,40-60,Simpang 4,Perempuan,26-45,Tidak
2/22/2021,2021,02,Surabaya,2322,242,29,18,Hujan,Dini Hari,Bus,Kelalaian Pengemudi,Jalan Nasional,Berlubang,<40,Simpang T,Laki-laki,>50,Tidak
10/26/2022,2022,10,Medan,3112,402,20,7,Cerah,Pagi,Mobil,Kondisi Jalan,Jalan Nasional,Baik,40-60,Simpang Y,Laki-laki,17-25,Ya
12/19/2025,2025,12,Surabaya,2398,484,21,16,Cerah,Siang,Bus,Kondisi Jalan,Jalan Nasional,Berlubang,40-60,Simpang 4,Perempuan,26-45,Ya
8/24/2024,2024,08,Bekasi,1812,394,24,43,Cerah,Dini Hari,Mobil,Kurang Jarak Aman,Jalan Provinsi,Berlubang,40-60,Lurus,Laki-laki,26-45,Ya
9/5/2022,2022,09,Medan,1526,164,27,31,Cerah,Pagi,Motor,Kondisi Jalan,Jalan Provinsi,Berlubang,>60,Simpang T,Laki-laki,26-45,Ya
12/4/2025,2025,12,Makassar,1790,233,26,13,Cerah,Dini Hari,Mobil,Rem Blong,Jalan Provinsi,Baik,>60,Simpang 4,Laki-laki,26-45,Tidak
10/6/2024,2024,10,Bekasi,4423,123,28,41,Cerah,Siang,Truk,Kecepatan Berlebih,Jalan Nasional,Rusak,>60,Simpang T,Laki-laki,>50,Ya
1/4/2024,2024,01,Surabaya,4152,241,30,6,Cerah,Malam,Mobil,Kurang Jarak Aman,Jalan Kota,Berlubang,>60,Tikungan,Laki-laki,>50,Ya
4/15/2024,2024,04,Yogyakarta,4196,259,29,14,Cerah,Siang,Truk,Rem Blong,Jalan Kota,Baik,>60,Simpang 4,Laki-laki,>50,Ya
11/26/2025,2025,11,Yogyakarta,4571,243,22,10,Hujan,Siang,Mobil,Kelalaian Pengemudi,Jalan Provinsi,Berlubang,>60,Simpang T,Perempuan,<17,Ya
6/5/2021,2021,06,Bekasi,2442,337,28,13,Hujan,Siang,Mobil,Rem Blong,Jalan Nasional,Rusak,<40,Tikungan,Laki-laki,<17,Ya
4/25/2025,2025,04,Bandung,1914,317,30,14,Hujan,Malam,Truk,Kurang Jarak Aman,Jalan Nasional,Rusak,<40,Simpang T,Perempuan,<17,Ya
11/2/2021,2021,11,Surabaya,1860,161,30,28,Cerah,Malam,Bus,Kecepatan Berlebih,Jalan Nasional,Baik,<40,Simpang T,Perempuan,17-25,Tidak
6/3/2022,2022,06,Palembang,3372,234,28,9,Cerah,Dini Hari,Bus,Kondisi Jalan,Jalan Kota,Baik,>60,Simpang Y,Perempuan,<17,Ya
11/15/2023,2023,11,Jakarta Selatan,2106,486,20,18,Cerah,Pagi,Truk,Kecepatan Berlebih,Jalan Kota,Baik,40-60,Tikungan,Perempuan,>50,Tidak
7/15/2021,2021,07,Jakarta Timur,1872,233,29,21,Cerah,Dini Hari,Mobil,Pelanggaran Lalu Lintas,Jalan Kota,Baik,<40,Lurus,Laki-laki,17-25,Ya
3/9/2022,2022,03,Yogyakarta,2633,354,21,21,Cerah,Siang,Motor,Kondisi Jalan,Jalan Provinsi,Rusak,<40,Simpang Y,Perempuan,>50,Ya
1/4/2024,2024,01,Bekasi,1122,171,25,23,Hujan,Siang,Bus,Kondisi Jalan,Jalan Kota,Baik,<40,Simpang T,Perempuan,>50,Tidak
5/23/2025,2025,05,Jakarta Timur,1830,386,28,7,Hujan,Siang,Mobil,Kelalaian Pengemudi,Jalan Nasional,Berlubang,>60,Tikungan,Laki-laki,26-45,Ya
9/10/2025,2025,09,Jakarta Timur,3949,110,30,12,Hujan,Dini Hari,Bus,Kondisi Jalan,Jalan Kota,Rusak,>60,Simpang Y,Perempuan,17-25,Ya
11/21/2025,2025,11,Yogyakarta,1458,107,20,51,Cerah,Siang,Mobil,Rem Blong,Jalan Nasional,Berlubang,40-60,Lurus,Laki-laki,>50,Tidak
12/29/2022,2022,12,Palembang,4909,197,21,1,Hujan,Siang,Motor,Pelanggaran Lalu Lintas,Jalan Provinsi,Rusak,<40,Simpang T,Perempuan,26-45,Tidak
1/19/2024,2024,01,Semarang,3529,345,30,35,Cerah,Pagi,Bus,Rem Blong,Jalan Provinsi,Rusak,>60,Tikungan,Laki-laki,>50,Tidak
7/1/2023,2023,07,Yogyakarta,2572,319,25,5,Cerah,Malam,Motor,Kelalaian Pengemudi,Jalan Nasional,Berlubang,40-60,Lurus,Perempuan,26-45,Ya
10/24/2025,2025,10,Jakarta Timur,4020,298,29,56,Hujan,Dini Hari,Bus,Rem Blong,Jalan Provinsi,Rusak,40-60,Tikungan,Perempuan,>50,Ya
1/27/2023,2023,01,Bandung,4087,452,25,2,Cerah,Dini Hari,Motor,Pelanggaran Lalu Lintas,Jalan Provinsi,Baik,<40,Tikungan,Laki-laki,26-45,Ya
8/1/2022,2022,08,Palembang,3171,123,21,8,Cerah,Malam,Mobil,Pelanggaran Lalu Lintas,Jalan Provinsi,Baik,>60,Simpang 4,Laki-laki,17-25,Ya
9/25/2024,2024,09,Bandung,3756,298,22,13,Hujan,Pagi,Bus,Kecepatan Berlebih,Jalan Provinsi,Baik,40-60,Simpang T,Laki-laki,>50,Ya
7/23/2022,2022,07,Bekasi,1675,216,27,36,Hujan,Dini Hari,Truk,Kelalaian Pengemudi,Jalan Provinsi,Rusak,40-60,Lurus,Laki-laki,<17,Tidak
1/13/2022,2022,01,Yogyakarta,3112,479,29,12,Cerah,Siang,Motor,Kecepatan Berlebih,Jalan Provinsi,Baik,40-60,Simpang Y,Perempuan,>50,Ya
11/2/2021,2021,11,Bandung,3914,379,20,59,Hujan,Dini Hari,Mobil,Kecepatan Berlebih,Jalan Nasional,Rusak,>60,Simpang T,Laki-laki,17-25,Tidak
6/11/2023,2023,06,Surabaya,3628,345,25,38,Hujan,Malam,Truk,Kurang Jarak Aman,Jalan Kota,Berlubang,<40,Simpang 4,Laki-laki,17-25,Ya
11/10/2025,2025,11,Palembang,4162,105,28,40,Hujan,Pagi,Mobil,Kecepatan Berlebih,Jalan Nasional,Baik,<40,Simpang 4,Laki-laki,17-25,Tidak
9/17/2022,2022,09,Jakarta Timur,1890,125,24,12,Hujan,Pagi,Motor,Pelanggaran Lalu Lintas,Jalan Kota,Berlubang,>60,Simpang 4,Laki-laki,26-45,Tidak
1/15/2022,2022,01,Bekasi,4099,177,26,39,Cerah,Malam,Mobil,Kelalaian Pengemudi,Jalan Provinsi,Baik,>60,Simpang 4,Laki-laki,>50,Tidak
4/18/2025,2025,04,Palembang,2599,467,27,35,Cerah,Dini Hari,Motor,Kondisi Jalan,Jalan Provinsi,Berlubang,40-60,Simpang Y,Laki-laki,>50,Ya
1/9/2025,2025,01,Jakarta Selatan,3558,182,30,46,Cerah,Pagi,Motor,Kurang Jarak Aman,Jalan Nasional,Baik,<40,Simpang T,Perempuan,17-25,Tidak
1/26/2025,2025,01,Jakarta Timur,3572,125,27,12,Cerah,Pagi,Motor,Kecepatan Berlebih,Jalan Kota,Baik,<40,Tikungan,Laki-laki,>50,Ya
11/18/2025,2025,11,Palembang,3405,493,25,27,Hujan,Dini Hari,Bus,Kelalaian Pengemudi,Jalan Nasional,Baik,40-60,Simpang 4,Perempuan,26-45,Ya
9/10/2021,2021,09,Medan,1479,322,27,1,Hujan,Malam,Truk,Kondisi Jalan,Jalan Kota,Rusak,>60,Lurus,Perempuan,<17,Tidak
8/28/2025,2025,08,Bandung,1908,258,26,0,Cerah,Dini Hari,Truk,Kecepatan Berlebih,Jalan Kota,Berlubang,>60,Simpang T,Perempuan,17-25,Tidak
1/7/2023,2023,01,Semarang,2720,452,24,43,Cerah,Dini Hari,Truk,Rem Blong,Jalan Provinsi,Rusak,>60,Lurus,Perempuan,26-45,Ya
10/2/2025,2025,10,Makassar,2024,245,25,18,Cerah,Dini Hari,Motor,Kecepatan Berlebih,Jalan Nasional,Baik,40-60,Simpang T,Perempuan,17-25,Ya
9/16/2021,2021,09,Palembang,4000,253,28,33,Hujan,Malam,Truk,Pelanggaran Lalu Lintas,Jalan Provinsi,Baik,<40,Tikungan,Laki-laki,>50,Ya
7/25/2023,2023,07,Semarang,3222,236,30,52,Cerah,Siang,Mobil,Kelalaian Pengemudi,Jalan Nasional,Rusak,<40,Tikungan,Laki-laki,>50,Tidak
6/7/2023,2023,06,Makassar,4631,183,30,18,Cerah,Pagi,Bus,Kecepatan Berlebih,Jalan Nasional,Baik,<40,Simpang T,Laki-laki,<17,Ya
1/18/2021,2021,01,Bekasi,3667,426,26,55,Cerah,Dini Hari,Bus,Kecepatan Berlebih,Jalan Nasional,Baik,<40,Simpang 4,Perempuan,>50,Ya
9/16/2024,2024,09,Palembang,2697,195,30,3,Hujan,Siang,Motor,Kecepatan Berlebih,Jalan Provinsi,Rusak,>60,Simpang 4,Laki-laki,26-45,Ya
7/26/2022,2022,07,Jakarta Selatan,4214,214,25,32,Cerah,Pagi,Motor,Rem Blong,Jalan Kota,Berlubang,<40,Simpang 4,Laki-laki,>50,Tidak
4/24/2022,2022,04,Bekasi,3630,441,27,9,Hujan,Malam,Motor,Kurang Jarak Aman,Jalan Nasional,Rusak,>60,Simpang Y,Perempuan,17-25,Ya
2/14/2023,2023,02,Surabaya,1527,353,25,2,Hujan,Malam,Motor,Rem Blong,Jalan Nasional,Baik,<40,Lurus,Perempuan,>50,Tidak
1/8/2023,2023,01,Medan,1683,161,26,22,Cerah,Pagi,Mobil,Kondisi Jalan,Jalan Nasional,Berlubang,<40,Simpang T,Laki-laki,>50,Ya
1/10/2023,2023,01,Makassar,3738,215,20,55,Hujan,Dini Hari,Mobil,Kondisi Jalan,Jalan Nasional,Berlubang,>60,Lurus,Perempuan,26-45,Tidak
3/29/2022,2022,03,Palembang,4231,227,28,5,Cerah,Malam,Mobil,Kelalaian Pengemudi,Jalan Nasional,Rusak,40-60,Simpang T,Laki-laki,17-25,Ya
9/19/2021,2021,09,Bandung,2655,116,24,23,Hujan,Pagi,Motor,Kurang Jarak Aman,Jalan Nasional,Rusak,40-60,Simpang T,Perempuan,26-45,Ya
6/24/2023,2023,06,Medan,3071,349,28,17,Hujan,Siang,Mobil,Pelanggaran Lalu Lintas,Jalan Provinsi,Berlubang,40-60,Lurus,Laki-laki,<17,Ya
3/10/2025,2025,03,Palembang,2745,264,30,20,Cerah,Malam,Mobil,Pelanggaran Lalu Lintas,Jalan Kota,Baik,<40,Simpang 4,Laki-laki,17-25,Tidak
10/6/2025,2025,10,Bekasi,4462,263,21,32,Cerah,Malam,Mobil,Pelanggaran Lalu Lintas,Jalan Kota,Rusak,>60,Tikungan,Perempuan,17-25,Tidak
10/17/2025,2025,10,Semarang,2606,399,24,4,Cerah,Dini Hari,Mobil,Kelalaian Pengemudi,Jalan Kota,Baik,<40,Simpang 4,Laki-laki,26-45,Ya
1/1/2022,2022,01,Medan,4607,401,20,1,Cerah,Siang,Mobil,Pelanggaran Lalu Lintas,Jalan Nasional,Rusak,<40,Tikungan,Laki-laki,26-45,Ya
5/21/2024,2024,05,Bandung,1873,240,24,53,Cerah,Malam,Mobil,Rem Blong,Jalan Provinsi,Rusak,>60,Simpang 4,Perempuan,<17,Tidak
5/4/2022,2022,05,Surabaya,3384,195,29,1,Cerah,Malam,Motor,Kecepatan Berlebih,Jalan Kota,Baik,>60,Simpang Y,Perempuan,26-45,Tidak
5/21/2025,2025,05,Semarang,4738,404,29,5,Cerah,Pagi,Truk,Kurang Jarak Aman,Jalan Kota,Rusak,>60,Tikungan,Laki-laki,<17,Tidak
1/1/2025,2025,01,Bekasi,1787,279,24,39,Hujan,Pagi,Truk,Kecepatan Berlebih,Jalan Nasional,Rusak,<40,Lurus,Perempuan,>50,Ya
4/30/2023,2023,04,Surabaya,2119,214,27,14,Cerah,Dini Hari,Bus,Rem Blong,Jalan Kota,Baik,>60,Lurus,Perempuan,26-45,Ya
3/7/2023,2023,03,Bekasi,3907,136,21,23,Hujan,Dini Hari,Mobil,Kurang Jarak Aman,Jalan Kota,Rusak,>60,Simpang 4,Laki-laki,<17,Tidak
6/14/2021,2021,06,Surabaya,4554,396,21,30,Hujan,Malam,Motor,Kecepatan Berlebih,Jalan Provinsi,Berlubang,<40,Lurus,Perempuan,>50,Ya
2/21/2022,2022,02,Bandung,3338,109,23,37,Cerah,Siang,Truk,Rem Blong,Jalan Kota,Baik,40-60,Simpang Y,Perempuan,>50,Ya
7/13/2024,2024,07,Makassar,1350,301,30,29,Hujan,Siang,Truk,Pelanggaran Lalu Lintas,Jalan Kota,Rusak,40-60,Simpang Y,Laki-laki,26-45,Ya
12/24/2023,2023,12,Palembang,2293,184,25,11,Hujan,Malam,Motor,Pelanggaran Lalu Lintas,Jalan Provinsi,Rusak,40-60,Simpang Y,Laki-laki,26-45,Tidak
4/8/2024,2024,04,Surabaya,4367,158,30,24,Cerah,Pagi,Bus,Kecepatan Berlebih,Jalan Provinsi,Rusak,40-60,Simpang Y,Perempuan,26-45,Ya
1/3/2024,2024,01,Medan,1967,330,24,30,Cerah,Malam,Truk,Kurang Jarak Aman,Jalan Kota,Rusak,<40,Simpang T,Perempuan,17-25,Tidak
6/5/2025,2025,06,Bekasi,4591,495,23,5,Cerah,Siang,Bus,Kondisi Jalan,Jalan Provinsi,Baik,40-60,Simpang 4,Perempuan,>50,Ya
8/14/2025,2025,08,Bandung,4282,209,29,9,Hujan,Pagi,Bus,Kurang Jarak Aman,Jalan Kota,Berlubang,<40,Simpang Y,Perempuan,<17,Ya
8/1/2025,2025,08,Bekasi,3092,290,26,12,Hujan,Dini Hari,Motor,Kelalaian Pengemudi,Jalan Nasional,Rusak,<40,Simpang 4,Laki-laki,<17,Ya
5/12/2025,2025,05,Palembang,3260,128,30,4,Cerah,Pagi,Truk,Pelanggaran Lalu Lintas,Jalan Nasional,Rusak,<40,Lurus,Perempuan,17-25,Tidak
6/26/2022,2022,06,Bekasi,4833,199,27,19,Cerah,Pagi,Motor,Pelanggaran Lalu Lintas,Jalan Kota,Rusak,<40,Simpang 4,Laki-laki,26-45,Ya
7/20/2025,2025,07,Medan,1502,113,23,36,Cerah,Malam,Mobil,Kelalaian Pengemudi,Jalan Nasional,Baik,40-60,Simpang 4,Laki-laki,26-45,Ya
7/3/2022,2022,07,Yogyakarta,2739,256,20,4,Cerah,Siang,Bus,Kelalaian Pengemudi,Jalan Nasional,Rusak,40-60,Simpang 4,Perempuan,<17,Ya
4/22/2024,2024,04,Jakarta Selatan,1122,410,30,46,Hujan,Malam,Motor,Kurang Jarak Aman,Jalan Nasional,Rusak,40-60,Tikungan,Perempuan,<17,Tidak
8/28/2024,2024,08,Yogyakarta,3759,218,21,24,Hujan,Dini Hari,Truk,Kurang Jarak Aman,Jalan Nasional,Berlubang,<40,Simpang T,Laki-laki,>50,Tidak
5/26/2025,2025,05,Surabaya,3624,300,26,13,Cerah,Dini Hari,Mobil,Kelalaian Pengemudi,Jalan Nasional,Baik,<40,Tikungan,Laki-laki,17-25,Tidak
4/11/2023,2023,04,Jakarta Selatan,2050,464,22,20,Hujan,Dini Hari,Mobil,Kelalaian Pengemudi,Jalan Kota,Rusak,40-60,Lurus,Laki-laki,<17,Ya
10/6/2024,2024,10,Medan,2829,290,23,11,Hujan,Malam,Truk,Kelalaian Pengemudi,Jalan Nasional,Rusak,<40,Tikungan,Laki-laki,26-45,Tidak
12/22/2023,2023,12,Semarang,4836,133,26,7,Cerah,Pagi,Motor,Rem Blong,Jalan Kota,Baik,<40,Simpang 4,Perempuan,>50,Tidak
1/12/2025,2025,01,Palembang,2795,119,26,16,Hujan,Siang,Motor,Kurang Jarak Aman,Jalan Nasional,Baik,40-60,Simpang Y,Perempuan,17-25,Tidak
10/20/2022,2022,10,Bekasi,1691,168,26,13,Cerah,Pagi,Truk,Pelanggaran Lalu Lintas,Jalan Kota,Berlubang,40-60,Simpang T,Laki-laki,17-25,Ya
12/28/2021,2021,12,Makassar,1076,274,26,24,Hujan,Dini Hari,Truk,Kurang Jarak Aman,Jalan Nasional,Berlubang,40-60,Simpang T,Laki-laki,<17,Tidak
1/25/2021,2021,01,Bandung,1803,313,29,24,Hujan,Pagi,Bus,Kurang Jarak Aman,Jalan Kota,Berlubang,>60,Simpang 4,Perempuan,26-45,Tidak
9/17/2022,2022,09,Makassar,3658,216,30,31,Hujan,Malam,Mobil,Kecepatan Berlebih,Jalan Kota,Rusak,40-60,Simpang Y,Perempuan,17-25,Tidak
6/4/2021,2021,06,Surabaya,3171,305,30,10,Cerah,Siang,Truk,Kurang Jarak Aman,Jalan Kota,Rusak,40-60,Lurus,Perempuan,17-25,Tidak
8/29/2025,2025,08,Bekasi,1673,374,21,41,Hujan,Pagi,Truk,Pelanggaran Lalu Lintas,Jalan Kota,Rusak,<40,Simpang Y,Perempuan,>50,Tidak
9/27/2023,2023,09,Jakarta Timur,2639,470,26,52,Hujan,Siang,Mobil,Kelalaian Pengemudi,Jalan Provinsi,Baik,>60,Simpang T,Laki-laki,>50,Ya
4/12/2025,2025,04,Palembang,4565,141,21,37,Hujan,Pagi,Motor,Kurang Jarak Aman,Jalan Provinsi,Rusak,<40,Lurus,Perempuan,26-45,Ya
1/23/2021,2021,01,Medan,2434,353,23,11,Cerah,Dini Hari,Bus,Kurang Jarak Aman,Jalan Nasional,Rusak,40-60,Simpang 4,Perempuan,26-45,Ya
6/15/2022,2022,06,Jakarta Selatan,2660,135,29,58,Cerah,Pagi,Motor,Kurang Jarak Aman,Jalan Nasional,Berlubang,<40,Lurus,Perempuan,<17,Tidak
8/29/2024,2024,08,Palembang,1102,249,26,17,Cerah,Malam,Motor,Kecepatan Berlebih,Jalan Provinsi,Baik,>60,Simpang T,Perempuan,17-25,Tidak
1/4/2023,2023,01,Yogyakarta,3347,172,23,15,Cerah,Dini Hari,Mobil,Kondisi Jalan,Jalan Nasional,Baik,<40,Simpang 4,Perempuan,>50,Ya
11/25/2024,2024,11,Semarang,1476,351,28,39,Cerah,Pagi,Bus,Kecepatan Berlebih,Jalan Nasional,Berlubang,>60,Lurus,Perempuan,17-25,Tidak
9/26/2024,2024,09,Bandung,2823,443,24,18,Cerah,Siang,Bus,Kondisi Jalan,Jalan Nasional,Berlubang,>60,Simpang T,Laki-laki,17-25,Ya
5/26/2022,2022,05,Jakarta Selatan,2685,452,27,22,Hujan,Malam,Truk,Rem Blong,Jalan Nasional,Baik,<40,Simpang 4,Laki-laki,26-45,Ya
10/23/2024,2024,10,Bekasi,3598,448,23,41,Cerah,Siang,Truk,Kecepatan Berlebih,Jalan Nasional,Rusak,<40,Simpang 4,Perempuan,26-45,Tidak
7/4/2022,2022,07,Jakarta Timur,1585,493,27,45,Cerah,Malam,Truk,Rem Blong,Jalan Nasional,Baik,>60,Simpang 4,Laki-laki,<17,Ya
1/14/2021,2021,01,Surabaya,3670,308,21,15,Hujan,Malam,Mobil,Kecepatan Berlebih,Jalan Nasional,Rusak,>60,Lurus,Laki-laki,>50,Ya
8/31/2021,2021,08,Bandung,3444,208,22,38,Cerah,Pagi,Motor,Kecepatan Berlebih,Jalan Provinsi,Berlubang,<40,Simpang Y,Laki-laki,>50,Ya
1/21/2025,2025,01,Yogyakarta,1256,219,21,25,Hujan,Pagi,Mobil,Kelalaian Pengemudi,Jalan Nasional,Berlubang,40-60,Simpang 4,Perempuan,26-45,Tidak
7/26/2022,2022,07,Bekasi,1869,485,28,52,Cerah,Malam,Motor,Kurang Jarak Aman,Jalan Nasional,Baik,>60,Tikungan,Perempuan,<17,Ya
6/16/2021,2021,06,Makassar,4536,489,28,14,Hujan,Malam,Truk,Kurang Jarak Aman,Jalan Nasional,Rusak,40-60,Simpang 4,Perempuan,>50,Ya
10/31/2023,2023,10,Yogyakarta,2579,285,20,21,Hujan,Dini Hari,Bus,Kurang Jarak Aman,Jalan Nasional,Rusak,<40,Simpang T,Laki-laki,17-25,Tidak
11/4/2025,2025,11,Jakarta Timur,3563,456,23,10,Cerah,Siang,Mobil,Rem Blong,Jalan Nasional,Berlubang,>60,Simpang T,Laki-laki,>50,Ya
9/6/2022,2022,09,Palembang,3145,377,24,26,Hujan,Siang,Truk,Kecepatan Berlebih,Jalan Kota,Berlubang,>60,Simpang Y,Laki-laki,26-45,Tidak
9/14/2024,2024,09,Palembang,2118,328,22,42,Hujan,Siang,Truk,Kelalaian Pengemudi,Jalan Nasional,Baik,40-60,Simpang 4,Perempuan,26-45,Ya
5/8/2025,2025,05,Jakarta Selatan,2176,426,28,16,Cerah,Malam,Bus,Kecepatan Berlebih,Jalan Provinsi,Berlubang,<40,Simpang Y,Perempuan,26-45,Tidak
10/17/2023,2023,10,Bekasi,3679,358,20,25,Hujan,Dini Hari,Motor,Kelalaian Pengemudi,Jalan Kota,Rusak,<40,Tikungan,Perempuan,<17,Tidak
1/23/2022,2022,01,Palembang,3553,103,26,57,Hujan,Siang,Truk,Pelanggaran Lalu Lintas,Jalan Kota,Rusak,40-60,Simpang Y,Laki-laki,26-45,Tidak
1/5/2021,2021,01,Palembang,3170,359,27,23,Cerah,Malam,Truk,Rem Blong,Jalan Kota,Rusak,>60,Simpang T,Perempuan,17-25,Tidak
6/9/2021,2021,06,Medan,2364,148,30,7,Cerah,Siang,Motor,Kecepatan Berlebih,Jalan Kota,Baik,40-60,Lurus,Perempuan,>50,Ya
3/13/2022,2022,03,Bandung,3316,222,22,10,Cerah,Dini Hari,Mobil,Kondisi Jalan,Jalan Nasional,Baik,40-60,Simpang 4,Laki-laki,>50,Tidak
3/7/2021,2021,03,Bekasi,3099,415,26,51,Hujan,Siang,Mobil,Kurang Jarak Aman,Jalan Nasional,Berlubang,>60,Simpang T,Perempuan,<17,Tidak
9/21/2021,2021,09,Surabaya,3891,349,26,12,Cerah,Malam,Mobil,Kurang Jarak Aman,Jalan Nasional,Rusak,40-60,Simpang T,Perempuan,17-25,Tidak
3/9/2022,2022,03,Jakarta Timur,3976,100,20,2,Cerah,Siang,Mobil,Pelanggaran Lalu Lintas,Jalan Nasional,Baik,<40,Lurus,Laki-laki,17-25,Tidak
10/28/2023,2023,10,Bekasi,1430,155,24,9,Cerah,Dini Hari,Mobil,Kecepatan Berlebih,Jalan Kota,Berlubang,40-60,Tikungan,Perempuan,>50,Ya
1/1/2023,2023,01,Medan,3232,406,23,48,Hujan,Malam,Motor,Kelalaian Pengemudi,Jalan Kota,Berlubang,40-60,Tikungan,Laki-laki,<17,Ya
11/26/2023,2023,11,Makassar,4430,175,27,34,Hujan,Pagi,Truk,Kecepatan Berlebih,Jalan Provinsi,Baik,>60,Lurus,Perempuan,26-45,Tidak
6/2/2022,2022,06,Bekasi,1110,187,27,14,Hujan,Dini Hari,Bus,Kelalaian Pengemudi,Jalan Nasional,Rusak,<40,Simpang T,Perempuan,<17,Tidak
8/31/2025,2025,08,Palembang,4383,252,22,24,Hujan,Dini Hari,Truk,Kondisi Jalan,Jalan Nasional,Rusak,>60,Simpang 4,Perempuan,<17,Ya
7/24/2021,2021,07,Yogyakarta,4886,261,21,20,Hujan,Siang,Mobil,Kecepatan Berlebih,Jalan Kota,Berlubang,<40,Simpang T,Laki-laki,>50,Ya
11/17/2024,2024,11,Surabaya,2066,222,20,16,Cerah,Dini Hari,Motor,Kelalaian Pengemudi,Jalan Kota,Berlubang,40-60,Lurus,Laki-laki,17-25,Ya
7/20/2023,2023,07,Makassar,2138,245,25,49,Cerah,Siang,Mobil,Kelalaian Pengemudi,Jalan Nasional,Berlubang,>60,Tikungan,Perempuan,>50,Ya
4/27/2025,2025,04,Bekasi,3000,477,20,17,Cerah,Malam,Mobil,Rem Blong,Jalan Kota,Berlubang,40-60,Simpang 4,Laki-laki,17-25,Tidak
10/11/2022,2022,10,Bekasi,1735,319,30,55,Hujan,Pagi,Motor,Kelalaian Pengemudi,Jalan Nasional,Baik,40-60,Simpang 4,Laki-laki,26-45,Tidak
7/13/2024,2024,07,Makassar,4302,123,27,29,Hujan,Siang,Truk,Pelanggaran Lalu Lintas,Jalan Kota,Rusak,40-60,Tikungan,Perempuan,26-45,Tidak
7/22/2023,2023,07,Yogyakarta,2410,420,24,42,Hujan,Pagi,Motor,Kecepatan Berlebih,Jalan Nasional,Berlubang,40-60,Simpang T,Laki-laki,26-45,Ya
11/22/2025,2025,11,Semarang,3472,220,23,40,Cerah,Dini Hari,Motor,Kecepatan Berlebih,Jalan Kota,Rusak,>60,Lurus,Perempuan,>50,Tidak
2/26/2021,2021,02,Medan,1389,465,28,8,Cerah,Siang,Mobil,Rem Blong,Jalan Kota,Baik,<40,Simpang Y,Laki-laki,<17,Tidak
3/30/2023,2023,03,Surabaya,3424,218,20,3,Cerah,Pagi,Motor,Kurang Jarak Aman,Jalan Nasional,Baik,<40,Simpang T,Perempuan,<17,Ya
2/5/2025,2025,02,Medan,3077,134,22,23,Cerah,Malam,Bus,Pelanggaran Lalu Lintas,Jalan Nasional,Rusak,40-60,Simpang 4,Laki-laki,17-25,Ya
7/14/2023,2023,07,Medan,3359,139,20,12,Hujan,Siang,Truk,Kondisi Jalan,Jalan Nasional,Berlubang,>60,Simpang T,Laki-laki,<17,Ya
1/19/2021,2021,01,Jakarta Selatan,1313,316,26,9,Cerah,Pagi,Motor,Rem Blong,Jalan Provinsi,Berlubang,<40,Simpang Y,Perempuan,>50,Ya
1/1/2025,2025,01,Jakarta Timur,3180,456,29,12,Cerah,Pagi,Motor,Kecepatan Berlebih,Jalan Kota,Baik,40-60,Simpang 4,Perempuan,>50,Tidak
2/19/2025,2025,02,Jakarta Timur,1031,139,29,66,Hujan,Pagi,Motor,Kecepatan Berlebih,Jalan Provinsi,Berlubang,40-60,Simpang Y,Laki-laki,17-25,Tidak
4/7/2024,2024,04,Jakarta Timur,3141,360,22,25,Cerah,Malam,Bus,Kurang Jarak Aman,Jalan Provinsi,Rusak,>60,Simpang Y,Perempuan,17-25,Tidak
7/4/2021,2021,07,Jakarta Timur,2901,400,25,34,Hujan,Dini Hari,Bus,Kecepatan Berlebih,Jalan Nasional,Rusak,40-60,Simpang 4,Laki-laki,>50,Tidak
12/26/2022,2022,12,Surabaya,2051,188,21,25,Cerah,Siang,Bus,Rem Blong,Jalan Provinsi,Berlubang,>60,Tikungan,Laki-laki,>50,Tidak
10/22/2025,2025,10,Makassar,4738,248,24,16,Cerah,Siang,Truk,Pelanggaran Lalu Lintas,Jalan Provinsi,Baik,40-60,Lurus,Laki-laki,17-25,Tidak
8/13/2022,2022,08,Bandung,2280,427,21,9,Hujan,Dini Hari,Motor,Kurang Jarak Aman,Jalan Kota,Rusak,<40,Tikungan,Perempuan,<17,Ya
7/23/2025,2025,07,Jakarta Selatan,4526,309,21,21,Cerah,Malam,Mobil,Pelanggaran Lalu Lintas,Jalan Kota,Baik,<40,Simpang T,Perempuan,26-45,Ya
5/15/2024,2024,05,Surabaya,2456,138,20,16,Hujan,Siang,Motor,Kurang Jarak Aman,Jalan Nasional,Berlubang,<40,Simpang T,Laki-laki,26-45,Tidak
8/14/2025,2025,08,Jakarta Selatan,2712,415,22,2,Cerah,Dini Hari,Mobil,Kelalaian Pengemudi,Jalan Nasional,Rusak,40-60,Simpang T,Perempuan,<17,Tidak
8/28/2024,2024,08,Bekasi,2214,199,20,11,Hujan,Pagi,Bus,Kecepatan Berlebih,Jalan Provinsi,Baik,40-60,Simpang 4,Laki-laki,<17,Ya
8/2/2021,2021,08,Makassar,4265,153,20,55,Hujan,Siang,Motor,Pelanggaran Lalu Lintas,Jalan Kota,Rusak,40-60,Simpang T,Laki-laki,26-45,Tidak
8/18/2024,2024,08,Jakarta Selatan,2374,174,22,5,Cerah,Malam,Bus,Kurang Jarak Aman,Jalan Nasional,Berlubang,>60,Simpang 4,Perempuan,<17,Ya
6/6/2022,2022,06,Jakarta Timur,1515,241,24,56,Hujan,Siang,Motor,Pelanggaran Lalu Lintas,Jalan Nasional,Berlubang,<40,Lurus,Laki-laki,17-25,Ya
1/8/2021,2021,01,Yogyakarta,4988,482,29,49,Hujan,Dini Hari,Bus,Rem Blong,Jalan Provinsi,Rusak,40-60,Tikungan,Laki-laki,26-45,Ya
9/4/2022,2022,09,Jakarta Selatan,3328,169,25,35,Cerah,Pagi,Motor,Kecepatan Berlebih,Jalan Kota,Berlubang,40-60,Simpang Y,Laki-laki,<17,Ya
4/23/2023,2023,04,Jakarta Selatan,2473,102,30,1,Cerah,Pagi,Motor,Kurang Jarak Aman,Jalan Provinsi,Rusak,40-60,Tikungan,Laki-laki,<17,Tidak
9/24/2023,2023,09,Palembang,2644,193,20,31,Hujan,Siang,Truk,Kelalaian Pengemudi,Jalan Kota,Rusak,40-60,Tikungan,Perempuan,>50,Tidak
10/11/2023,2023,10,Medan,3400,278,25,10,Cerah,Siang,Bus,Kurang Jarak Aman,Jalan Kota,Baik,>60,Simpang 4,Laki-laki,26-45,Ya
2/2/2023,2023,02,Palembang,1874,124,25,10,Cerah,Dini Hari,Bus,Kondisi Jalan,Jalan Nasional,Baik,>60,Simpang 4,Laki-laki,26-45,Ya
10/2/2022,2022,10,Yogyakarta,2929,164,21,12,Cerah,Pagi,Mobil,Rem Blong,Jalan Provinsi,Baik,40-60,Simpang 4,Perempuan,26-45,Ya
2/5/2023,2023,02,Yogyakarta,4791,428,22,50,Cerah,Pagi,Truk,Kurang Jarak Aman,Jalan Provinsi,Rusak,<40,Simpang 4,Laki-laki,26-45,Tidak
8/30/2023,2023,08,Jakarta Timur,1881,293,23,7,Hujan,Siang,Bus,Kelalaian Pengemudi,Jalan Kota,Rusak,>60,Simpang T,Laki-laki,>50,Tidak
2/11/2023,2023,02,Bekasi,1028,353,20,7,Cerah,Dini Hari,Motor,Kurang Jarak Aman,Jalan Provinsi,Baik,>60,Simpang Y,Laki-laki,>50,Tidak
12/6/2024,2024,12,Yogyakarta,2744,322,30,19,Hujan,Malam,Mobil,Kelalaian Pengemudi,Jalan Kota,Baik,40-60,Simpang Y,Perempuan,17-25,Ya
6/26/2025,2025,06,Medan,3253,418,22,42,Hujan,Dini Hari,Mobil,Rem Blong,Jalan Provinsi,Berlubang,<40,Simpang 4,Laki-laki,26-45,Ya
5/12/2024,2024,05,Jakarta Timur,2224,147,21,36,Hujan,Dini Hari,Truk,Kecepatan Berlebih,Jalan Nasional,Baik,>60,Simpang Y,Perempuan,<17,Ya
6/12/2025,2025,06,Medan,2576,311,29,31,Cerah,Pagi,Truk,Kurang Jarak Aman,Jalan Kota,Baik,>60,Simpang Y,Laki-laki,17-25,Ya
11/11/2025,2025,11,Jakarta Timur,1049,392,28,13,Cerah,Malam,Mobil,Kecepatan Berlebih,Jalan Nasional,Berlubang,>60,Simpang T,Laki-laki,17-25,Ya
12/2/2022,2022,12,Yogyakarta,4401,165,30,6,Hujan,Malam,Bus,Kondisi Jalan,Jalan Nasional,Rusak,40-60,Simpang 4,Laki-laki,26-45,Tidak
3/2/2025,2025,03,Makassar,4546,418,21,27,Cerah,Dini Hari,Truk,Kecepatan Berlebih,Jalan Nasional,Baik,>60,Simpang T,Perempuan,<17,Tidak
11/19/2022,2022,11,Semarang,4955,242,27,13,Hujan,Malam,Truk,Kecepatan Berlebih,Jalan Kota,Rusak,<40,Simpang Y,Laki-laki,<17,Tidak
9/12/2025,2025,09,Yogyakarta,1951,483,22,23,Cerah,Siang,Motor,Pelanggaran Lalu Lintas,Jalan Nasional,Baik,40-60,Simpang Y,Laki-laki,26-45,Ya
10/20/2021,2021,10,Bekasi,4317,397,25,42,Cerah,Siang,Bus,Kondisi Jalan,Jalan Provinsi,Berlubang,40-60,Simpang 4,Laki-laki,26-45,Ya
10/14/2023,2023,10,Jakarta Selatan,2038,456,27,15,Hujan,Siang,Motor,Rem Blong,Jalan Provinsi,Berlubang,40-60,Simpang Y,Perempuan,>50,Tidak
1/12/2021,2021,01,Bandung,1742,194,28,44,Cerah,Siang,Mobil,Kondisi Jalan,Jalan Nasional,Rusak,40-60,Lurus,Laki-laki,26-45,Ya
6/24/2022,2022,06,Medan,4138,499,28,5,Hujan,Dini Hari,Mobil,Kondisi Jalan,Jalan Provinsi,Baik,<40,Simpang Y,Perempuan,>50,Ya
9/27/2024,2024,09,Surabaya,2561,178,23,7,Cerah,Malam,Motor,Rem Blong,Jalan Kota,Baik,>60,Simpang T,Laki-laki,>50,Ya
7/18/2023,2023,07,Bekasi,3368,126,22,58,Cerah,Dini Hari,Mobil,Kurang Jarak Aman,Jalan Nasional,Berlubang,>60,Tikungan,Laki-laki,<17,Ya
7/12/2023,2023,07,Surabaya,4202,181,24,44,Hujan,Malam,Truk,Pelanggaran Lalu Lintas,Jalan Nasional,Berlubang,40-60,Tikungan,Perempuan,26-45,Tidak
2/1/2025,2025,02,Makassar,1323,206,27,12,Hujan,Siang,Mobil,Pelanggaran Lalu Lintas,Jalan Kota,Rusak,40-60,Simpang 4,Laki-laki,26-45,Tidak
1/24/2025,2025,01,Jakarta Selatan,4761,257,21,8,Hujan,Siang,Motor,Kondisi Jalan,Jalan Provinsi,Berlubang,>60,Simpang T,Perempuan,17-25,Tidak
5/13/2024,2024,05,Bekasi,4307,421,24,9,Cerah,Dini Hari,Truk,Kelalaian Pengemudi,Jalan Nasional,Rusak,40-60,Simpang 4,Perempuan,>50,Tidak
1/7/2022,2022,01,Makassar,1679,188,29,53,Hujan,Pagi,Bus,Rem Blong,Jalan Kota,Berlubang,>60,Simpang T,Perempuan,<17,Ya
8/11/2022,2022,08,Surabaya,4579,112,26,17,Hujan,Siang,Motor,Kelalaian Pengemudi,Jalan Kota,Baik,<40,Tikungan,Perempuan,17-25,Tidak
11/26/2025,2025,11,Medan,4643,267,21,7,Hujan,Siang,Truk,Kurang Jarak Aman,Jalan Nasional,Baik,>60,Simpang T,Laki-laki,26-45,Ya
4/30/2022,2022,04,Surabaya,4692,321,27,37,Hujan,Malam,Mobil,Pelanggaran Lalu Lintas,Jalan Kota,Baik,40-60,Simpang T,Perempuan,>50,Ya
1/22/2023,2023,01,Jakarta Selatan,1358,476,25,35,Cerah,Dini Hari,Truk,Kecepatan Berlebih,Jalan Provinsi,Baik,<40,Simpang T,Laki-laki,>50,Tidak
6/3/2023,2023,06,Bekasi,3023,363,26,35,Hujan,Dini Hari,Bus,Kecepatan Berlebih,Jalan Nasional,Baik,40-60,Lurus,Laki-laki,<17,Ya
1/17/2021,2021,01,Palembang,1684,175,21,17,Hujan,Pagi,Motor,Kecepatan Berlebih,Jalan Kota,Rusak,<40,Tikungan,Perempuan,26-45,Tidak
2/1/2025,2025,02,Yogyakarta,3226,244,27,29,Cerah,Siang,Motor,Kurang Jarak Aman,Jalan Kota,Rusak,40-60,Simpang Y,Perempuan,26-45,Tidak
12/25/2024,2024,12,Jakarta Selatan,3904,256,28,38,Hujan,Dini Hari,Truk,Kelalaian Pengemudi,Jalan Kota,Baik,<40,Simpang T,Perempuan,26-45,Tidak
10/19/2025,2025,10,Bandung,3064,271,24,53,Cerah,Malam,Truk,Kurang Jarak Aman,Jalan Kota,Berlubang,40-60,Tikungan,Perempuan,>50,Ya
11/5/2025,2025,11,Makassar,2005,142,27,5,Hujan,Dini Hari,Truk,Kurang Jarak Aman,Jalan Nasional,Berlubang,>60,Tikungan,Laki-laki,26-45,Ya
12/9/2025,2025,12,Yogyakarta,4370,483,27,12,Hujan,Pagi,Bus,Pelanggaran Lalu Lintas,Jalan Provinsi,Rusak,<40,Simpang T,Laki-laki,<17,Ya
6/24/2025,2025,06,Jakarta Timur,4334,374,24,30,Cerah,Pagi,Bus,Pelanggaran Lalu Lintas,Jalan Provinsi,Berlubang,>60,Lurus,Laki-laki,17-25,Ya
3/31/2021,2021,03,Surabaya,2557,451,20,49,Cerah,Dini Hari,Motor,Kelalaian Pengemudi,Jalan Kota,Berlubang,<40,Simpang Y,Perempuan,17-25,Tidak
5/24/2022,2022,05,Surabaya,4229,403,24,15,Cerah,Malam,Bus,Pelanggaran Lalu Lintas,Jalan Kota,Berlubang,>60,Simpang Y,Laki-laki,<17,Ya
8/21/2025,2025,08,Yogyakarta,2640,106,23,19,Cerah,Siang,Truk,Kecepatan Berlebih,Jalan Nasional,Rusak,40-60,Simpang 4,Laki-laki,<17,Ya
3/23/2023,2023,03,Medan,2179,141,24,1,Hujan,Siang,Mobil,Rem Blong,Jalan Provinsi,Baik,40-60,Simpang T,Laki-laki,26-45,Tidak
7/14/2024,2024,07,Jakarta Selatan,4771,495,26,9,Hujan,Siang,Truk,Rem Blong,Jalan Provinsi,Berlubang,>60,Simpang Y,Perempuan,26-45,Tidak
11/12/2021,2021,11,Bekasi,1702,252,26,12,Cerah,Pagi,Motor,Kelalaian Pengemudi,Jalan Kota,Baik,>60,Simpang Y,Laki-laki,26-45,Ya
3/21/2025,2025,03,Jakarta Selatan,2114,420,21,23,Cerah,Siang,Bus,Kurang Jarak Aman,Jalan Provinsi,Rusak,40-60,Simpang Y,Perempuan,>50,Ya
6/19/2023,2023,06,Jakarta Selatan,3985,219,28,24,Cerah,Pagi,Mobil,Kondisi Jalan,Jalan Kota,Rusak,>60,Simpang 4,Laki-laki,<17,Ya
9/9/2021,2021,09,Yogyakarta,3051,126,27,17,Cerah,Malam,Truk,Kondisi Jalan,Jalan Provinsi,Rusak,<40,Simpang Y,Perempuan,>50,Tidak
10/21/2025,2025,10,Makassar,3149,430,22,16,Cerah,Siang,Truk,Pelanggaran Lalu Lintas,Jalan Provinsi,Baik,40-60,Lurus,Perempuan,17-25,Tidak
11/8/2022,2022,11,Yogyakarta,2658,364,26,28,Cerah,Pagi,Mobil,Pelanggaran Lalu Lintas,Jalan Nasional,Berlubang,>60,Simpang T,Laki-laki,<17,Tidak
1/28/2022,2022,01,Jakarta Selatan,4494,141,27,8,Cerah,Malam,Motor,Kecepatan Berlebih,Jalan Provinsi,Berlubang,40-60,Simpang 4,Perempuan,26-45,Ya
12/19/2021,2021,12,Bekasi,1086,200,29,15,Hujan,Siang,Truk,Kecepatan Berlebih,Jalan Nasional,Baik,>60,Simpang Y,Laki-laki,17-25,Ya
2/8/2025,2025,02,Semarang,2167,127,27,24,Cerah,Pagi,Bus,Kelalaian Pengemudi,Jalan Provinsi,Berlubang,40-60,Simpang 4,Perempuan,>50,Ya
12/2/2021,2021,12,Palembang,2912,357,28,27,Hujan,Siang,Mobil,Kelalaian Pengemudi,Jalan Nasional,Baik,<40,Simpang T,Laki-laki,<17,Tidak
5/30/2025,2025,05,Bandung,3561,284,30,15,Cerah,Pagi,Mobil,Kecepatan Berlebih,Jalan Kota,Berlubang,<40,Lurus,Perempuan,17-25,Ya
10/24/2024,2024,10,Jakarta Timur,4255,470,28,50,Cerah,Pagi,Mobil,Kecepatan Berlebih,Jalan Kota,Baik,40-60,Simpang T,Perempuan,<17,Ya
6/27/2022,2022,06,Palembang,2750,465,22,16,Cerah,Siang,Truk,Kecepatan Berlebih,Jalan Provinsi,Baik,>60,Lurus,Laki-laki,17-25,Ya
11/18/2025,2025,11,Palembang,1765,250,24,52,Hujan,Siang,Mobil,Rem Blong,Jalan Kota,Baik,40-60,Lurus,Perempuan,<17,Tidak
5/17/2023,2023,05,Surabaya,3064,462,27,7,Hujan,Pagi,Mobil,Pelanggaran Lalu Lintas,Jalan Provinsi,Berlubang,40-60,Tikungan,Laki-laki,>50,Ya
12/1/2021,2021,12,Yogyakarta,2744,248,27,28,Hujan,Malam,Bus,Kecepatan Berlebih,Jalan Nasional,Baik,>60,Tikungan,Perempuan,26-45,Tidak
6/30/2022,2022,06,Semarang,4561,498,30,22,Cerah,Siang,Bus,Kurang Jarak Aman,Jalan Kota,Berlubang,40-60,Simpang T,Perempuan,>50,Tidak
1/25/2025,2025,01,Jakarta Timur,2696,280,25,7,Hujan,Siang,Mobil,Kecepatan Berlebih,Jalan Kota,Berlubang,40-60,Tikungan,Perempuan,26-45,Tidak
8/26/2022,2022,08,Makassar,2802,252,21,7,Cerah,Dini Hari,Truk,Kurang Jarak Aman,Jalan Nasional,Berlubang,>60,Simpang Y,Perempuan,>50,Ya
11/14/2024,2024,11,Medan,3783,254,21,3,Cerah,Malam,Truk,Pelanggaran Lalu Lintas,Jalan Nasional,Baik,<40,Simpang 4,Laki-laki,26-45,Tidak
8/31/2021,2021,08,Makassar,1625,193,26,21,Hujan,Dini Hari,Bus,Kelalaian Pengemudi,Jalan Kota,Baik,<40,Tikungan,Laki-laki,<17,Ya
5/5/2022,2022,05,Semarang,4939,234,30,32,Cerah,Pagi,Motor,Kondisi Jalan,Jalan Provinsi,Rusak,40-60,Simpang T,Perempuan,>50,Tidak
2/23/2022,2022,02,Palembang,4741,198,25,31,Cerah,Malam,Motor,Rem Blong,Jalan Kota,Baik,40-60,Simpang 4,Laki-laki,17-25,Ya
1/11/2023,2023,01,Semarang,4744,406,27,19,Hujan,Pagi,Mobil,Kelalaian Pengemudi,Jalan Nasional,Baik,40-60,Tikungan,Perempuan,17-25,Tidak
10/3/2023,2023,10,Bekasi,1577,180,30,22,Cerah,Siang,Mobil,Kurang Jarak Aman,Jalan Nasional,Berlubang,<40,Simpang Y,Perempuan,<17,Tidak
5/13/2021,2021,05,Yogyakarta,2923,364,20,36,Cerah,Siang,Truk,Kondisi Jalan,Jalan Nasional,Berlubang,40-60,Simpang T,Laki-laki,26-45,Tidak
5/3/2023,2023,05,Makassar,4263,286,23,29,Cerah,Malam,Bus,Kecepatan Berlebih,Jalan Kota,Berlubang,<40,Simpang 4,Perempuan,26-45,Ya
2/15/2025,2025,02,Jakarta Selatan,2169,328,23,20,Hujan,Dini Hari,Truk,Kondisi Jalan,Jalan Nasional,Baik,>60,Simpang 4,Laki-laki,<17,Ya
11/17/2025,2025,11,Makassar,4301,223,22,5,Hujan,Dini Hari,Truk,Kurang Jarak Aman,Jalan Nasional,Berlubang,>60,Simpang Y,Perempuan,<17,Ya
10/9/2024,2024,10,Palembang,2586,276,28,50,Cerah,Pagi,Mobil,Pelanggaran Lalu Lintas,Jalan Nasional,Berlubang,<40,Tikungan,Perempuan,>50,Tidak
7/14/2022,2022,07,Jakarta Selatan,1753,443,28,55,Hujan,Pagi,Truk,Kondisi Jalan,Jalan Kota,Baik,40-60,Lurus,Perempuan,>50,Ya
1/26/2022,2022,01,Semarang,2495,444,22,44,Cerah,Pagi,Mobil,Kecepatan Berlebih,Jalan Kota,Berlubang,>60,Simpang Y,Laki-laki,<17,Ya
8/27/2024,2024,08,Jakarta Timur,1657,146,22,17,Hujan,Siang,Mobil,Kondisi Jalan,Jalan Kota,Rusak,40-60,Simpang Y,Laki-laki,26-45,Tidak
6/24/2023,2023,06,Bekasi,3281,431,22,35,Hujan,Dini Hari,Bus,Kecepatan Berlebih,Jalan Nasional,Baik,<40,Tikungan,Perempuan,26-45,Tidak
11/29/2022,2022,11,Semarang,4208,319,27,7,Cerah,Siang,Bus,Rem Blong,Jalan Nasional,Baik,>60,Simpang 4,Laki-laki,26-45,Ya
9/9/2022,2022,09,Surabaya,4758,316,24,16,Cerah,Malam,Mobil,Kondisi Jalan,Jalan Kota,Baik,<40,Tikungan,Laki-laki,>50,Tidak
12/30/2024,2024,12,Semarang,4825,266,21,30,Hujan,Dini Hari,Truk,Kecepatan Berlebih,Jalan Nasional,Baik,>60,Simpang Y,Perempuan,26-45,Tidak
7/19/2024,2024,07,Palembang,4404,286,26,48,Cerah,Pagi,Motor,Pelanggaran Lalu Lintas,Jalan Nasional,Berlubang,40-60,Simpang 4,Laki-laki,<17,Tidak
10/1/2022,2022,10,Semarang,2633,192,29,14,Hujan,Pagi,Motor,Kecepatan Berlebih,Jalan Kota,Rusak,>60,Tikungan,Laki-laki,>50,Ya
1/16/2025,2025,01,Yogyakarta,1367,177,21,42,Cerah,Dini Hari,Mobil,Rem Blong,Jalan Nasional,Baik,40-60,Simpang 4,Laki-laki,26-45,Ya
7/2/2022,2022,07,Bandung,1669,163,24,39,Hujan,Siang,Bus,Kelalaian Pengemudi,Jalan Provinsi,Rusak,>60,Tikungan,Perempuan,>50,Ya
1/29/2021,2021,01,Yogyakarta,2343,118,27,49,Hujan,Dini Hari,Bus,Rem Blong,Jalan Provinsi,Rusak,40-60,Tikungan,Laki-laki,<17,Tidak
2/9/2022,2022,02,Bekasi,4183,279,24,30,Hujan,Malam,Motor,Rem Blong,Jalan Nasional,Rusak,>60,Lurus,Laki-laki,17-25,Tidak
9/1/2023,2023,09,Jakarta Timur,2222,220,28,15,Hujan,Dini Hari,Motor,Kelalaian Pengemudi,Jalan Provinsi,Rusak,<40,Simpang Y,Laki-laki,17-25,Tidak
7/20/2021,2021,07,Bandung,3621,258,25,10,Cerah,Pagi,Bus,Kondisi Jalan,Jalan Kota,Berlubang,>60,Lurus,Laki-laki,>50,Ya
12/15/2023,2023,12,Jakarta Selatan,1094,254,20,21,Hujan,Siang,Truk,Kecepatan Berlebih,Jalan Nasional,Berlubang,>60,Simpang 4,Laki-laki,<17,Tidak
2/6/2021,2021,02,Bandung,2280,289,27,38,Cerah,Dini Hari,Bus,Rem Blong,Jalan Kota,Berlubang,<40,Simpang 4,Perempuan,>50,Ya
2/12/2025,2025,02,Bandung,4828,381,24,9,Hujan,Malam,Truk,Rem Blong,Jalan Kota,Rusak,40-60,Simpang 4,Perempuan,>50,Ya
2/9/2023,2023,02,Bandung,3496,194,24,43,Hujan,Pagi,Truk,Kurang Jarak Aman,Jalan Nasional,Berlubang,<40,Simpang T,Laki-laki,<17,Ya
11/28/2023,2023,11,Makassar,1352,164,27,32,Cerah,Siang,Truk,Kecepatan Berlebih,Jalan Nasional,Baik,40-60,Simpang T,Laki-laki,>50,Ya
8/15/2022,2022,08,Palembang,1147,150,26,19,Hujan,Dini Hari,Motor,Kecepatan Berlebih,Jalan Nasional,Berlubang,>60,Simpang 4,Laki-laki,<17,Tidak
10/7/2024,2024,10,Bandung,2074,127,23,37,Hujan,Pagi,Bus,Kelalaian Pengemudi,Jalan Nasional,Rusak,>60,Lurus,Perempuan,>50,Ya
8/26/2025,2025,08,Medan,2274,430,23,15,Hujan,Malam,Bus,Kecepatan Berlebih,Jalan Provinsi,Baik,40-60,Simpang T,Perempuan,>50,Ya
1/7/2022,2022,01,Medan,2966,439,24,34,Hujan,Pagi,Motor,Kelalaian Pengemudi,Jalan Provinsi,Baik,<40,Simpang 4,Perempuan,<17,Tidak
9/22/2023,2023,09,Makassar,2596,429,22,6,Cerah,Malam,Motor,Kelalaian Pengemudi,Jalan Nasional,Rusak,>60,Simpang T,Perempuan,26-45,Ya
12/12/2024,2024,12,Yogyakarta,2583,103,20,6,Cerah,Dini Hari,Motor,Kurang Jarak Aman,Jalan Provinsi,Baik,40-60,Simpang 4,Laki-laki,>50,Tidak
5/9/2025,2025,05,Semarang,3784,320,21,5,Cerah,Pagi,Truk,Kurang Jarak Aman,Jalan Kota,Rusak,>60,Lurus,Perempuan,17-25,Ya
6/7/2022,2022,06,Bandung,4513,284,27,10,Cerah,Pagi,Truk,Kelalaian Pengemudi,Jalan Nasional,Berlubang,40-60,Tikungan,Perempuan,17-25,Ya
11/28/2024,2024,11,Palembang,2741,310,27,42,Cerah,Dini Hari,Motor,Kondisi Jalan,Jalan Kota,Baik,<40,Simpang Y,Perempuan,26-45,Tidak
10/18/2024,2024,10,Bekasi,1143,201,26,69,Cerah,Dini Hari,Mobil,Kecepatan Berlebih,Jalan Provinsi,Baik,<40,Simpang 4,Perempuan,17-25,Ya
3/12/2021,2021,03,Medan,1721,315,26,8,Cerah,Malam,Mobil,Pelanggaran Lalu Lintas,Jalan Kota,Berlubang,40-60,Tikungan,Laki-laki,<17,Ya
5/15/2024,2024,05,Bekasi,3669,263,27,20,Cerah,Siang,Bus,Rem Blong,Jalan Provinsi,Baik,>60,Lurus,Perempuan,26-45,Ya
4/24/2025,2025,04,Medan,2306,302,23,24,Cerah,Dini Hari,Truk,Pelanggaran Lalu Lintas,Jalan Nasional,Baik,<40,Lurus,Perempuan,>50,Tidak
8/3/2023,2023,08,Yogyakarta,4161,192,25,13,Cerah,Malam,Mobil,Rem Blong,Jalan Kota,Baik,<40,Lurus,Perempuan,>50,Tidak
6/19/2023,2023,06,Jakarta Timur,2321,190,30,51,Cerah,Siang,Truk,Kurang Jarak Aman,Jalan Provinsi,Rusak,<40,Simpang 4,Perempuan,17-25,Tidak
2/23/2021,2021,02,Jakarta Timur,4759,127,20,21,Cerah,Siang,Truk,Rem Blong,Jalan Nasional,Rusak,<40,Simpang T,Perempuan,26-45,Ya
8/25/2025,2025,08,Makassar,3998,170,29,9,Hujan,Siang,Bus,Kondisi Jalan,Jalan Nasional,Baik,40-60,Lurus,Laki-laki,17-25,Ya
9/19/2024,2024,09,Semarang,1295,449,21,5,Hujan,Dini Hari,Truk,Kecepatan Berlebih,Jalan Kota,Rusak,<40,Simpang T,Perempuan,<17,Ya
1/26/2021,2021,01,Makassar,1685,297,24,11,Cerah,Pagi,Motor,Pelanggaran Lalu Lintas,Jalan Provinsi,Rusak,40-60,Tikungan,Laki-laki,26-45,Tidak
7/9/2021,2021,07,Jakarta Selatan,3474,192,24,19,Hujan,Malam,Bus,Kelalaian Pengemudi,Jalan Nasional,Rusak,>60,Simpang Y,Laki-laki,>50,Tidak
9/22/2022,2022,09,Makassar,4608,408,22,8,Hujan,Siang,Bus,Pelanggaran Lalu Lintas,Jalan Kota,Rusak,<40,Simpang 4,Perempuan,26-45,Ya
3/25/2025,2025,03,Makassar,2939,124,20,25,Cerah,Siang,Motor,Rem Blong,Jalan Provinsi,Baik,>60,Simpang 4,Perempuan,>50,Ya
10/27/2022,2022,10,Yogyakarta,1263,155,28,12,Cerah,Pagi,Mobil,Rem Blong,Jalan Provinsi,Baik,40-60,Simpang Y,Perempuan,<17,Tidak
4/9/2025,2025,04,Yogyakarta,2852,109,25,6,Cerah,Siang,Mobil,Kurang Jarak Aman,Jalan Nasional,Rusak,40-60,Simpang Y,Perempuan,>50,Ya
1/26/2025,2025,01,Semarang,3294,461,25,8,Hujan,Dini Hari,Bus,Kecepatan Berlebih,Jalan Provinsi,Baik,>60,Simpang Y,Perempuan,26-45,Ya
11/19/2022,2022,11,Surabaya,2708,459,24,6,Cerah,Pagi,Truk,Kelalaian Pengemudi,Jalan Kota,Baik,>60,Simpang Y,Perempuan,>50,Tidak
9/8/2024,2024,09,Jakarta Timur,1248,107,22,8,Hujan,Dini Hari,Motor,Kelalaian Pengemudi,Jalan Nasional,Baik,<40,Simpang T,Perempuan,>50,Ya
4/3/2023,2023,04,Surabaya,3603,379,29,47,Cerah,Siang,Motor,Rem Blong,Jalan Nasional,Baik,>60,Simpang 4,Laki-laki,17-25,Ya
10/22/2023,2023,10,Bandung,3977,428,23,13,Hujan,Siang,Truk,Kurang Jarak Aman,Jalan Provinsi,Berlubang,40-60,Tikungan,Laki-laki,26-45,Tidak
2/27/2021,2021,02,Palembang,3230,355,23,10,Cerah,Siang,Motor,Kecepatan Berlebih,Jalan Nasional,Rusak,>60,Simpang Y,Perempuan,>50,Tidak
12/4/2021,2021,12,Palembang,4546,391,26,27,Hujan,Siang,Mobil,Kelalaian Pengemudi,Jalan Nasional,Baik,40-60,Simpang T,Laki-laki,17-25,Tidak
3/1/2023,2023,03,Palembang,1906,139,22,2,Cerah,Dini Hari,Bus,Kelalaian Pengemudi,Jalan Kota,Berlubang,>60,Simpang 4,Laki-laki,17-25,Tidak
10/16/2024,2024,10,Medan,3371,199,29,24,Hujan,Siang,Bus,Kecepatan Berlebih,Jalan Nasional,Baik,<40,Tikungan,Perempuan,26-45,Tidak
11/5/2023,2023,11,Jakarta Timur,4280,112,27,18,Cerah,Malam,Motor,Pelanggaran Lalu Lintas,Jalan Nasional,Rusak,40-60,Simpang T,Laki-laki,<17,Ya
7/6/2024,2024,07,Palembang,1789,419,30,22,Hujan,Malam,Mobil,Kelalaian Pengemudi,Jalan Kota,Rusak,<40,Simpang 4,Perempuan,26-45,Tidak
7/12/2022,2022,07,Surabaya,4943,474,20,32,Cerah,Pagi,Truk,Kurang Jarak Aman,Jalan Nasional,Baik,>60,Simpang Y,Laki-laki,17-25,Tidak
6/19/2021,2021,06,Semarang,1457,382,21,6,Hujan,Siang,Truk,Kondisi Jalan,Jalan Nasional,Baik,40-60,Tikungan,Laki-laki,<17,Ya
4/21/2021,2021,04,Yogyakarta,4541,277,20,8,Hujan,Dini Hari,Bus,Kelalaian Pengemudi,Jalan Nasional,Berlubang,>60,Simpang T,Laki-laki,26-45,Ya
1/19/2025,2025,01,Yogyakarta,3581,152,23,25,Hujan,Siang,Truk,Kurang Jarak Aman,Jalan Kota,Rusak,>60,Simpang T,Laki-laki,17-25,Ya
10/23/2024,2024,10,Yogyakarta,4009,262,28,37,Cerah,Pagi,Bus,Kecepatan Berlebih,Jalan Provinsi,Baik,40-60,Tikungan,Laki-laki,>50,Tidak
2/16/2025,2025,02,Medan,4665,207,28,23,Cerah,Malam,Bus,Pelanggaran Lalu Lintas,Jalan Nasional,Rusak,<40,Simpang 4,Laki-laki,17-25,Ya
12/30/2021,2021,12,Bekasi,4299,368,28,5,Hujan,Malam,Bus,Kecepatan Berlebih,Jalan Nasional,Rusak,40-60,Simpang 4,Laki-laki,17-25,Tidak
3/28/2024,2024,03,Semarang,3463,298,22,5,Cerah,Malam,Bus,Kurang Jarak Aman,Jalan Provinsi,Berlubang,<40,Lurus,Perempuan,17-25,Tidak
7/23/2025,2025,07,Jakarta Timur,2621,485,22,47,Cerah,Dini Hari,Motor,Kurang Jarak Aman,Jalan Nasional,Rusak,40-60,Simpang Y,Perempuan,17-25,Tidak
9/21/2025,2025,09,Bekasi,2749,197,21,34,Hujan,Dini Hari,Mobil,Kondisi Jalan,Jalan Provinsi,Rusak,>60,Simpang 4,Perempuan,17-25,Ya
12/31/2021,2021,12,Palembang,3722,361,30,31,Hujan,Siang,Mobil,Kurang Jarak Aman,Jalan Nasional,Rusak,40-60,Simpang T,Perempuan,>50,Ya
3/30/2023,2023,03,Jakarta Selatan,2247,345,26,24,Hujan,Malam,Truk,Kecepatan Berlebih,Jalan Nasional,Rusak,40-60,Tikungan,Laki-laki,17-25,Tidak
12/2/2023,2023,12,Bandung,3887,286,24,30,Hujan,Siang,Truk,Kecepatan Berlebih,Jalan Provinsi,Rusak,40-60,Lurus,Laki-laki,<17,Tidak
8/23/2025,2025,08,Surabaya,4122,383,24,34,Hujan,Dini Hari,Bus,Kelalaian Pengemudi,Jalan Kota,Baik,<40,Simpang Y,Laki-laki,17-25,Ya
11/23/2024,2024,11,Palembang,4655,338,22,27,Hujan,Pagi,Truk,Rem Blong,Jalan Provinsi,Rusak,>60,Simpang T,Perempuan,26-45,Tidak
7/31/2023,2023,07,Medan,3195,326,21,18,Hujan,Malam,Truk,Kondisi Jalan,Jalan Nasional,Baik,>60,Simpang 4,Laki-laki,26-45,Ya
5/12/2021,2021,05,Jakarta Timur,4931,133,24,58,Cerah,Malam,Bus,Pelanggaran Lalu Lintas,Jalan Kota,Berlubang,40-60,Simpang 4,Laki-laki,26-45,Tidak
7/16/2021,2021,07,Jakarta Timur,3698,323,29,27,Hujan,Dini Hari,Bus,Kurang Jarak Aman,Jalan Kota,Berlubang,40-60,Simpang Y,Perempuan,26-45,Ya
1/14/2025,2025,01,Palembang,4980,234,24,36,Hujan,Siang,Mobil,Kelalaian Pengemudi,Jalan Nasional,Rusak,<40,Lurus,Perempuan,>50,Ya
10/20/2025,2025,10,Makassar,1384,225,28,49,Hujan,Malam,Bus,Kelalaian Pengemudi,Jalan Nasional,Berlubang,>60,Simpang T,Laki-laki,26-45,Tidak
12/20/2021,2021,12,Bekasi,2820,293,24,6,Hujan,Malam,Motor,Kurang Jarak Aman,Jalan Kota,Rusak,>60,Tikungan,Laki-laki,26-45,Tidak
5/10/2023,2023,05,Bekasi,1308,157,29,15,Hujan,Dini Hari,Truk,Kurang Jarak Aman,Jalan Nasional,Baik,40-60,Simpang 4,Perempuan,<17,Ya
1/13/2024,2024,01,Semarang,2346,169,27,28,Cerah,Malam,Motor,Kurang Jarak Aman,Jalan Provinsi,Berlubang,40-60,Lurus,Perempuan,<17,Ya
12/4/2022,2022,12,Jakarta Timur,1266,261,28,4,Hujan,Malam,Bus,Kecepatan Berlebih,Jalan Kota,Berlubang,<40,Lurus,Laki-laki,26-45,Tidak
7/14/2021,2021,07,Surabaya,2518,235,29,6,Cerah,Malam,Bus,Kecepatan Berlebih,Jalan Kota,Berlubang,<40,Lurus,Perempuan,26-45,Tidak
8/18/2024,2024,08,Semarang,3430,136,21,32,Cerah,Malam,Bus,Kecepatan Berlebih,Jalan Kota,Baik,>60,Lurus,Perempuan,17-25,Ya
6/4/2021,2021,06,Jakarta Timur,1998,313,21,17,Cerah,Dini Hari,Bus,Kondisi Jalan,Jalan Provinsi,Baik,<40,Simpang Y,Perempuan,<17,Tidak
3/11/2021,2021,03,Semarang,2464,486,20,4,Cerah,Pagi,Mobil,Rem Blong,Jalan Nasional,Rusak,>60,Simpang Y,Perempuan,26-45,Ya
9/30/2022,2022,09,Jakarta Selatan,4499,426,22,35,Cerah,Pagi,Motor,Kecepatan Berlebih,Jalan Kota,Berlubang,40-60,Lurus,Laki-laki,<17,Tidak
10/24/2024,2024,10,Jakarta Selatan,1529,174,21,17,Hujan,Pagi,Truk,Kecepatan Berlebih,Jalan Provinsi,Berlubang,40-60,Lurus,Laki-laki,<17,Ya
8/10/2025,2025,08,Bekasi,2686,468,27,17,Hujan,Dini Hari,Motor,Kurang Jarak Aman,Jalan Nasional,Berlubang,>60,Lurus,Perempuan,>50,Ya
9/21/2021,2021,09,Bandung,3522,284,23,28,Hujan,Pagi,Truk,Pelanggaran Lalu Lintas,Jalan Provinsi,Berlubang,>60,Simpang T,Perempuan,17-25,Ya
9/26/2023,2023,09,Bandung,4489,443,30,3,Cerah,Pagi,Truk,Kecepatan Berlebih,Jalan Kota,Baik,40-60,Tikungan,Laki-laki,<17,Tidak
3/15/2022,2022,03,Surabaya,3364,400,26,8,Cerah,Siang,Bus,Kelalaian Pengemudi,Jalan Provinsi,Rusak,<40,Tikungan,Perempuan,17-25,Tidak
10/2/2022,2022,10,Surabaya,4872,481,28,7,Cerah,Malam,Motor,Rem Blong,Jalan Nasional,Berlubang,>60,Tikungan,Perempuan,17-25,Ya
7/15/2022,2022,07,Bekasi,3721,133,21,6,Cerah,Pagi,Motor,Kondisi Jalan,Jalan Kota,Baik,<40,Simpang Y,Perempuan,>50,Tidak
4/7/2025,2025,04,Palembang,2654,157,28,64,Cerah,Malam,Truk,Kondisi Jalan,Jalan Nasional,Rusak,40-60,Simpang 4,Laki-laki,26-45,Tidak
10/7/2024,2024,10,Palembang,1864,370,21,12,Hujan,Malam,Mobil,Pelanggaran Lalu Lintas,Jalan Kota,Baik,>60,Simpang 4,Perempuan,26-45,Tidak
4/22/2023,2023,04,Makassar,4906,169,22,58,Hujan,Malam,Truk,Kecepatan Berlebih,Jalan Kota,Baik,>60,Simpang T,Perempuan,<17,Ya
4/6/2025,2025,04,Jakarta Timur,1687,329,20,31,Cerah,Malam,Truk,Kecepatan Berlebih,Jalan Kota,Baik,>60,Lurus,Laki-laki,26-45,Ya
11/18/2024,2024,11,Medan,2016,285,26,3,Cerah,Malam,Truk,Pelanggaran Lalu Lintas,Jalan Nasional,Baik,40-60,Simpang Y,Perempuan,>50,Tidak
9/24/2021,2021,09,Yogyakarta,3950,427,24,4,Hujan,Dini Hari,Mobil,Kurang Jarak Aman,Jalan Nasional,Rusak,>60,Tikungan,Laki-laki,26-45,Ya
7/18/2023,2023,07,Palembang,4184,123,23,7,Hujan,Pagi,Bus,Kurang Jarak Aman,Jalan Kota,Baik,>60,Simpang 4,Laki-laki,>50,Ya
4/9/2024,2024,04,Yogyakarta,3457,347,29,14,Cerah,Siang,Truk,Rem Blong,Jalan Kota,Baik,>60,Simpang T,Laki-laki,26-45,Tidak
4/13/2025,2025,04,Bandung,3487,274,20,13,Cerah,Dini Hari,Truk,Kondisi Jalan,Jalan Nasional,Berlubang,40-60,Lurus,Perempuan,26-45,Tidak
6/23/2023,2023,06,Bekasi,4367,108,28,14,Hujan,Siang,Mobil,Kurang Jarak Aman,Jalan Provinsi,Berlubang,>60,Tikungan,Laki-laki,<17,Ya
9/5/2024,2024,09,Bandung,4197,467,27,13,Hujan,Pagi,Bus,Kecepatan Berlebih,Jalan Provinsi,Baik,<40,Simpang T,Perempuan,>50,Tidak
7/10/2021,2021,07,Jakarta Selatan,2048,282,26,22,Cerah,Dini Hari,Truk,Kecepatan Berlebih,Jalan Nasional,Baik,>60,Simpang Y,Laki-laki,17-25,Tidak
4/14/2025,2025,04,Yogyakarta,3293,160,27,6,Cerah,Siang,Mobil,Kurang Jarak Aman,Jalan Nasional,Rusak,>60,Simpang T,Perempuan,>50,Tidak
1/12/2024,2024,01,Medan,2145,125,27,48,Hujan,Dini Hari,Truk,Kurang Jarak Aman,Jalan Provinsi,Berlubang,<40,Lurus,Perempuan,<17,Tidak
4/26/2025,2025,04,Surabaya,3981,116,21,38,Hujan,Malam,Truk,Rem Blong,Jalan Kota,Rusak,<40,Simpang Y,Perempuan,<17,Tidak
8/30/2025,2025,08,Bandung,3364,489,26,3,Cerah,Siang,Mobil,Pelanggaran Lalu Lintas,Jalan Kota,Berlubang,40-60,Simpang T,Perempuan,<17,Tidak
10/7/2024,2024,10,Yogyakarta,4329,315,29,5,Hujan,Siang,Motor,Kondisi Jalan,Jalan Provinsi,Berlubang,>60,Simpang 4,Perempuan,17-25,Tidak
11/10/2023,2023,11,Jakarta Timur,2097,365,26,22,Cerah,Malam,Motor,Kecepatan Berlebih,Jalan Kota,Baik,40-60,Lurus,Laki-laki,26-45,Tidak
4/29/2022,2022,04,Jakarta Selatan,2841,177,24,46,Cerah,Siang,Truk,Kurang Jarak Aman,Jalan Nasional,Rusak,40-60,Tikungan,Perempuan,<17,Tidak
10/20/2022,2022,10,Palembang,3318,103,22,9,Cerah,Pagi,Motor,Pelanggaran Lalu Lintas,Jalan Provinsi,Rusak,>60,Simpang Y,Perempuan,26-45,Ya
8/28/2023,2023,08,Surabaya,1159,291,20,15,Cerah,Siang,Mobil,Kecepatan Berlebih,Jalan Provinsi,Rusak,>60,Simpang Y,Laki-laki,17-25,Ya
7/10/2023,2023,07,Palembang,2052,110,30,13,Cerah,Siang,Motor,Kelalaian Pengemudi,Jalan Kota,Baik,<40,Simpang T,Laki-laki,>50,Ya
12/10/2025,2025,12,Semarang,3714,453,29,33,Hujan,Malam,Bus,Kondisi Jalan,Jalan Provinsi,Berlubang,>60,Lurus,Perempuan,26-45,Tidak
6/7/2021,2021,06,Semarang,4516,413,25,6,Hujan,Siang,Truk,Kondisi Jalan,Jalan Nasional,Baik,>60,Simpang Y,Laki-laki,<17,Ya
5/1/2021,2021,05,Yogyakarta,2949,346,21,38,Hujan,Malam,Mobil,Pelanggaran Lalu Lintas,Jalan Provinsi,Rusak,40-60,Simpang Y,Perempuan,<17,Tidak
3/3/2023,2023,03,Surabaya,3458,349,21,11,Hujan,Pagi,Bus,Kelalaian Pengemudi,Jalan Provinsi,Berlubang,<40,Simpang Y,Perempuan,<17,Tidak
8/28/2021,2021,08,Bandung,4709,118,30,23,Cerah,Pagi,Bus,Kondisi Jalan,Jalan Provinsi,Baik,40-60,Simpang 4,Laki-laki,17-25,Tidak
5/31/2024,2024,05,Bandung,1678,129,26,53,Cerah,Malam,Mobil,Rem Blong,Jalan Provinsi,Rusak,>60,Simpang Y,Perempuan,17-25,Tidak
7/2/2021,2021,07,Jakarta Selatan,2043,445,20,19,Hujan,Malam,Bus,Kelalaian Pengemudi,Jalan Nasional,Rusak,40-60,Tikungan,Perempuan,17-25,Ya
1/3/2023,2023,01,Surabaya,2863,256,24,39,Cerah,Malam,Truk,Kecepatan Berlebih,Jalan Provinsi,Berlubang,<40,Tikungan,Laki-laki,<17,Ya
10/11/2025,2025,10,Palembang,3133,267,26,25,Hujan,Dini Hari,Motor,Rem Blong,Jalan Nasional,Baik,40-60,Tikungan,Perempuan,26-45,Tidak
5/25/2021,2021,05,Bekasi,1440,248,30,26,Cerah,Pagi,Truk,Kecepatan Berlebih,Jalan Kota,Berlubang,>60,Lurus,Perempuan,17-25,Ya
9/26/2021,2021,09,Medan,4526,177,26,59,Cerah,Pagi,Motor,Kurang Jarak Aman,Jalan Provinsi,Baik,<40,Lurus,Perempuan,26-45,Tidak
1/6/2021,2021,01,Bandung,2657,260,21,24,Hujan,Pagi,Bus,Kurang Jarak Aman,Jalan Kota,Berlubang,>60,Simpang Y,Perempuan,>50,Ya
11/21/2021,2021,11,Jakarta Selatan,1000,437,25,9,Cerah,Pagi,Bus,Kelalaian Pengemudi,Jalan Kota,Rusak,40-60,Tikungan,Perempuan,<17,Ya
1/15/2021,2021,01,Medan,2010,130,21,33,Hujan,Pagi,Bus,Rem Blong,Jalan Provinsi,Berlubang,>60,Tikungan,Perempuan,26-45,Tidak
2/3/2025,2025,02,Palembang,4191,135,21,5,Hujan,Pagi,Mobil,Rem Blong,Jalan Nasional,Berlubang,40-60,Simpang 4,Perempuan,17-25,Tidak
11/16/2021,2021,11,Yogyakarta,3257,440,24,38,Cerah,Pagi,Mobil,Rem Blong,Jalan Provinsi,Rusak,40-60,Simpang T,Perempuan,17-25,Tidak
3/14/2023,2023,03,Yogyakarta,2915,266,24,28,Hujan,Siang,Truk,Pelanggaran Lalu Lintas,Jalan Nasional,Baik,>60,Tikungan,Laki-laki,<17,Tidak
10/9/2023,2023,10,Bekasi,4777,225,22,22,Cerah,Siang,Mobil,Kurang Jarak Aman,Jalan Nasional,Berlubang,40-60,Tikungan,Laki-laki,<17,Tidak
11/14/2025,2025,11,Palembang,3930,278,28,31,Cerah,Pagi,Truk,Pelanggaran Lalu Lintas,Jalan Provinsi,Rusak,<40,Simpang Y,Laki-laki,<17,Ya
12/14/2025,2025,12,Makassar,2876,192,22,10,Cerah,Siang,Truk,Kurang Jarak Aman,Jalan Nasional,Rusak,40-60,Simpang 4,Perempuan,26-45,Ya
7/12/2023,2023,07,Makassar,2005,234,24,14,Cerah,Malam,Motor,Kondisi Jalan,Jalan Nasional,Baik,<40,Lurus,Laki-laki,26-45,Tidak
3/11/2021,2021,03,Bandung,3031,340,27,13,Cerah,Siang,Mobil,Pelanggaran Lalu Lintas,Jalan Nasional,Berlubang,40-60,Tikungan,Laki-laki,26-45,Tidak
10/3/2025,2025,10,Bekasi,4659,494,24,9,Hujan,Pagi,Truk,Kurang Jarak Aman,Jalan Nasional,Rusak,>60,Simpang Y,Perempuan,26-45,Ya
9/22/2025,2025,09,Bandung,4248,233,26,11,Cerah,Dini Hari,Truk,Kelalaian Pengemudi,Jalan Provinsi,Rusak,<40,Tikungan,Perempuan,>50,Ya
6/28/2022,2022,06,Jakarta Timur,3293,246,27,29,Cerah,Pagi,Motor,Kurang Jarak Aman,Jalan Nasional,Baik,40-60,Lurus,Laki-laki,<17,Ya
2/5/2021,2021,02,Bandung,2449,216,26,38,Cerah,Dini Hari,Bus,Rem Blong,Jalan Kota,Berlubang,>60,Lurus,Laki-laki,<17,Ya
8/2/2021,2021,08,Jakarta Timur,3121,113,21,16,Cerah,Malam,Motor,Kecepatan Berlebih,Jalan Kota,Berlubang,<40,Simpang 4,Laki-laki,17-25,Ya
3/20/2023,2023,03,Jakarta Timur,2432,374,22,6,Cerah,Siang,Motor,Pelanggaran Lalu Lintas,Jalan Nasional,Berlubang,40-60,Tikungan,Laki-laki,>50,Tidak
12/19/2024,2024,12,Palembang,1979,131,21,35,Hujan,Malam,Motor,Rem Blong,Jalan Provinsi,Rusak,>60,Simpang T,Perempuan,>50,Tidak
6/26/2025,2025,06,Jakarta Timur,2011,190,29,10,Cerah,Malam,Mobil,Kecepatan Berlebih,Jalan Provinsi,Rusak,40-60,Simpang Y,Perempuan,>50,Tidak
3/15/2021,2021,03,Jakarta Timur,1458,483,23,15,Hujan,Dini Hari,Mobil,Rem Blong,Jalan Nasional,Baik,>60,Tikungan,Perempuan,<17,Tidak
7/12/2025,2025,07,Surabaya,1912,259,22,8,Cerah,Pagi,Motor,Kurang Jarak Aman,Jalan Nasional,Berlubang,40-60,Simpang Y,Perempuan,<17,Ya
12/8/2025,2025,12,Medan,1784,147,22,36,Hujan,Siang,Truk,Kelalaian Pengemudi,Jalan Provinsi,Berlubang,<40,Simpang 4,Laki-laki,<17,Tidak
10/25/2023,2023,10,Jakarta Timur,3695,355,30,43,Hujan,Siang,Mobil,Pelanggaran Lalu Lintas,Jalan Nasional,Rusak,40-60,Simpang Y,Laki-laki,<17,Tidak
1/27/2024,2024,01,Semarang,2073,276,25,38,Cerah,Malam,Truk,Kecepatan Berlebih,Jalan Kota,Berlubang,<40,Simpang Y,Laki-laki,17-25,Ya
5/1/2021,2021,05,Medan,3179,311,21,18,Cerah,Malam,Mobil,Kondisi Jalan,Jalan Provinsi,Rusak,>60,Simpang Y,Laki-laki,17-25,Tidak
5/19/2023,2023,05,Yogyakarta,4877,231,25,6,Cerah,Siang,Mobil,Rem Blong,Jalan Nasional,Baik,40-60,Simpang Y,Laki-laki,<17,Ya
1/12/2024,2024,01,Bandung,1504,151,23,0,Hujan,Siang,Truk,Kondisi Jalan,Jalan Nasional,Rusak,40-60,Simpang Y,Laki-laki,<17,Tidak
3/8/2022,2022,03,Bekasi,3273,107,30,3,Cerah,Malam,Truk,Rem Blong,Jalan Provinsi,Berlubang,<40,Simpang 4,Laki-laki,26-45,Tidak
7/1/2024,2024,07,Bandung,4456,138,23,5,Hujan,Dini Hari,Truk,Kondisi Jalan,Jalan Nasional,Berlubang,<40,Simpang 4,Perempuan,>50,Tidak
5/7/2025,2025,05,Semarang,2641,148,21,21,Cerah,Siang,Motor,Kelalaian Pengemudi,Jalan Kota,Baik,>60,Tikungan,Laki-laki,26-45,Ya
12/20/2022,2022,12,Makassar,2860,154,22,3,Cerah,Siang,Motor,Kecepatan Berlebih,Jalan Nasional,Berlubang,<40,Simpang T,Perempuan,26-45,Ya
3/29/2021,2021,03,Palembang,3660,434,20,15,Hujan,Siang,Mobil,Rem Blong,Jalan Provinsi,Berlubang,>60,Simpang Y,Laki-laki,26-45,Tidak
2/11/2021,2021,02,Semarang,4235,480,28,14,Hujan,Pagi,Motor,Kelalaian Pengemudi,Jalan Kota,Berlubang,<40,Simpang 4,Perempuan,>50,Tidak
9/14/2023,2023,09,Makassar,1961,455,22,6,Hujan,Pagi,Mobil,Kurang Jarak Aman,Jalan Nasional,Rusak,40-60,Simpang Y,Perempuan,<17,Ya
5/18/2025,2025,05,Yogyakarta,1576,290,28,50,Cerah,Dini Hari,Mobil,Kelalaian Pengemudi,Jalan Provinsi,Rusak,40-60,Simpang T,Perempuan,>50,Tidak
9/17/2022,2022,09,Semarang,2288,205,20,7,Cerah,Dini Hari,Bus,Kurang Jarak Aman,Jalan Provinsi,Baik,40-60,Tikungan,Perempuan,<17,Tidak
8/8/2024,2024,08,Medan,1269,428,28,44,Hujan,Dini Hari,Mobil,Kondisi Jalan,Jalan Kota,Rusak,>60,Tikungan,Perempuan,17-25,Tidak
3/18/2022,2022,03,Palembang,1171,421,30,5,Cerah,Malam,Mobil,Kelalaian Pengemudi,Jalan Nasional,Rusak,40-60,Simpang 4,Perempuan,17-25,Tidak
5/25/2021,2021,05,Jakarta Timur,1951,149,26,55,Hujan,Siang,Truk,Kelalaian Pengemudi,Jalan Kota,Berlubang,40-60,Simpang T,Perempuan,>50,Tidak
9/2/2024,2024,09,Semarang,3489,465,22,5,Hujan,Dini Hari,Truk,Kecepatan Berlebih,Jalan Kota,Rusak,<40,Simpang Y,Laki-laki,>50,Tidak
6/14/2025,2025,06,Palembang,2702,361,20,24,Cerah,Pagi,Truk,Pelanggaran Lalu Lintas,Jalan Kota,Berlubang,<40,Simpang 4,Laki-laki,17-25,Tidak
11/12/2024,2024,11,Bandung,1080,447,29,8,Cerah,Siang,Mobil,Kondisi Jalan,Jalan Kota,Rusak,<40,Simpang 4,Perempuan,>50,Tidak
12/3/2023,2023,12,Palembang,4728,369,30,7,Cerah,Pagi,Truk,Kurang Jarak Aman,Jalan Nasional,Rusak,<40,Simpang T,Perempuan,>50,Tidak
6/4/2025,2025,06,Makassar,4962,461,29,12,Cerah,Dini Hari,Mobil,Kelalaian Pengemudi,Jalan Nasional,Berlubang,>60,Simpang T,Perempuan,<17,Tidak
8/25/2022,2022,08,Jakarta Selatan,2359,455,27,33,Cerah,Dini Hari,Truk,Kondisi Jalan,Jalan Provinsi,Rusak,40-60,Simpang 4,Perempuan,26-45,Tidak
7/12/2023,2023,07,Yogyakarta,3249,103,23,40,Hujan,Dini Hari,Mobil,Pelanggaran Lalu Lintas,Jalan Kota,Berlubang,>60,Simpang T,Perempuan,>50,Ya
11/5/2025,2025,11,Jakarta Timur,3909,347,24,10,Cerah,Siang,Mobil,Rem Blong,Jalan Nasional,Berlubang,>60,Simpang T,Laki-laki,>50,Ya
11/2/2024,2024,11,Bandung,1547,131,22,15,Hujan,Malam,Bus,Kurang Jarak Aman,Jalan Nasional,Berlubang,<40,Simpang Y,Laki-laki,17-25,Tidak
7/31/2025,2025,07,Bandung,2567,177,30,19,Cerah,Pagi,Motor,Pelanggaran Lalu Lintas,Jalan Kota,Berlubang,<40,Lurus,Laki-laki,26-45,Tidak
8/23/2025,2025,08,Yogyakarta,3554,491,27,8,Cerah,Siang,Truk,Pelanggaran Lalu Lintas,Jalan Kota,Berlubang,>60,Lurus,Perempuan,<17,Tidak
6/5/2022,2022,06,Bekasi,2277,376,24,14,Hujan,Dini Hari,Bus,Kelalaian Pengemudi,Jalan Nasional,Rusak,40-60,Simpang T,Perempuan,<17,Ya
10/12/2021,2021,10,Yogyakarta,2126,371,25,12,Cerah,Siang,Mobil,Kecepatan Berlebih,Jalan Provinsi,Baik,40-60,Simpang 4,Perempuan,<17,Ya
10/7/2025,2025,10,Semarang,2404,424,21,21,Hujan,Dini Hari,Mobil,Kelalaian Pengemudi,Jalan Kota,Baik,>60,Lurus,Laki-laki,>50,Ya
6/8/2023,2023,06,Bekasi,2377,232,27,35,Hujan,Dini Hari,Bus,Kecepatan Berlebih,Jalan Nasional,Baik,40-60,Lurus,Perempuan,<17,Tidak
12/9/2025,2025,12,Jakarta Selatan,2628,146,27,31,Cerah,Dini Hari,Bus,Kondisi Jalan,Jalan Kota,Berlubang,40-60,Tikungan,Laki-laki,26-45,Ya
1/12/2024,2024,01,Jakarta Timur,1190,254,24,6,Cerah,Siang,Truk,Kecepatan Berlebih,Jalan Provinsi,Rusak,<40,Tikungan,Perempuan,<17,Ya
9/17/2025,2025,09,Bekasi,1822,172,22,34,Hujan,Dini Hari,Mobil,Kondisi Jalan,Jalan Provinsi,Rusak,<40,Tikungan,Laki-laki,26-45,Tidak
3/9/2021,2021,03,Jakarta Timur,4368,205,28,15,Hujan,Dini Hari,Truk,Kecepatan Berlebih,Jalan Provinsi,Berlubang,>60,Simpang T,Laki-laki,<17,Ya
2/7/2021,2021,02,Surabaya,1699,278,23,35,Cerah,Malam,Truk,Kelalaian Pengemudi,Jalan Provinsi,Rusak,40-60,Simpang Y,Laki-laki,>50,Tidak
10/8/2021,2021,10,Medan,2721,115,27,45,Hujan,Siang,Motor,Kurang Jarak Aman,Jalan Nasional,Rusak,40-60,Tikungan,Laki-laki,17-25,Ya
4/14/2022,2022,04,Bandung,1501,330,30,21,Hujan,Malam,Bus,Kecepatan Berlebih,Jalan Kota,Berlubang,40-60,Simpang T,Laki-laki,<17,Tidak
7/5/2023,2023,07,Medan,4188,383,25,12,Hujan,Siang,Truk,Kondisi Jalan,Jalan Nasional,Berlubang,40-60,Simpang 4,Laki-laki,>50,Ya
8/15/2025,2025,08,Semarang,4611,197,24,13,Cerah,Dini Hari,Motor,Kelalaian Pengemudi,Jalan Provinsi,Baik,<40,Tikungan,Perempuan,17-25,Ya
10/16/2023,2023,10,Palembang,2560,392,24,48,Hujan,Pagi,Mobil,Kondisi Jalan,Jalan Nasional,Berlubang,40-60,Simpang T,Laki-laki,<17,Ya
10/21/2024,2024,10,Yogyakarta,1225,409,26,24,Hujan,Siang,Bus,Rem Blong,Jalan Provinsi,Berlubang,>60,Tikungan,Perempuan,17-25,Ya
7/3/2021,2021,07,Makassar,3771,487,27,8,Hujan,Siang,Mobil,Kondisi Jalan,Jalan Provinsi,Rusak,>60,Simpang 4,Laki-laki,<17,Tidak
2/3/2025,2025,02,Medan,3774,104,26,48,Hujan,Dini Hari,Bus,Kecepatan Berlebih,Jalan Nasional,Rusak,40-60,Tikungan,Perempuan,26-45,Ya
11/13/2023,2023,11,Surabaya,2860,113,26,5,Hujan,Pagi,Bus,Kurang Jarak Aman,Jalan Nasional,Rusak,40-60,Simpang 4,Laki-laki,26-45,Tidak
1/16/2021,2021,01,Medan,4867,252,30,11,Cerah,Dini Hari,Bus,Kurang Jarak Aman,Jalan Nasional,Rusak,<40,Simpang Y,Laki-laki,<17,Ya
5/24/2021,2021,05,Semarang,2420,239,24,21,Hujan,Pagi,Mobil,Kondisi Jalan,Jalan Kota,Baik,>60,Simpang 4,Perempuan,>50,Tidak
11/25/2025,2025,11,Bekasi,3402,252,23,31,Hujan,Malam,Mobil,Kondisi Jalan,Jalan Kota,Baik,<40,Simpang T,Laki-laki,26-45,Tidak
8/28/2022,2022,08,Yogyakarta,4833,137,21,14,Hujan,Pagi,Mobil,Kecepatan Berlebih,Jalan Provinsi,Berlubang,40-60,Simpang T,Perempuan,17-25,Ya
2/22/2025,2025,02,Semarang,3891,123,22,17,Hujan,Dini Hari,Truk,Kondisi Jalan,Jalan Nasional,Baik,>60,Simpang 4,Perempuan,>50,Ya
10/12/2024,2024,10,Makassar,3877,475,20,4,Hujan,Malam,Truk,Pelanggaran Lalu Lintas,Jalan Kota,Berlubang,>60,Simpang T,Laki-laki,17-25,Ya
7/21/2024,2024,07,Palembang,3692,170,30,22,Hujan,Malam,Mobil,Kelalaian Pengemudi,Jalan Kota,Rusak,40-60,Simpang Y,Perempuan,<17,Tidak
8/27/2025,2025,08,Makassar,4194,208,25,7,Cerah,Dini Hari,Bus,Kecepatan Berlebih,Jalan Nasional,Rusak,<40,Tikungan,Perempuan,<17,Ya
5/27/2023,2023,05,Bekasi,4878,135,23,15,Hujan,Dini Hari,Truk,Kurang Jarak Aman,Jalan Nasional,Baik,<40,Simpang Y,Perempuan,<17,Ya
12/4/2023,2023,12,Yogyakarta,3605,402,29,12,Cerah,Pagi,Truk,Rem Blong,Jalan Nasional,Rusak,<40,Simpang T,Laki-laki,>50,Ya
4/27/2025,2025,04,Medan,1188,150,20,8,Cerah,Malam,Bus,Rem Blong,Jalan Nasional,Rusak,<40,Simpang 4,Perempuan,26-45,Ya
8/15/2024,2024,08,Makassar,1783,410,30,23,Hujan,Siang,Bus,Kurang Jarak Aman,Jalan Nasional,Rusak,>60,Tikungan,Perempuan,26-45,Tidak
12/15/2021,2021,12,Surabaya,4189,403,28,43,Hujan,Siang,Motor,Kelalaian Pengemudi,Jalan Kota,Rusak,40-60,Simpang Y,Perempuan,>50,Ya
9/4/2024,2024,09,Semarang,3812,355,22,26,Hujan,Malam,Mobil,Kurang Jarak Aman,Jalan Kota,Berlubang,40-60,Lurus,Perempuan,>50,Tidak
1/24/2022,2022,01,Bekasi,1197,383,22,34,Cerah,Dini Hari,Bus,Kondisi Jalan,Jalan Kota,Rusak,40-60,Simpang T,Perempuan,<17,Ya
12/29/2022,2022,12,Bandung,1651,191,29,3,Hujan,Pagi,Bus,Kelalaian Pengemudi,Jalan Nasional,Rusak,40-60,Simpang 4,Perempuan,>50,Tidak
12/30/2023,2023,12,Yogyakarta,3738,483,28,28,Cerah,Malam,Truk,Kelalaian Pengemudi,Jalan Kota,Berlubang,40-60,Tikungan,Laki-laki,26-45,Ya
8/24/2022,2022,08,Yogyakarta,3261,471,26,12,Hujan,Dini Hari,Bus,Kelalaian Pengemudi,Jalan Nasional,Rusak,<40,Simpang T,Laki-laki,>50,Tidak
4/13/2023,2023,04,Bandung,1416,281,28,1,Hujan,Siang,Mobil,Kurang Jarak Aman,Jalan Provinsi,Berlubang,>60,Simpang T,Laki-laki,26-45,Ya
9/13/2021,2021,09,Bandung,2011,255,28,17,Hujan,Malam,Bus,Kondisi Jalan,Jalan Provinsi,Rusak,>60,Simpang 4,Laki-laki,17-25,Ya
6/30/2022,2022,06,Medan,2879,402,23,39,Cerah,Malam,Bus,Kelalaian Pengemudi,Jalan Provinsi,Baik,>60,Simpang 4,Perempuan,>50,Tidak
4/25/2024,2024,04,Jakarta Selatan,3986,472,21,30,Hujan,Dini Hari,Motor,Kurang Jarak Aman,Jalan Provinsi,Berlubang,>60,Simpang T,Laki-laki,26-45,Tidak
9/4/2022,2022,09,Bekasi,1551,483,20,20,Cerah,Siang,Motor,Kecepatan Berlebih,Jalan Kota,Baik,40-60,Tikungan,Perempuan,17-25,Ya
3/12/2021,2021,03,Semarang,2168,139,30,4,Cerah,Pagi,Mobil,Rem Blong,Jalan Nasional,Rusak,>60,Lurus,Laki-laki,26-45,Tidak
1/19/2023,2023,01,Yogyakarta,4158,457,23,2,Cerah,Malam,Truk,Kondisi Jalan,Jalan Nasional,Berlubang,40-60,Simpang T,Perempuan,26-45,Ya
10/7/2022,2022,10,Bekasi,3598,408,29,55,Hujan,Pagi,Motor,Kelalaian Pengemudi,Jalan Nasional,Baik,<40,Lurus,Laki-laki,<17,Tidak
4/27/2021,2021,04,Bekasi,2341,353,29,16,Cerah,Malam,Bus,Rem Blong,Jalan Kota,Berlubang,<40,Simpang T,Laki-laki,26-45,Ya
4/16/2022,2022,04,Palembang,4105,207,25,11,Cerah,Dini Hari,Motor,Kecepatan Berlebih,Jalan Kota,Berlubang,<40,Simpang Y,Perempuan,17-25,Ya
7/16/2024,2024,07,Surabaya,2876,123,22,22,Hujan,Dini Hari,Bus,Kondisi Jalan,Jalan Kota,Baik,40-60,Lurus,Perempuan,26-45,Tidak
10/29/2025,2025,10,Semarang,3409,447,28,58,Hujan,Siang,Motor,Kelalaian Pengemudi,Jalan Provinsi,Berlubang,40-60,Simpang Y,Perempuan,17-25,Ya
8/2/2021,2021,08,Jakarta Timur,3801,277,26,41,Hujan,Pagi,Motor,Kecepatan Berlebih,Jalan Nasional,Rusak,40-60,Simpang Y,Perempuan,26-45,Tidak
4/10/2025,2025,04,Semarang,1351,102,20,10,Hujan,Siang,Mobil,Kelalaian Pengemudi,Jalan Nasional,Baik,<40,Simpang 4,Perempuan,17-25,Tidak
11/6/2021,2021,11,Makassar,2762,199,30,32,Hujan,Dini Hari,Motor,Kecepatan Berlebih,Jalan Nasional,Rusak,40-60,Tikungan,Laki-laki,>50,Tidak
9/18/2023,2023,09,Palembang,3004,381,24,14,Cerah,Pagi,Bus,Rem Blong,Jalan Nasional,Baik,40-60,Tikungan,Laki-laki,26-45,Ya
7/21/2023,2023,07,Jakarta Selatan,4618,459,24,12,Hujan,Siang,Truk,Kurang Jarak Aman,Jalan Nasional,Rusak,>60,Tikungan,Laki-laki,>50,Tidak
5/15/2023,2023,05,Makassar,1194,282,25,20,Cerah,Pagi,Bus,Kurang Jarak Aman,Jalan Provinsi,Berlubang,<40,Lurus,Laki-laki,<17,Tidak
4/25/2025,2025,04,Makassar,4462,301,23,31,Cerah,Siang,Bus,Kurang Jarak Aman,Jalan Provinsi,Rusak,40-60,Lurus,Laki-laki,26-45,Ya
4/28/2024,2024,04,Surabaya,2327,280,26,10,Cerah,Siang,Bus,Kurang Jarak Aman,Jalan Provinsi,Baik,<40,Simpang T,Laki-laki,<17,Ya
2/19/2023,2023,02,Bekasi,4309,304,26,15,Hujan,Malam,Motor,Rem Blong,Jalan Kota,Rusak,40-60,Simpang Y,Perempuan,26-45,Tidak
2/13/2023,2023,02,Medan,3540,313,26,12,Hujan,Dini Hari,Mobil,Rem Blong,Jalan Provinsi,Rusak,<40,Lurus,Perempuan,26-45,Tidak
3/14/2022,2022,03,Medan,4595,107,26,42,Cerah,Malam,Mobil,Pelanggaran Lalu Lintas,Jalan Kota,Rusak,>60,Simpang T,Perempuan,<17,Ya
3/16/2022,2022,03,Medan,3072,397,25,42,Cerah,Malam,Mobil,Pelanggaran Lalu Lintas,Jalan Kota,Rusak,>60,Simpang 4,Perempuan,>50,Tidak
8/21/2021,2021,08,Semarang,3998,350,21,10,Hujan,Dini Hari,Bus,Kondisi Jalan,Jalan Provinsi,Berlubang,>60,Simpang T,Perempuan,17-25,Ya
3/28/2021,2021,03,Jakarta Selatan,4892,446,21,41,Cerah,Dini Hari,Mobil,Kelalaian Pengemudi,Jalan Nasional,Baik,<40,Tikungan,Laki-laki,26-45,Ya
8/24/2021,2021,08,Semarang,4974,386,20,42,Hujan,Dini Hari,Bus,Kelalaian Pengemudi,Jalan Kota,Baik,40-60,Simpang 4,Laki-laki,<17,Ya
10/28/2025,2025,10,Bekasi,2875,485,28,3,Cerah,Dini Hari,Truk,Pelanggaran Lalu Lintas,Jalan Provinsi,Rusak,>60,Simpang T,Laki-laki,>50,Tidak
4/30/2023,2023,04,Yogyakarta,1787,212,25,2,Hujan,Siang,Truk,Rem Blong,Jalan Provinsi,Berlubang,40-60,Simpang T,Perempuan,<17,Ya
6/14/2023,2023,06,Bekasi,3512,423,25,18,Cerah,Dini Hari,Truk,Kelalaian Pengemudi,Jalan Provinsi,Baik,>60,Tikungan,Perempuan,>50,Ya
2/20/2022,2022,02,Medan,3226,128,27,48,Cerah,Siang,Motor,Kelalaian Pengemudi,Jalan Provinsi,Berlubang,40-60,Lurus,Laki-laki,>50,Tidak
2/15/2024,2024,02,Surabaya,1254,236,29,14,Cerah,Malam,Mobil,Pelanggaran Lalu Lintas,Jalan Provinsi,Rusak,<40,Tikungan,Perempuan,<17,Tidak
11/29/2024,2024,11,Bandung,3956,265,21,8,Cerah,Siang,Mobil,Kondisi Jalan,Jalan Kota,Rusak,<40,Tikungan,Laki-laki,>50,Ya
11/25/2024,2024,11,Makassar,2447,372,24,19,Cerah,Dini Hari,Mobil,Kurang Jarak Aman,Jalan Kota,Baik,<40,Simpang Y,Laki-laki,>50,Ya
5/30/2024,2024,05,Surabaya,2390,464,26,8,Cerah,Malam,Mobil,Rem Blong,Jalan Kota,Rusak,<40,Lurus,Laki-laki,>50,Ya
4/10/2024,2024,04,Jakarta Timur,4109,337,27,11,Cerah,Pagi,Mobil,Pelanggaran Lalu Lintas,Jalan Kota,Baik,<40,Tikungan,Perempuan,<17,Ya
8/5/2025,2025,08,Surabaya,3792,490,26,11,Cerah,Siang,Truk,Kondisi Jalan,Jalan Kota,Rusak,40-60,Lurus,Perempuan,>50,Tidak
5/8/2023,2023,05,Surabaya,2225,151,21,16,Cerah,Pagi,Bus,Kelalaian Pengemudi,Jalan Provinsi,Baik,40-60,Tikungan,Laki-laki,<17,Tidak
10/15/2024,2024,10,Medan,2782,273,30,59,Hujan,Dini Hari,Bus,Pelanggaran Lalu Lintas,Jalan Kota,Berlubang,<40,Lurus,Perempuan,<17,Ya
9/9/2023,2023,09,Jakarta Timur,4049,239,30,15,Hujan,Dini Hari,Motor,Kelalaian Pengemudi,Jalan Provinsi,Rusak,40-60,Simpang Y,Laki-laki,26-45,Tidak
2/25/2024,2024,02,Surabaya,3528,498,30,14,Cerah,Malam,Mobil,Pelanggaran Lalu Lintas,Jalan Provinsi,Rusak,<40,Tikungan,Laki-laki,>50,Tidak
1/25/2025,2025,01,Bandung,1439,395,24,16,Cerah,Dini Hari,Truk,Kurang Jarak Aman,Jalan Nasional,Berlubang,>60,Lurus,Laki-laki,17-25,Tidak
10/7/2021,2021,10,Jakarta Timur,2486,426,21,10,Hujan,Pagi,Motor,Pelanggaran Lalu Lintas,Jalan Kota,Berlubang,40-60,Simpang 4,Perempuan,17-25,Ya
10/3/2022,2022,10,Palembang,2159,479,27,55,Hujan,Malam,Bus,Kelalaian Pengemudi,Jalan Kota,Rusak,>60,Tikungan,Laki-laki,26-45,Ya
7/19/2021,2021,07,Palembang,3753,262,30,8,Hujan,Malam,Truk,Kurang Jarak Aman,Jalan Nasional,Rusak,>60,Lurus,Perempuan,17-25,Ya
6/11/2023,2023,06,Bekasi,2736,412,30,18,Cerah,Dini Hari,Truk,Kelalaian Pengemudi,Jalan Provinsi,Baik,<40,Lurus,Laki-laki,26-45,Tidak
9/7/2024,2024,09,Makassar,3697,288,21,17,Hujan,Malam,Mobil,Kurang Jarak Aman,Jalan Nasional,Berlubang,>60,Simpang Y,Laki-laki,<17,Tidak
7/1/2024,2024,07,Jakarta Timur,2263,217,27,49,Cerah,Pagi,Truk,Kecepatan Berlebih,Jalan Provinsi,Berlubang,>60,Simpang 4,Perempuan,<17,Tidak
2/1/2022,2022,02,Bekasi,4380,365,26,24,Hujan,Dini Hari,Bus,Kondisi Jalan,Jalan Kota,Berlubang,<40,Tikungan,Perempuan,17-25,Tidak
2/26/2025,2025,02,Semarang,3284,452,21,24,Cerah,Pagi,Bus,Kelalaian Pengemudi,Jalan Provinsi,Berlubang,<40,Simpang Y,Perempuan,17-25,Ya
2/1/2025,2025,02,Bandung,1412,125,21,16,Hujan,Pagi,Truk,Kondisi Jalan,Jalan Provinsi,Berlubang,40-60,Simpang Y,Laki-laki,<17,Ya
11/8/2023,2023,11,Makassar,2838,411,23,16,Hujan,Pagi,Mobil,Kecepatan Berlebih,Jalan Kota,Rusak,>60,Simpang T,Laki-laki,<17,Ya
3/5/2023,2023,03,Surabaya,2854,211,24,12,Cerah,Dini Hari,Mobil,Rem Blong,Jalan Nasional,Rusak,>60,Simpang T,Laki-laki,>50,Ya
5/4/2022,2022,05,Bandung,2016,373,30,11,Hujan,Pagi,Mobil,Pelanggaran Lalu Lintas,Jalan Provinsi,Baik,>60,Simpang T,Perempuan,17-25,Tidak
3/28/2024,2024,03,Yogyakarta,1035,403,28,19,Cerah,Dini Hari,Mobil,Kecepatan Berlebih,Jalan Nasional,Berlubang,40-60,Simpang 4,Laki-laki,17-25,Tidak
9/6/2025,2025,09,Bekasi,4290,184,27,23,Hujan,Malam,Bus,Kecepatan Berlebih,Jalan Kota,Berlubang,<40,Lurus,Perempuan,17-25,Ya
6/21/2024,2024,06,Surabaya,1409,295,26,31,Hujan,Dini Hari,Mobil,Pelanggaran Lalu Lintas,Jalan Provinsi,Berlubang,<40,Tikungan,Perempuan,>50,Ya
1/23/2024,2024,01,Medan,2340,375,28,30,Cerah,Malam,Truk,Kurang Jarak Aman,Jalan Kota,Rusak,40-60,Simpang T,Perempuan,26-45,Tidak
5/4/2021,2021,05,Bandung,1408,218,24,13,Cerah,Malam,Truk,Kondisi Jalan,Jalan Nasional,Rusak,<40,Tikungan,Laki-laki,17-25,Tidak
11/11/2024,2024,11,Surabaya,1927,339,23,25,Hujan,Dini Hari,Mobil,Kelalaian Pengemudi,Jalan Kota,Baik,>60,Simpang 4,Perempuan,>50,Tidak
12/15/2025,2025,12,Palembang,1805,119,24,15,Cerah,Pagi,Mobil,Kurang Jarak Aman,Jalan Provinsi,Baik,40-60,Lurus,Laki-laki,<17,Ya
8/19/2024,2024,08,Medan,2258,419,22,40,Hujan,Dini Hari,Truk,Kondisi Jalan,Jalan Nasional,Berlubang,<40,Lurus,Laki-laki,17-25,Tidak
1/21/2024,2024,01,Palembang,1236,154,29,23,Hujan,Malam,Mobil,Kurang Jarak Aman,Jalan Provinsi,Baik,>60,Lurus,Perempuan,17-25,Tidak
3/18/2021,2021,03,Makassar,3388,372,28,9,Cerah,Malam,Truk,Kurang Jarak Aman,Jalan Provinsi,Berlubang,<40,Tikungan,Laki-laki,>50,Ya
1/22/2022,2022,01,Jakarta Selatan,1716,305,23,7,Hujan,Pagi,Truk,Kecepatan Berlebih,Jalan Nasional,Berlubang,40-60,Simpang Y,Laki-laki,>50,Tidak
3/7/2021,2021,03,Palembang,2972,360,21,15,Hujan,Siang,Mobil,Rem Blong,Jalan Provinsi,Berlubang,>60,Simpang 4,Perempuan,17-25,Tidak
9/3/2021,2021,09,Bekasi,1567,288,27,12,Cerah,Siang,Bus,Kondisi Jalan,Jalan Kota,Berlubang,<40,Simpang T,Perempuan,<17,Tidak
8/31/2025,2025,08,Yogyakarta,2661,278,27,57,Hujan,Pagi,Motor,Kelalaian Pengemudi,Jalan Nasional,Berlubang,>60,Tikungan,Laki-laki,26-45,Ya
9/19/2021,2021,09,Makassar,4255,491,25,7,Hujan,Malam,Bus,Rem Blong,Jalan Nasional,Rusak,>60,Simpang T,Laki-laki,>50,Ya
1/9/2022,2022,01,Semarang,4824,499,23,44,Cerah,Pagi,Mobil,Kecepatan Berlebih,Jalan Kota,Berlubang,40-60,Tikungan,Perempuan,26-45,Tidak
9/23/2024,2024,09,Palembang,3584,252,27,16,Cerah,Pagi,Mobil,Kurang Jarak Aman,Jalan Nasional,Baik,40-60,Simpang Y,Laki-laki,<17,Tidak
1/20/2022,2022,01,Yogyakarta,4928,224,30,18,Hujan,Siang,Mobil,Kondisi Jalan,Jalan Provinsi,Berlubang,>60,Simpang 4,Laki-laki,26-45,Ya
12/19/2023,2023,12,Surabaya,2852,288,20,56,Hujan,Siang,Mobil,Kecepatan Berlebih,Jalan Kota,Rusak,>60,Tikungan,Perempuan,>50,Ya
8/27/2024,2024,08,Bandung,1430,285,29,30,Hujan,Dini Hari,Bus,Pelanggaran Lalu Lintas,Jalan Kota,Rusak,40-60,Simpang 4,Laki-laki,>50,Tidak
9/8/2023,2023,09,Medan,1590,248,24,23,Hujan,Pagi,Truk,Kecepatan Berlebih,Jalan Provinsi,Baik,>60,Simpang 4,Perempuan,<17,Ya
4/5/2021,2021,04,Bandung,3245,445,30,6,Cerah,Pagi,Truk,Kecepatan Berlebih,Jalan Nasional,Baik,<40,Tikungan,Perempuan,>50,Tidak
12/30/2021,2021,12,Bekasi,3897,320,21,15,Cerah,Pagi,Truk,Kelalaian Pengemudi,Jalan Kota,Berlubang,<40,Simpang Y,Perempuan,<17,Ya
11/17/2024,2024,11,Medan,1782,393,21,15,Cerah,Pagi,Bus,Kondisi Jalan,Jalan Provinsi,Berlubang,<40,Tikungan,Laki-laki,>50,Tidak
8/10/2023,2023,08,Semarang,1505,123,23,45,Cerah,Dini Hari,Motor,Rem Blong,Jalan Provinsi,Berlubang,>60,Tikungan,Laki-laki,26-45,Ya
10/3/2021,2021,10,Medan,1732,393,25,7,Cerah,Malam,Mobil,Pelanggaran Lalu Lintas,Jalan Provinsi,Baik,40-60,Simpang 4,Perempuan,26-45,Ya
6/14/2023,2023,06,Jakarta Timur,1098,272,20,31,Hujan,Siang,Truk,Kecepatan Berlebih,Jalan Kota,Rusak,40-60,Simpang 4,Perempuan,<17,Tidak
12/7/2021,2021,12,Bandung,4034,458,23,15,Cerah,Pagi,Mobil,Kondisi Jalan,Jalan Provinsi,Berlubang,>60,Tikungan,Laki-laki,26-45,Tidak
11/7/2021,2021,11,Yogyakarta,4380,171,30,38,Cerah,Pagi,Mobil,Rem Blong,Jalan Provinsi,Rusak,40-60,Lurus,Perempuan,26-45,Ya
2/17/2022,2022,02,Bekasi,1780,302,23,30,Hujan,Malam,Motor,Rem Blong,Jalan Nasional,Rusak,<40,Tikungan,Perempuan,<17,Tidak
9/1/2023,2023,09,Bandung,2434,145,27,6,Hujan,Siang,Mobil,Kecepatan Berlebih,Jalan Nasional,Berlubang,<40,Simpang 4,Perempuan,<17,Tidak
3/14/2023,2023,03,Medan,3308,472,24,22,Cerah,Dini Hari,Truk,Kondisi Jalan,Jalan Nasional,Berlubang,<40,Simpang 4,Laki-laki,<17,Ya
12/17/2023,2023,12,Yogyakarta,4816,362,23,11,Hujan,Pagi,Truk,Kondisi Jalan,Jalan Kota,Baik,40-60,Simpang 4,Laki-laki,<17,Tidak
12/15/2024,2024,12,Semarang,4217,460,22,30,Hujan,Dini Hari,Truk,Kecepatan Berlebih,Jalan Nasional,Baik,40-60,Simpang 4,Laki-laki,26-45,Ya
2/2/2024,2024,02,Makassar,1024,379,21,43,Hujan,Pagi,Motor,Rem Blong,Jalan Nasional,Berlubang,40-60,Simpang 4,Perempuan,<17,Tidak
12/13/2024,2024,12,Semarang,3916,125,21,30,Hujan,Dini Hari,Truk,Kecepatan Berlebih,Jalan Nasional,Baik,40-60,Simpang T,Perempuan,<17,Tidak
9/28/2024,2024,09,Palembang,2575,154,22,3,Hujan,Siang,Motor,Kecepatan Berlebih,Jalan Provinsi,Rusak,40-60,Simpang 4,Perempuan,26-45,Ya
1/26/2025,2025,01,Medan,4706,223,25,9,Hujan,Pagi,Mobil,Kecepatan Berlebih,Jalan Nasional,Rusak,>60,Simpang T,Perempuan,>50,Tidak
2/23/2021,2021,02,Yogyakarta,4189,308,26,5,Cerah,Dini Hari,Truk,Kondisi Jalan,Jalan Nasional,Baik,>60,Simpang T,Perempuan,<17,Ya
6/28/2024,2024,06,Jakarta Selatan,2073,489,20,37,Cerah,Siang,Truk,Rem Blong,Jalan Kota,Rusak,40-60,Lurus,Perempuan,>50,Tidak
1/7/2021,2021,01,Bekasi,3812,110,21,14,Hujan,Pagi,Bus,Kurang Jarak Aman,Jalan Nasional,Rusak,>60,Simpang T,Perempuan,26-45,Ya
11/24/2025,2025,11,Jakarta Timur,2843,305,24,6,Hujan,Dini Hari,Bus,Kelalaian Pengemudi,Jalan Provinsi,Baik,<40,Lurus,Perempuan,17-25,Ya
8/31/2021,2021,08,Jakarta Selatan,1173,393,21,1,Hujan,Siang,Mobil,Kondisi Jalan,Jalan Provinsi,Baik,40-60,Simpang 4,Perempuan,>50,Tidak
8/30/2021,2021,08,Yogyakarta,2772,207,28,22,Hujan,Malam,Bus,Kondisi Jalan,Jalan Nasional,Rusak,40-60,Lurus,Laki-laki,26-45,Tidak
4/9/2024,2024,04,Makassar,3374,500,20,36,Cerah,Siang,Bus,Kondisi Jalan,Jalan Kota,Berlubang,<40,Simpang 4,Perempuan,26-45,Tidak
11/25/2025,2025,11,Bekasi,1271,274,21,31,Hujan,Malam,Mobil,Kondisi Jalan,Jalan Kota,Baik,>60,Simpang T,Perempuan,<17,Tidak
11/4/2021,2021,11,Bandung,3406,128,27,22,Cerah,Dini Hari,Motor,Kelalaian Pengemudi,Jalan Kota,Baik,40-60,Tikungan,Perempuan,17-25,Ya
3/24/2024,2024,03,Jakarta Selatan,4161,232,29,12,Cerah,Malam,Motor,Rem Blong,Jalan Provinsi,Baik,40-60,Simpang T,Laki-laki,>50,Ya
9/6/2022,2022,09,Bekasi,4035,189,20,68,Hujan,Pagi,Truk,Kondisi Jalan,Jalan Kota,Rusak,<40,Simpang T,Laki-laki,<17,Ya
9/15/2025,2025,09,Bekasi,1301,183,20,31,Cerah,Dini Hari,Bus,Kurang Jarak Aman,Jalan Provinsi,Berlubang,<40,Lurus,Laki-laki,26-45,Tidak
5/19/2021,2021,05,Bandung,2260,498,30,13,Cerah,Malam,Truk,Kondisi Jalan,Jalan Nasional,Rusak,>60,Simpang Y,Laki-laki,26-45,Tidak
6/10/2024,2024,06,Palembang,4638,127,26,33,Cerah,Dini Hari,Truk,Kurang Jarak Aman,Jalan Provinsi,Baik,<40,Simpang 4,Laki-laki,>50,Ya
3/18/2022,2022,03,Bandung,4443,135,30,10,Cerah,Dini Hari,Mobil,Kondisi Jalan,Jalan Nasional,Baik,>60,Simpang Y,Laki-laki,26-45,Ya
1/7/2022,2022,01,Palembang,2782,261,23,57,Hujan,Siang,Truk,Pelanggaran Lalu Lintas,Jalan Kota,Rusak,<40,Lurus,Perempuan,17-25,Ya
2/5/2022,2022,02,Yogyakarta,1560,174,20,25,Hujan,Siang,Mobil,Pelanggaran Lalu Lintas,Jalan Provinsi,Baik,>60,Simpang T,Laki-laki,<17,Ya
5/27/2025,2025,05,Jakarta Timur,2037,324,24,1,Hujan,Dini Hari,Mobil,Pelanggaran Lalu Lintas,Jalan Nasional,Berlubang,<40,Simpang Y,Perempuan,26-45,Ya
2/4/2022,2022,02,Makassar,3827,375,21,17,Hujan,Pagi,Truk,Pelanggaran Lalu Lintas,Jalan Provinsi,Rusak,>60,Tikungan,Perempuan,26-45,Ya
3/10/2025,2025,03,Makassar,3181,494,23,27,Cerah,Dini Hari,Truk,Kecepatan Berlebih,Jalan Nasional,Baik,40-60,Lurus,Perempuan,26-45,Ya
6/24/2024,2024,06,Bandung,4105,207,24,6,Hujan,Dini Hari,Truk,Kecepatan Berlebih,Jalan Kota,Rusak,>60,Simpang 4,Laki-laki,<17,Tidak
7/7/2025,2025,07,Medan,2404,160,27,26,Hujan,Dini Hari,Bus,Kelalaian Pengemudi,Jalan Kota,Baik,40-60,Tikungan,Laki-laki,>50,Tidak
2/19/2021,2021,02,Bekasi,2549,444,24,43,Cerah,Malam,Mobil,Kelalaian Pengemudi,Jalan Provinsi,Baik,>60,Lurus,Laki-laki,17-25,Ya
7/19/2025,2025,07,Makassar,1632,227,20,5,Hujan,Malam,Motor,Kecepatan Berlebih,Jalan Nasional,Berlubang,40-60,Simpang 4,Laki-laki,17-25,Tidak
4/20/2022,2022,04,Bekasi,1538,271,24,17,Cerah,Dini Hari,Mobil,Kecepatan Berlebih,Jalan Nasional,Baik,<40,Simpang Y,Laki-laki,>50,Ya
12/14/2025,2025,12,Jakarta Selatan,4341,463,24,31,Cerah,Dini Hari,Bus,Kondisi Jalan,Jalan Kota,Berlubang,>60,Simpang T,Laki-laki,17-25,Ya
10/23/2024,2024,10,Makassar,4002,272,27,4,Hujan,Malam,Truk,Pelanggaran Lalu Lintas,Jalan Kota,Berlubang,>60,Simpang 4,Laki-laki,26-45,Tidak
12/13/2024,2024,12,Makassar,3127,451,21,4,Hujan,Pagi,Mobil,Kelalaian Pengemudi,Jalan Kota,Rusak,40-60,Simpang 4,Perempuan,<17,Tidak
3/15/2023,2023,03,Bekasi,3686,197,22,45,Cerah,Malam,Truk,Kecepatan Berlebih,Jalan Provinsi,Baik,40-60,Tikungan,Perempuan,26-45,Tidak
7/25/2025,2025,07,Yogyakarta,4531,498,21,68,Cerah,Pagi,Mobil,Kecepatan Berlebih,Jalan Nasional,Rusak,<40,Simpang T,Perempuan,17-25,Tidak
10/2/2024,2024,10,Yogyakarta,1063,192,29,5,Hujan,Siang,Motor,Kondisi Jalan,Jalan Provinsi,Berlubang,<40,Lurus,Laki-laki,<17,Ya
4/2/2024,2024,04,Jakarta Selatan,3629,206,27,2,Hujan,Dini Hari,Mobil,Kelalaian Pengemudi,Jalan Provinsi,Rusak,40-60,Simpang 4,Laki-laki,<17,Tidak
4/8/2024,2024,04,Surabaya,1814,279,24,10,Cerah,Siang,Bus,Kurang Jarak Aman,Jalan Provinsi,Baik,40-60,Simpang Y,Laki-laki,26-45,Ya
7/9/2022,2022,07,Medan,2031,179,25,34,Cerah,Pagi,Truk,Kurang Jarak Aman,Jalan Nasional,Berlubang,<40,Lurus,Perempuan,<17,Tidak
4/10/2022,2022,04,Bandung,1990,341,28,14,Hujan,Pagi,Bus,Rem Blong,Jalan Kota,Baik,<40,Tikungan,Laki-laki,>50,Tidak
12/26/2025,2025,12,Yogyakarta,4949,481,30,40,Hujan,Pagi,Mobil,Pelanggaran Lalu Lintas,Jalan Nasional,Baik,40-60,Lurus,Laki-laki,17-25,Tidak
2/1/2021,2021,02,Surabaya,1957,143,29,25,Cerah,Pagi,Mobil,Kondisi Jalan,Jalan Nasional,Rusak,<40,Simpang 4,Perempuan,17-25,Ya
3/4/2024,2024,03,Bekasi,4699,224,21,35,Cerah,Dini Hari,Motor,Kurang Jarak Aman,Jalan Nasional,Berlubang,40-60,Lurus,Laki-laki,17-25,Ya
8/4/2021,2021,08,Bekasi,2630,170,25,24,Hujan,Dini Hari,Bus,Rem Blong,Jalan Kota,Rusak,40-60,Simpang T,Laki-laki,17-25,Ya
2/24/2025,2025,02,Yogyakarta,4901,130,26,29,Cerah,Siang,Motor,Kurang Jarak Aman,Jalan Kota,Rusak,>60,Simpang T,Perempuan,17-25,Tidak
9/5/2025,2025,09,Surabaya,2226,484,30,30,Cerah,Siang,Truk,Kurang Jarak Aman,Jalan Nasional,Baik,40-60,Lurus,Laki-laki,>50,Ya
7/9/2023,2023,07,Semarang,2169,178,25,29,Cerah,Siang,Motor,Rem Blong,Jalan Provinsi,Baik,40-60,Simpang Y,Perempuan,>50,Tidak
3/4/2021,2021,03,Semarang,2818,429,21,54,Hujan,Dini Hari,Mobil,Kondisi Jalan,Jalan Provinsi,Baik,<40,Simpang T,Perempuan,26-45,Ya
7/24/2024,2024,07,Yogyakarta,1966,169,25,21,Cerah,Malam,Bus,Kecepatan Berlebih,Jalan Provinsi,Berlubang,40-60,Tikungan,Laki-laki,17-25,Tidak
5/13/2021,2021,05,Jakarta Selatan,2703,301,20,9,Cerah,Dini Hari,Bus,Kurang Jarak Aman,Jalan Provinsi,Baik,40-60,Simpang Y,Laki-laki,<17,Tidak
12/28/2023,2023,12,Yogyakarta,2302,309,21,28,Cerah,Malam,Truk,Kelalaian Pengemudi,Jalan Kota,Berlubang,40-60,Tikungan,Perempuan,26-45,Ya
7/27/2021,2021,07,Surabaya,4610,268,22,0,Cerah,Dini Hari,Bus,Kurang Jarak Aman,Jalan Provinsi,Berlubang,>60,Tikungan,Perempuan,26-45,Ya
7/10/2023,2023,07,Yogyakarta,1449,144,26,14,Cerah,Malam,Bus,Kecepatan Berlebih,Jalan Nasional,Berlubang,40-60,Simpang Y,Laki-laki,>50,Tidak
8/4/2021,2021,08,Palembang,4631,326,29,8,Hujan,Malam,Bus,Pelanggaran Lalu Lintas,Jalan Nasional,Baik,>60,Simpang Y,Perempuan,<17,Tidak
8/21/2021,2021,08,Jakarta Timur,2529,189,29,16,Cerah,Malam,Motor,Kecepatan Berlebih,Jalan Kota,Berlubang,>60,Simpang Y,Perempuan,26-45,Ya
11/27/2022,2022,11,Surabaya,1355,284,21,12,Hujan,Dini Hari,Bus,Rem Blong,Jalan Provinsi,Baik,>60,Simpang Y,Laki-laki,>50,Tidak
2/13/2023,2023,02,Makassar,1770,236,27,47,Hujan,Dini Hari,Truk,Kurang Jarak Aman,Jalan Nasional,Baik,>60,Simpang 4,Perempuan,<17,Tidak
11/16/2024,2024,11,Semarang,2921,279,23,5,Hujan,Malam,Truk,Kondisi Jalan,Jalan Nasional,Berlubang,40-60,Simpang Y,Perempuan,>50,Ya
12/8/2024,2024,12,Bandung,3635,279,30,17,Cerah,Siang,Bus,Rem Blong,Jalan Provinsi,Baik,40-60,Simpang T,Laki-laki,<17,Tidak
11/26/2021,2021,11,Jakarta Selatan,3146,497,21,9,Cerah,Siang,Mobil,Kurang Jarak Aman,Jalan Nasional,Berlubang,<40,Simpang T,Perempuan,<17,Tidak
10/4/2024,2024,10,Semarang,3230,434,22,49,Cerah,Dini Hari,Truk,Kecepatan Berlebih,Jalan Nasional,Berlubang,40-60,Simpang T,Perempuan,<17,Tidak
12/18/2022,2022,12,Bekasi,3525,171,20,27,Hujan,Dini Hari,Mobil,Kecepatan Berlebih,Jalan Kota,Baik,<40,Lurus,Perempuan,17-25,Ya
2/11/2022,2022,02,Palembang,1681,476,21,5,Hujan,Siang,Truk,Pelanggaran Lalu Lintas,Jalan Kota,Rusak,40-60,Lurus,Laki-laki,26-45,Tidak
9/8/2024,2024,09,Jakarta Selatan,4333,439,21,33,Hujan,Dini Hari,Truk,Kurang Jarak Aman,Jalan Provinsi,Berlubang,<40,Lurus,Laki-laki,17-25,Tidak
2/17/2024,2024,02,Bandung,1657,188,22,41,Hujan,Dini Hari,Bus,Kecepatan Berlebih,Jalan Provinsi,Berlubang,<40,Simpang Y,Laki-laki,<17,Ya
11/23/2024,2024,11,Makassar,1677,303,20,20,Cerah,Malam,Motor,Kurang Jarak Aman,Jalan Nasional,Berlubang,40-60,Simpang T,Perempuan,>50,Ya
1/17/2023,2023,01,Semarang,2828,203,30,19,Hujan,Pagi,Mobil,Kelalaian Pengemudi,Jalan Nasional,Baik,>60,Tikungan,Perempuan,26-45,Ya
5/17/2024,2024,05,Jakarta Timur,2945,462,24,4,Cerah,Pagi,Truk,Kecepatan Berlebih,Jalan Provinsi,Rusak,40-60,Lurus,Laki-laki,>50,Tidak
5/11/2023,2023,05,Palembang,2145,135,24,25,Cerah,Malam,Truk,Kecepatan Berlebih,Jalan Provinsi,Berlubang,>60,Simpang 4,Perempuan,17-25,Ya
6/10/2022,2022,06,Palembang,3449,325,20,47,Cerah,Dini Hari,Mobil,Kurang Jarak Aman,Jalan Provinsi,Baik,<40,Simpang 4,Perempuan,>50,Ya
9/21/2024,2024,09,Bekasi,1111,347,29,22,Cerah,Pagi,Truk,Pelanggaran Lalu Lintas,Jalan Provinsi,Baik,40-60,Simpang T,Laki-laki,26-45,Tidak
11/30/2022,2022,11,Yogyakarta,4257,208,22,42,Cerah,Malam,Mobil,Rem Blong,Jalan Kota,Berlubang,>60,Lurus,Laki-laki,>50,Ya
7/22/2021,2021,07,Bekasi,3153,180,28,32,Cerah,Pagi,Mobil,Kecepatan Berlebih,Jalan Kota,Baik,40-60,Tikungan,Laki-laki,>50,Tidak
5/1/2022,2022,05,Semarang,4236,436,21,32,Cerah,Pagi,Motor,Kondisi Jalan,Jalan Provinsi,Rusak,40-60,Lurus,Perempuan,26-45,Ya
8/4/2024,2024,08,Yogyakarta,1552,249,28,36,Cerah,Pagi,Bus,Kelalaian Pengemudi,Jalan Nasional,Berlubang,>60,Simpang 4,Laki-laki,>50,Tidak
8/25/2025,2025,08,Jakarta Timur,4611,316,23,42,Cerah,Dini Hari,Mobil,Kelalaian Pengemudi,Jalan Nasional,Berlubang,<40,Simpang 4,Laki-laki,17-25,Tidak
10/20/2024,2024,10,Makassar,4680,277,23,30,Cerah,Pagi,Truk,Kelalaian Pengemudi,Jalan Provinsi,Berlubang,40-60,Simpang Y,Laki-laki,26-45,Ya
7/26/2025,2025,07,Medan,3217,236,24,29,Cerah,Pagi,Bus,Pelanggaran Lalu Lintas,Jalan Nasional,Baik,>60,Lurus,Perempuan,>50,Ya
6/11/2022,2022,06,Bekasi,1120,150,22,63,Hujan,Siang,Mobil,Pelanggaran Lalu Lintas,Jalan Kota,Rusak,<40,Simpang 4,Perempuan,>50,Ya
10/3/2023,2023,10,Bekasi,4243,293,25,25,Hujan,Dini Hari,Motor,Kelalaian Pengemudi,Jalan Kota,Rusak,>60,Simpang T,Perempuan,>50,Tidak
5/8/2025,2025,05,Medan,1169,353,20,15,Hujan,Pagi,Motor,Rem Blong,Jalan Nasional,Rusak,<40,Lurus,Perempuan,26-45,Tidak
6/3/2023,2023,06,Semarang,4047,489,23,24,Cerah,Pagi,Truk,Kelalaian Pengemudi,Jalan Provinsi,Berlubang,>60,Tikungan,Perempuan,<17,Ya
7/13/2023,2023,07,Jakarta Selatan,2727,207,29,33,Hujan,Malam,Motor,Rem Blong,Jalan Nasional,Baik,40-60,Simpang T,Perempuan,17-25,Tidak
5/7/2024,2024,05,Yogyakarta,3112,100,30,27,Hujan,Malam,Motor,Kurang Jarak Aman,Jalan Nasional,Rusak,>60,Simpang T,Perempuan,>50,Ya
4/27/2021,2021,04,Medan,4224,300,27,0,Cerah,Dini Hari,Bus,Kecepatan Berlebih,Jalan Nasional,Berlubang,<40,Simpang Y,Perempuan,17-25,Ya
7/26/2021,2021,07,Medan,1775,271,27,49,Cerah,Dini Hari,Motor,Kurang Jarak Aman,Jalan Kota,Rusak,<40,Lurus,Laki-laki,<17,Tidak
2/23/2021,2021,02,Makassar,1210,453,28,10,Cerah,Malam,Truk,Kelalaian Pengemudi,Jalan Kota,Berlubang,40-60,Simpang Y,Laki-laki,>50,Ya
4/22/2021,2021,04,Bekasi,2086,150,23,16,Cerah,Malam,Bus,Rem Blong,Jalan Kota,Berlubang,<40,Simpang Y,Perempuan,>50,Tidak
4/19/2025,2025,04,Semarang,2914,280,26,18,Hujan,Malam,Bus,Kelalaian Pengemudi,Jalan Provinsi,Berlubang,>60,Simpang 4,Laki-laki,26-45,Tidak
7/1/2021,2021,07,Semarang,2911,315,29,50,Cerah,Malam,Mobil,Pelanggaran Lalu Lintas,Jalan Kota,Berlubang,<40,Tikungan,Perempuan,>50,Ya
9/13/2023,2023,09,Makassar,4779,324,21,25,Cerah,Siang,Bus,Kondisi Jalan,Jalan Nasional,Rusak,>60,Simpang Y,Perempuan,>50,Ya
5/27/2024,2024,05,Bekasi,3972,307,22,20,Cerah,Siang,Bus,Rem Blong,Jalan Provinsi,Baik,>60,Simpang Y,Perempuan,<17,Ya
12/11/2021,2021,12,Medan,1429,100,25,8,Hujan,Dini Hari,Mobil,Rem Blong,Jalan Nasional,Berlubang,<40,Lurus,Perempuan,17-25,Ya
11/1/2023,2023,11,Bekasi,4014,253,25,10,Hujan,Pagi,Truk,Kecepatan Berlebih,Jalan Kota,Baik,>60,Simpang T,Perempuan,<17,Ya
4/30/2023,2023,04,Medan,4065,244,23,63,Hujan,Pagi,Truk,Rem Blong,Jalan Kota,Berlubang,>60,Simpang 4,Laki-laki,<17,Ya
2/7/2022,2022,02,Palembang,1678,154,30,31,Cerah,Malam,Motor,Rem Blong,Jalan Kota,Baik,<40,Lurus,Laki-laki,26-45,Tidak
9/3/2024,2024,09,Surabaya,2465,150,22,5,Hujan,Siang,Truk,Kelalaian Pengemudi,Jalan Provinsi,Berlubang,<40,Simpang Y,Perempuan,<17,Ya
3/13/2022,2022,03,Jakarta Selatan,1641,177,22,45,Hujan,Siang,Bus,Kecepatan Berlebih,Jalan Nasional,Baik,<40,Tikungan,Perempuan,26-45,Ya
8/16/2023,2023,08,Bandung,3202,241,24,11,Cerah,Siang,Bus,Kondisi Jalan,Jalan Kota,Baik,<40,Simpang T,Perempuan,17-25,Ya
5/26/2024,2024,05,Semarang,4036,288,29,17,Cerah,Pagi,Motor,Rem Blong,Jalan Kota,Baik,40-60,Simpang 4,Perempuan,26-45,Tidak
9/30/2024,2024,09,Jakarta Selatan,1895,433,27,18,Cerah,Malam,Bus,Rem Blong,Jalan Nasional,Berlubang,>60,Lurus,Laki-laki,26-45,Ya
12/18/2022,2022,12,Makassar,1457,202,25,12,Hujan,Dini Hari,Mobil,Kelalaian Pengemudi,Jalan Nasional,Berlubang,>60,Lurus,Perempuan,17-25,Tidak
6/19/2025,2025,06,Medan,2218,201,21,27,Cerah,Malam,Bus,Kelalaian Pengemudi,Jalan Provinsi,Rusak,<40,Simpang T,Laki-laki,26-45,Tidak
11/30/2022,2022,11,Yogyakarta,4913,124,30,28,Cerah,Pagi,Mobil,Pelanggaran Lalu Lintas,Jalan Nasional,Berlubang,>60,Simpang T,Laki-laki,>50,Ya
10/31/2021,2021,10,Bekasi,1303,154,26,0,Hujan,Dini Hari,Motor,Pelanggaran Lalu Lintas,Jalan Kota,Baik,>60,Simpang Y,Laki-laki,<17,Tidak
10/14/2021,2021,10,Bekasi,2283,476,25,29,Hujan,Dini Hari,Motor,Kelalaian Pengemudi,Jalan Provinsi,Baik,<40,Simpang 4,Laki-laki,>50,Tidak
3/10/2022,2022,03,Jakarta Timur,1800,205,30,51,Hujan,Siang,Motor,Kondisi Jalan,Jalan Nasional,Baik,>60,Simpang 4,Laki-laki,17-25,Tidak
7/7/2024,2024,07,Yogyakarta,2686,264,21,17,Hujan,Dini Hari,Motor,Pelanggaran Lalu Lintas,Jalan Kota,Rusak,>60,Tikungan,Perempuan,>50,Ya
5/11/2022,2022,05,Palembang,2985,416,25,23,Cerah,Pagi,Motor,Pelanggaran Lalu Lintas,Jalan Provinsi,Rusak,>60,Simpang T,Laki-laki,<17,Tidak
5/12/2024,2024,05,Makassar,4789,342,27,14,Cerah,Siang,Truk,Pelanggaran Lalu Lintas,Jalan Kota,Baik,40-60,Simpang 4,Laki-laki,17-25,Ya
7/10/2023,2023,07,Palembang,3970,399,24,7,Cerah,Pagi,Truk,Kurang Jarak Aman,Jalan Provinsi,Rusak,>60,Simpang 4,Laki-laki,17-25,Ya
9/4/2021,2021,09,Medan,2078,133,27,12,Cerah,Siang,Truk,Kecepatan Berlebih,Jalan Nasional,Rusak,<40,Simpang Y,Perempuan,<17,Ya
10/24/2023,2023,10,Palembang,3845,391,27,21,Cerah,Pagi,Bus,Kurang Jarak Aman,Jalan Nasional,Rusak,<40,Tikungan,Perempuan,>50,Tidak
4/17/2022,2022,04,Bandung,4335,297,30,21,Hujan,Malam,Bus,Kecepatan Berlebih,Jalan Kota,Berlubang,40-60,Simpang 4,Laki-laki,17-25,Tidak
4/25/2024,2024,04,Palembang,4578,362,20,21,Hujan,Siang,Motor,Pelanggaran Lalu Lintas,Jalan Nasional,Rusak,<40,Tikungan,Laki-laki,17-25,Tidak
8/1/2025,2025,08,Surabaya,1064,443,25,22,Cerah,Dini Hari,Truk,Kondisi Jalan,Jalan Nasional,Berlubang,40-60,Lurus,Perempuan,<17,Ya
4/7/2025,2025,04,Makassar,1246,253,25,27,Cerah,Pagi,Mobil,Rem Blong,Jalan Provinsi,Baik,<40,Simpang 4,Perempuan,26-45,Tidak
10/10/2024,2024,10,Jakarta Timur,4935,159,26,33,Hujan,Malam,Motor,Rem Blong,Jalan Kota,Berlubang,40-60,Tikungan,Perempuan,17-25,Ya
1/3/2024,2024,01,Semarang,4097,114,25,28,Cerah,Malam,Motor,Kurang Jarak Aman,Jalan Provinsi,Berlubang,>60,Simpang 4,Perempuan,26-45,Tidak
8/4/2023,2023,08,Palembang,2332,384,25,27,Cerah,Pagi,Truk,Rem Blong,Jalan Provinsi,Berlubang,<40,Lurus,Laki-laki,26-45,Ya
12/28/2025,2025,12,Jakarta Selatan,2373,351,28,5,Hujan,Siang,Bus,Kelalaian Pengemudi,Jalan Provinsi,Baik,40-60,Simpang Y,Perempuan,>50,Tidak
1/31/2022,2022,01,Bekasi,3703,370,27,39,Cerah,Siang,Bus,Kelalaian Pengemudi,Jalan Kota,Rusak,>60,Lurus,Perempuan,17-25,Ya
4/7/2024,2024,04,Yogyakarta,4801,259,30,51,Hujan,Malam,Motor,Rem Blong,Jalan Provinsi,Baik,40-60,Tikungan,Perempuan,<17,Tidak
6/16/2025,2025,06,Medan,1781,457,27,35,Hujan,Malam,Motor,Kondisi Jalan,Jalan Provinsi,Rusak,<40,Lurus,Laki-laki,17-25,Tidak
4/19/2024,2024,04,Medan,3438,150,21,15,Cerah,Siang,Truk,Kurang Jarak Aman,Jalan Kota,Berlubang,40-60,Simpang T,Perempuan,17-25,Ya
5/10/2023,2023,05,Medan,4727,248,30,10,Hujan,Siang,Mobil,Kondisi Jalan,Jalan Provinsi,Baik,>60,Tikungan,Laki-laki,>50,Ya
11/28/2022,2022,11,Yogyakarta,2568,231,20,27,Cerah,Dini Hari,Bus,Pelanggaran Lalu Lintas,Jalan Provinsi,Berlubang,>60,Simpang Y,Perempuan,17-25,Tidak
1/1/2021,2021,01,Medan,4394,298,27,13,Hujan,Pagi,Mobil,Rem Blong,Jalan Nasional,Berlubang,<40,Simpang T,Laki-laki,>50,Tidak
11/9/2024,2024,11,Semarang,1789,191,21,10,Hujan,Malam,Mobil,Kondisi Jalan,Jalan Provinsi,Berlubang,40-60,Simpang 4,Laki-laki,26-45,Ya
3/31/2022,2022,03,Jakarta Selatan,2041,363,20,33,Cerah,Siang,Mobil,Kondisi Jalan,Jalan Kota,Rusak,>60,Tikungan,Perempuan,17-25,Tidak
11/3/2022,2022,11,Palembang,3735,364,25,18,Cerah,Dini Hari,Mobil,Kecepatan Berlebih,Jalan Kota,Baik,40-60,Tikungan,Perempuan,<17,Ya
7/27/2025,2025,07,Medan,4025,367,26,17,Cerah,Pagi,Truk,Kecepatan Berlebih,Jalan Nasional,Rusak,40-60,Simpang T,Laki-laki,17-25,Ya
5/29/2024,2024,05,Bekasi,1685,115,21,20,Cerah,Siang,Bus,Rem Blong,Jalan Provinsi,Baik,40-60,Lurus,Laki-laki,<17,Ya
9/1/2025,2025,09,Jakarta Selatan,2005,307,25,27,Hujan,Dini Hari,Bus,Rem Blong,Jalan Nasional,Rusak,40-60,Simpang 4,Perempuan,>50,Tidak
2/27/2025,2025,02,Semarang,1882,290,23,24,Cerah,Pagi,Bus,Kelalaian Pengemudi,Jalan Provinsi,Berlubang,<40,Simpang T,Perempuan,>50,Tidak
12/4/2023,2023,12,Bandung,2089,412,27,29,Hujan,Dini Hari,Bus,Kondisi Jalan,Jalan Provinsi,Rusak,40-60,Simpang T,Laki-laki,<17,Tidak
6/9/2021,2021,06,Bekasi,1982,211,28,28,Hujan,Siang,Motor,Rem Blong,Jalan Provinsi,Rusak,>60,Tikungan,Perempuan,26-45,Ya
6/16/2024,2024,06,Makassar,4277,233,28,23,Cerah,Siang,Mobil,Pelanggaran Lalu Lintas,Jalan Provinsi,Berlubang,40-60,Simpang Y,Perempuan,17-25,Ya
12/5/2021,2021,12,Yogyakarta,2822,328,29,5,Hujan,Dini Hari,Bus,Kurang Jarak Aman,Jalan Provinsi,Baik,40-60,Lurus,Laki-laki,26-45,Ya
12/23/2021,2021,12,Palembang,1905,346,26,20,Hujan,Malam,Motor,Rem Blong,Jalan Kota,Berlubang,>60,Simpang Y,Laki-laki,26-45,Ya
6/22/2024,2024,06,Makassar,3914,158,20,24,Hujan,Pagi,Bus,Kurang Jarak Aman,Jalan Nasional,Rusak,>60,Simpang 4,Laki-laki,26-45,Ya
9/16/2023,2023,09,Jakarta Selatan,2197,219,28,26,Hujan,Siang,Mobil,Kondisi Jalan,Jalan Provinsi,Berlubang,>60,Lurus,Perempuan,<17,Tidak
6/14/2024,2024,06,Bandung,1887,234,29,16,Cerah,Malam,Mobil,Kurang Jarak Aman,Jalan Provinsi,Berlubang,<40,Lurus,Laki-laki,17-25,Tidak
5/27/2021,2021,05,Semarang,2505,222,21,29,Cerah,Siang,Motor,Kecepatan Berlebih,Jalan Provinsi,Baik,>60,Simpang 4,Perempuan,>50,Ya
11/15/2021,2021,11,Yogyakarta,4157,425,28,8,Cerah,Siang,Motor,Kondisi Jalan,Jalan Nasional,Baik,<40,Simpang 4,Laki-laki,<17,Ya
12/6/2021,2021,12,Palembang,4874,151,29,27,Hujan,Siang,Mobil,Kelalaian Pengemudi,Jalan Nasional,Baik,40-60,Lurus,Perempuan,>50,Tidak
5/17/2021,2021,05,Jakarta Selatan,1946,420,26,39,Hujan,Siang,Mobil,Kondisi Jalan,Jalan Provinsi,Baik,<40,Simpang T,Perempuan,17-25,Ya
2/13/2023,2023,02,Jakarta Selatan,1250,274,25,49,Cerah,Malam,Motor,Pelanggaran Lalu Lintas,Jalan Provinsi,Rusak,<40,Lurus,Perempuan,26-45,Ya
12/8/2024,2024,12,Jakarta Timur,4509,336,22,13,Hujan,Siang,Mobil,Kelalaian Pengemudi,Jalan Provinsi,Baik,<40,Lurus,Perempuan,26-45,Ya
6/28/2025,2025,06,Jakarta Timur,2359,299,21,8,Hujan,Siang,Bus,Kecepatan Berlebih,Jalan Nasional,Baik,40-60,Simpang T,Perempuan,17-25,Ya
2/11/2022,2022,02,Palembang,2841,277,25,31,Cerah,Malam,Motor,Rem Blong,Jalan Kota,Baik,<40,Lurus,Laki-laki,>50,Ya
12/30/2024,2024,12,Bandung,4580,447,21,35,Cerah,Malam,Motor,Rem Blong,Jalan Nasional,Berlubang,>60,Tikungan,Perempuan,17-25,Tidak
4/24/2021,2021,04,Medan,2534,205,26,53,Hujan,Pagi,Motor,Kelalaian Pengemudi,Jalan Kota,Rusak,>60,Simpang T,Perempuan,>50,Tidak
9/13/2021,2021,09,Bekasi,1370,332,26,24,Cerah,Pagi,Mobil,Kecepatan Berlebih,Jalan Nasional,Berlubang,>60,Simpang T,Laki-laki,26-45,Ya
10/22/2024,2024,10,Surabaya,4298,344,28,25,Cerah,Pagi,Mobil,Kelalaian Pengemudi,Jalan Provinsi,Baik,<40,Tikungan,Laki-laki,26-45,Tidak
6/28/2021,2021,06,Jakarta Selatan,3816,413,24,11,Cerah,Dini Hari,Motor,Kondisi Jalan,Jalan Kota,Berlubang,>60,Simpang Y,Perempuan,17-25,Ya
4/11/2023,2023,04,Bandung,3350,178,20,1,Hujan,Siang,Mobil,Kurang Jarak Aman,Jalan Provinsi,Berlubang,40-60,Simpang 4,Perempuan,26-45,Ya
3/12/2023,2023,03,Bandung,1235,411,28,29,Hujan,Pagi,Truk,Rem Blong,Jalan Nasional,Baik,40-60,Simpang Y,Laki-laki,26-45,Tidak
2/17/2021,2021,02,Surabaya,3604,459,21,53,Hujan,Siang,Mobil,Kelalaian Pengemudi,Jalan Kota,Baik,>60,Lurus,Perempuan,>50,Tidak
8/19/2022,2022,08,Bekasi,4716,486,22,24,Cerah,Malam,Bus,Kelalaian Pengemudi,Jalan Nasional,Rusak,40-60,Lurus,Laki-laki,<17,Tidak
9/21/2021,2021,09,Bekasi,3546,161,25,18,Cerah,Pagi,Bus,Kondisi Jalan,Jalan Kota,Baik,>60,Simpang Y,Laki-laki,17-25,Ya
7/21/2024,2024,07,Medan,4198,251,24,50,Hujan,Dini Hari,Motor,Pelanggaran Lalu Lintas,Jalan Provinsi,Berlubang,40-60,Simpang T,Perempuan,<17,Ya
10/1/2024,2024,10,Bandung,4683,422,26,7,Hujan,Pagi,Motor,Pelanggaran Lalu Lintas,Jalan Provinsi,Rusak,<40,Simpang Y,Laki-laki,17-25,Tidak
8/16/2023,2023,08,Surabaya,2015,425,30,30,Cerah,Malam,Motor,Kecepatan Berlebih,Jalan Provinsi,Berlubang,>60,Lurus,Laki-laki,<17,Tidak
2/14/2023,2023,02,Bandung,3263,245,27,43,Hujan,Pagi,Truk,Kurang Jarak Aman,Jalan Nasional,Berlubang,<40,Simpang Y,Perempuan,26-45,Ya
3/15/2025,2025,03,Bandung,3682,205,28,29,Cerah,Dini Hari,Mobil,Kondisi Jalan,Jalan Provinsi,Berlubang,>60,Simpang 4,Perempuan,17-25,Ya
10/4/2021,2021,10,Bandung,1573,497,26,12,Hujan,Pagi,Truk,Kurang Jarak Aman,Jalan Nasional,Baik,40-60,Simpang Y,Perempuan,26-45,Tidak
1/16/2022,2022,01,Yogyakarta,1548,309,27,18,Hujan,Siang,Mobil,Kondisi Jalan,Jalan Provinsi,Berlubang,<40,Simpang 4,Perempuan,26-45,Tidak
7/31/2023,2023,07,Bandung,2877,302,30,8,Hujan,Dini Hari,Truk,Kelalaian Pengemudi,Jalan Nasional,Rusak,>60,Tikungan,Perempuan,26-45,Tidak
2/2/2024,2024,02,Palembang,4367,227,30,44,Hujan,Malam,Mobil,Pelanggaran Lalu Lintas,Jalan Nasional,Baik,<40,Simpang T,Laki-laki,17-25,Tidak
1/12/2021,2021,01,Surabaya,3698,442,23,11,Hujan,Siang,Mobil,Pelanggaran Lalu Lintas,Jalan Kota,Berlubang,40-60,Lurus,Laki-laki,<17,Ya
10/4/2024,2024,10,Jakarta Timur,3316,258,20,7,Hujan,Pagi,Motor,Kurang Jarak Aman,Jalan Kota,Berlubang,40-60,Simpang Y,Perempuan,26-45,Tidak
8/11/2022,2022,08,Jakarta Timur,1090,137,23,23,Hujan,Pagi,Motor,Pelanggaran Lalu Lintas,Jalan Nasional,Rusak,40-60,Simpang T,Laki-laki,17-25,Ya
10/22/2023,2023,10,Surabaya,3478,329,22,3,Cerah,Siang,Truk,Rem Blong,Jalan Nasional,Rusak,<40,Tikungan,Perempuan,<17,Ya
4/18/2024,2024,04,Semarang,3563,457,28,3,Cerah,Dini Hari,Bus,Kelalaian Pengemudi,Jalan Provinsi,Baik,40-60,Simpang T,Laki-laki,<17,Tidak
12/18/2022,2022,12,Medan,1392,386,20,21,Cerah,Pagi,Mobil,Kecepatan Berlebih,Jalan Provinsi,Rusak,>60,Tikungan,Laki-laki,26-45,Tidak
11/1/2025,2025,11,Bekasi,4447,227,23,15,Hujan,Dini Hari,Motor,Rem Blong,Jalan Kota,Rusak,40-60,Simpang T,Laki-laki,>50,Tidak
9/1/2022,2022,09,Semarang,2416,171,27,27,Hujan,Malam,Motor,Kondisi Jalan,Jalan Provinsi,Baik,40-60,Lurus,Laki-laki,>50,Ya
5/25/2024,2024,05,Jakarta Selatan,4444,356,20,22,Cerah,Malam,Bus,Rem Blong,Jalan Provinsi,Baik,<40,Simpang Y,Laki-laki,<17,Tidak
7/22/2021,2021,07,Surabaya,4412,125,21,8,Cerah,Siang,Bus,Rem Blong,Jalan Provinsi,Baik,>60,Simpang Y,Perempuan,26-45,Ya
12/7/2025,2025,12,Bandung,3153,311,30,24,Cerah,Pagi,Mobil,Kondisi Jalan,Jalan Provinsi,Baik,<40,Simpang T,Perempuan,17-25,Tidak
4/21/2024,2024,04,Makassar,4279,444,30,36,Cerah,Siang,Bus,Kondisi Jalan,Jalan Kota,Berlubang,<40,Lurus,Perempuan,<17,Ya
11/20/2023,2023,11,Medan,2639,385,25,10,Hujan,Pagi,Mobil,Rem Blong,Jalan Provinsi,Berlubang,40-60,Lurus,Perempuan,26-45,Tidak
12/4/2022,2022,12,Bekasi,1257,250,29,27,Hujan,Dini Hari,Mobil,Kecepatan Berlebih,Jalan Kota,Baik,<40,Simpang 4,Laki-laki,<17,Ya
10/20/2021,2021,10,Bandung,4028,341,20,12,Hujan,Pagi,Truk,Kurang Jarak Aman,Jalan Nasional,Baik,>60,Simpang T,Perempuan,17-25,Tidak
9/6/2021,2021,09,Jakarta Selatan,1267,273,25,9,Cerah,Siang,Bus,Kelalaian Pengemudi,Jalan Provinsi,Baik,40-60,Simpang 4,Laki-laki,>50,Tidak
12/16/2023,2023,12,Jakarta Timur,1251,474,22,22,Hujan,Malam,Mobil,Kelalaian Pengemudi,Jalan Nasional,Baik,<40,Lurus,Laki-laki,17-25,Ya
10/22/2025,2025,10,Makassar,2668,282,27,49,Hujan,Malam,Bus,Kelalaian Pengemudi,Jalan Nasional,Berlubang,<40,Simpang T,Perempuan,26-45,Tidak
4/3/2023,2023,04,Yogyakarta,2119,412,29,11,Cerah,Dini Hari,Mobil,Kelalaian Pengemudi,Jalan Provinsi,Baik,40-60,Simpang Y,Perempuan,<17,Tidak
11/18/2022,2022,11,Yogyakarta,1805,473,24,40,Hujan,Malam,Truk,Kecepatan Berlebih,Jalan Nasional,Rusak,<40,Tikungan,Laki-laki,>50,Tidak
10/19/2023,2023,10,Makassar,2913,201,21,18,Cerah,Malam,Truk,Pelanggaran Lalu Lintas,Jalan Nasional,Rusak,40-60,Simpang 4,Perempuan,>50,Ya
4/14/2022,2022,04,Yogyakarta,3738,332,25,43,Cerah,Malam,Truk,Pelanggaran Lalu Lintas,Jalan Kota,Rusak,>60,Simpang 4,Laki-laki,26-45,Tidak
11/3/2024,2024,11,Jakarta Selatan,3056,180,30,12,Hujan,Siang,Mobil,Kondisi Jalan,Jalan Nasional,Berlubang,>60,Lurus,Perempuan,>50,Ya
9/11/2025,2025,09,Bekasi,2583,387,27,31,Cerah,Dini Hari,Bus,Kurang Jarak Aman,Jalan Provinsi,Berlubang,>60,Simpang T,Laki-laki,26-45,Ya
3/5/2023,2023,03,Jakarta Timur,4141,232,26,6,Cerah,Siang,Motor,Pelanggaran Lalu Lintas,Jalan Nasional,Berlubang,40-60,Tikungan,Laki-laki,17-25,Tidak
8/15/2024,2024,08,Jakarta Timur,3838,229,23,17,Hujan,Siang,Mobil,Kondisi Jalan,Jalan Kota,Rusak,<40,Tikungan,Perempuan,17-25,Ya
6/23/2024,2024,06,Palembang,4170,368,30,44,Cerah,Dini Hari,Mobil,Pelanggaran Lalu Lintas,Jalan Provinsi,Baik,>60,Tikungan,Perempuan,<17,Tidak
8/2/2023,2023,08,Makassar,1409,463,22,13,Cerah,Dini Hari,Bus,Kurang Jarak Aman,Jalan Nasional,Baik,<40,Tikungan,Perempuan,17-25,Tidak
5/25/2022,2022,05,Yogyakarta,1888,363,22,5,Hujan,Pagi,Motor,Kecepatan Berlebih,Jalan Nasional,Baik,>60,Tikungan,Perempuan,>50,Tidak
10/16/2025,2025,10,Bekasi,2729,339,30,14,Hujan,Siang,Motor,Pelanggaran Lalu Lintas,Jalan Provinsi,Berlubang,>60,Simpang Y,Perempuan,<17,Tidak
7/17/2025,2025,07,Yogyakarta,2361,476,20,13,Hujan,Dini Hari,Motor,Rem Blong,Jalan Nasional,Rusak,<40,Lurus,Laki-laki,17-25,Ya
4/29/2024,2024,04,Semarang,2907,352,25,23,Hujan,Siang,Mobil,Kecepatan Berlebih,Jalan Nasional,Rusak,<40,Lurus,Perempuan,26-45,Tidak
7/19/2022,2022,07,Palembang,4100,157,24,46,Hujan,Dini Hari,Truk,Rem Blong,Jalan Nasional,Berlubang,<40,Simpang 4,Perempuan,>50,Ya
2/3/2023,2023,02,Makassar,1691,144,22,39,Cerah,Siang,Truk,Kondisi Jalan,Jalan Provinsi,Baik,40-60,Simpang Y,Perempuan,<17,Ya
11/16/2024,2024,11,Semarang,2625,270,27,42,Hujan,Pagi,Mobil,Kecepatan Berlebih,Jalan Provinsi,Berlubang,<40,Lurus,Laki-laki,17-25,Tidak
7/30/2025,2025,07,Surabaya,2144,103,23,11,Cerah,Pagi,Truk,Kondisi Jalan,Jalan Provinsi,Baik,40-60,Simpang Y,Laki-laki,26-45,Tidak
1/1/2025,2025,01,Bandung,3673,321,20,16,Cerah,Dini Hari,Truk,Kurang Jarak Aman,Jalan Nasional,Berlubang,>60,Simpang 4,Laki-laki,<17,Tidak
6/18/2024,2024,06,Makassar,4973,313,24,6,Cerah,Siang,Motor,Kondisi Jalan,Jalan Nasional,Rusak,40-60,Tikungan,Perempuan,26-45,Ya
1/13/2025,2025,01,Bekasi,3290,457,28,9,Cerah,Pagi,Motor,Rem Blong,Jalan Kota,Berlubang,40-60,Simpang T,Laki-laki,17-25,Ya
6/19/2021,2021,06,Yogyakarta,3364,312,24,10,Cerah,Siang,Truk,Kondisi Jalan,Jalan Nasional,Rusak,40-60,Simpang 4,Perempuan,17-25,Tidak
12/13/2024,2024,12,Medan,4449,152,25,7,Cerah,Dini Hari,Bus,Rem Blong,Jalan Kota,Baik,>60,Lurus,Laki-laki,>50,Ya
9/14/2025,2025,09,Bekasi,4305,178,28,34,Hujan,Dini Hari,Mobil,Kondisi Jalan,Jalan Provinsi,Rusak,<40,Tikungan,Laki-laki,26-45,Tidak
6/14/2024,2024,06,Bekasi,2338,390,21,7,Cerah,Malam,Truk,Kelalaian Pengemudi,Jalan Provinsi,Rusak,>60,Lurus,Perempuan,>50,Ya
1/1/2024,2024,01,Surabaya,3655,383,26,4,Hujan,Siang,Motor,Rem Blong,Jalan Provinsi,Baik,40-60,Simpang T,Laki-laki,17-25,Ya
7/29/2022,2022,07,Palembang,4294,265,23,12,Cerah,Dini Hari,Mobil,Kondisi Jalan,Jalan Kota,Baik,<40,Lurus,Laki-laki,<17,Tidak
7/18/2023,2023,07,Bekasi,2148,186,26,58,Cerah,Dini Hari,Mobil,Kurang Jarak Aman,Jalan Nasional,Berlubang,<40,Lurus,Perempuan,17-25,Ya
9/9/2025,2025,09,Surabaya,4690,427,30,29,Cerah,Dini Hari,Motor,Kelalaian Pengemudi,Jalan Provinsi,Baik,>60,Simpang Y,Laki-laki,17-25,Ya
1/15/2025,2025,01,Jakarta Selatan,2649,259,21,12,Cerah,Malam,Mobil,Kecepatan Berlebih,Jalan Nasional,Rusak,<40,Simpang Y,Perempuan,>50,Ya
9/10/2023,2023,09,Surabaya,3583,281,26,15,Hujan,Pagi,Truk,Kelalaian Pengemudi,Jalan Nasional,Baik,40-60,Tikungan,Perempuan,>50,Ya
7/15/2022,2022,07,Bekasi,2325,263,22,52,Cerah,Malam,Motor,Kurang Jarak Aman,Jalan Nasional,Baik,40-60,Simpang Y,Perempuan,>50,Ya
8/15/2022,2022,08,Palembang,1313,485,27,19,Hujan,Dini Hari,Motor,Kecepatan Berlebih,Jalan Nasional,Berlubang,<40,Lurus,Laki-laki,26-45,Tidak
12/21/2025,2025,12,Palembang,1223,182,24,9,Hujan,Malam,Motor,Kecepatan Berlebih,Jalan Kota,Rusak,>60,Tikungan,Perempuan,26-45,Tidak
9/22/2022,2022,09,Surabaya,1891,343,27,30,Hujan,Pagi,Motor,Pelanggaran Lalu Lintas,Jalan Kota,Rusak,>60,Simpang 4,Laki-laki,26-45,Ya
1/25/2022,2022,01,Semarang,4859,475,23,30,Hujan,Siang,Bus,Pelanggaran Lalu Lintas,Jalan Nasional,Berlubang,<40,Lurus,Perempuan,>50,Ya
4/12/2024,2024,04,Makassar,1043,324,24,10,Cerah,Malam,Truk,Kondisi Jalan,Jalan Nasional,Berlubang,>60,Simpang Y,Perempuan,26-45,Tidak
2/1/2023,2023,02,Medan,3204,279,26,21,Hujan,Pagi,Truk,Kurang Jarak Aman,Jalan Provinsi,Berlubang,40-60,Simpang Y,Perempuan,26-45,Tidak
9/5/2022,2022,09,Makassar,4610,299,29,12,Cerah,Pagi,Mobil,Kurang Jarak Aman,Jalan Nasional,Rusak,>60,Tikungan,Perempuan,26-45,Tidak
7/12/2022,2022,07,Makassar,3563,397,28,11,Cerah,Dini Hari,Truk,Kecepatan Berlebih,Jalan Kota,Baik,>60,Simpang 4,Laki-laki,>50,Tidak
12/29/2023,2023,12,Bandung,2378,360,25,11,Hujan,Pagi,Mobil,Rem Blong,Jalan Provinsi,Rusak,<40,Lurus,Perempuan,<17,Tidak
12/23/2024,2024,12,Jakarta Timur,4369,270,26,8,Cerah,Dini Hari,Mobil,Kurang Jarak Aman,Jalan Provinsi,Baik,<40,Simpang 4,Perempuan,>50,Tidak
7/12/2022,2022,07,Bekasi,2927,309,29,19,Hujan,Siang,Mobil,Kurang Jarak Aman,Jalan Kota,Berlubang,<40,Simpang 4,Perempuan,>50,Ya
4/1/2021,2021,04,Makassar,3571,453,25,7,Hujan,Dini Hari,Motor,Kecepatan Berlebih,Jalan Nasional,Rusak,>60,Simpang T,Perempuan,<17,Tidak
11/18/2025,2025,11,Medan,4395,486,26,7,Hujan,Siang,Truk,Kurang Jarak Aman,Jalan Nasional,Baik,<40,Lurus,Perempuan,26-45,Ya
10/1/2023,2023,10,Surabaya,2857,336,21,13,Hujan,Pagi,Bus,Kurang Jarak Aman,Jalan Nasional,Rusak,>60,Tikungan,Laki-laki,17-25,Ya
4/5/2023,2023,04,Surabaya,2486,228,26,32,Hujan,Dini Hari,Mobil,Kondisi Jalan,Jalan Nasional,Berlubang,40-60,Simpang Y,Perempuan,>50,Ya
3/12/2022,2022,03,Palembang,1200,229,24,5,Cerah,Malam,Mobil,Kelalaian Pengemudi,Jalan Nasional,Rusak,<40,Lurus,Laki-laki,17-25,Ya
1/6/2024,2024,01,Makassar,4392,478,27,8,Cerah,Dini Hari,Mobil,Kondisi Jalan,Jalan Provinsi,Baik,>60,Simpang Y,Perempuan,17-25,Ya
4/8/2022,2022,04,Yogyakarta,3790,433,29,43,Hujan,Pagi,Bus,Rem Blong,Jalan Kota,Berlubang,<40,Lurus,Perempuan,26-45,Ya
9/24/2024,2024,09,Makassar,4643,155,24,17,Hujan,Malam,Mobil,Kurang Jarak Aman,Jalan Nasional,Berlubang,40-60,Simpang Y,Laki-laki,<17,Ya
6/18/2024,2024,06,Bandung,4653,140,28,55,Cerah,Pagi,Truk,Kelalaian Pengemudi,Jalan Nasional,Rusak,>60,Tikungan,Laki-laki,17-25,Ya
3/12/2024,2024,03,Bandung,2216,251,20,39,Hujan,Pagi,Mobil,Kelalaian Pengemudi,Jalan Nasional,Baik,<40,Lurus,Perempuan,>50,Tidak
7/3/2025,2025,07,Medan,4869,487,25,36,Cerah,Malam,Mobil,Kelalaian Pengemudi,Jalan Nasional,Baik,<40,Simpang T,Laki-laki,<17,Tidak
9/6/2023,2023,09,Palembang,4562,209,23,14,Cerah,Pagi,Bus,Rem Blong,Jalan Nasional,Baik,<40,Simpang T,Laki-laki,26-45,Ya
4/26/2021,2021,04,Bandung,3289,162,22,7,Cerah,Siang,Motor,Kelalaian Pengemudi,Jalan Provinsi,Rusak,>60,Simpang T,Laki-laki,26-45,Ya
8/18/2022,2022,08,Yogyakarta,3641,441,28,17,Cerah,Dini Hari,Mobil,Kondisi Jalan,Jalan Provinsi,Rusak,>60,Simpang Y,Laki-laki,17-25,Tidak
5/16/2022,2022,05,Makassar,4386,231,29,8,Hujan,Malam,Truk,Kecepatan Berlebih,Jalan Kota,Baik,<40,Simpang Y,Laki-laki,>50,Ya
9/16/2025,2025,09,Surabaya,4827,431,27,29,Cerah,Dini Hari,Motor,Kelalaian Pengemudi,Jalan Provinsi,Baik,40-60,Simpang Y,Perempuan,>50,Ya
7/7/2024,2024,07,Yogyakarta,4816,481,20,17,Hujan,Dini Hari,Motor,Pelanggaran Lalu Lintas,Jalan Kota,Rusak,<40,Simpang 4,Laki-laki,17-25,Tidak
11/22/2025,2025,11,Jakarta Timur,1016,150,27,18,Hujan,Siang,Mobil,Kurang Jarak Aman,Jalan Kota,Berlubang,>60,Simpang 4,Laki-laki,26-45,Tidak
1/9/2025,2025,01,Jakarta Selatan,3428,409,28,11,Hujan,Malam,Truk,Kurang Jarak Aman,Jalan Nasional,Rusak,40-60,Lurus,Perempuan,<17,Ya
11/1/2024,2024,11,Palembang,2731,458,24,23,Hujan,Malam,Mobil,Kecepatan Berlebih,Jalan Nasional,Rusak,40-60,Simpang 4,Laki-laki,26-45,Tidak
10/22/2021,2021,10,Surabaya,2310,423,23,4,Cerah,Pagi,Motor,Kondisi Jalan,Jalan Nasional,Rusak,<40,Simpang Y,Laki-laki,26-45,Ya
6/13/2021,2021,06,Makassar,3717,346,24,14,Hujan,Malam,Truk,Kurang Jarak Aman,Jalan Nasional,Rusak,40-60,Lurus,Laki-laki,<17,Ya
3/31/2025,2025,03,Bekasi,4694,434,23,36,Cerah,Malam,Motor,Pelanggaran Lalu Lintas,Jalan Provinsi,Berlubang,40-60,Tikungan,Laki-laki,26-45,Tidak
8/12/2022,2022,08,Yogyakarta,1962,208,26,24,Cerah,Dini Hari,Mobil,Rem Blong,Jalan Nasional,Berlubang,<40,Lurus,Laki-laki,17-25,Ya
11/19/2024,2024,11,Semarang,3593,125,25,42,Hujan,Pagi,Mobil,Kecepatan Berlebih,Jalan Provinsi,Berlubang,40-60,Tikungan,Laki-laki,26-45,Ya
6/5/2025,2025,06,Makassar,2416,349,27,58,Hujan,Pagi,Bus,Kondisi Jalan,Jalan Provinsi,Berlubang,>60,Tikungan,Laki-laki,<17,Tidak
4/6/2025,2025,04,Semarang,2763,114,27,67,Hujan,Pagi,Motor,Kondisi Jalan,Jalan Nasional,Berlubang,<40,Tikungan,Perempuan,26-45,Ya
12/27/2024,2024,12,Jakarta Timur,2831,415,24,8,Cerah,Dini Hari,Mobil,Kurang Jarak Aman,Jalan Provinsi,Baik,<40,Simpang T,Perempuan,<17,Ya
3/13/2021,2021,03,Medan,1020,133,25,10,Hujan,Malam,Mobil,Rem Blong,Jalan Provinsi,Baik,>60,Simpang T,Perempuan,17-25,Ya
11/4/2021,2021,11,Yogyakarta,3143,180,22,38,Cerah,Pagi,Mobil,Rem Blong,Jalan Provinsi,Rusak,40-60,Tikungan,Laki-laki,<17,Ya
12/2/2023,2023,12,Bekasi,3405,101,28,33,Cerah,Malam,Mobil,Kurang Jarak Aman,Jalan Provinsi,Rusak,>60,Tikungan,Perempuan,26-45,Tidak
5/25/2024,2024,05,Surabaya,4221,198,30,16,Hujan,Siang,Motor,Kurang Jarak Aman,Jalan Nasional,Berlubang,<40,Simpang T,Laki-laki,26-45,Tidak
12/27/2025,2025,12,Bekasi,1115,250,24,52,Cerah,Siang,Bus,Kondisi Jalan,Jalan Nasional,Baik,40-60,Simpang 4,Perempuan,>50,Tidak
2/19/2021,2021,02,Jakarta Selatan,2012,125,30,8,Cerah,Malam,Truk,Rem Blong,Jalan Kota,Baik,40-60,Lurus,Laki-laki,26-45,Ya
7/31/2025,2025,07,Jakarta Timur,1411,471,28,8,Hujan,Pagi,Mobil,Kecepatan Berlebih,Jalan Provinsi,Baik,>60,Tikungan,Perempuan,17-25,Tidak
11/2/2023,2023,11,Medan,2896,141,23,6,Cerah,Malam,Bus,Kondisi Jalan,Jalan Nasional,Berlubang,40-60,Simpang 4,Perempuan,>50,Ya
6/26/2024,2024,06,Surabaya,2819,139,28,31,Hujan,Siang,Motor,Pelanggaran Lalu Lintas,Jalan Provinsi,Baik,<40,Simpang Y,Perempuan,17-25,Ya
8/5/2021,2021,08,Bandung,2731,438,24,23,Cerah,Pagi,Bus,Kondisi Jalan,Jalan Provinsi,Baik,40-60,Tikungan,Laki-laki,26-45,Tidak
12/2/2021,2021,12,Makassar,2821,177,20,4,Hujan,Siang,Mobil,Kurang Jarak Aman,Jalan Provinsi,Berlubang,40-60,Simpang T,Perempuan,26-45,Tidak
9/8/2022,2022,09,Semarang,4031,126,25,4,Hujan,Dini Hari,Bus,Kurang Jarak Aman,Jalan Kota,Berlubang,40-60,Simpang 4,Laki-laki,17-25,Tidak
8/9/2022,2022,08,Makassar,1572,464,28,27,Cerah,Siang,Motor,Pelanggaran Lalu Lintas,Jalan Nasional,Baik,>60,Simpang Y,Laki-laki,26-45,Tidak
10/10/2021,2021,10,Yogyakarta,2285,456,29,19,Cerah,Malam,Bus,Pelanggaran Lalu Lintas,Jalan Provinsi,Rusak,>60,Simpang Y,Perempuan,26-45,Tidak
1/12/2023,2023,01,Bekasi,3343,334,21,2,Hujan,Malam,Mobil,Kurang Jarak Aman,Jalan Nasional,Rusak,<40,Simpang Y,Perempuan,26-45,Ya
7/20/2022,2022,07,Jakarta Selatan,3268,206,27,11,Hujan,Pagi,Bus,Kecepatan Berlebih,Jalan Nasional,Rusak,>60,Lurus,Laki-laki,26-45,Tidak
9/17/2022,2022,09,Medan,3486,334,22,18,Hujan,Pagi,Mobil,Rem Blong,Jalan Provinsi,Rusak,>60,Simpang 4,Laki-laki,<17,Ya
7/19/2025,2025,07,Bekasi,1725,157,27,18,Cerah,Dini Hari,Motor,Kurang Jarak Aman,Jalan Kota,Berlubang,40-60,Tikungan,Perempuan,17-25,Ya
4/6/2022,2022,04,Semarang,2697,149,30,8,Hujan,Pagi,Bus,Kurang Jarak Aman,Jalan Nasional,Baik,>60,Lurus,Perempuan,17-25,Tidak
2/2/2024,2024,02,Palembang,2065,213,29,44,Hujan,Malam,Mobil,Pelanggaran Lalu Lintas,Jalan Nasional,Baik,<40,Lurus,Laki-laki,>50,Ya
8/22/2021,2021,08,Medan,2511,219,21,45,Cerah,Malam,Bus,Pelanggaran Lalu Lintas,Jalan Provinsi,Berlubang,<40,Simpang 4,Perempuan,>50,Ya
2/13/2022,2022,02,Bandung,2347,472,30,33,Cerah,Malam,Motor,Kecepatan Berlebih,Jalan Provinsi,Rusak,40-60,Tikungan,Perempuan,26-45,Ya
2/22/2023,2023,02,Jakarta Timur,4076,450,30,9,Cerah,Dini Hari,Bus,Kelalaian Pengemudi,Jalan Kota,Berlubang,<40,Simpang T,Laki-laki,17-25,Ya
4/25/2021,2021,04,Bandung,2503,363,27,6,Cerah,Pagi,Truk,Kecepatan Berlebih,Jalan Nasional,Baik,40-60,Simpang Y,Laki-laki,26-45,Tidak
4/12/2024,2024,04,Yogyakarta,4527,121,20,51,Hujan,Malam,Motor,Rem Blong,Jalan Provinsi,Baik,<40,Simpang 4,Laki-laki,<17,Tidak
10/9/2022,2022,10,Palembang,4204,312,24,55,Hujan,Malam,Bus,Kelalaian Pengemudi,Jalan Kota,Rusak,>60,Simpang Y,Laki-laki,>50,Tidak
11/24/2024,2024,11,Jakarta Timur,3760,316,29,12,Hujan,Siang,Truk,Rem Blong,Jalan Nasional,Berlubang,>60,Simpang T,Perempuan,26-45,Ya
10/16/2022,2022,10,Bandung,2523,376,23,66,Hujan,Malam,Mobil,Pelanggaran Lalu Lintas,Jalan Kota,Berlubang,<40,Lurus,Laki-laki,26-45,Ya
3/14/2022,2022,03,Makassar,3860,398,20,11,Hujan,Dini Hari,Bus,Pelanggaran Lalu Lintas,Jalan Nasional,Berlubang,>60,Lurus,Perempuan,>50,Ya
7/25/2023,2023,07,Bandung,4170,111,28,8,Cerah,Malam,Bus,Pelanggaran Lalu Lintas,Jalan Provinsi,Rusak,>60,Simpang T,Laki-laki,<17,Tidak
9/27/2022,2022,09,Yogyakarta,4932,405,26,3,Cerah,Pagi,Motor,Rem Blong,Jalan Kota,Baik,<40,Lurus,Perempuan,<17,Tidak
4/20/2025,2025,04,Semarang,2043,160,22,11,Cerah,Dini Hari,Mobil,Pelanggaran Lalu Lintas,Jalan Kota,Baik,>60,Simpang T,Perempuan,17-25,Ya
9/29/2021,2021,09,Semarang,4812,312,29,9,Cerah,Siang,Truk,Kondisi Jalan,Jalan Nasional,Baik,<40,Simpang T,Laki-laki,26-45,Tidak
4/24/2025,2025,04,Semarang,4038,302,25,11,Cerah,Dini Hari,Mobil,Pelanggaran Lalu Lintas,Jalan Kota,Baik,<40,Simpang 4,Perempuan,26-45,Tidak
1/5/2023,2023,01,Bandung,4760,375,29,7,Cerah,Dini Hari,Mobil,Kecepatan Berlebih,Jalan Kota,Rusak,<40,Tikungan,Laki-laki,>50,Tidak
6/13/2022,2022,06,Semarang,1963,237,29,42,Hujan,Dini Hari,Bus,Rem Blong,Jalan Nasional,Berlubang,40-60,Lurus,Laki-laki,17-25,Tidak
7/31/2022,2022,07,Semarang,2735,394,21,2,Hujan,Malam,Motor,Pelanggaran Lalu Lintas,Jalan Nasional,Rusak,<40,Simpang Y,Perempuan,<17,Ya
9/7/2022,2022,09,Medan,2214,293,30,7,Cerah,Malam,Truk,Kelalaian Pengemudi,Jalan Kota,Baik,>60,Simpang T,Laki-laki,>50,Ya
10/12/2023,2023,10,Semarang,4699,221,29,12,Cerah,Dini Hari,Motor,Rem Blong,Jalan Provinsi,Rusak,>60,Tikungan,Laki-laki,26-45,Ya
3/31/2021,2021,03,Medan,4059,496,21,11,Hujan,Pagi,Bus,Kurang Jarak Aman,Jalan Provinsi,Baik,<40,Tikungan,Perempuan,<17,Tidak
9/7/2024,2024,09,Palembang,2989,500,27,50,Cerah,Dini Hari,Bus,Kurang Jarak Aman,Jalan Kota,Rusak,40-60,Tikungan,Perempuan,>50,Ya
4/14/2021,2021,04,Surabaya,4782,467,23,40,Cerah,Malam,Bus,Kurang Jarak Aman,Jalan Kota,Baik,<40,Tikungan,Laki-laki,17-25,Tidak
12/6/2022,2022,12,Bekasi,2657,433,21,67,Hujan,Pagi,Motor,Rem Blong,Jalan Provinsi,Baik,>60,Tikungan,Perempuan,26-45,Tidak
12/31/2021,2021,12,Palembang,2409,492,25,27,Hujan,Dini Hari,Mobil,Kelalaian Pengemudi,Jalan Provinsi,Rusak,<40,Lurus,Laki-laki,26-45,Tidak
9/9/2023,2023,09,Bekasi,3758,365,25,22,Cerah,Dini Hari,Mobil,Kurang Jarak Aman,Jalan Provinsi,Baik,<40,Simpang 4,Perempuan,>50,Ya
8/21/2022,2022,08,Surabaya,3296,341,25,42,Hujan,Malam,Motor,Rem Blong,Jalan Provinsi,Berlubang,40-60,Lurus,Laki-laki,26-45,Tidak
1/16/2024,2024,01,Medan,4773,264,23,48,Hujan,Dini Hari,Truk,Kurang Jarak Aman,Jalan Provinsi,Berlubang,40-60,Simpang Y,Perempuan,26-45,Tidak
8/22/2021,2021,08,Jakarta Timur,1302,338,26,16,Cerah,Malam,Motor,Kecepatan Berlebih,Jalan Kota,Berlubang,>60,Lurus,Perempuan,17-25,Tidak
8/4/2023,2023,08,Semarang,4635,490,28,3,Cerah,Siang,Bus,Kurang Jarak Aman,Jalan Nasional,Rusak,<40,Simpang Y,Perempuan,>50,Ya
6/1/2023,2023,06,Jakarta Selatan,1916,123,20,58,Cerah,Dini Hari,Mobil,Kondisi Jalan,Jalan Provinsi,Rusak,40-60,Tikungan,Perempuan,17-25,Tidak
3/12/2024,2024,03,Palembang,3789,371,23,42,Hujan,Malam,Motor,Kecepatan Berlebih,Jalan Nasional,Rusak,40-60,Simpang 4,Perempuan,>50,Tidak
4/14/2024,2024,04,Palembang,2503,215,26,21,Hujan,Siang,Motor,Pelanggaran Lalu Lintas,Jalan Nasional,Rusak,<40,Simpang Y,Laki-laki,>50,Ya
2/4/2021,2021,02,Bandung,2234,125,20,33,Hujan,Pagi,Mobil,Pelanggaran Lalu Lintas,Jalan Nasional,Baik,40-60,Lurus,Laki-laki,26-45,Tidak
5/21/2024,2024,05,Jakarta Selatan,1031,353,30,46,Cerah,Pagi,Truk,Rem Blong,Jalan Kota,Rusak,>60,Simpang Y,Laki-laki,26-45,Tidak
11/9/2021,2021,11,Medan,2510,373,20,17,Hujan,Malam,Mobil,Kelalaian Pengemudi,Jalan Kota,Baik,>60,Lurus,Perempuan,17-25,Ya
4/9/2022,2022,04,Jakarta Timur,1893,296,26,11,Cerah,Pagi,Bus,Rem Blong,Jalan Kota,Berlubang,40-60,Simpang 4,Laki-laki,>50,Ya
5/13/2023,2023,05,Jakarta Selatan,1384,465,25,8,Hujan,Pagi,Bus,Kurang Jarak Aman,Jalan Kota,Rusak,40-60,Simpang Y,Perempuan,>50,Ya
10/13/2021,2021,10,Jakarta Selatan,1817,139,25,9,Cerah,Malam,Motor,Kelalaian Pengemudi,Jalan Nasional,Baik,>60,Simpang T,Perempuan,<17,Ya
6/22/2023,2023,06,Bandung,2358,336,24,10,Hujan,Dini Hari,Mobil,Kelalaian Pengemudi,Jalan Nasional,Baik,<40,Lurus,Laki-laki,26-45,Ya
3/28/2021,2021,03,Bekasi,3085,494,28,3,Cerah,Malam,Mobil,Kecepatan Berlebih,Jalan Nasional,Baik,<40,Tikungan,Laki-laki,>50,Tidak
3/22/2024,2024,03,Surabaya,2520,181,29,27,Cerah,Malam,Truk,Kondisi Jalan,Jalan Provinsi,Baik,40-60,Lurus,Laki-laki,17-25,Ya
9/2/2023,2023,09,Palembang,2635,397,20,19,Hujan,Pagi,Mobil,Kondisi Jalan,Jalan Kota,Baik,<40,Simpang Y,Laki-laki,<17,Tidak
6/10/2022,2022,06,Semarang,1834,440,21,23,Hujan,Pagi,Bus,Kurang Jarak Aman,Jalan Provinsi,Rusak,<40,Simpang 4,Perempuan,26-45,Tidak
7/27/2023,2023,07,Jakarta Selatan,3249,359,25,2,Hujan,Dini Hari,Bus,Kecepatan Berlebih,Jalan Kota,Berlubang,<40,Tikungan,Perempuan,17-25,Ya
11/26/2023,2023,11,Surabaya,4515,439,23,38,Cerah,Dini Hari,Truk,Rem Blong,Jalan Kota,Berlubang,<40,Tikungan,Perempuan,17-25,Ya
7/8/2024,2024,07,Bandung,4655,472,22,54,Hujan,Malam,Bus,Kondisi Jalan,Jalan Nasional,Berlubang,40-60,Tikungan,Laki-laki,>50,Ya
2/20/2024,2024,02,Jakarta Selatan,4112,324,20,8,Cerah,Malam,Motor,Kecepatan Berlebih,Jalan Nasional,Rusak,<40,Lurus,Laki-laki,17-25,Ya
3/8/2025,2025,03,Semarang,1315,450,30,12,Hujan,Siang,Bus,Kurang Jarak Aman,Jalan Nasional,Berlubang,>60,Simpang T,Perempuan,17-25,Ya
11/12/2023,2023,11,Medan,2742,474,29,9,Hujan,Dini Hari,Motor,Kondisi Jalan,Jalan Provinsi,Rusak,<40,Simpang Y,Laki-laki,<17,Ya
12/2/2024,2024,12,Yogyakarta,3906,227,28,65,Cerah,Malam,Truk,Kurang Jarak Aman,Jalan Provinsi,Berlubang,>60,Simpang Y,Laki-laki,>50,Tidak
4/4/2025,2025,04,Surabaya,2800,328,26,53,Cerah,Dini Hari,Bus,Kelalaian Pengemudi,Jalan Provinsi,Baik,>60,Lurus,Laki-laki,<17,Tidak
3/7/2023,2023,03,Semarang,4775,468,27,42,Hujan,Malam,Motor,Pelanggaran Lalu Lintas,Jalan Kota,Baik,>60,Lurus,Perempuan,26-45,Ya
10/7/2021,2021,10,Medan,3828,289,27,3,Cerah,Dini Hari,Bus,Kurang Jarak Aman,Jalan Kota,Baik,>60,Tikungan,Laki-laki,17-25,Ya
5/28/2022,2022,05,Yogyakarta,2984,487,27,30,Hujan,Dini Hari,Truk,Kecepatan Berlebih,Jalan Provinsi,Rusak,<40,Simpang T,Perempuan,26-45,Ya
11/19/2021,2021,11,Bekasi,3716,301,23,12,Cerah,Pagi,Motor,Kelalaian Pengemudi,Jalan Kota,Baik,<40,Simpang T,Perempuan,>50,Ya
2/24/2023,2023,02,Jakarta Timur,3595,121,28,51,Cerah,Malam,Mobil,Pelanggaran Lalu Lintas,Jalan Nasional,Baik,40-60,Simpang 4,Laki-laki,17-25,Tidak
12/24/2023,2023,12,Medan,4734,359,30,8,Cerah,Siang,Truk,Kondisi Jalan,Jalan Nasional,Baik,<40,Simpang Y,Laki-laki,>50,Tidak
1/19/2024,2024,01,Semarang,4772,251,27,28,Cerah,Malam,Motor,Kurang Jarak Aman,Jalan Provinsi,Berlubang,>60,Simpang Y,Perempuan,>50,Tidak
3/7/2024,2024,03,Surabaya,3527,475,27,15,Cerah,Malam,Motor,Pelanggaran Lalu Lintas,Jalan Kota,Rusak,>60,Lurus,Perempuan,<17,Ya
7/6/2025,2025,07,Bandung,4464,361,29,19,Cerah,Pagi,Motor,Pelanggaran Lalu Lintas,Jalan Kota,Berlubang,>60,Tikungan,Perempuan,26-45,Ya
10/3/2025,2025,10,Semarang,1201,199,28,7,Hujan,Dini Hari,Truk,Pelanggaran Lalu Lintas,Jalan Provinsi,Baik,>60,Simpang T,Laki-laki,<17,Ya
1/20/2022,2022,01,Yogyakarta,4098,138,25,12,Cerah,Siang,Motor,Kecepatan Berlebih,Jalan Provinsi,Baik,<40,Tikungan,Laki-laki,26-45,Ya
7/15/2024,2024,07,Surabaya,2829,498,22,8,Hujan,Siang,Bus,Kecepatan Berlebih,Jalan Nasional,Berlubang,>60,Simpang 4,Laki-laki,17-25,Tidak
9/11/2024,2024,09,Jakarta Timur,3539,354,21,12,Cerah,Dini Hari,Bus,Rem Blong,Jalan Provinsi,Rusak,40-60,Simpang 4,Laki-laki,<17,Ya
6/30/2023,2023,06,Medan,3671,122,21,7,Cerah,Siang,Bus,Kondisi Jalan,Jalan Kota,Rusak,40-60,Simpang T,Laki-laki,>50,Ya
12/6/2021,2021,12,Surabaya,4084,288,20,12,Cerah,Dini Hari,Motor,Kurang Jarak Aman,Jalan Provinsi,Baik,<40,Tikungan,Perempuan,17-25,Tidak
4/10/2025,2025,04,Jakarta Timur,3792,430,21,8,Hujan,Pagi,Bus,Rem Blong,Jalan Kota,Rusak,40-60,Tikungan,Perempuan,17-25,Ya
7/15/2022,2022,07,Bekasi,3343,458,22,36,Hujan,Dini Hari,Truk,Kelalaian Pengemudi,Jalan Provinsi,Rusak,40-60,Tikungan,Laki-laki,<17,Ya
7/14/2025,2025,07,Surabaya,4411,245,30,8,Cerah,Pagi,Motor,Kurang Jarak Aman,Jalan Nasional,Berlubang,<40,Tikungan,Laki-laki,26-45,Ya
12/13/2021,2021,12,Surabaya,4094,410,25,23,Cerah,Siang,Truk,Rem Blong,Jalan Nasional,Rusak,>60,Simpang 4,Laki-laki,17-25,Ya
5/31/2025,2025,05,Jakarta Selatan,3189,201,20,68,Cerah,Dini Hari,Truk,Kecepatan Berlebih,Jalan Nasional,Rusak,<40,Tikungan,Perempuan,>50,Ya
1/19/2025,2025,01,Semarang,3638,486,22,18,Hujan,Pagi,Bus,Pelanggaran Lalu Lintas,Jalan Kota,Berlubang,40-60,Simpang 4,Perempuan,<17,Ya
11/26/2023,2023,11,Jakarta Selatan,2677,185,20,44,Cerah,Malam,Bus,Kurang Jarak Aman,Jalan Kota,Berlubang,>60,Simpang 4,Laki-laki,17-25,Tidak
5/12/2025,2025,05,Bandung,3980,322,24,3,Hujan,Malam,Bus,Kecepatan Berlebih,Jalan Kota,Berlubang,<40,Simpang T,Laki-laki,>50,Ya
10/24/2022,2022,10,Palembang,1747,404,20,19,Hujan,Siang,Mobil,Kondisi Jalan,Jalan Nasional,Baik,40-60,Simpang Y,Perempuan,<17,Ya
1/24/2022,2022,01,Bekasi,1255,390,29,39,Cerah,Siang,Bus,Kelalaian Pengemudi,Jalan Kota,Rusak,40-60,Simpang T,Laki-laki,<17,Tidak
10/23/2023,2023,10,Palembang,3986,340,25,48,Hujan,Pagi,Mobil,Kondisi Jalan,Jalan Nasional,Berlubang,40-60,Simpang 4,Laki-laki,>50,Ya
4/11/2021,2021,04,Bandung,1026,366,24,7,Cerah,Siang,Motor,Kelalaian Pengemudi,Jalan Provinsi,Rusak,<40,Simpang 4,Perempuan,26-45,Ya
6/30/2023,2023,06,Yogyakarta,2460,441,27,3,Cerah,Malam,Bus,Kelalaian Pengemudi,Jalan Provinsi,Berlubang,>60,Simpang T,Perempuan,26-45,Tidak
7/21/2023,2023,07,Palembang,4723,242,27,14,Cerah,Dini Hari,Motor,Kondisi Jalan,Jalan Nasional,Baik,>60,Simpang Y,Laki-laki,<17,Ya
6/4/2022,2022,06,Medan,2478,285,23,23,Hujan,Dini Hari,Motor,Kecepatan Berlebih,Jalan Kota,Baik,>60,Simpang Y,Laki-laki,26-45,Ya
10/29/2021,2021,10,Medan,3708,169,28,25,Cerah,Siang,Mobil,Kondisi Jalan,Jalan Nasional,Rusak,>60,Lurus,Perempuan,>50,Ya
3/22/2025,2025,03,Palembang,1990,379,23,20,Cerah,Malam,Mobil,Pelanggaran Lalu Lintas,Jalan Kota,Baik,<40,Simpang T,Perempuan,>50,Ya
7/3/2025,2025,07,Bekasi,1510,458,29,20,Cerah,Dini Hari,Bus,Kelalaian Pengemudi,Jalan Nasional,Rusak,>60,Tikungan,Perempuan,<17,Ya
3/13/2023,2023,03,Bandung,4630,164,24,32,Cerah,Dini Hari,Truk,Kecepatan Berlebih,Jalan Kota,Berlubang,<40,Simpang T,Laki-laki,<17,Tidak
4/28/2022,2022,04,Medan,2841,257,26,27,Cerah,Pagi,Motor,Pelanggaran Lalu Lintas,Jalan Kota,Rusak,>60,Simpang Y,Laki-laki,26-45,Tidak
12/28/2021,2021,12,Jakarta Selatan,1512,341,22,27,Hujan,Malam,Motor,Rem Blong,Jalan Nasional,Rusak,40-60,Simpang 4,Perempuan,17-25,Ya
10/7/2024,2024,10,Jakarta Timur,4467,354,20,33,Hujan,Malam,Motor,Rem Blong,Jalan Kota,Berlubang,<40,Simpang 4,Laki-laki,<17,Tidak
1/19/2023,2023,01,Makassar,3748,312,26,5,Hujan,Malam,Bus,Kurang Jarak Aman,Jalan Nasional,Rusak,>60,Lurus,Laki-laki,17-25,Tidak
11/4/2022,2022,11,Semarang,1401,376,24,13,Hujan,Malam,Truk,Kecepatan Berlebih,Jalan Kota,Rusak,<40,Simpang 4,Laki-laki,>50,Tidak
5/28/2022,2022,05,Bandung,3033,395,28,8,Hujan,Malam,Motor,Pelanggaran Lalu Lintas,Jalan Kota,Berlubang,40-60,Simpang 4,Laki-laki,26-45,Tidak
3/24/2021,2021,03,Palembang,3940,274,21,8,Cerah,Malam,Mobil,Kecepatan Berlebih,Jalan Provinsi,Rusak,40-60,Simpang Y,Laki-laki,26-45,Tidak
1/31/2024,2024,01,Jakarta Selatan,3924,218,30,18,Hujan,Dini Hari,Mobil,Kondisi Jalan,Jalan Kota,Berlubang,>60,Tikungan,Perempuan,26-45,Ya
5/28/2021,2021,05,Medan,2709,273,26,8,Hujan,Malam,Motor,Kelalaian Pengemudi,Jalan Nasional,Baik,<40,Lurus,Laki-laki,17-25,Ya
12/5/2021,2021,12,Bekasi,1116,109,24,14,Cerah,Malam,Truk,Kondisi Jalan,Jalan Nasional,Rusak,<40,Simpang T,Laki-laki,17-25,Tidak
5/20/2022,2022,05,Bandung,4428,177,22,19,Cerah,Malam,Motor,Kurang Jarak Aman,Jalan Kota,Berlubang,40-60,Simpang 4,Laki-laki,<17,Tidak
12/15/2025,2025,12,Jakarta Timur,3721,102,26,20,Cerah,Siang,Truk,Kurang Jarak Aman,Jalan Kota,Baik,40-60,Simpang 4,Perempuan,<17,Tidak
1/7/2024,2024,01,Medan,4141,314,24,10,Hujan,Pagi,Bus,Kurang Jarak Aman,Jalan Nasional,Rusak,>60,Simpang T,Laki-laki,>50,Tidak
7/14/2023,2023,07,Jakarta Selatan,4278,149,28,14,Cerah,Siang,Motor,Kelalaian Pengemudi,Jalan Nasional,Berlubang,>60,Tikungan,Laki-laki,>50,Tidak
4/28/2021,2021,04,Semarang,1835,417,26,30,Hujan,Pagi,Motor,Kondisi Jalan,Jalan Provinsi,Berlubang,<40,Simpang T,Perempuan,17-25,Tidak
11/15/2021,2021,11,Bekasi,4926,114,30,13,Hujan,Malam,Bus,Kondisi Jalan,Jalan Nasional,Berlubang,40-60,Simpang T,Laki-laki,26-45,Tidak
6/11/2023,2023,06,Jakarta Selatan,3576,290,23,44,Cerah,Pagi,Mobil,Pelanggaran Lalu Lintas,Jalan Kota,Berlubang,>60,Tikungan,Laki-laki,<17,Ya
4/4/2022,2022,04,Jakarta Timur,3079,456,25,17,Hujan,Pagi,Bus,Kurang Jarak Aman,Jalan Kota,Berlubang,<40,Simpang 4,Perempuan,<17,Tidak
10/10/2023,2023,10,Semarang,4231,180,20,12,Cerah,Dini Hari,Motor,Rem Blong,Jalan Provinsi,Rusak,<40,Tikungan,Laki-laki,17-25,Tidak
11/2/2022,2022,11,Medan,2412,491,22,9,Cerah,Siang,Motor,Kurang Jarak Aman,Jalan Provinsi,Berlubang,>60,Simpang Y,Laki-laki,17-25,Tidak
8/21/2023,2023,08,Bekasi,4233,240,23,15,Hujan,Malam,Motor,Rem Blong,Jalan Nasional,Rusak,40-60,Simpang 4,Perempuan,<17,Ya
7/10/2023,2023,07,Jakarta Selatan,3613,418,21,2,Hujan,Dini Hari,Bus,Kecepatan Berlebih,Jalan Kota,Berlubang,40-60,Lurus,Laki-laki,<17,Ya
1/25/2025,2025,01,Bandung,2132,458,29,9,Hujan,Malam,Motor,Kecepatan Berlebih,Jalan Nasional,Baik,40-60,Simpang T,Laki-laki,17-25,Tidak
7/3/2024,2024,07,Bandung,4502,240,23,23,Hujan,Dini Hari,Bus,Kelalaian Pengemudi,Jalan Nasional,Berlubang,>60,Tikungan,Perempuan,17-25,Tidak
4/4/2022,2022,04,Medan,4957,376,21,10,Hujan,Malam,Motor,Rem Blong,Jalan Nasional,Berlubang,<40,Simpang 4,Perempuan,>50,Tidak
3/2/2023,2023,03,Palembang,1615,193,20,10,Cerah,Malam,Bus,Rem Blong,Jalan Kota,Baik,40-60,Simpang 4,Laki-laki,<17,Tidak
6/7/2024,2024,06,Jakarta Timur,1163,207,23,51,Hujan,Siang,Mobil,Rem Blong,Jalan Provinsi,Berlubang,>60,Simpang Y,Perempuan,>50,Ya
1/1/2022,2022,01,Bekasi,1004,147,24,34,Cerah,Dini Hari,Bus,Kondisi Jalan,Jalan Kota,Rusak,<40,Simpang Y,Laki-laki,17-25,Ya
1/8/2024,2024,01,Medan,3375,411,30,48,Hujan,Dini Hari,Truk,Kurang Jarak Aman,Jalan Provinsi,Berlubang,>60,Simpang T,Laki-laki,17-25,Ya
10/30/2025,2025,10,Surabaya,4502,246,26,32,Hujan,Dini Hari,Motor,Rem Blong,Jalan Provinsi,Baik,40-60,Simpang Y,Perempuan,<17,Ya
2/13/2025,2025,02,Jakarta Selatan,1280,483,29,11,Hujan,Malam,Bus,Rem Blong,Jalan Kota,Berlubang,40-60,Lurus,Perempuan,<17,Ya
3/26/2023,2023,03,Jakarta Selatan,3124,137,29,26,Cerah,Pagi,Mobil,Kelalaian Pengemudi,Jalan Provinsi,Rusak,40-60,Tikungan,Perempuan,26-45,Ya
1/9/2024,2024,01,Semarang,3433,270,20,38,Cerah,Malam,Truk,Kecepatan Berlebih,Jalan Kota,Berlubang,>60,Lurus,Perempuan,<17,Tidak
1/12/2022,2022,01,Jakarta Selatan,3402,456,25,7,Hujan,Pagi,Truk,Kecepatan Berlebih,Jalan Nasional,Berlubang,>60,Tikungan,Perempuan,<17,Tidak
12/8/2025,2025,12,Yogyakarta,3513,270,29,30,Hujan,Malam,Bus,Kecepatan Berlebih,Jalan Kota,Berlubang,40-60,Simpang T,Laki-laki,26-45,Tidak
10/22/2022,2022,10,Bandung,2252,114,20,12,Cerah,Malam,Bus,Kurang Jarak Aman,Jalan Provinsi,Berlubang,>60,Simpang T,Laki-laki,26-45,Ya
4/14/2023,2023,04,Surabaya,2808,111,21,0,Hujan,Malam,Bus,Kecepatan Berlebih,Jalan Provinsi,Rusak,<40,Simpang Y,Laki-laki,26-45,Tidak
6/30/2022,2022,06,Jakarta Selatan,1619,134,24,58,Cerah,Pagi,Motor,Kurang Jarak Aman,Jalan Nasional,Berlubang,40-60,Tikungan,Perempuan,>50,Ya
6/21/2024,2024,06,Jakarta Timur,1781,247,29,53,Hujan,Dini Hari,Bus,Kurang Jarak Aman,Jalan Nasional,Berlubang,40-60,Tikungan,Perempuan,>50,Ya
3/15/2023,2023,03,Semarang,3651,159,21,42,Hujan,Malam,Motor,Pelanggaran Lalu Lintas,Jalan Kota,Baik,40-60,Tikungan,Perempuan,<17,Ya
11/19/2024,2024,11,Surabaya,2653,194,29,15,Hujan,Siang,Mobil,Rem Blong,Jalan Nasional,Rusak,<40,Tikungan,Laki-laki,17-25,Tidak
5/6/2022,2022,05,Jakarta Timur,3644,184,22,20,Cerah,Dini Hari,Bus,Pelanggaran Lalu Lintas,Jalan Kota,Rusak,40-60,Simpang 4,Laki-laki,<17,Ya
5/3/2024,2024,05,Jakarta Timur,1914,482,27,8,Cerah,Malam,Truk,Rem Blong,Jalan Kota,Baik,<40,Lurus,Perempuan,<17,Ya
1/31/2023,2023,01,Bekasi,2621,435,30,11,Cerah,Dini Hari,Truk,Pelanggaran Lalu Lintas,Jalan Kota,Rusak,40-60,Simpang 4,Laki-laki,17-25,Ya
3/23/2021,2021,03,Palembang,1212,170,25,14,Cerah,Siang,Bus,Rem Blong,Jalan Nasional,Rusak,>60,Lurus,Perempuan,<17,Tidak
8/23/2024,2024,08,Bekasi,2352,495,20,40,Hujan,Siang,Mobil,Kecepatan Berlebih,Jalan Nasional,Berlubang,<40,Tikungan,Laki-laki,>50,Tidak
2/19/2024,2024,02,Makassar,3782,310,26,43,Hujan,Pagi,Motor,Rem Blong,Jalan Nasional,Berlubang,>60,Tikungan,Laki-laki,<17,Tidak
9/29/2022,2022,09,Jakarta Selatan,4632,394,29,17,Hujan,Malam,Bus,Kondisi Jalan,Jalan Provinsi,Rusak,>60,Lurus,Laki-laki,<17,Ya
11/14/2025,2025,11,Bekasi,1809,483,30,7,Cerah,Malam,Motor,Kurang Jarak Aman,Jalan Kota,Baik,>60,Lurus,Perempuan,26-45,Tidak
8/14/2023,2023,08,Makassar,3614,471,29,42,Cerah,Siang,Bus,Rem Blong,Jalan Kota,Berlubang,<40,Lurus,Laki-laki,26-45,Tidak
8/26/2025,2025,08,Surabaya,3625,461,30,28,Hujan,Malam,Bus,Kondisi Jalan,Jalan Nasional,Rusak,>60,Simpang 4,Laki-laki,17-25,Tidak
8/29/2024,2024,08,Jakarta Timur,1931,287,26,11,Cerah,Dini Hari,Truk,Pelanggaran Lalu Lintas,Jalan Kota,Baik,>60,Lurus,Perempuan,<17,Ya
12/3/2023,2023,12,Bekasi,1244,310,28,33,Cerah,Malam,Mobil,Kurang Jarak Aman,Jalan Provinsi,Rusak,>60,Tikungan,Laki-laki,>50,Ya
7/10/2021,2021,07,Semarang,2071,284,24,23,Hujan,Malam,Bus,Kondisi Jalan,Jalan Nasional,Rusak,<40,Simpang 4,Perempuan,17-25,Ya
11/29/2023,2023,11,Bekasi,3970,494,22,28,Hujan,Dini Hari,Motor,Pelanggaran Lalu Lintas,Jalan Kota,Rusak,<40,Tikungan,Laki-laki,17-25,Ya
4/4/2022,2022,04,Bekasi,1238,303,26,14,Cerah,Dini Hari,Bus,Pelanggaran Lalu Lintas,Jalan Provinsi,Berlubang,40-60,Simpang 4,Perempuan,17-25,Tidak
7/27/2021,2021,07,Palembang,2511,389,24,20,Cerah,Pagi,Mobil,Kelalaian Pengemudi,Jalan Nasional,Berlubang,40-60,Lurus,Laki-laki,>50,Tidak
12/2/2023,2023,12,Bandung,3812,290,23,30,Hujan,Siang,Truk,Kecepatan Berlebih,Jalan Provinsi,Rusak,<40,Lurus,Laki-laki,17-25,Tidak
10/26/2024,2024,10,Yogyakarta,1873,274,28,18,Cerah,Malam,Mobil,Kurang Jarak Aman,Jalan Kota,Baik,<40,Lurus,Perempuan,17-25,Tidak
8/22/2021,2021,08,Yogyakarta,1705,261,21,22,Hujan,Malam,Bus,Kondisi Jalan,Jalan Nasional,Rusak,<40,Lurus,Perempuan,26-45,Ya
5/10/2024,2024,05,Semarang,3430,286,27,17,Cerah,Malam,Truk,Rem Blong,Jalan Nasional,Baik,>60,Tikungan,Perempuan,17-25,Tidak
12/8/2025,2025,12,Jakarta Selatan,3132,381,28,22,Hujan,Malam,Bus,Kondisi Jalan,Jalan Nasional,Berlubang,<40,Simpang Y,Perempuan,>50,Ya
12/21/2021,2021,12,Bekasi,4457,366,26,15,Cerah,Pagi,Truk,Kelalaian Pengemudi,Jalan Kota,Berlubang,>60,Simpang 4,Laki-laki,17-25,Tidak
5/3/2022,2022,05,Jakarta Selatan,1451,442,28,8,Hujan,Malam,Mobil,Kurang Jarak Aman,Jalan Nasional,Baik,>60,Simpang T,Laki-laki,17-25,Ya
11/23/2024,2024,11,Bekasi,4892,186,30,3,Cerah,Dini Hari,Mobil,Rem Blong,Jalan Nasional,Baik,<40,Simpang T,Laki-laki,<17,Ya
9/18/2025,2025,09,Jakarta Selatan,3547,217,25,53,Hujan,Malam,Motor,Rem Blong,Jalan Provinsi,Rusak,<40,Lurus,Laki-laki,<17,Tidak
8/22/2024,2024,08,Yogyakarta,3108,224,29,18,Cerah,Siang,Truk,Kelalaian Pengemudi,Jalan Provinsi,Baik,>60,Simpang 4,Perempuan,>50,Tidak
11/25/2021,2021,11,Yogyakarta,3473,288,23,8,Cerah,Siang,Motor,Kondisi Jalan,Jalan Nasional,Baik,<40,Lurus,Laki-laki,26-45,Tidak
8/23/2025,2025,08,Makassar,1174,327,27,24,Cerah,Siang,Mobil,Kurang Jarak Aman,Jalan Provinsi,Baik,<40,Simpang T,Perempuan,17-25,Ya
7/22/2024,2024,07,Palembang,4589,321,20,15,Cerah,Pagi,Mobil,Kondisi Jalan,Jalan Nasional,Baik,>60,Simpang Y,Laki-laki,<17,Ya
11/5/2021,2021,11,Yogyakarta,3553,193,27,44,Hujan,Pagi,Mobil,Kurang Jarak Aman,Jalan Kota,Rusak,>60,Simpang T,Perempuan,26-45,Tidak
7/6/2023,2023,07,Palembang,1231,153,26,14,Cerah,Dini Hari,Motor,Kondisi Jalan,Jalan Nasional,Baik,40-60,Simpang T,Perempuan,<17,Ya
11/4/2021,2021,11,Bandung,2124,255,20,31,Cerah,Siang,Bus,Kelalaian Pengemudi,Jalan Kota,Baik,>60,Tikungan,Laki-laki,26-45,Tidak
3/10/2024,2024,03,Jakarta Selatan,3868,343,21,58,Hujan,Dini Hari,Motor,Kecepatan Berlebih,Jalan Kota,Rusak,40-60,Simpang T,Perempuan,26-45,Ya
7/22/2025,2025,07,Makassar,2812,239,20,3,Cerah,Malam,Motor,Kecepatan Berlebih,Jalan Nasional,Rusak,<40,Tikungan,Laki-laki,>50,Ya
3/27/2024,2024,03,Bekasi,3781,433,29,35,Cerah,Dini Hari,Motor,Kurang Jarak Aman,Jalan Nasional,Berlubang,<40,Lurus,Perempuan,17-25,Ya
8/19/2023,2023,08,Jakarta Timur,1350,400,27,47,Hujan,Dini Hari,Motor,Pelanggaran Lalu Lintas,Jalan Nasional,Baik,<40,Simpang Y,Laki-laki,17-25,Tidak
10/5/2024,2024,10,Bandung,1604,171,30,17,Cerah,Pagi,Mobil,Rem Blong,Jalan Kota,Berlubang,>60,Tikungan,Laki-laki,<17,Ya
4/14/2021,2021,04,Jakarta Selatan,4333,247,23,23,Hujan,Dini Hari,Motor,Kecepatan Berlebih,Jalan Provinsi,Rusak,>60,Simpang T,Laki-laki,>50,Ya
10/7/2021,2021,10,Surabaya,1189,464,23,16,Hujan,Malam,Truk,Kurang Jarak Aman,Jalan Nasional,Baik,40-60,Simpang T,Perempuan,26-45,Ya
6/21/2023,2023,06,Makassar,1934,474,23,11,Hujan,Pagi,Truk,Kondisi Jalan,Jalan Provinsi,Berlubang,40-60,Simpang T,Laki-laki,<17,Ya
6/3/2022,2022,06,Surabaya,3058,208,28,18,Hujan,Dini Hari,Truk,Kecepatan Berlebih,Jalan Nasional,Baik,40-60,Simpang T,Laki-laki,>50,Ya
4/7/2023,2023,04,Palembang,3007,194,20,1,Cerah,Pagi,Motor,Kelalaian Pengemudi,Jalan Kota,Baik,40-60,Tikungan,Perempuan,17-25,Tidak
4/28/2021,2021,04,Surabaya,2734,500,26,40,Cerah,Malam,Bus,Kurang Jarak Aman,Jalan Kota,Baik,<40,Simpang Y,Perempuan,<17,Ya
1/29/2025,2025,01,Surabaya,1606,427,21,7,Hujan,Malam,Truk,Kecepatan Berlebih,Jalan Nasional,Baik,>60,Lurus,Perempuan,>50,Tidak
5/12/2025,2025,05,Palembang,1625,263,20,4,Cerah,Pagi,Truk,Pelanggaran Lalu Lintas,Jalan Nasional,Rusak,<40,Tikungan,Perempuan,>50,Tidak
4/1/2022,2022,04,Bekasi,3231,470,29,14,Cerah,Dini Hari,Bus,Pelanggaran Lalu Lintas,Jalan Provinsi,Berlubang,<40,Simpang T,Perempuan,<17,Tidak
5/23/2023,2023,05,Bandung,3258,206,21,31,Cerah,Dini Hari,Truk,Kurang Jarak Aman,Jalan Nasional,Berlubang,<40,Simpang Y,Perempuan,<17,Tidak
2/5/2024,2024,02,Makassar,4160,429,24,28,Cerah,Malam,Truk,Kelalaian Pengemudi,Jalan Provinsi,Baik,<40,Simpang T,Laki-laki,<17,Ya
11/19/2025,2025,11,Jakarta Selatan,2977,257,30,6,Cerah,Malam,Truk,Kurang Jarak Aman,Jalan Kota,Baik,>60,Simpang T,Perempuan,17-25,Ya
8/12/2022,2022,08,Yogyakarta,3567,497,26,17,Cerah,Dini Hari,Mobil,Kondisi Jalan,Jalan Provinsi,Rusak,>60,Simpang Y,Perempuan,17-25,Tidak
10/28/2025,2025,10,Bekasi,4039,188,30,14,Hujan,Siang,Motor,Pelanggaran Lalu Lintas,Jalan Provinsi,Berlubang,40-60,Simpang T,Perempuan,<17,Ya
5/17/2025,2025,05,Palembang,2142,199,29,4,Cerah,Pagi,Truk,Pelanggaran Lalu Lintas,Jalan Nasional,Rusak,<40,Simpang T,Laki-laki,<17,Ya
2/17/2021,2021,02,Semarang,2407,250,20,6,Cerah,Malam,Motor,Kelalaian Pengemudi,Jalan Kota,Rusak,40-60,Lurus,Laki-laki,26-45,Ya
11/9/2025,2025,11,Semarang,3212,406,24,40,Cerah,Dini Hari,Motor,Kecepatan Berlebih,Jalan Kota,Rusak,<40,Simpang Y,Perempuan,<17,Ya
11/12/2023,2023,11,Medan,3597,203,21,17,Hujan,Dini Hari,Mobil,Kecepatan Berlebih,Jalan Provinsi,Rusak,<40,Tikungan,Perempuan,26-45,Tidak
8/20/2021,2021,08,Palembang,1390,218,25,23,Cerah,Malam,Mobil,Kurang Jarak Aman,Jalan Nasional,Rusak,>60,Lurus,Laki-laki,26-45,Ya
12/17/2021,2021,12,Surabaya,3335,275,27,37,Hujan,Siang,Bus,Rem Blong,Jalan Provinsi,Rusak,>60,Tikungan,Laki-laki,26-45,Tidak
10/13/2025,2025,10,Yogyakarta,2799,468,30,38,Hujan,Dini Hari,Mobil,Kecepatan Berlebih,Jalan Kota,Baik,>60,Lurus,Perempuan,>50,Tidak
11/16/2021,2021,11,Surabaya,4368,329,27,28,Cerah,Malam,Bus,Kecepatan Berlebih,Jalan Nasional,Baik,<40,Lurus,Laki-laki,26-45,Ya
7/5/2021,2021,07,Jakarta Selatan,1843,439,26,26,Cerah,Siang,Truk,Rem Blong,Jalan Kota,Baik,>60,Tikungan,Laki-laki,>50,Ya
1/28/2023,2023,01,Jakarta Selatan,4592,405,22,47,Cerah,Siang,Bus,Kelalaian Pengemudi,Jalan Kota,Berlubang,40-60,Tikungan,Laki-laki,<17,Tidak
1/3/2024,2024,01,Jakarta Timur,2866,107,22,6,Cerah,Siang,Truk,Kecepatan Berlebih,Jalan Provinsi,Rusak,<40,Tikungan,Laki-laki,26-45,Ya
11/12/2021,2021,11,Bandung,3537,411,25,9,Hujan,Siang,Truk,Pelanggaran Lalu Lintas,Jalan Nasional,Berlubang,40-60,Tikungan,Laki-laki,17-25,Ya
11/22/2021,2021,11,Makassar,2785,432,20,9,Hujan,Pagi,Truk,Kelalaian Pengemudi,Jalan Kota,Baik,>60,Tikungan,Laki-laki,<17,Tidak
8/5/2023,2023,08,Surabaya,2988,470,25,33,Hujan,Pagi,Motor,Kurang Jarak Aman,Jalan Kota,Berlubang,<40,Simpang Y,Perempuan,<17,Ya
7/18/2024,2024,07,Jakarta Selatan,4610,129,23,21,Cerah,Siang,Motor,Kurang Jarak Aman,Jalan Provinsi,Berlubang,40-60,Simpang Y,Perempuan,26-45,Tidak
10/10/2023,2023,10,Makassar,4192,493,26,7,Hujan,Dini Hari,Motor,Pelanggaran Lalu Lintas,Jalan Kota,Baik,40-60,Tikungan,Laki-laki,>50,Ya
12/7/2024,2024,12,Yogyakarta,1476,139,23,6,Cerah,Dini Hari,Motor,Kurang Jarak Aman,Jalan Provinsi,Baik,40-60,Lurus,Perempuan,<17,Tidak
6/21/2022,2022,06,Bekasi,2703,393,20,38,Cerah,Dini Hari,Bus,Pelanggaran Lalu Lintas,Jalan Nasional,Rusak,<40,Tikungan,Laki-laki,<17,Tidak
3/18/2024,2024,03,Jakarta Timur,2631,286,28,12,Cerah,Siang,Bus,Rem Blong,Jalan Kota,Baik,>60,Simpang Y,Laki-laki,17-25,Tidak
9/5/2024,2024,09,Medan,1643,355,20,9,Hujan,Malam,Motor,Pelanggaran Lalu Lintas,Jalan Nasional,Berlubang,<40,Simpang Y,Perempuan,>50,Tidak
7/11/2024,2024,07,Yogyakarta,3584,500,24,21,Cerah,Malam,Bus,Kecepatan Berlebih,Jalan Provinsi,Berlubang,40-60,Simpang Y,Laki-laki,17-25,Ya
10/12/2021,2021,10,Semarang,2572,390,21,28,Cerah,Malam,Mobil,Kurang Jarak Aman,Jalan Nasional,Rusak,>60,Tikungan,Laki-laki,17-25,Ya
10/15/2022,2022,10,Bekasi,4048,338,25,13,Cerah,Pagi,Truk,Pelanggaran Lalu Lintas,Jalan Kota,Berlubang,<40,Simpang T,Perempuan,17-25,Tidak
9/23/2024,2024,09,Semarang,1474,353,26,21,Cerah,Dini Hari,Bus,Kecepatan Berlebih,Jalan Kota,Baik,<40,Simpang Y,Laki-laki,<17,Tidak
8/15/2022,2022,08,Palembang,1550,240,28,19,Hujan,Pagi,Motor,Kecepatan Berlebih,Jalan Provinsi,Rusak,40-60,Simpang T,Perempuan,<17,Ya
11/10/2023,2023,11,Medan,3538,216,23,6,Cerah,Malam,Bus,Kondisi Jalan,Jalan Nasional,Berlubang,40-60,Simpang 4,Perempuan,<17,Ya
4/5/2022,2022,04,Makassar,1604,147,27,5,Cerah,Malam,Truk,Kondisi Jalan,Jalan Kota,Baik,>60,Simpang Y,Perempuan,<17,Ya
6/12/2024,2024,06,Surabaya,2411,124,27,38,Hujan,Siang,Bus,Kurang Jarak Aman,Jalan Provinsi,Berlubang,>60,Simpang 4,Perempuan,17-25,Ya
7/30/2023,2023,07,Medan,4400,289,30,35,Hujan,Dini Hari,Truk,Rem Blong,Jalan Provinsi,Rusak,>60,Tikungan,Laki-laki,17-25,Tidak
9/21/2024,2024,09,Surabaya,4027,377,27,61,Cerah,Dini Hari,Bus,Kondisi Jalan,Jalan Provinsi,Baik,>60,Lurus,Perempuan,26-45,Tidak
4/23/2025,2025,04,Bandung,2775,308,27,14,Hujan,Malam,Truk,Kurang Jarak Aman,Jalan Nasional,Rusak,>60,Lurus,Laki-laki,17-25,Tidak
6/26/2024,2024,06,Surabaya,4051,228,23,31,Hujan,Dini Hari,Mobil,Pelanggaran Lalu Lintas,Jalan Provinsi,Berlubang,<40,Simpang 4,Laki-laki,>50,Ya
3/14/2024,2024,03,Makassar,2576,247,27,24,Cerah,Dini Hari,Truk,Kelalaian Pengemudi,Jalan Nasional,Berlubang,<40,Simpang Y,Laki-laki,<17,Ya
8/2/2023,2023,08,Palembang,2282,119,29,4,Cerah,Malam,Motor,Kondisi Jalan,Jalan Nasional,Rusak,40-60,Simpang Y,Laki-laki,>50,Ya
1/5/2025,2025,01,Palembang,3581,232,21,38,Cerah,Pagi,Truk,Pelanggaran Lalu Lintas,Jalan Nasional,Berlubang,>60,Simpang 4,Perempuan,26-45,Ya
1/24/2025,2025,01,Bekasi,2831,126,23,8,Hujan,Pagi,Motor,Kondisi Jalan,Jalan Provinsi,Berlubang,>60,Simpang T,Laki-laki,<17,Ya
3/8/2022,2022,03,Jakarta Selatan,3194,384,27,36,Hujan,Malam,Bus,Kelalaian Pengemudi,Jalan Provinsi,Baik,40-60,Lurus,Laki-laki,>50,Ya
8/18/2025,2025,08,Medan,2493,284,22,30,Cerah,Siang,Mobil,Kurang Jarak Aman,Jalan Kota,Baik,<40,Simpang T,Perempuan,<17,Ya
2/4/2025,2025,02,Makassar,1226,369,26,32,Cerah,Malam,Motor,Kelalaian Pengemudi,Jalan Nasional,Rusak,>60,Tikungan,Laki-laki,26-45,Tidak
3/19/2024,2024,03,Semarang,1227,465,24,25,Hujan,Dini Hari,Motor,Kelalaian Pengemudi,Jalan Kota,Baik,>60,Simpang Y,Perempuan,26-45,Ya
9/26/2025,2025,09,Yogyakarta,3205,465,29,23,Cerah,Siang,Motor,Pelanggaran Lalu Lintas,Jalan Nasional,Baik,>60,Simpang 4,Laki-laki,26-45,Ya
4/2/2022,2022,04,Palembang,1892,248,24,0,Hujan,Siang,Truk,Kondisi Jalan,Jalan Provinsi,Berlubang,<40,Simpang 4,Perempuan,<17,Ya
9/19/2021,2021,09,Jakarta Selatan,4213,253,23,18,Hujan,Pagi,Motor,Rem Blong,Jalan Nasional,Berlubang,<40,Simpang T,Laki-laki,17-25,Tidak
3/12/2024,2024,03,Yogyakarta,3991,222,20,16,Hujan,Malam,Mobil,Kelalaian Pengemudi,Jalan Kota,Rusak,40-60,Simpang 4,Laki-laki,17-25,Ya
9/12/2023,2023,09,Semarang,4997,488,21,27,Hujan,Malam,Motor,Kondisi Jalan,Jalan Kota,Rusak,>60,Tikungan,Perempuan,<17,Ya
12/3/2022,2022,12,Bandung,1893,178,21,34,Hujan,Siang,Mobil,Kurang Jarak Aman,Jalan Provinsi,Rusak,40-60,Lurus,Laki-laki,26-45,Ya
1/8/2024,2024,01,Bekasi,1575,208,23,6,Cerah,Pagi,Mobil,Kondisi Jalan,Jalan Provinsi,Rusak,>60,Lurus,Laki-laki,<17,Ya
8/6/2022,2022,08,Bekasi,1511,127,30,24,Cerah,Malam,Bus,Kelalaian Pengemudi,Jalan Nasional,Rusak,>60,Tikungan,Laki-laki,<17,Tidak
10/6/2025,2025,10,Palembang,4313,449,21,28,Cerah,Pagi,Truk,Kondisi Jalan,Jalan Kota,Rusak,>60,Lurus,Laki-laki,<17,Tidak
5/4/2023,2023,05,Makassar,3543,336,25,29,Cerah,Malam,Bus,Kecepatan Berlebih,Jalan Kota,Berlubang,40-60,Simpang 4,Laki-laki,<17,Tidak
7/2/2022,2022,07,Bekasi,3601,491,29,17,Hujan,Pagi,Bus,Kurang Jarak Aman,Jalan Provinsi,Rusak,40-60,Simpang T,Laki-laki,>50,Ya
6/14/2024,2024,06,Medan,4938,319,21,5,Hujan,Siang,Motor,Kelalaian Pengemudi,Jalan Provinsi,Rusak,40-60,Tikungan,Laki-laki,26-45,Ya
2/10/2022,2022,02,Palembang,1611,127,20,70,Cerah,Malam,Mobil,Kelalaian Pengemudi,Jalan Nasional,Berlubang,<40,Simpang T,Perempuan,26-45,Tidak
2/9/2025,2025,02,Palembang,3388,223,27,21,Cerah,Pagi,Motor,Pelanggaran Lalu Lintas,Jalan Kota,Berlubang,40-60,Tikungan,Laki-laki,>50,Ya
10/11/2023,2023,10,Jakarta Timur,1737,241,25,7,Hujan,Malam,Bus,Kondisi Jalan,Jalan Kota,Baik,>60,Lurus,Perempuan,<17,Tidak
1/16/2025,2025,01,Bandung,1419,490,29,49,Cerah,Siang,Mobil,Rem Blong,Jalan Nasional,Rusak,<40,Tikungan,Laki-laki,17-25,Tidak
9/27/2024,2024,09,Semarang,3198,139,29,22,Hujan,Pagi,Mobil,Kelalaian Pengemudi,Jalan Provinsi,Rusak,>60,Tikungan,Laki-laki,<17,Tidak
10/10/2022,2022,10,Medan,2018,496,30,5,Cerah,Malam,Truk,Pelanggaran Lalu Lintas,Jalan Nasional,Rusak,40-60,Simpang 4,Perempuan,26-45,Tidak
3/16/2023,2023,03,Semarang,3540,243,27,27,Hujan,Dini Hari,Bus,Kondisi Jalan,Jalan Nasional,Baik,>60,Simpang Y,Perempuan,<17,Tidak
3/8/2025,2025,03,Semarang,4177,244,30,30,Hujan,Malam,Mobil,Kecepatan Berlebih,Jalan Kota,Baik,<40,Simpang Y,Perempuan,26-45,Ya
6/5/2021,2021,06,Surabaya,3420,173,25,15,Cerah,Malam,Bus,Kurang Jarak Aman,Jalan Provinsi,Berlubang,40-60,Lurus,Perempuan,>50,Tidak
3/25/2022,2022,03,Jakarta Selatan,1762,423,21,34,Hujan,Pagi,Truk,Kurang Jarak Aman,Jalan Kota,Baik,40-60,Simpang 4,Perempuan,26-45,Tidak
11/9/2024,2024,11,Yogyakarta,1062,161,30,41,Cerah,Pagi,Bus,Kondisi Jalan,Jalan Provinsi,Baik,>60,Simpang Y,Perempuan,<17,Ya
7/3/2024,2024,07,Semarang,3803,276,20,28,Cerah,Siang,Bus,Kelalaian Pengemudi,Jalan Provinsi,Baik,>60,Simpang T,Laki-laki,<17,Tidak
1/16/2021,2021,01,Jakarta Timur,4437,112,28,10,Cerah,Dini Hari,Truk,Kurang Jarak Aman,Jalan Kota,Rusak,<40,Lurus,Laki-laki,>50,Ya
11/4/2024,2024,11,Medan,4476,178,30,32,Hujan,Dini Hari,Truk,Pelanggaran Lalu Lintas,Jalan Provinsi,Rusak,<40,Simpang Y,Laki-laki,17-25,Ya
9/21/2021,2021,09,Semarang,3657,186,27,9,Cerah,Siang,Truk,Kondisi Jalan,Jalan Nasional,Baik,<40,Simpang Y,Laki-laki,>50,Ya
1/31/2023,2023,01,Jakarta Selatan,4584,306,22,2,Hujan,Dini Hari,Mobil,Kecepatan Berlebih,Jalan Provinsi,Rusak,40-60,Simpang 4,Laki-laki,>50,Tidak
5/28/2024,2024,05,Semarang,1947,209,25,34,Hujan,Siang,Bus,Kelalaian Pengemudi,Jalan Kota,Berlubang,40-60,Tikungan,Laki-laki,26-45,Ya
9/19/2021,2021,09,Medan,3505,163,29,24,Hujan,Malam,Mobil,Rem Blong,Jalan Provinsi,Rusak,>60,Simpang 4,Laki-laki,<17,Tidak
10/25/2025,2025,10,Surabaya,2790,342,26,58,Hujan,Dini Hari,Motor,Kurang Jarak Aman,Jalan Nasional,Berlubang,40-60,Simpang 4,Perempuan,17-25,Tidak
12/10/2024,2024,12,Medan,4812,481,30,30,Hujan,Malam,Motor,Kecepatan Berlebih,Jalan Provinsi,Berlubang,>60,Simpang 4,Laki-laki,17-25,Tidak
5/27/2022,2022,05,Bandung,2888,407,26,11,Cerah,Siang,Motor,Kecepatan Berlebih,Jalan Nasional,Berlubang,>60,Simpang Y,Laki-laki,>50,Tidak
11/2/2021,2021,11,Jakarta Selatan,1056,402,23,13,Cerah,Siang,Bus,Kecepatan Berlebih,Jalan Provinsi,Berlubang,>60,Lurus,Laki-laki,<17,Tidak
12/23/2023,2023,12,Makassar,3550,197,29,41,Hujan,Dini Hari,Truk,Kecepatan Berlebih,Jalan Nasional,Rusak,>60,Simpang 4,Perempuan,26-45,Tidak
6/22/2024,2024,06,Makassar,4140,348,21,23,Cerah,Siang,Mobil,Pelanggaran Lalu Lintas,Jalan Provinsi,Berlubang,40-60,Simpang Y,Perempuan,26-45,Tidak
9/6/2022,2022,09,Surabaya,1458,221,29,55,Hujan,Pagi,Truk,Kecepatan Berlebih,Jalan Provinsi,Rusak,40-60,Tikungan,Perempuan,>50,Tidak
11/15/2022,2022,11,Surabaya,2918,271,20,40,Cerah,Siang,Bus,Kondisi Jalan,Jalan Provinsi,Rusak,40-60,Simpang Y,Perempuan,>50,Ya
12/12/2024,2024,12,Semarang,4082,233,24,30,Hujan,Dini Hari,Truk,Kecepatan Berlebih,Jalan Nasional,Baik,<40,Tikungan,Perempuan,<17,Tidak
5/2/2025,2025,05,Semarang,4568,287,27,5,Cerah,Pagi,Truk,Kurang Jarak Aman,Jalan Kota,Rusak,40-60,Simpang T,Perempuan,17-25,Tidak
9/23/2021,2021,09,Surabaya,4582,359,29,8,Hujan,Dini Hari,Bus,Kecepatan Berlebih,Jalan Provinsi,Berlubang,<40,Simpang Y,Perempuan,26-45,Tidak
9/19/2024,2024,09,Yogyakarta,4975,165,27,3,Hujan,Siang,Bus,Kondisi Jalan,Jalan Kota,Baik,40-60,Simpang T,Laki-laki,<17,Tidak
4/15/2025,2025,04,Medan,3768,189,21,38,Cerah,Siang,Motor,Pelanggaran Lalu Lintas,Jalan Nasional,Rusak,40-60,Lurus,Laki-laki,17-25,Ya
4/30/2022,2022,04,Bandung,3158,139,25,7,Hujan,Pagi,Motor,Kurang Jarak Aman,Jalan Nasional,Rusak,>60,Tikungan,Laki-laki,>50,Ya
9/19/2024,2024,09,Yogyakarta,3334,349,20,16,Hujan,Pagi,Mobil,Kelalaian Pengemudi,Jalan Kota,Berlubang,<40,Tikungan,Perempuan,26-45,Ya
6/19/2025,2025,06,Surabaya,4214,425,22,14,Hujan,Pagi,Motor,Kurang Jarak Aman,Jalan Nasional,Rusak,>60,Simpang Y,Perempuan,26-45,Tidak
5/10/2021,2021,05,Yogyakarta,4956,134,22,22,Hujan,Pagi,Bus,Kurang Jarak Aman,Jalan Kota,Berlubang,>60,Simpang 4,Laki-laki,26-45,Ya
6/18/2021,2021,06,Jakarta Selatan,4068,364,23,11,Cerah,Dini Hari,Motor,Kondisi Jalan,Jalan Kota,Berlubang,<40,Lurus,Laki-laki,>50,Ya
7/14/2023,2023,07,Jakarta Timur,1166,394,29,15,Hujan,Pagi,Bus,Rem Blong,Jalan Nasional,Rusak,<40,Simpang Y,Laki-laki,<17,Tidak
11/17/2023,2023,11,Yogyakarta,3118,279,24,11,Cerah,Dini Hari,Truk,Kondisi Jalan,Jalan Nasional,Berlubang,>60,Simpang Y,Perempuan,26-45,Tidak
1/30/2021,2021,01,Medan,4305,434,25,5,Hujan,Siang,Mobil,Rem Blong,Jalan Provinsi,Baik,>60,Simpang Y,Perempuan,<17,Tidak
11/21/2024,2024,11,Bandung,1163,381,26,19,Cerah,Siang,Bus,Kondisi Jalan,Jalan Kota,Rusak,40-60,Tikungan,Laki-laki,17-25,Tidak
7/10/2025,2025,07,Surabaya,1754,495,27,48,Cerah,Pagi,Truk,Kondisi Jalan,Jalan Nasional,Baik,<40,Simpang 4,Laki-laki,26-45,Ya
6/26/2024,2024,06,Semarang,1690,417,27,40,Cerah,Pagi,Motor,Rem Blong,Jalan Provinsi,Berlubang,<40,Simpang Y,Laki-laki,17-25,Ya
11/29/2025,2025,11,Bekasi,1086,354,25,31,Cerah,Dini Hari,Bus,Kurang Jarak Aman,Jalan Provinsi,Berlubang,40-60,Simpang 4,Laki-laki,26-45,Tidak
7/26/2022,2022,07,Bekasi,4064,132,29,52,Cerah,Malam,Motor,Kurang Jarak Aman,Jalan Nasional,Baik,<40,Tikungan,Laki-laki,26-45,Ya
9/6/2025,2025,09,Jakarta Timur,3246,143,24,20,Hujan,Malam,Truk,Kurang Jarak Aman,Jalan Nasional,Berlubang,<40,Lurus,Perempuan,17-25,Tidak
11/2/2021,2021,11,Makassar,3289,474,27,17,Hujan,Malam,Truk,Pelanggaran Lalu Lintas,Jalan Nasional,Berlubang,<40,Simpang T,Perempuan,<17,Tidak
7/15/2025,2025,07,Surabaya,4153,332,20,34,Hujan,Siang,Truk,Pelanggaran Lalu Lintas,Jalan Provinsi,Berlubang,>60,Simpang Y,Perempuan,>50,Ya
11/25/2023,2023,11,Makassar,2331,366,23,26,Cerah,Malam,Motor,Kecepatan Berlebih,Jalan Provinsi,Rusak,>60,Simpang Y,Laki-laki,26-45,Ya
1/30/2022,2022,01,Bekasi,2435,329,21,39,Cerah,Malam,Mobil,Kelalaian Pengemudi,Jalan Provinsi,Baik,<40,Lurus,Perempuan,<17,Ya
11/18/2021,2021,11,Makassar,3739,350,28,17,Hujan,Malam,Truk,Pelanggaran Lalu Lintas,Jalan Nasional,Berlubang,<40,Tikungan,Laki-laki,>50,Tidak
7/30/2024,2024,07,Bekasi,1536,155,22,19,Cerah,Dini Hari,Truk,Kelalaian Pengemudi,Jalan Provinsi,Berlubang,<40,Simpang Y,Perempuan,17-25,Tidak
8/31/2025,2025,08,Semarang,2268,185,30,21,Cerah,Malam,Truk,Kelalaian Pengemudi,Jalan Nasional,Berlubang,>60,Simpang T,Laki-laki,>50,Ya
8/5/2025,2025,08,Jakarta Timur,3919,180,28,8,Cerah,Pagi,Truk,Kondisi Jalan,Jalan Kota,Baik,>60,Simpang 4,Perempuan,26-45,Ya
9/21/2024,2024,09,Bekasi,2641,433,30,39,Cerah,Dini Hari,Truk,Pelanggaran Lalu Lintas,Jalan Kota,Berlubang,>60,Tikungan,Laki-laki,17-25,Ya
9/5/2023,2023,09,Semarang,3121,416,20,12,Hujan,Dini Hari,Bus,Kelalaian Pengemudi,Jalan Nasional,Rusak,<40,Simpang Y,Laki-laki,>50,Tidak
10/3/2023,2023,10,Jakarta Timur,2880,413,26,30,Cerah,Siang,Mobil,Kondisi Jalan,Jalan Nasional,Rusak,<40,Simpang T,Laki-laki,26-45,Tidak
12/25/2024,2024,12,Bekasi,4912,319,28,19,Hujan,Dini Hari,Mobil,Kurang Jarak Aman,Jalan Provinsi,Berlubang,40-60,Simpang Y,Perempuan,26-45,Ya
2/24/2025,2025,02,Bandung,1964,158,24,11,Hujan,Dini Hari,Truk,Kecepatan Berlebih,Jalan Kota,Baik,40-60,Simpang 4,Laki-laki,<17,Tidak
5/31/2023,2023,05,Surabaya,4734,219,24,53,Cerah,Dini Hari,Truk,Kelalaian Pengemudi,Jalan Nasional,Berlubang,40-60,Simpang Y,Laki-laki,<17,Ya
12/1/2023,2023,12,Bandung,1504,286,28,7,Hujan,Dini Hari,Motor,Kelalaian Pengemudi,Jalan Kota,Rusak,>60,Simpang T,Laki-laki,>50,Ya
5/9/2025,2025,05,Bekasi,2814,123,26,44,Hujan,Pagi,Truk,Kondisi Jalan,Jalan Provinsi,Berlubang,<40,Simpang T,Laki-laki,>50,Tidak
9/18/2025,2025,09,Surabaya,2634,252,26,12,Hujan,Siang,Mobil,Kecepatan Berlebih,Jalan Nasional,Berlubang,40-60,Simpang Y,Laki-laki,17-25,Ya
9/23/2022,2022,09,Makassar,1099,423,29,28,Hujan,Malam,Truk,Kelalaian Pengemudi,Jalan Provinsi,Baik,40-60,Simpang 4,Laki-laki,>50,Ya
11/5/2021,2021,11,Bandung,2825,201,26,59,Hujan,Dini Hari,Mobil,Kecepatan Berlebih,Jalan Nasional,Rusak,<40,Simpang 4,Laki-laki,>50,Ya
11/8/2025,2025,11,Jakarta Selatan,2193,317,26,33,Hujan,Dini Hari,Mobil,Kurang Jarak Aman,Jalan Provinsi,Rusak,40-60,Simpang Y,Perempuan,17-25,Tidak
11/7/2023,2023,11,Makassar,3856,196,26,3,Cerah,Dini Hari,Motor,Rem Blong,Jalan Provinsi,Berlubang,<40,Lurus,Laki-laki,>50,Tidak
7/12/2022,2022,07,Bekasi,1270,429,23,6,Cerah,Pagi,Motor,Kondisi Jalan,Jalan Kota,Baik,>60,Simpang 4,Perempuan,<17,Ya
1/16/2022,2022,01,Jakarta Selatan,3843,162,26,9,Cerah,Siang,Bus,Kelalaian Pengemudi,Jalan Nasional,Rusak,>60,Simpang T,Perempuan,17-25,Tidak
5/9/2021,2021,05,Medan,4614,177,28,25,Hujan,Pagi,Truk,Kelalaian Pengemudi,Jalan Provinsi,Rusak,<40,Lurus,Perempuan,<17,Tidak
11/18/2025,2025,11,Palembang,4309,128,20,31,Cerah,Malam,Truk,Kondisi Jalan,Jalan Kota,Rusak,>60,Simpang Y,Perempuan,>50,Ya
12/29/2022,2022,12,Bekasi,2881,276,25,67,Hujan,Pagi,Motor,Rem Blong,Jalan Provinsi,Baik,<40,Simpang Y,Laki-laki,>50,Ya
5/28/2022,2022,05,Yogyakarta,1758,434,27,54,Hujan,Dini Hari,Mobil,Pelanggaran Lalu Lintas,Jalan Nasional,Berlubang,>60,Simpang 4,Laki-laki,<17,Ya
9/25/2022,2022,09,Surabaya,1255,174,24,16,Cerah,Malam,Mobil,Kondisi Jalan,Jalan Kota,Baik,40-60,Lurus,Perempuan,<17,Tidak
5/23/2023,2023,05,Jakarta Selatan,2735,468,22,51,Cerah,Pagi,Truk,Pelanggaran Lalu Lintas,Jalan Nasional,Rusak,<40,Simpang Y,Laki-laki,>50,Tidak
9/30/2023,2023,09,Jakarta Selatan,3389,256,29,24,Hujan,Malam,Truk,Kurang Jarak Aman,Jalan Kota,Baik,<40,Simpang 4,Perempuan,>50,Tidak
6/19/2023,2023,06,Bandung,4014,313,27,30,Cerah,Malam,Mobil,Kondisi Jalan,Jalan Provinsi,Baik,<40,Lurus,Laki-laki,>50,Tidak
5/16/2021,2021,05,Bekasi,3807,299,21,3,Hujan,Pagi,Mobil,Kelalaian Pengemudi,Jalan Provinsi,Berlubang,>60,Simpang Y,Perempuan,26-45,Tidak
5/24/2023,2023,05,Yogyakarta,1869,189,23,6,Cerah,Siang,Mobil,Rem Blong,Jalan Nasional,Baik,<40,Simpang T,Perempuan,<17,Ya
4/17/2024,2024,04,Makassar,4053,294,28,20,Cerah,Pagi,Truk,Kecepatan Berlebih,Jalan Kota,Berlubang,<40,Simpang 4,Laki-laki,17-25,Tidak
9/22/2024,2024,09,Jakarta Timur,2717,340,30,25,Cerah,Malam,Bus,Kondisi Jalan,Jalan Nasional,Baik,40-60,Lurus,Laki-laki,26-45,Tidak
6/18/2024,2024,06,Jakarta Timur,4456,117,27,51,Hujan,Siang,Mobil,Rem Blong,Jalan Provinsi,Berlubang,40-60,Lurus,Laki-laki,17-25,Tidak
12/10/2023,2023,12,Surabaya,2528,190,25,28,Hujan,Pagi,Mobil,Kelalaian Pengemudi,Jalan Nasional,Berlubang,<40,Simpang Y,Perempuan,<17,Tidak
5/11/2022,2022,05,Medan,3180,224,25,6,Cerah,Pagi,Bus,Kurang Jarak Aman,Jalan Provinsi,Baik,<40,Tikungan,Laki-laki,17-25,Tidak
9/8/2025,2025,09,Jakarta Selatan,3749,456,24,27,Hujan,Dini Hari,Bus,Rem Blong,Jalan Nasional,Rusak,40-60,Simpang 4,Perempuan,26-45,Tidak
2/28/2025,2025,02,Bandung,2471,344,29,20,Hujan,Malam,Motor,Kelalaian Pengemudi,Jalan Nasional,Baik,>60,Simpang T,Laki-laki,17-25,Ya
4/23/2021,2021,04,Makassar,3397,343,25,7,Hujan,Dini Hari,Motor,Kecepatan Berlebih,Jalan Nasional,Rusak,40-60,Lurus,Laki-laki,17-25,Tidak
3/28/2025,2025,03,Bekasi,2749,345,25,22,Hujan,Dini Hari,Mobil,Kecepatan Berlebih,Jalan Provinsi,Berlubang,40-60,Tikungan,Perempuan,26-45,Ya
5/9/2021,2021,05,Medan,4239,377,26,35,Hujan,Malam,Bus,Pelanggaran Lalu Lintas,Jalan Provinsi,Rusak,40-60,Lurus,Laki-laki,17-25,Ya
2/15/2023,2023,02,Semarang,4246,246,27,50,Cerah,Dini Hari,Mobil,Pelanggaran Lalu Lintas,Jalan Kota,Baik,>60,Tikungan,Perempuan,26-45,Tidak
3/15/2023,2023,03,Medan,1246,372,28,57,Hujan,Siang,Truk,Kecepatan Berlebih,Jalan Provinsi,Baik,>60,Simpang Y,Laki-laki,17-25,Tidak
12/15/2021,2021,12,Semarang,3733,376,21,32,Cerah,Siang,Mobil,Pelanggaran Lalu Lintas,Jalan Nasional,Baik,40-60,Simpang T,Perempuan,<17,Ya
6/10/2024,2024,06,Surabaya,4258,156,24,31,Hujan,Siang,Motor,Pelanggaran Lalu Lintas,Jalan Provinsi,Baik,<40,Tikungan,Perempuan,17-25,Ya
3/8/2023,2023,03,Jakarta Selatan,3618,373,30,19,Cerah,Malam,Bus,Kurang Jarak Aman,Jalan Kota,Berlubang,<40,Tikungan,Perempuan,17-25,Tidak
4/23/2023,2023,04,Jakarta Selatan,2880,284,24,20,Hujan,Dini Hari,Mobil,Kelalaian Pengemudi,Jalan Kota,Rusak,40-60,Lurus,Perempuan,17-25,Ya
7/3/2025,2025,07,Medan,1821,483,20,17,Cerah,Pagi,Truk,Kecepatan Berlebih,Jalan Nasional,Rusak,<40,Simpang Y,Perempuan,>50,Ya
2/11/2023,2023,02,Surabaya,3584,302,26,10,Cerah,Pagi,Bus,Kondisi Jalan,Jalan Nasional,Berlubang,<40,Lurus,Perempuan,17-25,Tidak
11/11/2023,2023,11,Medan,3883,289,25,10,Hujan,Pagi,Mobil,Rem Blong,Jalan Provinsi,Berlubang,>60,Simpang Y,Laki-laki,>50,Tidak
10/26/2024,2024,10,Palembang,2930,346,21,15,Hujan,Dini Hari,Bus,Rem Blong,Jalan Nasional,Baik,<40,Tikungan,Laki-laki,<17,Tidak
3/20/2025,2025,03,Palembang,4410,410,23,20,Cerah,Malam,Mobil,Pelanggaran Lalu Lintas,Jalan Kota,Baik,>60,Simpang 4,Laki-laki,17-25,Tidak
11/26/2022,2022,11,Yogyakarta,3880,244,24,28,Cerah,Pagi,Mobil,Pelanggaran Lalu Lintas,Jalan Nasional,Berlubang,<40,Simpang 4,Laki-laki,<17,Ya
6/10/2022,2022,06,Medan,1440,344,27,14,Hujan,Malam,Bus,Rem Blong,Jalan Provinsi,Berlubang,<40,Tikungan,Laki-laki,<17,Tidak
9/8/2022,2022,09,Makassar,4267,222,23,28,Hujan,Siang,Mobil,Kecepatan Berlebih,Jalan Kota,Berlubang,<40,Lurus,Perempuan,26-45,Tidak
11/10/2021,2021,11,Surabaya,2671,102,28,28,Cerah,Malam,Bus,Kecepatan Berlebih,Jalan Nasional,Baik,40-60,Tikungan,Laki-laki,17-25,Ya
9/28/2021,2021,09,Semarang,2486,312,27,9,Cerah,Siang,Truk,Kondisi Jalan,Jalan Nasional,Baik,>60,Simpang Y,Perempuan,26-45,Tidak
10/13/2023,2023,10,Bandung,3911,425,28,13,Hujan,Siang,Truk,Kurang Jarak Aman,Jalan Provinsi,Berlubang,<40,Simpang Y,Laki-laki,<17,Tidak
6/3/2022,2022,06,Medan,2566,482,29,13,Cerah,Malam,Mobil,Pelanggaran Lalu Lintas,Jalan Nasional,Baik,>60,Simpang 4,Perempuan,>50,Tidak
5/7/2024,2024,05,Surabaya,3103,215,26,10,Hujan,Pagi,Motor,Kurang Jarak Aman,Jalan Provinsi,Rusak,>60,Lurus,Laki-laki,>50,Ya
11/23/2022,2022,11,Semarang,1698,282,20,7,Cerah,Siang,Bus,Rem Blong,Jalan Nasional,Baik,>60,Simpang T,Laki-laki,26-45,Ya
4/27/2021,2021,04,Bekasi,3478,454,22,16,Cerah,Malam,Bus,Rem Blong,Jalan Kota,Berlubang,40-60,Simpang Y,Laki-laki,17-25,Ya
3/20/2023,2023,03,Bekasi,2185,454,20,23,Hujan,Dini Hari,Mobil,Kurang Jarak Aman,Jalan Kota,Rusak,<40,Simpang 4,Perempuan,26-45,Ya
6/3/2022,2022,06,Yogyakarta,2912,175,30,37,Hujan,Siang,Mobil,Kondisi Jalan,Jalan Provinsi,Rusak,>60,Simpang Y,Perempuan,<17,Tidak
7/25/2023,2023,07,Makassar,2038,216,23,10,Hujan,Pagi,Bus,Kelalaian Pengemudi,Jalan Provinsi,Berlubang,>60,Tikungan,Laki-laki,>50,Ya
8/10/2023,2023,08,Bandung,1620,287,24,50,Cerah,Malam,Truk,Rem Blong,Jalan Nasional,Berlubang,40-60,Simpang Y,Perempuan,>50,Tidak
12/25/2024,2024,12,Bekasi,3410,310,21,6,Cerah,Malam,Bus,Pelanggaran Lalu Lintas,Jalan Kota,Rusak,40-60,Tikungan,Perempuan,17-25,Ya
1/4/2021,2021,01,Medan,3717,393,23,11,Hujan,Dini Hari,Truk,Pelanggaran Lalu Lintas,Jalan Kota,Rusak,>60,Simpang T,Perempuan,<17,Tidak
8/26/2024,2024,08,Bandung,4027,282,20,48,Cerah,Dini Hari,Bus,Kelalaian Pengemudi,Jalan Nasional,Berlubang,>60,Lurus,Perempuan,26-45,Ya
6/16/2022,2022,06,Jakarta Selatan,1045,493,25,32,Hujan,Dini Hari,Motor,Rem Blong,Jalan Kota,Berlubang,>60,Simpang Y,Laki-laki,26-45,Ya
6/6/2021,2021,06,Makassar,2305,198,30,60,Hujan,Malam,Motor,Kelalaian Pengemudi,Jalan Nasional,Baik,>60,Simpang Y,Perempuan,26-45,Ya
1/12/2023,2023,01,Bekasi,4733,476,20,2,Hujan,Malam,Mobil,Kurang Jarak Aman,Jalan Nasional,Rusak,>60,Simpang Y,Laki-laki,<17,Tidak
8/2/2022,2022,08,Makassar,2097,411,22,32,Hujan,Malam,Motor,Rem Blong,Jalan Provinsi,Baik,<40,Simpang Y,Laki-laki,26-45,Tidak
7/14/2025,2025,07,Makassar,3559,100,20,19,Cerah,Siang,Bus,Rem Blong,Jalan Kota,Berlubang,>60,Simpang 4,Perempuan,26-45,Tidak
7/10/2024,2024,07,Medan,3039,365,29,48,Hujan,Dini Hari,Motor,Kondisi Jalan,Jalan Kota,Baik,<40,Lurus,Perempuan,17-25,Ya
12/15/2025,2025,12,Jakarta Selatan,2544,144,30,12,Cerah,Dini Hari,Truk,Pelanggaran Lalu Lintas,Jalan Nasional,Rusak,<40,Tikungan,Laki-laki,>50,Tidak
5/2/2022,2022,05,Jakarta Timur,3625,244,23,20,Cerah,Dini Hari,Bus,Pelanggaran Lalu Lintas,Jalan Kota,Rusak,<40,Simpang T,Perempuan,17-25,Tidak
7/13/2024,2024,07,Yogyakarta,3580,336,22,17,Hujan,Dini Hari,Motor,Pelanggaran Lalu Lintas,Jalan Kota,Rusak,>60,Lurus,Perempuan,<17,Tidak
5/25/2025,2025,05,Medan,2624,420,27,28,Cerah,Siang,Truk,Kelalaian Pengemudi,Jalan Nasional,Berlubang,>60,Simpang 4,Perempuan,<17,Ya
1/30/2025,2025,01,Yogyakarta,3231,479,23,38,Cerah,Dini Hari,Mobil,Kondisi Jalan,Jalan Nasional,Berlubang,40-60,Simpang Y,Laki-laki,>50,Tidak
7/9/2023,2023,07,Yogyakarta,2056,197,21,14,Cerah,Malam,Bus,Kecepatan Berlebih,Jalan Nasional,Berlubang,>60,Tikungan,Laki-laki,17-25,Ya
6/15/2025,2025,06,Bandung,2297,478,22,42,Cerah,Dini Hari,Mobil,Kondisi Jalan,Jalan Kota,Rusak,>60,Lurus,Perempuan,26-45,Tidak
5/19/2022,2022,05,Medan,2642,360,26,42,Hujan,Pagi,Bus,Kurang Jarak Aman,Jalan Provinsi,Rusak,<40,Simpang 4,Perempuan,26-45,Tidak
6/6/2021,2021,06,Jakarta Timur,4634,304,26,16,Cerah,Dini Hari,Motor,Pelanggaran Lalu Lintas,Jalan Nasional,Rusak,<40,Simpang 4,Laki-laki,26-45,Ya
1/26/2022,2022,01,Makassar,2032,288,22,26,Cerah,Pagi,Bus,Kecepatan Berlebih,Jalan Kota,Rusak,40-60,Lurus,Laki-laki,>50,Ya
6/16/2025,2025,06,Medan,1420,284,26,23,Cerah,Siang,Mobil,Kecepatan Berlebih,Jalan Nasional,Baik,<40,Simpang 4,Laki-laki,26-45,Ya
7/10/2024,2024,07,Yogyakarta,1291,496,25,29,Hujan,Dini Hari,Truk,Kecepatan Berlebih,Jalan Provinsi,Baik,>60,Simpang Y,Laki-laki,<17,Tidak
12/31/2023,2023,12,Yogyakarta,4030,469,30,12,Cerah,Pagi,Truk,Rem Blong,Jalan Nasional,Rusak,>60,Tikungan,Perempuan,<17,Ya
8/31/2022,2022,08,Medan,2704,137,26,14,Cerah,Pagi,Motor,Kelalaian Pengemudi,Jalan Provinsi,Rusak,>60,Simpang 4,Perempuan,>50,Tidak
9/17/2021,2021,09,Yogyakarta,2936,218,21,17,Cerah,Malam,Truk,Kondisi Jalan,Jalan Provinsi,Rusak,<40,Lurus,Laki-laki,>50,Tidak
5/30/2022,2022,05,Palembang,2630,200,28,23,Cerah,Pagi,Motor,Pelanggaran Lalu Lintas,Jalan Provinsi,Rusak,40-60,Simpang T,Perempuan,<17,Tidak
7/13/2024,2024,07,Jakarta Timur,3272,255,25,17,Hujan,Pagi,Bus,Kondisi Jalan,Jalan Nasional,Baik,>60,Lurus,Laki-laki,<17,Tidak
3/9/2021,2021,03,Yogyakarta,3681,377,30,14,Hujan,Pagi,Mobil,Kelalaian Pengemudi,Jalan Provinsi,Rusak,>60,Lurus,Laki-laki,>50,Ya
8/7/2022,2022,08,Surabaya,4076,388,25,42,Hujan,Malam,Motor,Rem Blong,Jalan Provinsi,Berlubang,40-60,Simpang T,Laki-laki,17-25,Tidak
12/24/2023,2023,12,Medan,1919,336,30,9,Cerah,Pagi,Motor,Kecepatan Berlebih,Jalan Nasional,Rusak,>60,Simpang T,Laki-laki,17-25,Ya
10/21/2024,2024,10,Medan,3870,250,26,11,Hujan,Malam,Truk,Kelalaian Pengemudi,Jalan Nasional,Rusak,<40,Simpang 4,Perempuan,17-25,Ya
6/20/2024,2024,06,Bandung,1299,143,20,27,Cerah,Dini Hari,Truk,Pelanggaran Lalu Lintas,Jalan Kota,Baik,40-60,Lurus,Perempuan,>50,Ya
7/26/2023,2023,07,Medan,1250,229,24,19,Hujan,Dini Hari,Truk,Kelalaian Pengemudi,Jalan Provinsi,Berlubang,>60,Simpang 4,Laki-laki,>50,Tidak
3/15/2021,2021,03,Jakarta Selatan,4335,463,25,41,Cerah,Dini Hari,Mobil,Kelalaian Pengemudi,Jalan Nasional,Baik,<40,Simpang Y,Perempuan,17-25,Ya
2/28/2024,2024,02,Semarang,3192,306,29,36,Hujan,Dini Hari,Truk,Kondisi Jalan,Jalan Kota,Berlubang,40-60,Simpang T,Laki-laki,17-25,Ya
6/2/2022,2022,06,Surabaya,1210,334,20,47,Hujan,Dini Hari,Bus,Rem Blong,Jalan Nasional,Berlubang,<40,Simpang T,Perempuan,<17,Ya
4/9/2022,2022,04,Bekasi,3235,333,20,4,Hujan,Siang,Motor,Pelanggaran Lalu Lintas,Jalan Provinsi,Rusak,<40,Simpang Y,Perempuan,<17,Tidak
12/9/2021,2021,12,Surabaya,2857,165,30,26,Cerah,Pagi,Motor,Rem Blong,Jalan Provinsi,Rusak,<40,Simpang Y,Laki-laki,>50,Ya
6/23/2024,2024,06,Jakarta Selatan,3340,445,20,53,Hujan,Dini Hari,Motor,Pelanggaran Lalu Lintas,Jalan Provinsi,Baik,>60,Tikungan,Laki-laki,<17,Tidak
6/21/2023,2023,06,Bekasi,1734,254,27,17,Hujan,Dini Hari,Bus,Pelanggaran Lalu Lintas,Jalan Nasional,Rusak,40-60,Simpang T,Perempuan,>50,Tidak
11/2/2024,2024,11,Palembang,1517,201,22,23,Hujan,Malam,Mobil,Kecepatan Berlebih,Jalan Nasional,Rusak,40-60,Simpang 4,Laki-laki,26-45,Tidak
8/12/2021,2021,08,Makassar,4191,169,23,7,Hujan,Pagi,Mobil,Kecepatan Berlebih,Jalan Kota,Baik,<40,Simpang T,Laki-laki,<17,Tidak
12/7/2023,2023,12,Semarang,3195,158,21,9,Hujan,Pagi,Motor,Kecepatan Berlebih,Jalan Nasional,Rusak,<40,Lurus,Perempuan,17-25,Ya
10/8/2023,2023,10,Yogyakarta,2663,359,28,21,Hujan,Dini Hari,Bus,Kurang Jarak Aman,Jalan Nasional,Rusak,40-60,Simpang T,Laki-laki,<17,Ya
10/12/2023,2023,10,Surabaya,3081,276,26,55,Cerah,Malam,Truk,Kurang Jarak Aman,Jalan Kota,Rusak,>60,Tikungan,Laki-laki,>50,Tidak
5/21/2024,2024,05,Bandung,1312,137,28,53,Cerah,Malam,Mobil,Rem Blong,Jalan Provinsi,Rusak,<40,Simpang T,Perempuan,<17,Tidak
12/2/2025,2025,12,Bekasi,1269,426,22,12,Hujan,Siang,Truk,Rem Blong,Jalan Provinsi,Rusak,>60,Lurus,Laki-laki,26-45,Tidak
10/31/2021,2021,10,Semarang,4295,294,28,17,Cerah,Malam,Mobil,Rem Blong,Jalan Provinsi,Berlubang,>60,Lurus,Perempuan,<17,Tidak
6/23/2024,2024,06,Medan,3797,206,27,5,Hujan,Siang,Motor,Kelalaian Pengemudi,Jalan Provinsi,Rusak,<40,Simpang Y,Laki-laki,17-25,Tidak
1/10/2023,2023,01,Bekasi,3329,350,21,11,Cerah,Dini Hari,Truk,Pelanggaran Lalu Lintas,Jalan Kota,Rusak,>60,Lurus,Laki-laki,<17,Tidak
6/16/2022,2022,06,Jakarta Timur,3919,440,27,11,Cerah,Pagi,Mobil,Kondisi Jalan,Jalan Kota,Baik,40-60,Tikungan,Laki-laki,<17,Ya
1/31/2024,2024,01,Palembang,2068,377,20,34,Cerah,Malam,Bus,Rem Blong,Jalan Provinsi,Baik,40-60,Tikungan,Laki-laki,<17,Tidak
9/13/2021,2021,09,Bandung,1919,210,30,29,Hujan,Dini Hari,Mobil,Kondisi Jalan,Jalan Provinsi,Baik,>60,Tikungan,Laki-laki,<17,Ya
10/31/2021,2021,10,Palembang,1253,487,20,3,Hujan,Siang,Bus,Kondisi Jalan,Jalan Kota,Berlubang,>60,Simpang 4,Laki-laki,>50,Tidak
8/19/2021,2021,08,Jakarta Selatan,2390,326,24,1,Hujan,Siang,Mobil,Kondisi Jalan,Jalan Provinsi,Baik,40-60,Tikungan,Laki-laki,<17,Ya
9/17/2023,2023,09,Yogyakarta,3079,208,26,39,Cerah,Siang,Mobil,Kondisi Jalan,Jalan Nasional,Berlubang,>60,Simpang T,Perempuan,<17,Tidak
4/16/2022,2022,04,Bandung,4632,317,22,14,Hujan,Pagi,Bus,Rem Blong,Jalan Kota,Baik,40-60,Simpang T,Perempuan,17-25,Tidak
12/28/2025,2025,12,Medan,3540,197,28,35,Cerah,Siang,Motor,Kelalaian Pengemudi,Jalan Nasional,Berlubang,40-60,Tikungan,Perempuan,<17,Ya
6/3/2024,2024,06,Bekasi,2517,124,29,9,Hujan,Malam,Truk,Kelalaian Pengemudi,Jalan Kota,Rusak,>60,Simpang 4,Laki-laki,>50,Tidak
9/16/2022,2022,09,Yogyakarta,2819,334,23,2,Cerah,Malam,Bus,Pelanggaran Lalu Lintas,Jalan Kota,Baik,40-60,Simpang Y,Perempuan,26-45,Tidak
12/7/2021,2021,12,Semarang,3495,320,24,32,Cerah,Siang,Mobil,Pelanggaran Lalu Lintas,Jalan Nasional,Baik,40-60,Simpang Y,Perempuan,17-25,Ya
6/24/2024,2024,06,Semarang,3310,143,21,2,Hujan,Malam,Motor,Kecepatan Berlebih,Jalan Provinsi,Rusak,40-60,Simpang T,Perempuan,17-25,Ya
10/17/2024,2024,10,Jakarta Selatan,2588,395,22,42,Cerah,Siang,Bus,Kelalaian Pengemudi,Jalan Provinsi,Berlubang,40-60,Tikungan,Perempuan,<17,Tidak
3/18/2023,2023,03,Palembang,1042,149,28,31,Cerah,Siang,Truk,Kondisi Jalan,Jalan Nasional,Baik,>60,Simpang Y,Perempuan,17-25,Ya
2/26/2023,2023,02,Bandung,1608,196,24,15,Hujan,Pagi,Motor,Kecepatan Berlebih,Jalan Kota,Berlubang,<40,Simpang 4,Laki-laki,17-25,Ya
6/1/2025,2025,06,Medan,2135,103,23,35,Hujan,Malam,Motor,Kondisi Jalan,Jalan Provinsi,Rusak,40-60,Tikungan,Perempuan,>50,Tidak
12/26/2024,2024,12,Yogyakarta,3696,308,25,22,Hujan,Pagi,Bus,Pelanggaran Lalu Lintas,Jalan Kota,Rusak,40-60,Simpang Y,Laki-laki,26-45,Ya
12/19/2024,2024,12,Surabaya,2582,305,22,34,Cerah,Pagi,Bus,Rem Blong,Jalan Provinsi,Rusak,>60,Lurus,Perempuan,>50,Tidak
3/22/2021,2021,03,Bekasi,2352,124,29,22,Cerah,Pagi,Bus,Kecepatan Berlebih,Jalan Provinsi,Rusak,>60,Lurus,Perempuan,>50,Ya
1/4/2025,2025,01,Semarang,4771,395,21,18,Hujan,Pagi,Bus,Pelanggaran Lalu Lintas,Jalan Kota,Berlubang,>60,Simpang T,Perempuan,>50,Ya
10/22/2021,2021,10,Jakarta Selatan,2260,107,24,7,Cerah,Dini Hari,Bus,Rem Blong,Jalan Nasional,Rusak,<40,Simpang T,Perempuan,>50,Ya
4/11/2022,2022,04,Jakarta Timur,4224,145,21,9,Cerah,Dini Hari,Bus,Rem Blong,Jalan Nasional,Berlubang,40-60,Tikungan,Perempuan,26-45,Tidak
3/24/2025,2025,03,Surabaya,2548,142,30,11,Hujan,Dini Hari,Motor,Kecepatan Berlebih,Jalan Nasional,Baik,40-60,Lurus,Laki-laki,17-25,Ya
7/31/2023,2023,07,Medan,4843,388,27,28,Hujan,Pagi,Motor,Kondisi Jalan,Jalan Kota,Baik,<40,Lurus,Perempuan,17-25,Ya
5/2/2023,2023,05,Medan,4617,134,24,24,Hujan,Siang,Mobil,Kelalaian Pengemudi,Jalan Kota,Berlubang,>60,Simpang T,Laki-laki,26-45,Ya
2/18/2024,2024,02,Surabaya,2182,230,29,43,Hujan,Dini Hari,Mobil,Kecepatan Berlebih,Jalan Nasional,Berlubang,>60,Simpang Y,Perempuan,<17,Tidak
5/31/2023,2023,05,Jakarta Selatan,4195,463,21,56,Hujan,Pagi,Truk,Rem Blong,Jalan Kota,Rusak,40-60,Simpang Y,Laki-laki,<17,Ya
11/25/2021,2021,11,Yogyakarta,3092,342,28,12,Cerah,Malam,Truk,Kecepatan Berlebih,Jalan Provinsi,Berlubang,<40,Simpang 4,Laki-laki,>50,Ya
11/13/2023,2023,11,Palembang,3047,186,29,25,Cerah,Siang,Motor,Kondisi Jalan,Jalan Provinsi,Berlubang,>60,Simpang T,Perempuan,26-45,Tidak
6/2/2021,2021,06,Jakarta Selatan,4948,133,20,13,Cerah,Siang,Mobil,Kurang Jarak Aman,Jalan Provinsi,Rusak,40-60,Simpang T,Perempuan,<17,Tidak
8/8/2021,2021,08,Semarang,4102,264,26,54,Hujan,Malam,Truk,Kelalaian Pengemudi,Jalan Provinsi,Rusak,40-60,Lurus,Laki-laki,26-45,Tidak
6/25/2025,2025,06,Jakarta Selatan,3358,165,30,6,Hujan,Pagi,Bus,Rem Blong,Jalan Kota,Berlubang,>60,Simpang Y,Laki-laki,<17,Ya
5/7/2021,2021,05,Medan,2514,380,20,8,Hujan,Malam,Motor,Kelalaian Pengemudi,Jalan Nasional,Baik,<40,Lurus,Laki-laki,17-25,Tidak
3/9/2021,2021,03,Yogyakarta,2271,226,26,12,Cerah,Siang,Bus,Pelanggaran Lalu Lintas,Jalan Provinsi,Rusak,40-60,Simpang T,Perempuan,>50,Ya
1/26/2025,2025,01,Semarang,1457,125,27,8,Hujan,Dini Hari,Bus,Kecepatan Berlebih,Jalan Provinsi,Baik,<40,Tikungan,Perempuan,17-25,Tidak
8/9/2023,2023,08,Makassar,2812,330,25,4,Hujan,Siang,Mobil,Kelalaian Pengemudi,Jalan Nasional,Rusak,40-60,Simpang 4,Perempuan,26-45,Tidak
12/7/2021,2021,12,Palembang,1884,302,28,27,Hujan,Siang,Mobil,Kelalaian Pengemudi,Jalan Nasional,Baik,>60,Lurus,Perempuan,<17,Tidak
12/17/2023,2023,12,Makassar,4690,121,27,41,Hujan,Dini Hari,Truk,Kecepatan Berlebih,Jalan Nasional,Rusak,40-60,Simpang 4,Perempuan,26-45,Ya
2/19/2021,2021,02,Bekasi,1480,112,28,33,Cerah,Pagi,Mobil,Rem Blong,Jalan Provinsi,Baik,40-60,Tikungan,Laki-laki,<17,Ya
7/21/2025,2025,07,Palembang,2193,139,27,16,Cerah,Siang,Truk,Pelanggaran Lalu Lintas,Jalan Kota,Berlubang,40-60,Simpang 4,Perempuan,17-25,Ya
6/14/2025,2025,06,Palembang,2104,322,24,24,Cerah,Pagi,Truk,Pelanggaran Lalu Lintas,Jalan Kota,Berlubang,>60,Simpang 4,Laki-laki,26-45,Ya
3/17/2023,2023,03,Semarang,2949,212,21,42,Hujan,Malam,Motor,Pelanggaran Lalu Lintas,Jalan Kota,Baik,40-60,Simpang 4,Perempuan,17-25,Ya
12/5/2022,2022,12,Yogyakarta,1307,244,24,22,Cerah,Dini Hari,Bus,Kurang Jarak Aman,Jalan Kota,Baik,>60,Lurus,Perempuan,17-25,Tidak
7/2/2024,2024,07,Medan,1353,292,29,49,Cerah,Siang,Bus,Rem Blong,Jalan Nasional,Rusak,40-60,Tikungan,Perempuan,<17,Ya
6/27/2022,2022,06,Yogyakarta,4869,338,28,19,Cerah,Dini Hari,Motor,Kurang Jarak Aman,Jalan Kota,Rusak,>60,Simpang Y,Laki-laki,17-25,Tidak
5/12/2024,2024,05,Medan,3858,420,24,1,Cerah,Malam,Truk,Kelalaian Pengemudi,Jalan Provinsi,Berlubang,>60,Simpang Y,Laki-laki,26-45,Ya
10/31/2025,2025,10,Bekasi,2835,208,23,3,Cerah,Dini Hari,Truk,Pelanggaran Lalu Lintas,Jalan Provinsi,Rusak,<40,Lurus,Perempuan,>50,Ya
10/12/2025,2025,10,Surabaya,3364,301,24,15,Hujan,Siang,Motor,Kecepatan Berlebih,Jalan Kota,Rusak,40-60,Simpang Y,Laki-laki,>50,Tidak
4/22/2025,2025,04,Semarang,3827,184,28,11,Cerah,Dini Hari,Mobil,Pelanggaran Lalu Lintas,Jalan Kota,Baik,>60,Simpang T,Laki-laki,17-25,Tidak
7/22/2023,2023,07,Surabaya,4975,211,22,6,Hujan,Siang,Truk,Kurang Jarak Aman,Jalan Kota,Baik,<40,Simpang 4,Perempuan,26-45,Tidak
2/8/2023,2023,02,Yogyakarta,1722,256,30,46,Cerah,Siang,Motor,Pelanggaran Lalu Lintas,Jalan Nasional,Baik,40-60,Lurus,Perempuan,17-25,Tidak
12/14/2021,2021,12,Bekasi,3319,178,30,5,Hujan,Malam,Bus,Kecepatan Berlebih,Jalan Nasional,Rusak,<40,Simpang 4,Perempuan,26-45,Ya
5/5/2023,2023,05,Jakarta Timur,3048,490,26,61,Cerah,Siang,Motor,Kondisi Jalan,Jalan Provinsi,Berlubang,>60,Simpang 4,Perempuan,26-45,Tidak
3/5/2022,2022,03,Jakarta Timur,3334,203,27,2,Cerah,Siang,Mobil,Pelanggaran Lalu Lintas,Jalan Nasional,Baik,40-60,Lurus,Laki-laki,<17,Tidak
7/8/2025,2025,07,Medan,4665,271,26,17,Cerah,Pagi,Truk,Kecepatan Berlebih,Jalan Nasional,Rusak,>60,Simpang Y,Perempuan,26-45,Tidak
8/7/2025,2025,08,Makassar,1028,334,21,13,Cerah,Malam,Motor,Kecepatan Berlebih,Jalan Provinsi,Berlubang,<40,Simpang 4,Laki-laki,>50,Ya
8/6/2021,2021,08,Jakarta Timur,2188,471,21,6,Cerah,Siang,Bus,Kurang Jarak Aman,Jalan Kota,Berlubang,>60,Tikungan,Perempuan,>50,Tidak
9/12/2022,2022,09,Medan,2106,141,24,52,Hujan,Dini Hari,Truk,Kurang Jarak Aman,Jalan Kota,Baik,<40,Simpang 4,Laki-laki,17-25,Tidak
5/19/2022,2022,05,Medan,4710,134,20,22,Hujan,Pagi,Motor,Kurang Jarak Aman,Jalan Provinsi,Rusak,>60,Tikungan,Laki-laki,26-45,Tidak
3/5/2023,2023,03,Medan,2808,118,26,11,Cerah,Dini Hari,Bus,Pelanggaran Lalu Lintas,Jalan Nasional,Berlubang,>60,Tikungan,Perempuan,<17,Ya
10/21/2023,2023,10,Palembang,2099,484,20,34,Hujan,Pagi,Mobil,Rem Blong,Jalan Nasional,Berlubang,>60,Lurus,Perempuan,<17,Tidak
2/13/2025,2025,02,Palembang,1500,366,28,12,Hujan,Pagi,Truk,Kelalaian Pengemudi,Jalan Nasional,Berlubang,40-60,Tikungan,Laki-laki,26-45,Ya
7/26/2025,2025,07,Semarang,3476,422,26,45,Cerah,Pagi,Bus,Rem Blong,Jalan Kota,Rusak,>60,Simpang Y,Perempuan,26-45,Tidak
10/10/2024,2024,10,Makassar,2271,278,22,38,Hujan,Pagi,Mobil,Pelanggaran Lalu Lintas,Jalan Provinsi,Baik,>60,Simpang 4,Laki-laki,26-45,Ya
6/2/2021,2021,06,Jakarta Timur,4325,435,29,17,Cerah,Dini Hari,Bus,Kondisi Jalan,Jalan Provinsi,Baik,>60,Simpang 4,Laki-laki,>50,Tidak
5/28/2021,2021,05,Medan,1017,280,27,35,Hujan,Malam,Bus,Pelanggaran Lalu Lintas,Jalan Provinsi,Rusak,<40,Simpang 4,Perempuan,>50,Tidak
8/19/2024,2024,08,Surabaya,4334,268,25,9,Hujan,Dini Hari,Bus,Kecepatan Berlebih,Jalan Kota,Baik,<40,Lurus,Laki-laki,>50,Ya
2/12/2025,2025,02,Medan,2695,207,27,53,Cerah,Pagi,Motor,Kurang Jarak Aman,Jalan Nasional,Baik,40-60,Simpang 4,Perempuan,17-25,Ya
5/29/2025,2025,05,Surabaya,3301,319,25,23,Hujan,Dini Hari,Truk,Kelalaian Pengemudi,Jalan Kota,Berlubang,40-60,Tikungan,Laki-laki,<17,Tidak
4/1/2024,2024,04,Jakarta Timur,2305,273,30,8,Hujan,Siang,Mobil,Pelanggaran Lalu Lintas,Jalan Kota,Rusak,<40,Simpang T,Perempuan,>50,Tidak
7/28/2023,2023,07,Yogyakarta,3168,198,21,5,Cerah,Malam,Motor,Kelalaian Pengemudi,Jalan Nasional,Berlubang,40-60,Simpang T,Laki-laki,26-45,Ya
11/26/2022,2022,11,Bandung,1701,384,25,22,Cerah,Dini Hari,Mobil,Pelanggaran Lalu Lintas,Jalan Nasional,Baik,>60,Simpang T,Perempuan,17-25,Tidak
3/1/2022,2022,03,Medan,1657,336,26,24,Hujan,Siang,Mobil,Kondisi Jalan,Jalan Nasional,Rusak,>60,Simpang 4,Laki-laki,<17,Tidak
9/10/2023,2023,09,Jakarta Timur,4022,221,21,9,Hujan,Siang,Truk,Kondisi Jalan,Jalan Nasional,Baik,>60,Simpang Y,Laki-laki,17-25,Tidak
8/18/2025,2025,08,Medan,1022,284,20,30,Cerah,Siang,Mobil,Kurang Jarak Aman,Jalan Kota,Baik,40-60,Simpang T,Perempuan,<17,Ya
8/25/2024,2024,08,Medan,1946,138,26,38,Cerah,Pagi,Truk,Kurang Jarak Aman,Jalan Provinsi,Rusak,>60,Tikungan,Perempuan,<17,Ya
6/19/2024,2024,06,Yogyakarta,1218,484,28,31,Hujan,Siang,Motor,Kurang Jarak Aman,Jalan Nasional,Berlubang,<40,Simpang 4,Laki-laki,17-25,Tidak
1/8/2021,2021,01,Medan,3292,394,27,11,Hujan,Dini Hari,Truk,Pelanggaran Lalu Lintas,Jalan Kota,Rusak,40-60,Lurus,Perempuan,<17,Tidak
8/1/2023,2023,08,Semarang,3657,418,20,45,Cerah,Dini Hari,Motor,Rem Blong,Jalan Provinsi,Berlubang,>60,Simpang Y,Laki-laki,<17,Ya
2/22/2021,2021,02,Jakarta Timur,4241,418,28,41,Cerah,Malam,Mobil,Kondisi Jalan,Jalan Kota,Baik,<40,Simpang T,Laki-laki,<17,Tidak
6/17/2022,2022,06,Palembang,3894,116,25,16,Cerah,Siang,Truk,Kecepatan Berlebih,Jalan Provinsi,Baik,<40,Lurus,Laki-laki,>50,Ya
9/29/2023,2023,09,Makassar,2182,484,29,11,Cerah,Malam,Truk,Kecepatan Berlebih,Jalan Nasional,Berlubang,40-60,Simpang 4,Laki-laki,>50,Ya
11/25/2024,2024,11,Palembang,2378,151,28,7,Cerah,Dini Hari,Mobil,Kurang Jarak Aman,Jalan Kota,Berlubang,40-60,Simpang T,Perempuan,17-25,Tidak
6/7/2023,2023,06,Yogyakarta,3792,392,20,8,Cerah,Siang,Bus,Kurang Jarak Aman,Jalan Nasional,Berlubang,<40,Lurus,Laki-laki,17-25,Tidak
7/7/2023,2023,07,Bekasi,1305,157,27,36,Cerah,Siang,Truk,Kecepatan Berlebih,Jalan Kota,Berlubang,>60,Simpang T,Perempuan,>50,Ya
11/5/2025,2025,11,Bandung,3513,379,30,10,Cerah,Pagi,Mobil,Rem Blong,Jalan Provinsi,Baik,<40,Simpang Y,Perempuan,17-25,Ya
12/20/2022,2022,12,Bekasi,4065,136,24,10,Hujan,Pagi,Bus,Kecepatan Berlebih,Jalan Nasional,Baik,40-60,Lurus,Perempuan,>50,Tidak
1/13/2022,2022,01,Surabaya,2024,408,28,49,Hujan,Dini Hari,Mobil,Kurang Jarak Aman,Jalan Nasional,Berlubang,<40,Simpang Y,Laki-laki,>50,Tidak
9/30/2025,2025,09,Surabaya,4296,454,28,12,Hujan,Siang,Mobil,Kecepatan Berlebih,Jalan Nasional,Berlubang,40-60,Tikungan,Laki-laki,26-45,Tidak
11/21/2024,2024,11,Jakarta Timur,3136,438,20,46,Hujan,Dini Hari,Bus,Pelanggaran Lalu Lintas,Jalan Provinsi,Berlubang,<40,Lurus,Perempuan,>50,Tidak
8/31/2022,2022,08,Medan,2966,452,29,3,Cerah,Siang,Truk,Rem Blong,Jalan Nasional,Berlubang,<40,Simpang 4,Laki-laki,17-25,Tidak
6/10/2025,2025,06,Semarang,2271,477,25,9,Cerah,Dini Hari,Truk,Kurang Jarak Aman,Jalan Provinsi,Berlubang,>60,Lurus,Perempuan,17-25,Tidak
10/15/2024,2024,10,Bekasi,3274,396,22,13,Hujan,Dini Hari,Motor,Kondisi Jalan,Jalan Kota,Berlubang,<40,Simpang T,Laki-laki,>50,Ya
7/29/2023,2023,07,Makassar,1361,123,23,14,Cerah,Malam,Motor,Kondisi Jalan,Jalan Nasional,Baik,<40,Simpang Y,Laki-laki,<17,Ya
7/13/2024,2024,07,Semarang,1190,332,20,28,Cerah,Siang,Bus,Kelalaian Pengemudi,Jalan Provinsi,Baik,>60,Simpang 4,Laki-laki,17-25,Tidak
8/20/2022,2022,08,Bandung,3687,467,20,17,Hujan,Dini Hari,Truk,Kondisi Jalan,Jalan Nasional,Baik,>60,Simpang Y,Laki-laki,26-45,Tidak
3/20/2022,2022,03,Jakarta Selatan,4926,345,21,34,Hujan,Pagi,Truk,Kurang Jarak Aman,Jalan Kota,Baik,>60,Lurus,Perempuan,<17,Tidak
9/16/2021,2021,09,Palembang,2091,202,28,33,Hujan,Malam,Truk,Pelanggaran Lalu Lintas,Jalan Provinsi,Baik,>60,Simpang 4,Laki-laki,17-25,Tidak
6/5/2023,2023,06,Jakarta Timur,2746,100,20,51,Cerah,Siang,Truk,Kurang Jarak Aman,Jalan Provinsi,Rusak,40-60,Lurus,Perempuan,>50,Tidak
4/21/2023,2023,04,Surabaya,2093,271,25,32,Hujan,Dini Hari,Mobil,Kondisi Jalan,Jalan Nasional,Berlubang,<40,Simpang 4,Perempuan,26-45,Ya
9/4/2023,2023,09,Medan,2944,204,29,8,Cerah,Siang,Motor,Rem Blong,Jalan Provinsi,Rusak,>60,Lurus,Perempuan,17-25,Ya
12/13/2021,2021,12,Palembang,3513,348,26,14,Hujan,Malam,Bus,Kecepatan Berlebih,Jalan Nasional,Rusak,>60,Simpang Y,Laki-laki,>50,Ya
1/17/2023,2023,01,Semarang,3077,363,30,49,Hujan,Pagi,Motor,Pelanggaran Lalu Lintas,Jalan Kota,Baik,>60,Simpang T,Laki-laki,>50,Ya
1/4/2023,2023,01,Bandung,2317,427,23,2,Cerah,Dini Hari,Motor,Pelanggaran Lalu Lintas,Jalan Provinsi,Baik,<40,Simpang 4,Perempuan,>50,Tidak
12/21/2022,2022,12,Yogyakarta,4108,226,20,14,Cerah,Malam,Mobil,Kecepatan Berlebih,Jalan Nasional,Rusak,<40,Simpang Y,Perempuan,<17,Tidak
1/18/2024,2024,01,Bandung,2036,429,22,18,Hujan,Siang,Mobil,Kecepatan Berlebih,Jalan Nasional,Baik,>60,Simpang 4,Perempuan,<17,Ya
8/8/2025,2025,08,Makassar,4274,403,27,9,Hujan,Pagi,Truk,Rem Blong,Jalan Kota,Berlubang,<40,Lurus,Perempuan,>50,Tidak
2/26/2024,2024,02,Surabaya,4375,244,23,14,Cerah,Malam,Mobil,Pelanggaran Lalu Lintas,Jalan Provinsi,Rusak,>60,Tikungan,Laki-laki,>50,Ya
12/11/2025,2025,12,Yogyakarta,1690,165,24,4,Cerah,Malam,Motor,Kurang Jarak Aman,Jalan Nasional,Rusak,<40,Lurus,Perempuan,26-45,Ya
12/14/2023,2023,12,Bandung,4669,196,22,5,Hujan,Siang,Mobil,Kurang Jarak Aman,Jalan Kota,Berlubang,40-60,Tikungan,Perempuan,17-25,Tidak
1/13/2023,2023,01,Semarang,2020,355,27,43,Cerah,Dini Hari,Truk,Rem Blong,Jalan Provinsi,Rusak,>60,Simpang Y,Perempuan,<17,Tidak
8/1/2022,2022,08,Bandung,4503,248,25,17,Hujan,Dini Hari,Truk,Kondisi Jalan,Jalan Nasional,Baik,40-60,Tikungan,Perempuan,<17,Tidak
6/28/2022,2022,06,Yogyakarta,2048,390,28,16,Hujan,Siang,Mobil,Kurang Jarak Aman,Jalan Kota,Berlubang,>60,Simpang 4,Laki-laki,>50,Ya
9/30/2021,2021,09,Yogyakarta,2210,183,24,24,Hujan,Malam,Mobil,Kondisi Jalan,Jalan Provinsi,Baik,>60,Simpang 4,Laki-laki,<17,Ya
2/27/2022,2022,02,Jakarta Selatan,4829,385,21,52,Hujan,Siang,Motor,Kondisi Jalan,Jalan Nasional,Rusak,>60,Simpang 4,Perempuan,>50,Ya
11/2/2024,2024,11,Jakarta Timur,2786,457,21,52,Hujan,Malam,Mobil,Kecepatan Berlebih,Jalan Kota,Baik,>60,Simpang 4,Perempuan,<17,Ya
10/4/2025,2025,10,Bekasi,3068,462,28,32,Cerah,Malam,Mobil,Pelanggaran Lalu Lintas,Jalan Kota,Rusak,40-60,Tikungan,Perempuan,<17,Tidak
7/29/2022,2022,07,Medan,1412,253,23,34,Cerah,Pagi,Truk,Kurang Jarak Aman,Jalan Nasional,Berlubang,>60,Simpang Y,Laki-laki,17-25,Tidak
7/29/2021,2021,07,Jakarta Selatan,1977,386,30,24,Hujan,Malam,Motor,Rem Blong,Jalan Provinsi,Berlubang,40-60,Simpang 4,Perempuan,26-45,Tidak
3/26/2023,2023,03,Semarang,2610,482,21,13,Cerah,Malam,Bus,Kecepatan Berlebih,Jalan Provinsi,Berlubang,>60,Simpang 4,Perempuan,26-45,Tidak
8/17/2024,2024,08,Medan,1534,244,22,11,Cerah,Pagi,Mobil,Rem Blong,Jalan Kota,Berlubang,40-60,Tikungan,Laki-laki,17-25,Ya
10/5/2024,2024,10,Surabaya,2987,123,27,45,Cerah,Siang,Truk,Rem Blong,Jalan Provinsi,Rusak,<40,Lurus,Laki-laki,26-45,Tidak
5/24/2024,2024,05,Medan,3422,437,28,5,Hujan,Siang,Mobil,Kondisi Jalan,Jalan Kota,Berlubang,>60,Tikungan,Perempuan,<17,Tidak
12/21/2024,2024,12,Yogyakarta,3423,208,22,19,Hujan,Malam,Mobil,Kelalaian Pengemudi,Jalan Kota,Baik,40-60,Simpang Y,Laki-laki,17-25,Ya
10/21/2021,2021,10,Surabaya,2205,132,30,10,Cerah,Malam,Mobil,Pelanggaran Lalu Lintas,Jalan Nasional,Rusak,<40,Lurus,Perempuan,>50,Tidak
11/11/2023,2023,11,Yogyakarta,1547,462,21,26,Hujan,Dini Hari,Mobil,Kelalaian Pengemudi,Jalan Kota,Rusak,<40,Simpang Y,Perempuan,>50,Tidak
12/18/2021,2021,12,Palembang,2506,460,27,10,Hujan,Siang,Mobil,Kecepatan Berlebih,Jalan Nasional,Rusak,40-60,Simpang T,Laki-laki,>50,Tidak
3/16/2024,2024,03,Jakarta Selatan,3685,311,21,3,Cerah,Pagi,Bus,Kelalaian Pengemudi,Jalan Kota,Baik,<40,Simpang 4,Perempuan,<17,Tidak
3/21/2022,2022,03,Medan,4729,240,20,42,Cerah,Malam,Mobil,Pelanggaran Lalu Lintas,Jalan Kota,Rusak,>60,Lurus,Laki-laki,>50,Ya
1/18/2025,2025,01,Bekasi,4987,169,24,39,Hujan,Pagi,Truk,Kecepatan Berlebih,Jalan Nasional,Rusak,40-60,Tikungan,Perempuan,>50,Tidak
8/14/2021,2021,08,Bandung,2851,221,23,23,Cerah,Pagi,Bus,Kondisi Jalan,Jalan Provinsi,Baik,40-60,Simpang 4,Laki-laki,<17,Tidak
6/5/2024,2024,06,Palembang,4739,105,22,33,Cerah,Dini Hari,Truk,Kurang Jarak Aman,Jalan Provinsi,Baik,>60,Lurus,Perempuan,26-45,Tidak
12/13/2024,2024,12,Jakarta Timur,1634,310,24,36,Hujan,Siang,Motor,Rem Blong,Jalan Provinsi,Baik,>60,Simpang 4,Laki-laki,>50,Ya
5/30/2023,2023,05,Palembang,4028,138,27,25,Cerah,Malam,Truk,Kecepatan Berlebih,Jalan Provinsi,Berlubang,>60,Lurus,Laki-laki,<17,Tidak
10/6/2023,2023,10,Jakarta Timur,2836,113,24,43,Hujan,Siang,Mobil,Pelanggaran Lalu Lintas,Jalan Nasional,Rusak,40-60,Lurus,Perempuan,17-25,Ya
10/19/2021,2021,10,Jakarta Selatan,2400,115,20,32,Cerah,Dini Hari,Truk,Kondisi Jalan,Jalan Kota,Baik,<40,Simpang Y,Perempuan,26-45,Tidak
4/5/2021,2021,04,Jakarta Timur,1357,240,25,13,Cerah,Siang,Motor,Kelalaian Pengemudi,Jalan Provinsi,Baik,>60,Tikungan,Laki-laki,17-25,Ya
3/26/2021,2021,03,Jakarta Timur,2293,433,22,42,Hujan,Dini Hari,Bus,Kelalaian Pengemudi,Jalan Nasional,Berlubang,<40,Simpang 4,Laki-laki,26-45,Tidak
10/16/2023,2023,10,Medan,1021,340,22,13,Hujan,Pagi,Motor,Kelalaian Pengemudi,Jalan Kota,Rusak,40-60,Simpang Y,Laki-laki,>50,Ya
4/6/2023,2023,04,Jakarta Timur,3003,270,28,31,Cerah,Siang,Mobil,Kelalaian Pengemudi,Jalan Provinsi,Rusak,<40,Simpang T,Perempuan,>50,Ya
9/14/2024,2024,09,Jakarta Selatan,3967,155,28,26,Cerah,Malam,Bus,Pelanggaran Lalu Lintas,Jalan Nasional,Baik,40-60,Tikungan,Laki-laki,>50,Ya
12/20/2024,2024,12,Bandung,1858,129,20,17,Cerah,Siang,Bus,Rem Blong,Jalan Provinsi,Baik,>60,Lurus,Perempuan,26-45,Tidak
2/3/2022,2022,02,Palembang,2953,123,23,36,Cerah,Siang,Bus,Pelanggaran Lalu Lintas,Jalan Provinsi,Berlubang,40-60,Simpang Y,Perempuan,17-25,Tidak
3/5/2023,2023,03,Bandung,4789,326,23,69,Hujan,Dini Hari,Bus,Rem Blong,Jalan Kota,Rusak,40-60,Lurus,Laki-laki,26-45,Ya
3/21/2024,2024,03,Palembang,1758,247,27,30,Cerah,Malam,Truk,Kondisi Jalan,Jalan Kota,Berlubang,<40,Simpang Y,Perempuan,26-45,Ya
11/20/2021,2021,11,Bekasi,2825,496,27,29,Cerah,Siang,Motor,Kurang Jarak Aman,Jalan Nasional,Rusak,>60,Tikungan,Laki-laki,17-25,Ya
6/6/2025,2025,06,Jakarta Selatan,1768,296,22,42,Cerah,Pagi,Truk,Pelanggaran Lalu Lintas,Jalan Nasional,Berlubang,40-60,Simpang Y,Laki-laki,17-25,Tidak
4/1/2023,2023,04,Palembang,2096,352,29,4,Hujan,Dini Hari,Bus,Kondisi Jalan,Jalan Nasional,Rusak,<40,Simpang Y,Perempuan,26-45,Tidak
4/13/2021,2021,04,Bekasi,3813,460,29,9,Cerah,Dini Hari,Motor,Pelanggaran Lalu Lintas,Jalan Kota,Baik,40-60,Tikungan,Laki-laki,26-45,Ya
1/16/2024,2024,01,Yogyakarta,2169,376,20,18,Cerah,Malam,Motor,Rem Blong,Jalan Kota,Berlubang,>60,Simpang 4,Perempuan,<17,Ya
10/17/2022,2022,10,Surabaya,1235,239,20,27,Cerah,Pagi,Bus,Pelanggaran Lalu Lintas,Jalan Nasional,Baik,40-60,Simpang T,Perempuan,26-45,Tidak
8/3/2024,2024,08,Makassar,1628,367,28,41,Hujan,Dini Hari,Truk,Pelanggaran Lalu Lintas,Jalan Provinsi,Berlubang,<40,Simpang 4,Laki-laki,26-45,Ya
7/18/2025,2025,07,Palembang,3553,352,23,16,Hujan,Pagi,Truk,Kurang Jarak Aman,Jalan Nasional,Berlubang,<40,Simpang 4,Laki-laki,26-45,Ya
2/9/2023,2023,02,Bekasi,4542,271,24,9,Cerah,Siang,Mobil,Kondisi Jalan,Jalan Nasional,Berlubang,>60,Simpang T,Laki-laki,<17,Ya
9/3/2023,2023,09,Medan,4069,389,21,4,Hujan,Pagi,Truk,Rem Blong,Jalan Kota,Berlubang,<40,Lurus,Laki-laki,26-45,Tidak
9/30/2022,2022,09,Jakarta Timur,1438,329,21,17,Hujan,Dini Hari,Truk,Rem Blong,Jalan Provinsi,Rusak,>60,Simpang 4,Laki-laki,>50,Ya
6/18/2024,2024,06,Surabaya,4882,192,30,38,Hujan,Siang,Bus,Kurang Jarak Aman,Jalan Provinsi,Berlubang,>60,Lurus,Perempuan,26-45,Ya
12/13/2023,2023,12,Bekasi,4227,125,21,12,Cerah,Siang,Truk,Pelanggaran Lalu Lintas,Jalan Provinsi,Rusak,<40,Tikungan,Perempuan,>50,Ya
12/30/2024,2024,12,Palembang,3787,193,28,16,Cerah,Dini Hari,Motor,Pelanggaran Lalu Lintas,Jalan Provinsi,Rusak,>60,Simpang Y,Laki-laki,26-45,Tidak
3/24/2022,2022,03,Jakarta Selatan,4362,339,21,33,Cerah,Siang,Mobil,Kondisi Jalan,Jalan Kota,Rusak,>60,Lurus,Perempuan,26-45,Tidak
5/24/2021,2021,05,Yogyakarta,1774,198,23,38,Hujan,Malam,Mobil,Pelanggaran Lalu Lintas,Jalan Provinsi,Rusak,>60,Simpang Y,Laki-laki,>50,Tidak
2/6/2022,2022,02,Jakarta Timur,4563,317,27,39,Hujan,Malam,Motor,Kondisi Jalan,Jalan Kota,Baik,40-60,Simpang T,Laki-laki,26-45,Ya
6/22/2021,2021,06,Jakarta Selatan,3877,257,27,11,Cerah,Dini Hari,Motor,Kondisi Jalan,Jalan Kota,Berlubang,<40,Lurus,Laki-laki,<17,Tidak
4/18/2023,2023,04,Bekasi,3001,386,29,37,Hujan,Dini Hari,Bus,Pelanggaran Lalu Lintas,Jalan Kota,Rusak,40-60,Lurus,Laki-laki,>50,Tidak
7/25/2021,2021,07,Surabaya,1878,114,23,8,Cerah,Siang,Bus,Rem Blong,Jalan Provinsi,Baik,<40,Simpang 4,Laki-laki,>50,Tidak
8/4/2021,2021,08,Makassar,1189,478,29,21,Hujan,Dini Hari,Bus,Kelalaian Pengemudi,Jalan Kota,Baik,40-60,Simpang Y,Perempuan,17-25,Tidak
4/30/2024,2024,04,Bandung,1686,346,24,13,Cerah,Dini Hari,Truk,Rem Blong,Jalan Kota,Baik,<40,Tikungan,Perempuan,<17,Ya
7/13/2023,2023,07,Jakarta Timur,3501,186,28,9,Hujan,Siang,Bus,Pelanggaran Lalu Lintas,Jalan Kota,Rusak,>60,Lurus,Perempuan,<17,Tidak
4/15/2025,2025,04,Bekasi,3801,448,22,18,Cerah,Siang,Mobil,Rem Blong,Jalan Nasional,Rusak,>60,Lurus,Perempuan,17-25,Tidak
4/9/2022,2022,04,Semarang,2420,466,25,7,Cerah,Siang,Truk,Kurang Jarak Aman,Jalan Kota,Berlubang,<40,Simpang 4,Perempuan,>50,Tidak
3/28/2023,2023,03,Semarang,1528,365,28,13,Cerah,Malam,Bus,Kecepatan Berlebih,Jalan Provinsi,Berlubang,>60,Simpang Y,Perempuan,26-45,Ya
3/18/2021,2021,03,Bekasi,4579,474,28,22,Cerah,Pagi,Bus,Kecepatan Berlebih,Jalan Provinsi,Rusak,40-60,Lurus,Perempuan,26-45,Tidak
12/7/2022,2022,12,Makassar,4382,380,30,44,Hujan,Siang,Motor,Kurang Jarak Aman,Jalan Kota,Baik,>60,Tikungan,Perempuan,26-45,Tidak
3/6/2023,2023,03,Yogyakarta,4227,155,20,9,Cerah,Siang,Truk,Pelanggaran Lalu Lintas,Jalan Kota,Berlubang,40-60,Lurus,Laki-laki,26-45,Tidak
4/22/2025,2025,04,Bandung,1600,488,30,13,Cerah,Dini Hari,Truk,Kondisi Jalan,Jalan Nasional,Berlubang,>60,Simpang Y,Laki-laki,17-25,Tidak
11/22/2023,2023,11,Bandung,1275,474,22,29,Hujan,Malam,Bus,Kelalaian Pengemudi,Jalan Provinsi,Baik,40-60,Lurus,Perempuan,26-45,Ya
10/17/2023,2023,10,Medan,2857,307,28,17,Cerah,Malam,Mobil,Kecepatan Berlebih,Jalan Provinsi,Berlubang,>60,Simpang T,Perempuan,26-45,Ya
8/20/2023,2023,08,Bandung,1238,326,25,2,Cerah,Malam,Mobil,Kurang Jarak Aman,Jalan Nasional,Berlubang,40-60,Simpang 4,Perempuan,17-25,Tidak
2/10/2025,2025,02,Bekasi,4704,362,20,61,Cerah,Pagi,Bus,Kelalaian Pengemudi,Jalan Kota,Baik,40-60,Lurus,Perempuan,17-25,Tidak
1/7/2022,2022,01,Semarang,3367,472,26,71,Hujan,Pagi,Mobil,Kelalaian Pengemudi,Jalan Nasional,Berlubang,>60,Simpang 4,Perempuan,>50,Tidak
7/5/2022,2022,07,Jakarta Selatan,2155,345,30,11,Hujan,Pagi,Bus,Kecepatan Berlebih,Jalan Nasional,Rusak,40-60,Simpang Y,Laki-laki,26-45,Tidak
3/20/2024,2024,03,Surabaya,1778,272,24,15,Cerah,Malam,Motor,Pelanggaran Lalu Lintas,Jalan Kota,Rusak,<40,Simpang T,Laki-laki,<17,Tidak
1/16/2023,2023,01,Jakarta Timur,2682,219,22,2,Cerah,Malam,Truk,Kecepatan Berlebih,Jalan Provinsi,Baik,<40,Simpang T,Laki-laki,>50,Tidak
4/28/2022,2022,04,Palembang,4368,416,20,0,Hujan,Siang,Truk,Kondisi Jalan,Jalan Provinsi,Berlubang,>60,Tikungan,Laki-laki,17-25,Ya
11/2/2022,2022,11,Jakarta Selatan,2476,454,29,53,Hujan,Siang,Bus,Pelanggaran Lalu Lintas,Jalan Provinsi,Rusak,<40,Lurus,Perempuan,17-25,Tidak
10/10/2022,2022,10,Jakarta Selatan,2345,253,27,27,Cerah,Siang,Motor,Pelanggaran Lalu Lintas,Jalan Provinsi,Berlubang,>60,Lurus,Perempuan,<17,Tidak
10/27/2021,2021,10,Makassar,2194,500,21,32,Hujan,Malam,Truk,Kecepatan Berlebih,Jalan Provinsi,Berlubang,40-60,Simpang T,Laki-laki,<17,Ya
8/23/2021,2021,08,Bandung,4361,160,27,12,Cerah,Pagi,Bus,Kondisi Jalan,Jalan Provinsi,Berlubang,<40,Tikungan,Perempuan,>50,Tidak
5/3/2022,2022,05,Jakarta Selatan,2123,252,26,29,Cerah,Pagi,Truk,Kondisi Jalan,Jalan Kota,Baik,>60,Tikungan,Laki-laki,26-45,Ya
6/6/2025,2025,06,Bandung,2911,455,21,6,Cerah,Siang,Motor,Kecepatan Berlebih,Jalan Provinsi,Berlubang,40-60,Simpang Y,Laki-laki,26-45,Ya
11/10/2021,2021,11,Medan,1010,379,28,17,Hujan,Malam,Mobil,Kelalaian Pengemudi,Jalan Kota,Baik,<40,Simpang T,Perempuan,<17,Tidak
10/4/2023,2023,10,Surabaya,2657,124,26,3,Cerah,Siang,Truk,Rem Blong,Jalan Nasional,Rusak,40-60,Tikungan,Laki-laki,>50,Ya
7/5/2021,2021,07,Jakarta Selatan,2746,455,21,22,Cerah,Dini Hari,Truk,Kecepatan Berlebih,Jalan Nasional,Baik,>60,Simpang Y,Perempuan,17-25,Ya
12/20/2023,2023,12,Makassar,2698,166,28,15,Hujan,Pagi,Truk,Pelanggaran Lalu Lintas,Jalan Kota,Baik,<40,Simpang T,Perempuan,26-45,Tidak
1/29/2022,2022,01,Yogyakarta,4780,437,28,12,Cerah,Siang,Motor,Kecepatan Berlebih,Jalan Provinsi,Baik,<40,Tikungan,Laki-laki,17-25,Tidak
6/10/2021,2021,06,Yogyakarta,4272,317,22,28,Hujan,Pagi,Truk,Kondisi Jalan,Jalan Nasional,Berlubang,<40,Simpang Y,Perempuan,17-25,Ya
1/15/2025,2025,01,Yogyakarta,3971,349,20,25,Hujan,Siang,Truk,Kurang Jarak Aman,Jalan Kota,Rusak,<40,Simpang 4,Perempuan,17-25,Ya
2/5/2023,2023,02,Surabaya,3719,204,23,13,Hujan,Siang,Motor,Kelalaian Pengemudi,Jalan Provinsi,Berlubang,>60,Simpang 4,Laki-laki,26-45,Ya
9/8/2024,2024,09,Semarang,3469,409,26,26,Hujan,Malam,Mobil,Kurang Jarak Aman,Jalan Kota,Berlubang,<40,Simpang T,Laki-laki,>50,Ya
6/16/2024,2024,06,Palembang,2391,400,29,52,Hujan,Malam,Bus,Kurang Jarak Aman,Jalan Provinsi,Berlubang,<40,Lurus,Perempuan,26-45,Tidak
9/25/2023,2023,09,Makassar,2841,488,24,25,Cerah,Pagi,Truk,Kecepatan Berlebih,Jalan Provinsi,Rusak,<40,Simpang 4,Perempuan,<17,Tidak
1/16/2023,2023,01,Makassar,3121,417,24,55,Hujan,Dini Hari,Mobil,Kondisi Jalan,Jalan Nasional,Berlubang,<40,Lurus,Laki-laki,17-25,Tidak
5/11/2023,2023,05,Palembang,1086,267,26,4,Cerah,Malam,Bus,Kondisi Jalan,Jalan Nasional,Baik,<40,Tikungan,Laki-laki,17-25,Tidak
3/15/2022,2022,03,Yogyakarta,2603,145,29,45,Cerah,Malam,Mobil,Kondisi Jalan,Jalan Nasional,Berlubang,40-60,Tikungan,Perempuan,>50,Ya
10/6/2021,2021,10,Makassar,4899,173,30,25,Cerah,Malam,Motor,Kondisi Jalan,Jalan Nasional,Rusak,>60,Simpang Y,Laki-laki,<17,Tidak
4/29/2022,2022,04,Bekasi,3739,500,21,17,Cerah,Dini Hari,Mobil,Kecepatan Berlebih,Jalan Nasional,Baik,<40,Lurus,Laki-laki,>50,Tidak
10/16/2023,2023,10,Jakarta Timur,1245,411,25,72,Hujan,Malam,Bus,Pelanggaran Lalu Lintas,Jalan Provinsi,Baik,>60,Simpang T,Perempuan,>50,Ya
5/15/2025,2025,05,Surabaya,1443,228,25,8,Cerah,Malam,Truk,Kecepatan Berlebih,Jalan Provinsi,Berlubang,40-60,Tikungan,Laki-laki,>50,Ya
4/22/2021,2021,04,Bandung,4338,180,27,6,Cerah,Pagi,Truk,Kecepatan Berlebih,Jalan Nasional,Baik,<40,Simpang Y,Laki-laki,26-45,Ya
9/20/2025,2025,09,Palembang,3443,300,26,2,Cerah,Malam,Motor,Kecepatan Berlebih,Jalan Nasional,Baik,>60,Tikungan,Perempuan,26-45,Tidak
5/27/2023,2023,05,Palembang,2800,463,27,71,Cerah,Pagi,Motor,Kurang Jarak Aman,Jalan Nasional,Rusak,>60,Simpang 4,Perempuan,>50,Ya
8/6/2021,2021,08,Jakarta Selatan,3137,332,20,18,Hujan,Malam,Bus,Pelanggaran Lalu Lintas,Jalan Provinsi,Rusak,<40,Tikungan,Laki-laki,26-45,Ya
8/18/2023,2023,08,Surabaya,4166,263,29,33,Hujan,Pagi,Motor,Kurang Jarak Aman,Jalan Kota,Berlubang,<40,Tikungan,Laki-laki,>50,Tidak
4/29/2025,2025,04,Medan,3257,371,23,37,Cerah,Dini Hari,Truk,Kondisi Jalan,Jalan Provinsi,Rusak,<40,Lurus,Perempuan,>50,Tidak
4/1/2023,2023,04,Palembang,2670,427,21,1,Cerah,Pagi,Motor,Kelalaian Pengemudi,Jalan Kota,Baik,40-60,Lurus,Laki-laki,>50,Tidak
5/21/2022,2022,05,Bekasi,3696,157,29,5,Hujan,Pagi,Truk,Kecepatan Berlebih,Jalan Kota,Baik,<40,Simpang T,Perempuan,17-25,Ya
1/23/2023,2023,01,Medan,4156,280,20,3,Cerah,Malam,Truk,Kelalaian Pengemudi,Jalan Kota,Rusak,40-60,Lurus,Perempuan,17-25,Tidak
4/19/2024,2024,04,Palembang,4762,339,27,9,Hujan,Pagi,Motor,Kondisi Jalan,Jalan Kota,Berlubang,>60,Tikungan,Laki-laki,>50,Ya
1/18/2021,2021,01,Jakarta Selatan,4524,489,20,17,Cerah,Malam,Motor,Kondisi Jalan,Jalan Provinsi,Baik,>60,Lurus,Perempuan,<17,Ya
11/14/2025,2025,11,Makassar,4396,335,21,63,Cerah,Pagi,Truk,Kecepatan Berlebih,Jalan Provinsi,Berlubang,>60,Simpang T,Perempuan,17-25,Tidak
1/29/2021,2021,01,Bekasi,2641,326,21,55,Cerah,Dini Hari,Bus,Kecepatan Berlebih,Jalan Nasional,Baik,<40,Simpang Y,Perempuan,26-45,Ya
11/25/2021,2021,11,Surabaya,1031,288,23,10,Cerah,Pagi,Mobil,Kecepatan Berlebih,Jalan Nasional,Rusak,40-60,Simpang Y,Perempuan,>50,Tidak
9/16/2021,2021,09,Bandung,4883,458,30,28,Hujan,Pagi,Truk,Pelanggaran Lalu Lintas,Jalan Provinsi,Berlubang,<40,Simpang 4,Laki-laki,<17,Tidak
8/15/2025,2025,08,Jakarta Selatan,4045,276,27,10,Hujan,Dini Hari,Truk,Kondisi Jalan,Jalan Kota,Baik,<40,Simpang Y,Laki-laki,>50,Ya
2/19/2024,2024,02,Bandung,2992,198,25,13,Hujan,Siang,Bus,Kecepatan Berlebih,Jalan Kota,Berlubang,>60,Simpang T,Laki-laki,>50,Ya
9/7/2022,2022,09,Semarang,4336,128,20,4,Hujan,Dini Hari,Bus,Kurang Jarak Aman,Jalan Kota,Berlubang,>60,Tikungan,Perempuan,>50,Tidak
10/17/2024,2024,10,Yogyakarta,4180,239,25,18,Cerah,Malam,Mobil,Kurang Jarak Aman,Jalan Kota,Baik,40-60,Simpang 4,Perempuan,26-45,Tidak
12/11/2023,2023,12,Yogyakarta,3956,278,23,4,Cerah,Siang,Truk,Kecepatan Berlebih,Jalan Kota,Berlubang,<40,Lurus,Perempuan,<17,Tidak
1/5/2025,2025,01,Bekasi,4643,335,26,9,Cerah,Pagi,Motor,Rem Blong,Jalan Kota,Berlubang,<40,Tikungan,Perempuan,<17,Ya
4/29/2024,2024,04,Surabaya,4360,338,21,8,Hujan,Malam,Motor,Kurang Jarak Aman,Jalan Kota,Rusak,>60,Simpang Y,Perempuan,<17,Tidak
6/14/2022,2022,06,Palembang,4808,143,30,16,Cerah,Siang,Truk,Kecepatan Berlebih,Jalan Provinsi,Baik,<40,Lurus,Perempuan,26-45,Tidak
10/28/2021,2021,10,Bekasi,1376,275,30,14,Cerah,Pagi,Mobil,Kurang Jarak Aman,Jalan Nasional,Rusak,<40,Simpang T,Perempuan,17-25,Tidak
11/8/2025,2025,11,Medan,4242,384,20,25,Hujan,Pagi,Truk,Kurang Jarak Aman,Jalan Provinsi,Baik,>60,Tikungan,Perempuan,26-45,Tidak
4/30/2022,2022,04,Surabaya,3243,300,28,37,Hujan,Malam,Mobil,Pelanggaran Lalu Lintas,Jalan Kota,Baik,>60,Lurus,Perempuan,17-25,Ya
4/15/2021,2021,04,Jakarta Selatan,2496,299,29,43,Cerah,Malam,Mobil,Rem Blong,Jalan Provinsi,Berlubang,40-60,Simpang 4,Perempuan,26-45,Tidak
1/7/2023,2023,01,Makassar,2896,406,29,8,Cerah,Pagi,Mobil,Kondisi Jalan,Jalan Provinsi,Baik,>60,Tikungan,Perempuan,26-45,Ya
8/8/2025,2025,08,Palembang,1654,465,30,11,Cerah,Malam,Mobil,Pelanggaran Lalu Lintas,Jalan Provinsi,Rusak,<40,Lurus,Perempuan,17-25,Tidak
10/15/2024,2024,10,Bekasi,1847,495,25,64,Hujan,Pagi,Truk,Kurang Jarak Aman,Jalan Nasional,Berlubang,<40,Simpang Y,Laki-laki,>50,Tidak
2/9/2022,2022,02,Jakarta Selatan,1704,391,27,68,Cerah,Malam,Truk,Kecepatan Berlebih,Jalan Kota,Berlubang,<40,Tikungan,Perempuan,26-45,Ya
8/16/2023,2023,08,Bandung,2292,279,20,39,Hujan,Siang,Truk,Rem Blong,Jalan Provinsi,Baik,40-60,Tikungan,Laki-laki,<17,Tidak
11/17/2023,2023,11,Bandung,2385,156,28,29,Hujan,Malam,Bus,Kelalaian Pengemudi,Jalan Provinsi,Baik,<40,Simpang Y,Laki-laki,<17,Ya
5/17/2025,2025,05,Makassar,2890,454,26,47,Cerah,Dini Hari,Motor,Kondisi Jalan,Jalan Provinsi,Rusak,>60,Simpang 4,Perempuan,>50,Ya
7/12/2023,2023,07,Medan,4820,146,20,12,Hujan,Siang,Truk,Kondisi Jalan,Jalan Nasional,Berlubang,<40,Simpang Y,Laki-laki,26-45,Tidak
1/27/2023,2023,01,Semarang,4566,346,24,43,Cerah,Dini Hari,Truk,Rem Blong,Jalan Provinsi,Rusak,>60,Lurus,Laki-laki,>50,Tidak
6/15/2022,2022,06,Palembang,3772,331,29,9,Cerah,Siang,Bus,Kondisi Jalan,Jalan Nasional,Baik,<40,Simpang 4,Perempuan,26-45,Tidak
2/12/2025,2025,02,Jakarta Selatan,1419,278,28,11,Hujan,Malam,Bus,Rem Blong,Jalan Kota,Berlubang,<40,Simpang Y,Perempuan,26-45,Tidak
8/6/2021,2021,08,Semarang,2674,263,29,10,Hujan,Dini Hari,Bus,Kondisi Jalan,Jalan Provinsi,Berlubang,40-60,Simpang Y,Perempuan,26-45,Tidak
11/8/2021,2021,11,Yogyakarta,4119,310,23,38,Cerah,Pagi,Mobil,Rem Blong,Jalan Provinsi,Rusak,<40,Tikungan,Perempuan,<17,Tidak
11/4/2024,2024,11,Bandung,2091,197,24,23,Hujan,Dini Hari,Truk,Kurang Jarak Aman,Jalan Provinsi,Baik,>60,Simpang T,Perempuan,<17,Tidak
9/8/2023,2023,09,Bekasi,4920,224,24,36,Hujan,Dini Hari,Motor,Kelalaian Pengemudi,Jalan Kota,Rusak,>60,Simpang T,Laki-laki,>50,Ya
10/30/2024,2024,10,Jakarta Selatan,4493,368,23,38,Cerah,Siang,Mobil,Kelalaian Pengemudi,Jalan Provinsi,Rusak,>60,Simpang T,Laki-laki,<17,Tidak
5/9/2022,2022,05,Palembang,4950,379,23,23,Cerah,Pagi,Motor,Pelanggaran Lalu Lintas,Jalan Provinsi,Rusak,>60,Lurus,Laki-laki,<17,Ya
9/21/2022,2022,09,Jakarta Selatan,3685,388,23,35,Cerah,Pagi,Motor,Kecepatan Berlebih,Jalan Kota,Berlubang,>60,Tikungan,Perempuan,26-45,Tidak
9/30/2022,2022,09,Yogyakarta,2963,212,29,3,Cerah,Pagi,Motor,Rem Blong,Jalan Kota,Baik,<40,Simpang 4,Laki-laki,26-45,Ya
6/8/2021,2021,06,Palembang,2588,394,21,19,Hujan,Dini Hari,Mobil,Kondisi Jalan,Jalan Provinsi,Berlubang,<40,Simpang T,Laki-laki,17-25,Tidak
2/1/2025,2025,02,Surabaya,2384,428,24,36,Hujan,Pagi,Mobil,Kecepatan Berlebih,Jalan Provinsi,Baik,<40,Simpang Y,Laki-laki,<17,Tidak
3/11/2024,2024,03,Bandung,3809,411,27,38,Hujan,Dini Hari,Motor,Kelalaian Pengemudi,Jalan Provinsi,Rusak,>60,Tikungan,Laki-laki,<17,Tidak
9/28/2023,2023,09,Medan,3134,273,20,12,Hujan,Siang,Bus,Kecepatan Berlebih,Jalan Kota,Berlubang,<40,Lurus,Laki-laki,>50,Ya
6/29/2022,2022,06,Bekasi,1634,263,20,33,Cerah,Dini Hari,Mobil,Kelalaian Pengemudi,Jalan Provinsi,Berlubang,<40,Simpang Y,Laki-laki,17-25,Ya
2/14/2021,2021,02,Yogyakarta,3151,187,23,5,Cerah,Dini Hari,Truk,Kondisi Jalan,Jalan Nasional,Baik,>60,Lurus,Perempuan,17-25,Ya
4/25/2021,2021,04,Semarang,4086,114,29,34,Cerah,Siang,Motor,Rem Blong,Jalan Nasional,Baik,>60,Simpang T,Perempuan,>50,Ya
10/10/2024,2024,10,Yogyakarta,3285,297,30,49,Cerah,Pagi,Bus,Kondisi Jalan,Jalan Kota,Berlubang,40-60,Simpang 4,Perempuan,17-25,Ya
10/30/2023,2023,10,Yogyakarta,1312,127,26,14,Hujan,Siang,Bus,Kelalaian Pengemudi,Jalan Kota,Baik,40-60,Simpang 4,Perempuan,<17,Ya
11/4/2023,2023,11,Jakarta Timur,4205,120,26,22,Cerah,Malam,Motor,Kecepatan Berlebih,Jalan Kota,Baik,40-60,Simpang T,Perempuan,26-45,Tidak
1/19/2024,2024,01,Surabaya,1648,327,25,61,Hujan,Siang,Truk,Kecepatan Berlebih,Jalan Nasional,Baik,40-60,Simpang Y,Laki-laki,>50,Ya
12/3/2022,2022,12,Surabaya,2844,428,24,27,Hujan,Dini Hari,Truk,Rem Blong,Jalan Provinsi,Rusak,40-60,Lurus,Perempuan,<17,Ya
5/18/2022,2022,05,Bekasi,4106,174,26,29,Cerah,Dini Hari,Bus,Kurang Jarak Aman,Jalan Provinsi,Rusak,40-60,Simpang 4,Perempuan,<17,Tidak
4/12/2021,2021,04,Yogyakarta,4484,343,24,4,Cerah,Dini Hari,Mobil,Kecepatan Berlebih,Jalan Provinsi,Berlubang,>60,Simpang 4,Laki-laki,17-25,Ya
11/16/2021,2021,11,Jakarta Selatan,4296,351,26,9,Cerah,Siang,Mobil,Kurang Jarak Aman,Jalan Nasional,Berlubang,40-60,Tikungan,Laki-laki,17-25,Ya
11/16/2025,2025,11,Jakarta Timur,2678,254,25,13,Cerah,Malam,Mobil,Kecepatan Berlebih,Jalan Nasional,Berlubang,>60,Lurus,Laki-laki,17-25,Ya
3/3/2025,2025,03,Yogyakarta,4112,215,26,24,Cerah,Malam,Truk,Kecepatan Berlebih,Jalan Kota,Berlubang,>60,Lurus,Perempuan,26-45,Tidak
5/18/2023,2023,05,Yogyakarta,3018,264,25,44,Hujan,Malam,Bus,Kecepatan Berlebih,Jalan Kota,Baik,40-60,Simpang T,Laki-laki,26-45,Tidak
2/23/2022,2022,02,Palembang,2994,326,21,37,Cerah,Pagi,Bus,Pelanggaran Lalu Lintas,Jalan Provinsi,Berlubang,<40,Simpang T,Perempuan,<17,Ya
10/27/2025,2025,10,Yogyakarta,2963,112,24,2,Hujan,Siang,Truk,Kondisi Jalan,Jalan Provinsi,Baik,40-60,Simpang T,Perempuan,>50,Ya
10/3/2024,2024,10,Medan,2583,443,28,11,Hujan,Malam,Truk,Kelalaian Pengemudi,Jalan Nasional,Rusak,40-60,Lurus,Perempuan,26-45,Ya
2/1/2025,2025,02,Yogyakarta,2202,119,28,5,Hujan,Malam,Bus,Rem Blong,Jalan Kota,Baik,>60,Simpang T,Perempuan,26-45,Ya
12/16/2021,2021,12,Bekasi,3572,448,30,15,Cerah,Pagi,Truk,Kelalaian Pengemudi,Jalan Kota,Berlubang,<40,Simpang 4,Perempuan,17-25,Ya
6/11/2023,2023,06,Palembang,2278,210,24,12,Hujan,Dini Hari,Mobil,Rem Blong,Jalan Provinsi,Rusak,>60,Simpang 4,Perempuan,>50,Tidak
8/19/2023,2023,08,Jakarta Selatan,2314,344,22,45,Hujan,Dini Hari,Motor,Pelanggaran Lalu Lintas,Jalan Kota,Berlubang,40-60,Simpang 4,Perempuan,17-25,Tidak
7/18/2021,2021,07,Palembang,2958,304,21,11,Cerah,Dini Hari,Mobil,Rem Blong,Jalan Provinsi,Rusak,>60,Simpang T,Perempuan,26-45,Ya
12/29/2023,2023,12,Bekasi,1271,413,21,9,Cerah,Dini Hari,Truk,Kelalaian Pengemudi,Jalan Nasional,Berlubang,>60,Simpang 4,Laki-laki,17-25,Ya
8/24/2024,2024,08,Jakarta Selatan,1961,372,26,27,Cerah,Pagi,Mobil,Pelanggaran Lalu Lintas,Jalan Kota,Baik,>60,Simpang 4,Perempuan,17-25,Ya
7/8/2024,2024,07,Bekasi,2947,191,26,25,Cerah,Pagi,Bus,Kurang Jarak Aman,Jalan Provinsi,Rusak,40-60,Simpang T,Laki-laki,>50,Tidak
9/22/2022,2022,09,Jakarta Selatan,3600,267,28,12,Cerah,Siang,Truk,Rem Blong,Jalan Kota,Rusak,>60,Lurus,Laki-laki,17-25,Tidak
5/7/2021,2021,05,Medan,4564,367,27,32,Cerah,Siang,Truk,Kecepatan Berlebih,Jalan Kota,Berlubang,>60,Simpang 4,Laki-laki,26-45,Ya
10/30/2024,2024,10,Jakarta Timur,2276,127,26,50,Cerah,Pagi,Mobil,Kecepatan Berlebih,Jalan Kota,Baik,40-60,Simpang Y,Laki-laki,17-25,Ya
6/25/2024,2024,06,Makassar,4023,339,21,59,Cerah,Siang,Mobil,Pelanggaran Lalu Lintas,Jalan Nasional,Berlubang,<40,Lurus,Laki-laki,17-25,Tidak
10/16/2023,2023,10,Makassar,3945,416,28,16,Cerah,Malam,Motor,Kelalaian Pengemudi,Jalan Provinsi,Baik,>60,Lurus,Perempuan,26-45,Tidak
1/28/2024,2024,01,Semarang,4867,333,27,15,Hujan,Dini Hari,Motor,Kurang Jarak Aman,Jalan Provinsi,Berlubang,<40,Simpang T,Laki-laki,26-45,Ya
8/16/2025,2025,08,Semarang,3738,499,22,25,Cerah,Malam,Mobil,Kondisi Jalan,Jalan Nasional,Berlubang,40-60,Lurus,Perempuan,>50,Tidak
2/26/2023,2023,02,Bandung,1214,492,21,47,Cerah,Dini Hari,Mobil,Rem Blong,Jalan Nasional,Berlubang,>60,Tikungan,Perempuan,17-25,Tidak
11/27/2022,2022,11,Surabaya,4599,272,24,16,Cerah,Malam,Truk,Kurang Jarak Aman,Jalan Provinsi,Rusak,40-60,Simpang 4,Perempuan,17-25,Ya
11/15/2021,2021,11,Bandung,2291,152,27,37,Hujan,Siang,Truk,Kurang Jarak Aman,Jalan Kota,Rusak,>60,Simpang Y,Perempuan,<17,Ya
1/17/2021,2021,01,Palembang,3008,113,24,8,Hujan,Malam,Mobil,Kecepatan Berlebih,Jalan Nasional,Berlubang,40-60,Lurus,Perempuan,>50,Tidak
9/11/2022,2022,09,Palembang,4177,206,23,16,Hujan,Dini Hari,Bus,Kelalaian Pengemudi,Jalan Provinsi,Baik,>60,Simpang Y,Laki-laki,>50,Tidak
4/25/2021,2021,04,Palembang,2876,348,30,6,Cerah,Dini Hari,Motor,Kurang Jarak Aman,Jalan Nasional,Baik,>60,Tikungan,Perempuan,<17,Tidak
7/18/2025,2025,07,Bekasi,1945,473,23,32,Hujan,Pagi,Motor,Kelalaian Pengemudi,Jalan Kota,Rusak,>60,Lurus,Laki-laki,<17,Ya
3/27/2023,2023,03,Bandung,4055,214,27,32,Cerah,Dini Hari,Truk,Kecepatan Berlebih,Jalan Kota,Berlubang,40-60,Simpang T,Laki-laki,<17,Ya
5/31/2023,2023,05,Jakarta Selatan,3894,341,24,8,Hujan,Pagi,Bus,Kurang Jarak Aman,Jalan Kota,Rusak,<40,Simpang 4,Perempuan,>50,Tidak
10/10/2023,2023,10,Bandung,2783,266,25,5,Cerah,Malam,Mobil,Kurang Jarak Aman,Jalan Nasional,Berlubang,>60,Simpang 4,Laki-laki,26-45,Ya
7/13/2024,2024,07,Yogyakarta,4879,421,29,21,Cerah,Malam,Bus,Kecepatan Berlebih,Jalan Provinsi,Berlubang,40-60,Tikungan,Perempuan,26-45,Tidak
3/14/2023,2023,03,Medan,4549,320,30,3,Cerah,Malam,Truk,Kecepatan Berlebih,Jalan Nasional,Baik,40-60,Simpang T,Perempuan,<17,Tidak
9/25/2022,2022,09,Semarang,1916,311,28,10,Hujan,Siang,Mobil,Pelanggaran Lalu Lintas,Jalan Nasional,Baik,>60,Tikungan,Laki-laki,>50,Ya
7/7/2023,2023,07,Medan,3217,444,26,12,Hujan,Siang,Truk,Kondisi Jalan,Jalan Nasional,Berlubang,>60,Simpang 4,Perempuan,>50,Tidak
10/21/2024,2024,10,Bandung,1674,470,29,12,Cerah,Dini Hari,Motor,Kurang Jarak Aman,Jalan Provinsi,Berlubang,<40,Lurus,Perempuan,<17,Tidak
1/8/2025,2025,01,Semarang,1324,403,23,19,Cerah,Pagi,Truk,Kelalaian Pengemudi,Jalan Nasional,Rusak,<40,Lurus,Perempuan,26-45,Ya
7/12/2021,2021,07,Yogyakarta,4139,112,27,7,Hujan,Malam,Bus,Rem Blong,Jalan Nasional,Baik,>60,Simpang 4,Laki-laki,26-45,Tidak
3/4/2024,2024,03,Medan,4489,251,23,2,Cerah,Pagi,Motor,Kelalaian Pengemudi,Jalan Nasional,Baik,<40,Simpang T,Laki-laki,>50,Ya
1/24/2024,2024,01,Palembang,4568,119,23,10,Cerah,Malam,Truk,Pelanggaran Lalu Lintas,Jalan Nasional,Berlubang,>60,Tikungan,Laki-laki,<17,Tidak
8/6/2022,2022,08,Jakarta Timur,3499,418,28,23,Hujan,Pagi,Motor,Pelanggaran Lalu Lintas,Jalan Nasional,Rusak,>60,Lurus,Perempuan,17-25,Ya
12/6/2025,2025,12,Bekasi,1454,168,28,52,Cerah,Siang,Bus,Kondisi Jalan,Jalan Nasional,Baik,<40,Tikungan,Perempuan,<17,Ya
11/9/2023,2023,11,Semarang,2043,193,30,66,Cerah,Pagi,Truk,Pelanggaran Lalu Lintas,Jalan Provinsi,Berlubang,>60,Simpang T,Laki-laki,>50,Ya
10/4/2023,2023,10,Bandung,2201,328,21,53,Cerah,Dini Hari,Mobil,Kondisi Jalan,Jalan Provinsi,Baik,<40,Lurus,Perempuan,>50,Ya
4/15/2023,2023,04,Jakarta Selatan,3429,210,26,1,Hujan,Dini Hari,Mobil,Pelanggaran Lalu Lintas,Jalan Nasional,Baik,>60,Simpang 4,Laki-laki,26-45,Ya
6/14/2024,2024,06,Jakarta Timur,1791,479,28,3,Cerah,Siang,Mobil,Kondisi Jalan,Jalan Provinsi,Rusak,<40,Lurus,Perempuan,26-45,Tidak
10/5/2022,2022,10,Bekasi,3796,192,25,55,Hujan,Pagi,Motor,Kelalaian Pengemudi,Jalan Nasional,Baik,<40,Lurus,Laki-laki,<17,Tidak
12/8/2025,2025,12,Jakarta Selatan,3417,179,29,5,Hujan,Siang,Bus,Kelalaian Pengemudi,Jalan Provinsi,Baik,40-60,Simpang T,Laki-laki,26-45,Ya
5/17/2025,2025,05,Palembang,2066,250,27,10,Hujan,Siang,Bus,Rem Blong,Jalan Kota,Baik,>60,Simpang 4,Laki-laki,<17,Ya
8/27/2022,2022,08,Bekasi,3631,290,27,16,Cerah,Pagi,Motor,Rem Blong,Jalan Nasional,Rusak,>60,Simpang T,Perempuan,<17,Ya
10/18/2025,2025,10,Bekasi,2526,167,25,3,Cerah,Dini Hari,Truk,Pelanggaran Lalu Lintas,Jalan Provinsi,Rusak,>60,Simpang 4,Perempuan,<17,Ya
2/25/2024,2024,02,Makassar,2677,318,30,7,Hujan,Dini Hari,Motor,Kondisi Jalan,Jalan Kota,Rusak,40-60,Simpang T,Laki-laki,26-45,Tidak
7/16/2021,2021,07,Bekasi,4492,410,21,32,Cerah,Pagi,Mobil,Kecepatan Berlebih,Jalan Kota,Baik,<40,Lurus,Perempuan,17-25,Tidak
10/29/2025,2025,10,Semarang,1888,431,26,11,Cerah,Dini Hari,Mobil,Kelalaian Pengemudi,Jalan Nasional,Baik,>60,Simpang T,Perempuan,<17,Tidak
12/17/2024,2024,12,Yogyakarta,4462,349,25,12,Cerah,Dini Hari,Motor,Kelalaian Pengemudi,Jalan Provinsi,Baik,40-60,Lurus,Laki-laki,>50,Ya
2/24/2025,2025,02,Medan,3432,227,21,48,Hujan,Dini Hari,Bus,Kecepatan Berlebih,Jalan Nasional,Rusak,<40,Simpang 4,Perempuan,17-25,Ya
2/2/2024,2024,02,Bekasi,1063,178,29,26,Hujan,Dini Hari,Mobil,Kecepatan Berlebih,Jalan Nasional,Berlubang,>60,Lurus,Perempuan,26-45,Tidak
9/3/2022,2022,09,Medan,2422,290,20,7,Cerah,Malam,Truk,Kelalaian Pengemudi,Jalan Kota,Baik,40-60,Simpang Y,Perempuan,26-45,Ya
6/5/2023,2023,06,Makassar,3437,414,26,37,Hujan,Dini Hari,Motor,Rem Blong,Jalan Kota,Rusak,<40,Simpang T,Laki-laki,>50,Ya
2/26/2023,2023,02,Medan,3213,117,22,12,Hujan,Dini Hari,Mobil,Rem Blong,Jalan Provinsi,Rusak,<40,Simpang 4,Perempuan,17-25,Ya
12/9/2023,2023,12,Semarang,3905,479,20,30,Hujan,Siang,Motor,Pelanggaran Lalu Lintas,Jalan Kota,Baik,>60,Tikungan,Perempuan,>50,Ya
1/1/2022,2022,01,Jakarta Timur,4456,138,20,15,Cerah,Malam,Truk,Kondisi Jalan,Jalan Nasional,Baik,>60,Tikungan,Perempuan,>50,Ya
10/5/2024,2024,10,Semarang,3399,448,20,30,Cerah,Siang,Bus,Kurang Jarak Aman,Jalan Nasional,Baik,40-60,Simpang T,Perempuan,17-25,Tidak
7/10/2025,2025,07,Semarang,2065,128,22,32,Hujan,Siang,Mobil,Kecepatan Berlebih,Jalan Kota,Berlubang,>60,Simpang 4,Laki-laki,26-45,Tidak
1/24/2021,2021,01,Jakarta Timur,2912,268,28,12,Hujan,Pagi,Truk,Pelanggaran Lalu Lintas,Jalan Nasional,Rusak,<40,Simpang 4,Perempuan,26-45,Ya
12/31/2025,2025,12,Semarang,3978,252,28,33,Hujan,Malam,Bus,Kondisi Jalan,Jalan Provinsi,Berlubang,>60,Simpang T,Perempuan,>50,Ya
10/9/2024,2024,10,Bandung,1065,226,24,7,Hujan,Pagi,Motor,Pelanggaran Lalu Lintas,Jalan Provinsi,Rusak,>60,Simpang T,Laki-laki,26-45,Ya
6/27/2023,2023,06,Jakarta Timur,2784,241,22,35,Hujan,Malam,Motor,Kurang Jarak Aman,Jalan Kota,Rusak,<40,Lurus,Laki-laki,>50,Tidak
4/15/2022,2022,04,Jakarta Selatan,4423,261,21,9,Hujan,Pagi,Mobil,Kurang Jarak Aman,Jalan Provinsi,Baik,>60,Simpang T,Perempuan,>50,Ya
12/30/2025,2025,12,Surabaya,1988,376,22,16,Cerah,Siang,Bus,Kondisi Jalan,Jalan Nasional,Berlubang,40-60,Tikungan,Perempuan,17-25,Ya
12/26/2024,2024,12,Yogyakarta,1407,385,26,19,Hujan,Malam,Mobil,Kelalaian Pengemudi,Jalan Kota,Baik,<40,Tikungan,Laki-laki,17-25,Tidak
11/14/2025,2025,11,Yogyakarta,4192,201,25,15,Cerah,Dini Hari,Mobil,Kurang Jarak Aman,Jalan Nasional,Rusak,40-60,Lurus,Perempuan,26-45,Ya
10/4/2023,2023,10,Jakarta Timur,1874,405,23,30,Cerah,Siang,Mobil,Kondisi Jalan,Jalan Nasional,Rusak,>60,Lurus,Perempuan,17-25,Tidak
12/27/2025,2025,12,Yogyakarta,4094,416,27,12,Hujan,Pagi,Bus,Pelanggaran Lalu Lintas,Jalan Provinsi,Rusak,40-60,Tikungan,Perempuan,<17,Ya
5/28/2022,2022,05,Surabaya,1384,241,30,2,Hujan,Siang,Truk,Kurang Jarak Aman,Jalan Kota,Baik,>60,Simpang T,Perempuan,>50,Tidak
1/11/2024,2024,01,Medan,2688,196,23,57,Hujan,Dini Hari,Mobil,Pelanggaran Lalu Lintas,Jalan Nasional,Berlubang,<40,Tikungan,Laki-laki,<17,Ya
3/19/2023,2023,03,Surabaya,4972,109,28,11,Hujan,Pagi,Bus,Kelalaian Pengemudi,Jalan Provinsi,Berlubang,>60,Simpang Y,Laki-laki,<17,Ya
3/2/2023,2023,03,Semarang,3724,247,24,27,Hujan,Dini Hari,Bus,Kondisi Jalan,Jalan Nasional,Baik,<40,Tikungan,Laki-laki,17-25,Ya
8/3/2025,2025,08,Palembang,2814,303,30,14,Hujan,Siang,Bus,Kelalaian Pengemudi,Jalan Kota,Berlubang,>60,Tikungan,Perempuan,>50,Tidak
4/8/2023,2023,04,Semarang,2554,354,21,29,Cerah,Malam,Truk,Pelanggaran Lalu Lintas,Jalan Kota,Baik,<40,Simpang Y,Laki-laki,17-25,Tidak
3/15/2021,2021,03,Jakarta Selatan,1554,341,29,36,Hujan,Siang,Truk,Kurang Jarak Aman,Jalan Nasional,Rusak,<40,Tikungan,Laki-laki,>50,Tidak
9/21/2024,2024,09,Palembang,1148,297,20,16,Cerah,Pagi,Mobil,Kurang Jarak Aman,Jalan Nasional,Baik,<40,Simpang T,Laki-laki,17-25,Ya
3/23/2022,2022,03,Yogyakarta,3900,285,21,45,Cerah,Malam,Mobil,Kondisi Jalan,Jalan Nasional,Berlubang,>60,Simpang 4,Perempuan,<17,Tidak
6/18/2025,2025,06,Semarang,1038,347,26,9,Cerah,Dini Hari,Truk,Kurang Jarak Aman,Jalan Provinsi,Berlubang,>60,Simpang 4,Laki-laki,17-25,Tidak
10/29/2023,2023,10,Surabaya,3923,255,22,55,Cerah,Malam,Truk,Kurang Jarak Aman,Jalan Kota,Rusak,<40,Tikungan,Perempuan,<17,Ya
11/2/2021,2021,11,Bandung,3727,490,30,30,Cerah,Siang,Motor,Rem Blong,Jalan Kota,Baik,>60,Lurus,Perempuan,26-45,Tidak
8/22/2024,2024,08,Semarang,2930,112,28,30,Cerah,Pagi,Mobil,Kelalaian Pengemudi,Jalan Nasional,Baik,>60,Simpang 4,Laki-laki,<17,Ya
2/5/2023,2023,02,Makassar,3091,480,30,25,Cerah,Malam,Motor,Kecepatan Berlebih,Jalan Kota,Berlubang,>60,Lurus,Laki-laki,<17,Ya
5/26/2022,2022,05,Medan,2747,486,25,6,Cerah,Pagi,Bus,Kurang Jarak Aman,Jalan Provinsi,Baik,>60,Simpang 4,Perempuan,17-25,Tidak
3/1/2023,2023,03,Palembang,4943,297,24,58,Cerah,Siang,Truk,Kecepatan Berlebih,Jalan Nasional,Baik,40-60,Simpang T,Laki-laki,17-25,Tidak
12/1/2025,2025,12,Yogyakarta,1753,339,22,23,Cerah,Siang,Motor,Kecepatan Berlebih,Jalan Provinsi,Baik,40-60,Simpang 4,Perempuan,26-45,Ya
4/10/2022,2022,04,Jakarta Selatan,1545,301,24,9,Hujan,Pagi,Mobil,Kurang Jarak Aman,Jalan Provinsi,Baik,>60,Tikungan,Laki-laki,26-45,Tidak
8/22/2022,2022,08,Jakarta Timur,1608,436,20,23,Hujan,Pagi,Bus,Rem Blong,Jalan Kota,Baik,<40,Simpang 4,Laki-laki,17-25,Tidak
7/27/2023,2023,07,Jakarta Timur,3111,415,26,11,Cerah,Siang,Mobil,Rem Blong,Jalan Provinsi,Rusak,<40,Tikungan,Laki-laki,17-25,Ya
11/10/2023,2023,11,Medan,2040,283,27,9,Hujan,Dini Hari,Motor,Kondisi Jalan,Jalan Provinsi,Rusak,<40,Lurus,Laki-laki,26-45,Tidak
3/20/2023,2023,03,Medan,2545,444,26,57,Hujan,Siang,Truk,Kecepatan Berlebih,Jalan Provinsi,Baik,>60,Tikungan,Laki-laki,<17,Tidak
5/6/2025,2025,05,Medan,3831,322,27,28,Cerah,Siang,Truk,Kelalaian Pengemudi,Jalan Nasional,Berlubang,<40,Simpang T,Perempuan,<17,Ya
7/23/2025,2025,07,Bekasi,3636,413,29,20,Cerah,Dini Hari,Bus,Kelalaian Pengemudi,Jalan Nasional,Rusak,>60,Lurus,Perempuan,>50,Ya
2/19/2023,2023,02,Yogyakarta,1539,325,22,50,Cerah,Pagi,Truk,Kurang Jarak Aman,Jalan Provinsi,Rusak,>60,Simpang Y,Perempuan,>50,Tidak
8/26/2021,2021,08,Makassar,3656,431,24,15,Hujan,Malam,Mobil,Pelanggaran Lalu Lintas,Jalan Kota,Baik,>60,Tikungan,Perempuan,>50,Tidak
3/20/2024,2024,03,Palembang,3162,190,21,27,Hujan,Pagi,Mobil,Rem Blong,Jalan Kota,Baik,>60,Simpang 4,Perempuan,26-45,Ya
10/4/2021,2021,10,Makassar,4793,355,29,24,Cerah,Pagi,Bus,Kecepatan Berlebih,Jalan Provinsi,Berlubang,40-60,Simpang T,Perempuan,>50,Ya
10/29/2022,2022,10,Bekasi,3552,196,27,36,Cerah,Dini Hari,Truk,Pelanggaran Lalu Lintas,Jalan Provinsi,Baik,>60,Simpang Y,Laki-laki,<17,Ya
2/4/2024,2024,02,Bandung,1616,466,20,41,Hujan,Dini Hari,Bus,Kecepatan Berlebih,Jalan Provinsi,Berlubang,>60,Simpang T,Laki-laki,26-45,Tidak
7/8/2021,2021,07,Surabaya,2545,132,27,26,Hujan,Pagi,Truk,Pelanggaran Lalu Lintas,Jalan Nasional,Baik,<40,Simpang T,Perempuan,<17,Ya
10/26/2024,2024,10,Yogyakarta,3517,346,21,33,Cerah,Dini Hari,Motor,Kondisi Jalan,Jalan Provinsi,Berlubang,<40,Simpang T,Perempuan,26-45,Tidak
11/13/2022,2022,11,Palembang,4452,102,29,34,Hujan,Dini Hari,Motor,Kelalaian Pengemudi,Jalan Provinsi,Baik,40-60,Simpang Y,Perempuan,>50,Ya
10/16/2023,2023,10,Yogyakarta,2785,185,30,11,Hujan,Siang,Mobil,Rem Blong,Jalan Kota,Baik,40-60,Simpang 4,Laki-laki,<17,Ya
7/3/2024,2024,07,Surabaya,1359,238,28,14,Hujan,Pagi,Mobil,Pelanggaran Lalu Lintas,Jalan Nasional,Berlubang,>60,Tikungan,Perempuan,>50,Tidak
10/23/2023,2023,10,Palembang,1770,441,25,21,Cerah,Pagi,Bus,Kurang Jarak Aman,Jalan Nasional,Rusak,<40,Tikungan,Perempuan,<17,Ya
4/2/2024,2024,04,Palembang,1375,374,23,32,Cerah,Dini Hari,Mobil,Pelanggaran Lalu Lintas,Jalan Nasional,Baik,<40,Simpang T,Perempuan,26-45,Tidak
5/14/2022,2022,05,Bekasi,2863,163,24,9,Cerah,Malam,Motor,Kelalaian Pengemudi,Jalan Kota,Baik,>60,Simpang Y,Perempuan,<17,Tidak
5/27/2021,2021,05,Bekasi,1402,366,28,3,Hujan,Dini Hari,Motor,Kondisi Jalan,Jalan Provinsi,Berlubang,<40,Simpang Y,Laki-laki,<17,Ya
10/5/2021,2021,10,Yogyakarta,4244,379,29,19,Cerah,Malam,Bus,Pelanggaran Lalu Lintas,Jalan Provinsi,Rusak,<40,Simpang 4,Perempuan,<17,Ya
11/7/2024,2024,11,Bandung,4989,427,23,23,Hujan,Dini Hari,Truk,Kurang Jarak Aman,Jalan Provinsi,Baik,<40,Simpang 4,Perempuan,>50,Tidak
4/19/2024,2024,04,Medan,1293,500,30,15,Cerah,Siang,Truk,Kurang Jarak Aman,Jalan Kota,Berlubang,<40,Tikungan,Perempuan,>50,Ya
4/5/2024,2024,04,Palembang,4272,149,27,32,Cerah,Dini Hari,Mobil,Pelanggaran Lalu Lintas,Jalan Nasional,Baik,<40,Tikungan,Perempuan,<17,Ya
5/5/2023,2023,05,Palembang,3964,205,29,4,Cerah,Malam,Bus,Kondisi Jalan,Jalan Nasional,Baik,>60,Simpang 4,Laki-laki,<17,Ya
5/9/2024,2024,05,Yogyakarta,1877,355,22,9,Hujan,Siang,Mobil,Kurang Jarak Aman,Jalan Kota,Berlubang,40-60,Lurus,Laki-laki,26-45,Tidak
3/26/2021,2021,03,Jakarta Selatan,3920,443,20,41,Cerah,Dini Hari,Mobil,Kelalaian Pengemudi,Jalan Nasional,Baik,40-60,Tikungan,Laki-laki,26-45,Ya
9/4/2025,2025,09,Medan,2560,496,23,19,Hujan,Dini Hari,Mobil,Kecepatan Berlebih,Jalan Kota,Baik,<40,Tikungan,Perempuan,>50,Tidak
10/16/2025,2025,10,Yogyakarta,1197,259,30,70,Hujan,Dini Hari,Bus,Kurang Jarak Aman,Jalan Nasional,Baik,>60,Simpang Y,Perempuan,26-45,Tidak
2/27/2025,2025,02,Bandung,1666,371,27,38,Hujan,Malam,Bus,Kondisi Jalan,Jalan Nasional,Baik,<40,Simpang Y,Perempuan,26-45,Ya
8/12/2023,2023,08,Semarang,4170,263,24,45,Cerah,Dini Hari,Motor,Rem Blong,Jalan Provinsi,Berlubang,>60,Tikungan,Laki-laki,>50,Tidak
3/27/2022,2022,03,Jakarta Timur,2981,343,28,32,Cerah,Dini Hari,Bus,Rem Blong,Jalan Provinsi,Berlubang,<40,Simpang T,Perempuan,<17,Tidak
2/4/2024,2024,02,Surabaya,1789,120,30,24,Cerah,Siang,Truk,Kondisi Jalan,Jalan Nasional,Baik,<40,Simpang 4,Laki-laki,26-45,Ya
6/7/2024,2024,06,Bandung,3346,454,21,27,Cerah,Dini Hari,Truk,Pelanggaran Lalu Lintas,Jalan Kota,Baik,<40,Tikungan,Laki-laki,<17,Tidak
9/28/2024,2024,09,Bekasi,4419,285,21,3,Hujan,Dini Hari,Truk,Kecepatan Berlebih,Jalan Provinsi,Berlubang,<40,Simpang Y,Perempuan,>50,Ya
3/22/2022,2022,03,Bekasi,1497,122,20,34,Hujan,Pagi,Motor,Rem Blong,Jalan Provinsi,Rusak,40-60,Tikungan,Laki-laki,26-45,Ya
2/14/2021,2021,02,Bandung,1981,444,30,34,Cerah,Pagi,Bus,Kelalaian Pengemudi,Jalan Provinsi,Rusak,>60,Lurus,Perempuan,<17,Ya
2/6/2021,2021,02,Jakarta Selatan,1519,396,26,36,Cerah,Malam,Bus,Kecepatan Berlebih,Jalan Provinsi,Baik,40-60,Tikungan,Perempuan,>50,Tidak
10/25/2024,2024,10,Bekasi,3399,103,21,64,Hujan,Pagi,Truk,Kurang Jarak Aman,Jalan Nasional,Berlubang,40-60,Simpang 4,Perempuan,17-25,Ya
2/5/2025,2025,02,Jakarta Selatan,3442,220,20,5,Cerah,Pagi,Bus,Kecepatan Berlebih,Jalan Provinsi,Rusak,40-60,Simpang Y,Laki-laki,26-45,Tidak
4/1/2023,2023,04,Makassar,4578,245,27,58,Hujan,Malam,Truk,Kecepatan Berlebih,Jalan Kota,Baik,40-60,Tikungan,Perempuan,>50,Tidak
12/15/2023,2023,12,Bekasi,1255,498,25,12,Cerah,Siang,Truk,Pelanggaran Lalu Lintas,Jalan Provinsi,Rusak,<40,Simpang 4,Perempuan,>50,Tidak
4/10/2024,2024,04,Semarang,3728,268,20,3,Cerah,Pagi,Motor,Kurang Jarak Aman,Jalan Kota,Berlubang,>60,Simpang Y,Perempuan,17-25,Tidak
8/7/2025,2025,08,Palembang,2796,296,30,24,Hujan,Dini Hari,Truk,Kondisi Jalan,Jalan Nasional,Rusak,<40,Simpang 4,Laki-laki,>50,Tidak
12/10/2022,2022,12,Yogyakarta,2278,472,21,48,Hujan,Pagi,Mobil,Kelalaian Pengemudi,Jalan Provinsi,Baik,40-60,Simpang Y,Laki-laki,>50,Tidak
2/22/2021,2021,02,Jakarta Timur,1175,397,25,41,Cerah,Malam,Mobil,Kondisi Jalan,Jalan Kota,Baik,<40,Lurus,Perempuan,17-25,Ya
10/16/2025,2025,10,Surabaya,4081,167,25,33,Cerah,Dini Hari,Bus,Kondisi Jalan,Jalan Nasional,Baik,>60,Simpang Y,Perempuan,26-45,Tidak
11/3/2025,2025,11,Makassar,4411,298,23,26,Cerah,Siang,Motor,Rem Blong,Jalan Provinsi,Rusak,40-60,Simpang 4,Laki-laki,<17,Tidak
8/2/2024,2024,08,Jakarta Timur,2585,178,27,11,Cerah,Dini Hari,Truk,Pelanggaran Lalu Lintas,Jalan Kota,Baik,>60,Lurus,Perempuan,26-45,Tidak
12/28/2023,2023,12,Bekasi,2954,390,26,53,Cerah,Dini Hari,Motor,Rem Blong,Jalan Nasional,Baik,>60,Simpang Y,Perempuan,>50,Tidak
2/28/2025,2025,02,Palembang,4467,169,24,64,Cerah,Pagi,Bus,Rem Blong,Jalan Provinsi,Rusak,<40,Tikungan,Perempuan,26-45,Tidak
7/11/2021,2021,07,Surabaya,3441,215,29,29,Cerah,Malam,Bus,Kondisi Jalan,Jalan Provinsi,Rusak,>60,Simpang Y,Laki-laki,>50,Tidak
3/18/2022,2022,03,Medan,4427,139,24,24,Hujan,Siang,Mobil,Kondisi Jalan,Jalan Nasional,Rusak,>60,Simpang 4,Laki-laki,26-45,Ya
2/17/2023,2023,02,Medan,1677,258,22,1,Hujan,Pagi,Motor,Pelanggaran Lalu Lintas,Jalan Nasional,Baik,<40,Tikungan,Laki-laki,>50,Tidak
8/15/2024,2024,08,Palembang,3580,273,29,17,Cerah,Malam,Motor,Kecepatan Berlebih,Jalan Provinsi,Baik,<40,Simpang Y,Laki-laki,17-25,Tidak
6/22/2022,2022,06,Jakarta Timur,3945,407,28,37,Cerah,Siang,Mobil,Rem Blong,Jalan Kota,Berlubang,<40,Simpang T,Perempuan,<17,Tidak
6/6/2025,2025,06,Palembang,1279,433,25,24,Cerah,Pagi,Truk,Pelanggaran Lalu Lintas,Jalan Kota,Berlubang,40-60,Simpang Y,Perempuan,<17,Tidak
5/22/2023,2023,05,Makassar,4707,316,22,29,Cerah,Malam,Bus,Kecepatan Berlebih,Jalan Kota,Berlubang,>60,Simpang Y,Perempuan,<17,Ya
2/9/2023,2023,02,Bandung,4199,344,29,15,Hujan,Pagi,Motor,Kecepatan Berlebih,Jalan Kota,Berlubang,>60,Tikungan,Laki-laki,<17,Ya
3/7/2023,2023,03,Bekasi,4160,203,20,45,Cerah,Malam,Truk,Kecepatan Berlebih,Jalan Provinsi,Baik,<40,Lurus,Perempuan,>50,Ya
11/2/2025,2025,11,Jakarta Selatan,3937,103,26,33,Hujan,Dini Hari,Mobil,Kurang Jarak Aman,Jalan Provinsi,Rusak,>60,Tikungan,Perempuan,17-25,Tidak
2/3/2022,2022,02,Yogyakarta,2848,178,30,5,Hujan,Siang,Motor,Kelalaian Pengemudi,Jalan Provinsi,Berlubang,>60,Simpang T,Laki-laki,26-45,Ya
7/4/2021,2021,07,Jakarta Selatan,2830,444,30,22,Cerah,Dini Hari,Truk,Kecepatan Berlebih,Jalan Nasional,Baik,40-60,Tikungan,Perempuan,>50,Ya
7/10/2025,2025,07,Medan,3034,441,29,36,Cerah,Malam,Mobil,Kelalaian Pengemudi,Jalan Nasional,Baik,<40,Simpang 4,Laki-laki,>50,Tidak
7/31/2021,2021,07,Palembang,2606,445,22,31,Cerah,Dini Hari,Mobil,Kelalaian Pengemudi,Jalan Provinsi,Baik,>60,Simpang T,Perempuan,<17,Tidak
7/3/2022,2022,07,Jakarta Timur,2439,142,30,29,Cerah,Dini Hari,Mobil,Kondisi Jalan,Jalan Kota,Baik,<40,Tikungan,Perempuan,17-25,Ya
5/21/2023,2023,05,Semarang,4017,433,23,45,Hujan,Malam,Mobil,Rem Blong,Jalan Provinsi,Baik,<40,Lurus,Perempuan,>50,Tidak
6/4/2021,2021,06,Bekasi,1923,491,28,5,Hujan,Dini Hari,Mobil,Kelalaian Pengemudi,Jalan Nasional,Rusak,>60,Simpang Y,Perempuan,26-45,Ya
3/16/2021,2021,03,Bekasi,2152,367,22,49,Cerah,Malam,Truk,Kurang Jarak Aman,Jalan Nasional,Baik,>60,Tikungan,Laki-laki,17-25,Tidak
7/22/2021,2021,07,Bekasi,3469,342,26,66,Cerah,Malam,Mobil,Kondisi Jalan,Jalan Nasional,Baik,40-60,Simpang 4,Laki-laki,>50,Tidak
4/29/2022,2022,04,Jakarta Selatan,4945,330,30,35,Hujan,Malam,Motor,Kecepatan Berlebih,Jalan Nasional,Berlubang,40-60,Simpang T,Perempuan,17-25,Ya
4/7/2023,2023,04,Makassar,2411,266,28,2,Cerah,Malam,Motor,Pelanggaran Lalu Lintas,Jalan Nasional,Rusak,>60,Lurus,Perempuan,>50,Tidak
6/16/2023,2023,06,Medan,1560,152,22,24,Hujan,Siang,Mobil,Pelanggaran Lalu Lintas,Jalan Provinsi,Rusak,>60,Lurus,Perempuan,>50,Ya
1/25/2024,2024,01,Bandung,3761,459,23,13,Cerah,Malam,Truk,Rem Blong,Jalan Nasional,Berlubang,<40,Simpang Y,Perempuan,17-25,Tidak
12/7/2022,2022,12,Medan,4075,460,23,52,Cerah,Malam,Truk,Kondisi Jalan,Jalan Provinsi,Baik,>60,Lurus,Laki-laki,>50,Tidak
11/9/2024,2024,11,Bandung,2528,354,26,8,Cerah,Siang,Mobil,Kondisi Jalan,Jalan Kota,Rusak,40-60,Tikungan,Laki-laki,17-25,Tidak
5/23/2022,2022,05,Bekasi,3212,455,22,52,Cerah,Pagi,Bus,Kondisi Jalan,Jalan Provinsi,Baik,>60,Tikungan,Laki-laki,26-45,Ya
9/1/2022,2022,09,Semarang,1353,331,23,27,Hujan,Malam,Motor,Kondisi Jalan,Jalan Provinsi,Baik,>60,Lurus,Perempuan,<17,Ya
6/8/2025,2025,06,Bandung,1742,326,27,28,Hujan,Malam,Truk,Kecepatan Berlebih,Jalan Nasional,Baik,40-60,Simpang T,Perempuan,26-45,Tidak
5/23/2024,2024,05,Jakarta Timur,2482,460,29,19,Hujan,Malam,Bus,Kelalaian Pengemudi,Jalan Provinsi,Rusak,<40,Simpang 4,Perempuan,26-45,Tidak
6/2/2022,2022,06,Makassar,2140,247,23,37,Hujan,Malam,Truk,Kurang Jarak Aman,Jalan Nasional,Baik,>60,Lurus,Laki-laki,<17,Ya
10/5/2024,2024,10,Surabaya,4401,289,23,13,Hujan,Malam,Mobil,Kelalaian Pengemudi,Jalan Provinsi,Rusak,<40,Lurus,Perempuan,17-25,Ya
11/28/2024,2024,11,Medan,1845,307,25,3,Cerah,Malam,Truk,Pelanggaran Lalu Lintas,Jalan Nasional,Baik,40-60,Simpang Y,Perempuan,>50,Ya
7/11/2024,2024,07,Yogyakarta,3012,194,29,17,Hujan,Dini Hari,Motor,Pelanggaran Lalu Lintas,Jalan Kota,Rusak,<40,Simpang 4,Laki-laki,>50,Ya
10/9/2025,2025,10,Palembang,4494,208,28,21,Hujan,Malam,Truk,Pelanggaran Lalu Lintas,Jalan Nasional,Berlubang,40-60,Simpang 4,Perempuan,<17,Tidak
4/13/2024,2024,04,Surabaya,2677,321,22,13,Hujan,Siang,Motor,Kelalaian Pengemudi,Jalan Provinsi,Baik,>60,Simpang 4,Laki-laki,17-25,Tidak
11/26/2022,2022,11,Surabaya,4166,150,24,22,Cerah,Malam,Truk,Kurang Jarak Aman,Jalan Provinsi,Berlubang,40-60,Lurus,Perempuan,26-45,Tidak
9/3/2023,2023,09,Semarang,2881,121,28,9,Cerah,Malam,Motor,Kondisi Jalan,Jalan Provinsi,Rusak,<40,Tikungan,Laki-laki,17-25,Ya
4/25/2025,2025,04,Semarang,4478,388,21,48,Hujan,Pagi,Bus,Pelanggaran Lalu Lintas,Jalan Nasional,Baik,<40,Simpang 4,Laki-laki,26-45,Ya
4/24/2025,2025,04,Makassar,2362,100,25,11,Cerah,Malam,Truk,Kurang Jarak Aman,Jalan Nasional,Berlubang,>60,Lurus,Laki-laki,<17,Tidak
3/19/2021,2021,03,Palembang,4117,206,27,14,Cerah,Siang,Bus,Rem Blong,Jalan Nasional,Rusak,<40,Simpang 4,Laki-laki,17-25,Tidak
7/11/2022,2022,07,Jakarta Selatan,2694,226,28,55,Hujan,Pagi,Truk,Kondisi Jalan,Jalan Kota,Baik,>60,Tikungan,Perempuan,>50,Tidak
11/9/2024,2024,11,Makassar,1746,181,22,20,Cerah,Malam,Motor,Kurang Jarak Aman,Jalan Nasional,Berlubang,40-60,Simpang Y,Perempuan,<17,Ya
12/27/2022,2022,12,Palembang,1066,347,27,10,Hujan,Dini Hari,Motor,Kelalaian Pengemudi,Jalan Nasional,Baik,<40,Simpang T,Laki-laki,17-25,Ya
11/6/2024,2024,11,Palembang,3454,475,24,42,Cerah,Dini Hari,Motor,Kondisi Jalan,Jalan Kota,Baik,40-60,Simpang Y,Laki-laki,17-25,Tidak
12/28/2021,2021,12,Palembang,3879,110,23,31,Hujan,Siang,Mobil,Kurang Jarak Aman,Jalan Nasional,Rusak,40-60,Simpang 4,Perempuan,26-45,Tidak
1/22/2025,2025,01,Semarang,1341,210,27,44,Cerah,Pagi,Mobil,Rem Blong,Jalan Nasional,Berlubang,<40,Tikungan,Laki-laki,<17,Ya
5/6/2024,2024,05,Semarang,4806,107,30,34,Hujan,Siang,Bus,Kelalaian Pengemudi,Jalan Kota,Berlubang,>60,Simpang Y,Laki-laki,17-25,Ya
11/2/2023,2023,11,Palembang,1504,283,23,22,Cerah,Pagi,Bus,Kondisi Jalan,Jalan Kota,Berlubang,>60,Simpang T,Perempuan,<17,Ya
2/7/2024,2024,02,Surabaya,3751,101,30,43,Hujan,Dini Hari,Mobil,Kecepatan Berlebih,Jalan Nasional,Berlubang,>60,Tikungan,Perempuan,<17,Tidak
3/7/2024,2024,03,Yogyakarta,3332,171,29,59,Cerah,Siang,Bus,Pelanggaran Lalu Lintas,Jalan Kota,Rusak,<40,Tikungan,Laki-laki,26-45,Tidak
10/4/2025,2025,10,Medan,1186,358,26,14,Hujan,Pagi,Mobil,Kondisi Jalan,Jalan Kota,Berlubang,40-60,Tikungan,Perempuan,17-25,Tidak
9/4/2022,2022,09,Medan,1540,216,21,18,Hujan,Pagi,Mobil,Rem Blong,Jalan Provinsi,Rusak,>60,Simpang 4,Laki-laki,17-25,Tidak
11/2/2023,2023,11,Semarang,4891,332,30,66,Cerah,Pagi,Truk,Pelanggaran Lalu Lintas,Jalan Provinsi,Berlubang,40-60,Simpang T,Laki-laki,>50,Ya
5/23/2021,2021,05,Medan,4423,403,21,51,Cerah,Pagi,Bus,Rem Blong,Jalan Nasional,Baik,>60,Simpang T,Perempuan,26-45,Tidak
10/21/2023,2023,10,Medan,4381,259,29,10,Cerah,Siang,Bus,Kurang Jarak Aman,Jalan Kota,Baik,40-60,Simpang 4,Laki-laki,>50,Ya
8/13/2023,2023,08,Jakarta Timur,1656,224,26,7,Hujan,Siang,Bus,Kelalaian Pengemudi,Jalan Kota,Rusak,40-60,Tikungan,Laki-laki,26-45,Ya
11/24/2025,2025,11,Semarang,1810,462,23,42,Cerah,Siang,Motor,Kondisi Jalan,Jalan Kota,Rusak,>60,Tikungan,Laki-laki,>50,Tidak
7/27/2024,2024,07,Jakarta Timur,2248,395,22,49,Cerah,Pagi,Truk,Kecepatan Berlebih,Jalan Provinsi,Berlubang,40-60,Simpang T,Laki-laki,17-25,Ya
9/2/2024,2024,09,Palembang,1758,228,30,16,Cerah,Pagi,Mobil,Kurang Jarak Aman,Jalan Nasional,Baik,40-60,Simpang Y,Laki-laki,26-45,Ya
4/8/2023,2023,04,Medan,1831,185,25,42,Cerah,Siang,Motor,Pelanggaran Lalu Lintas,Jalan Kota,Berlubang,40-60,Simpang T,Perempuan,>50,Tidak
9/27/2021,2021,09,Semarang,1857,428,29,9,Cerah,Siang,Truk,Kondisi Jalan,Jalan Nasional,Baik,>60,Tikungan,Laki-laki,>50,Ya
6/15/2022,2022,06,Yogyakarta,3271,280,29,16,Hujan,Siang,Mobil,Kurang Jarak Aman,Jalan Kota,Berlubang,<40,Lurus,Perempuan,17-25,Tidak
10/20/2022,2022,10,Palembang,2758,493,22,19,Cerah,Pagi,Truk,Kelalaian Pengemudi,Jalan Nasional,Rusak,40-60,Simpang 4,Laki-laki,26-45,Ya
7/30/2022,2022,07,Makassar,2986,118,23,11,Cerah,Dini Hari,Truk,Kecepatan Berlebih,Jalan Kota,Baik,<40,Simpang Y,Laki-laki,17-25,Tidak
12/15/2023,2023,12,Palembang,3952,343,25,7,Cerah,Pagi,Truk,Kurang Jarak Aman,Jalan Nasional,Rusak,40-60,Simpang Y,Laki-laki,>50,Tidak
11/17/2021,2021,11,Jakarta Selatan,2178,486,20,22,Hujan,Pagi,Motor,Kondisi Jalan,Jalan Provinsi,Rusak,>60,Lurus,Perempuan,26-45,Tidak
7/17/2022,2022,07,Surabaya,4182,227,24,21,Cerah,Malam,Bus,Kecepatan Berlebih,Jalan Provinsi,Baik,40-60,Lurus,Perempuan,17-25,Tidak
6/22/2023,2023,06,Surabaya,2186,386,27,8,Cerah,Siang,Bus,Rem Blong,Jalan Nasional,Baik,40-60,Tikungan,Perempuan,>50,Ya
4/17/2022,2022,04,Palembang,1485,293,20,11,Cerah,Dini Hari,Motor,Kecepatan Berlebih,Jalan Kota,Berlubang,>60,Simpang Y,Perempuan,>50,Tidak
5/15/2024,2024,05,Bandung,1956,124,29,16,Hujan,Malam,Bus,Kondisi Jalan,Jalan Kota,Baik,>60,Simpang 4,Laki-laki,>50,Tidak
12/23/2021,2021,12,Makassar,2735,487,28,15,Cerah,Siang,Mobil,Rem Blong,Jalan Kota,Baik,40-60,Simpang T,Laki-laki,>50,Ya
1/15/2025,2025,01,Yogyakarta,4155,176,20,38,Cerah,Dini Hari,Mobil,Kondisi Jalan,Jalan Nasional,Berlubang,40-60,Simpang Y,Perempuan,26-45,Ya
9/17/2023,2023,09,Bandung,3429,182,29,21,Cerah,Malam,Truk,Pelanggaran Lalu Lintas,Jalan Kota,Rusak,>60,Simpang 4,Laki-laki,<17,Tidak
5/4/2025,2025,05,Surabaya,3925,324,23,23,Hujan,Dini Hari,Truk,Kelalaian Pengemudi,Jalan Kota,Berlubang,40-60,Lurus,Laki-laki,26-45,Tidak
4/18/2022,2022,04,Semarang,4189,116,23,12,Hujan,Malam,Truk,Kondisi Jalan,Jalan Kota,Berlubang,<40,Simpang T,Perempuan,17-25,Ya
11/22/2021,2021,11,Bekasi,3482,129,25,13,Hujan,Malam,Bus,Kondisi Jalan,Jalan Nasional,Berlubang,>60,Tikungan,Perempuan,17-25,Tidak
9/29/2025,2025,09,Jakarta Selatan,3018,188,29,0,Cerah,Siang,Motor,Kecepatan Berlebih,Jalan Kota,Berlubang,40-60,Simpang Y,Perempuan,26-45,Ya
1/29/2022,2022,01,Surabaya,2810,283,26,49,Hujan,Dini Hari,Mobil,Kurang Jarak Aman,Jalan Nasional,Berlubang,>60,Simpang 4,Perempuan,>50,Ya
11/5/2022,2022,11,Medan,3792,471,27,9,Cerah,Siang,Motor,Kurang Jarak Aman,Jalan Provinsi,Berlubang,<40,Lurus,Perempuan,<17,Ya
10/27/2025,2025,10,Makassar,4150,458,24,18,Cerah,Dini Hari,Motor,Kecepatan Berlebih,Jalan Nasional,Baik,>60,Simpang 4,Laki-laki,26-45,Ya
6/26/2023,2023,06,Semarang,2703,292,23,50,Cerah,Pagi,Motor,Kelalaian Pengemudi,Jalan Provinsi,Rusak,>60,Simpang 4,Perempuan,<17,Tidak
11/24/2022,2022,11,Semarang,3567,498,22,16,Cerah,Siang,Bus,Kondisi Jalan,Jalan Kota,Baik,<40,Simpang T,Laki-laki,>50,Ya
10/22/2024,2024,10,Jakarta Selatan,3006,437,25,42,Cerah,Siang,Bus,Kelalaian Pengemudi,Jalan Provinsi,Berlubang,>60,Simpang 4,Perempuan,17-25,Tidak
8/1/2021,2021,08,Jakarta Timur,4673,105,26,16,Cerah,Malam,Motor,Kecepatan Berlebih,Jalan Kota,Berlubang,<40,Simpang Y,Laki-laki,<17,Tidak
12/15/2023,2023,12,Semarang,3658,268,30,24,Hujan,Malam,Motor,Kondisi Jalan,Jalan Provinsi,Baik,>60,Simpang 4,Laki-laki,17-25,Tidak
1/27/2022,2022,01,Palembang,3859,278,23,57,Hujan,Siang,Truk,Pelanggaran Lalu Lintas,Jalan Kota,Rusak,40-60,Lurus,Laki-laki,26-45,Ya
1/8/2022,2022,01,Yogyakarta,3736,381,24,12,Cerah,Siang,Motor,Kecepatan Berlebih,Jalan Provinsi,Baik,<40,Tikungan,Laki-laki,<17,Tidak
4/14/2025,2025,04,Surabaya,3541,463,21,38,Hujan,Malam,Truk,Rem Blong,Jalan Kota,Rusak,40-60,Tikungan,Laki-laki,<17,Tidak
11/17/2024,2024,11,Semarang,1983,261,30,5,Hujan,Malam,Truk,Kondisi Jalan,Jalan Nasional,Berlubang,<40,Tikungan,Perempuan,<17,Tidak
8/22/2023,2023,08,Bandung,2617,367,24,44,Hujan,Pagi,Bus,Kelalaian Pengemudi,Jalan Nasional,Berlubang,>60,Lurus,Perempuan,>50,Ya
1/5/2024,2024,01,Jakarta Selatan,4606,160,30,6,Cerah,Siang,Mobil,Kelalaian Pengemudi,Jalan Kota,Berlubang,40-60,Lurus,Perempuan,<17,Tidak
8/29/2025,2025,08,Bekasi,2063,325,30,12,Hujan,Dini Hari,Motor,Kelalaian Pengemudi,Jalan Nasional,Rusak,40-60,Simpang T,Laki-laki,17-25,Tidak
2/23/2021,2021,02,Bekasi,3057,312,21,11,Hujan,Malam,Motor,Kondisi Jalan,Jalan Provinsi,Baik,40-60,Simpang Y,Perempuan,<17,Tidak
11/16/2021,2021,11,Palembang,1241,420,23,32,Cerah,Siang,Mobil,Pelanggaran Lalu Lintas,Jalan Provinsi,Berlubang,<40,Tikungan,Perempuan,26-45,Ya
12/20/2023,2023,12,Makassar,1851,293,23,5,Cerah,Siang,Mobil,Kecepatan Berlebih,Jalan Nasional,Baik,40-60,Simpang T,Laki-laki,>50,Ya
8/11/2023,2023,08,Bandung,3625,306,25,39,Hujan,Siang,Truk,Rem Blong,Jalan Provinsi,Baik,>60,Simpang Y,Laki-laki,>50,Tidak
2/20/2024,2024,02,Surabaya,3926,404,20,43,Hujan,Dini Hari,Mobil,Kecepatan Berlebih,Jalan Nasional,Berlubang,>60,Simpang 4,Laki-laki,26-45,Ya
4/30/2025,2025,04,Yogyakarta,4858,280,22,18,Hujan,Pagi,Bus,Kondisi Jalan,Jalan Kota,Baik,<40,Lurus,Laki-laki,17-25,Ya
5/9/2022,2022,05,Bandung,3923,309,21,8,Hujan,Malam,Motor,Pelanggaran Lalu Lintas,Jalan Kota,Berlubang,<40,Lurus,Perempuan,>50,Ya
7/11/2021,2021,07,Surabaya,1215,126,20,29,Cerah,Malam,Bus,Kondisi Jalan,Jalan Provinsi,Rusak,>60,Lurus,Laki-laki,26-45,Tidak
3/6/2021,2021,03,Palembang,2133,316,20,8,Cerah,Malam,Mobil,Kecepatan Berlebih,Jalan Provinsi,Rusak,>60,Tikungan,Laki-laki,<17,Tidak
10/19/2025,2025,10,Jakarta Selatan,4104,225,27,24,Cerah,Malam,Mobil,Rem Blong,Jalan Kota,Rusak,40-60,Simpang Y,Perempuan,17-25,Ya
11/4/2024,2024,11,Medan,1776,163,30,7,Cerah,Pagi,Mobil,Rem Blong,Jalan Nasional,Berlubang,40-60,Simpang Y,Laki-laki,17-25,Ya
11/7/2023,2023,11,Jakarta Selatan,4989,335,20,18,Cerah,Pagi,Truk,Kecepatan Berlebih,Jalan Kota,Baik,>60,Tikungan,Perempuan,26-45,Ya
2/16/2021,2021,02,Palembang,3807,198,21,10,Cerah,Siang,Motor,Kecepatan Berlebih,Jalan Nasional,Rusak,<40,Tikungan,Laki-laki,<17,Ya
7/19/2025,2025,07,Medan,2590,477,28,48,Cerah,Siang,Bus,Kecepatan Berlebih,Jalan Nasional,Rusak,>60,Lurus,Perempuan,<17,Ya
8/24/2024,2024,08,Medan,3544,255,21,38,Hujan,Malam,Truk,Kecepatan Berlebih,Jalan Provinsi,Rusak,>60,Lurus,Perempuan,<17,Ya
4/22/2022,2022,04,Palembang,4590,439,20,0,Hujan,Siang,Truk,Kondisi Jalan,Jalan Provinsi,Berlubang,>60,Simpang 4,Perempuan,>50,Tidak
4/30/2025,2025,04,Jakarta Timur,2799,483,24,65,Cerah,Siang,Bus,Pelanggaran Lalu Lintas,Jalan Nasional,Rusak,40-60,Tikungan,Laki-laki,>50,Ya
4/6/2022,2022,04,Jakarta Timur,1785,126,20,9,Cerah,Dini Hari,Bus,Rem Blong,Jalan Nasional,Berlubang,<40,Simpang T,Perempuan,>50,Tidak
5/31/2024,2024,05,Bandung,4897,406,30,16,Hujan,Malam,Bus,Kondisi Jalan,Jalan Kota,Baik,40-60,Simpang Y,Laki-laki,<17,Ya
1/3/2023,2023,01,Semarang,3740,359,26,17,Cerah,Dini Hari,Truk,Kelalaian Pengemudi,Jalan Provinsi,Rusak,40-60,Simpang Y,Perempuan,<17,Tidak
10/17/2024,2024,10,Semarang,4524,442,21,33,Hujan,Malam,Bus,Kondisi Jalan,Jalan Nasional,Rusak,40-60,Tikungan,Perempuan,17-25,Ya
5/23/2025,2025,05,Medan,1622,277,25,28,Cerah,Siang,Truk,Kelalaian Pengemudi,Jalan Nasional,Berlubang,<40,Lurus,Laki-laki,17-25,Tidak
7/7/2022,2022,07,Palembang,1810,450,23,46,Hujan,Dini Hari,Truk,Rem Blong,Jalan Nasional,Berlubang,40-60,Tikungan,Perempuan,<17,Ya
6/19/2022,2022,06,Jakarta Selatan,3297,367,25,32,Hujan,Dini Hari,Motor,Rem Blong,Jalan Kota,Berlubang,>60,Simpang Y,Laki-laki,<17,Tidak
8/2/2023,2023,08,Surabaya,3343,399,25,30,Cerah,Malam,Motor,Kecepatan Berlebih,Jalan Provinsi,Berlubang,>60,Tikungan,Perempuan,>50,Ya
7/3/2024,2024,07,Palembang,3389,402,21,22,Hujan,Malam,Mobil,Kelalaian Pengemudi,Jalan Kota,Rusak,>60,Lurus,Perempuan,<17,Ya
3/13/2025,2025,03,Medan,1227,324,27,6,Hujan,Dini Hari,Motor,Kondisi Jalan,Jalan Nasional,Baik,40-60,Simpang Y,Laki-laki,26-45,Ya
9/13/2022,2022,09,Yogyakarta,4698,429,27,4,Hujan,Malam,Truk,Kelalaian Pengemudi,Jalan Nasional,Rusak,<40,Lurus,Laki-laki,26-45,Ya
11/15/2024,2024,11,Jakarta Timur,4714,406,24,52,Hujan,Malam,Mobil,Kecepatan Berlebih,Jalan Kota,Baik,<40,Lurus,Laki-laki,>50,Tidak
1/5/2021,2021,01,Surabaya,1447,267,25,7,Cerah,Malam,Motor,Pelanggaran Lalu Lintas,Jalan Kota,Berlubang,<40,Simpang Y,Perempuan,26-45,Tidak
8/17/2023,2023,08,Palembang,1578,165,24,4,Cerah,Malam,Motor,Kondisi Jalan,Jalan Nasional,Rusak,<40,Simpang T,Perempuan,26-45,Ya
1/5/2022,2022,01,Bandung,3736,175,21,36,Cerah,Pagi,Truk,Kurang Jarak Aman,Jalan Kota,Rusak,>60,Simpang 4,Perempuan,26-45,Tidak
7/24/2025,2025,07,Jakarta Selatan,4714,103,21,22,Hujan,Malam,Bus,Kecepatan Berlebih,Jalan Nasional,Baik,<40,Simpang T,Laki-laki,>50,Ya
10/23/2023,2023,10,Semarang,2683,231,29,8,Cerah,Pagi,Motor,Rem Blong,Jalan Nasional,Baik,40-60,Simpang 4,Laki-laki,<17,Tidak
8/24/2024,2024,08,Surabaya,4634,467,26,9,Hujan,Dini Hari,Bus,Kecepatan Berlebih,Jalan Kota,Baik,>60,Simpang T,Laki-laki,<17,Tidak
3/6/2021,2021,03,Jakarta Selatan,3991,436,29,36,Hujan,Siang,Truk,Kurang Jarak Aman,Jalan Nasional,Rusak,>60,Lurus,Laki-laki,17-25,Tidak
5/2/2021,2021,05,Makassar,2497,296,29,3,Hujan,Siang,Mobil,Rem Blong,Jalan Nasional,Rusak,>60,Tikungan,Laki-laki,17-25,Ya
1/14/2024,2024,01,Semarang,3725,316,27,35,Cerah,Pagi,Bus,Rem Blong,Jalan Provinsi,Rusak,>60,Simpang Y,Laki-laki,17-25,Ya
11/7/2022,2022,11,Bandung,4796,313,22,42,Hujan,Siang,Bus,Rem Blong,Jalan Nasional,Rusak,<40,Simpang T,Laki-laki,>50,Ya
6/28/2024,2024,06,Jakarta Timur,3478,383,27,26,Cerah,Dini Hari,Mobil,Kurang Jarak Aman,Jalan Kota,Baik,40-60,Simpang T,Laki-laki,<17,Tidak
1/31/2022,2022,01,Surabaya,1278,221,29,33,Hujan,Pagi,Truk,Kecepatan Berlebih,Jalan Kota,Baik,>60,Lurus,Laki-laki,<17,Tidak
12/29/2022,2022,12,Palembang,4280,151,23,68,Hujan,Pagi,Mobil,Rem Blong,Jalan Nasional,Berlubang,40-60,Simpang 4,Laki-laki,>50,Ya
1/24/2021,2021,01,Makassar,3174,333,25,28,Hujan,Malam,Motor,Rem Blong,Jalan Nasional,Baik,<40,Tikungan,Perempuan,26-45,Ya
11/20/2025,2025,11,Palembang,3024,175,28,35,Cerah,Pagi,Mobil,Pelanggaran Lalu Lintas,Jalan Nasional,Rusak,<40,Tikungan,Perempuan,>50,Ya
1/2/2021,2021,01,Bekasi,3623,229,30,55,Cerah,Dini Hari,Bus,Kecepatan Berlebih,Jalan Nasional,Baik,>60,Lurus,Perempuan,>50,Ya
7/4/2024,2024,07,Surabaya,1173,485,30,19,Cerah,Dini Hari,Motor,Kondisi Jalan,Jalan Kota,Berlubang,40-60,Simpang 4,Perempuan,<17,Tidak
5/17/2025,2025,05,Jakarta Selatan,3200,422,23,14,Hujan,Dini Hari,Bus,Kelalaian Pengemudi,Jalan Provinsi,Rusak,40-60,Lurus,Laki-laki,>50,Tidak
2/4/2021,2021,02,Palembang,4182,128,24,7,Cerah,Pagi,Mobil,Kurang Jarak Aman,Jalan Kota,Rusak,40-60,Lurus,Laki-laki,>50,Tidak
10/24/2021,2021,10,Yogyakarta,4552,423,24,19,Cerah,Malam,Bus,Pelanggaran Lalu Lintas,Jalan Provinsi,Rusak,<40,Simpang Y,Laki-laki,>50,Ya
2/10/2025,2025,02,Bandung,2107,386,25,59,Cerah,Malam,Bus,Pelanggaran Lalu Lintas,Jalan Provinsi,Berlubang,<40,Simpang T,Laki-laki,>50,Ya
11/15/2021,2021,11,Bekasi,4618,192,26,29,Cerah,Siang,Motor,Kurang Jarak Aman,Jalan Nasional,Rusak,<40,Simpang 4,Laki-laki,26-45,Tidak
8/18/2022,2022,08,Medan,3685,325,25,4,Hujan,Siang,Motor,Kecepatan Berlebih,Jalan Nasional,Baik,<40,Simpang T,Laki-laki,>50,Tidak
1/20/2021,2021,01,Surabaya,2729,417,25,8,Cerah,Dini Hari,Motor,Rem Blong,Jalan Nasional,Berlubang,40-60,Simpang Y,Laki-laki,17-25,Ya
5/24/2023,2023,05,Palembang,2978,137,25,4,Cerah,Malam,Bus,Kondisi Jalan,Jalan Nasional,Baik,<40,Simpang 4,Laki-laki,>50,Tidak
2/5/2024,2024,02,Semarang,1984,274,25,36,Hujan,Dini Hari,Truk,Kondisi Jalan,Jalan Kota,Berlubang,40-60,Simpang Y,Laki-laki,17-25,Tidak
7/22/2025,2025,07,Jakarta Timur,2670,277,24,5,Hujan,Pagi,Bus,Rem Blong,Jalan Kota,Rusak,<40,Simpang 4,Perempuan,<17,Tidak
5/2/2023,2023,05,Palembang,4408,204,28,4,Cerah,Malam,Bus,Kondisi Jalan,Jalan Nasional,Baik,<40,Simpang T,Perempuan,26-45,Tidak
3/4/2021,2021,03,Bekasi,2851,480,26,51,Hujan,Siang,Mobil,Kurang Jarak Aman,Jalan Nasional,Berlubang,<40,Simpang T,Laki-laki,<17,Ya
9/29/2023,2023,09,Bandung,1198,324,22,6,Cerah,Dini Hari,Bus,Kecepatan Berlebih,Jalan Nasional,Rusak,>60,Tikungan,Perempuan,<17,Tidak
12/29/2021,2021,12,Yogyakarta,1506,159,22,33,Cerah,Malam,Motor,Kurang Jarak Aman,Jalan Nasional,Baik,<40,Simpang 4,Perempuan,26-45,Ya
6/16/2024,2024,06,Jakarta Selatan,3987,438,22,20,Hujan,Siang,Bus,Kondisi Jalan,Jalan Kota,Rusak,>60,Simpang Y,Perempuan,17-25,Ya
11/22/2025,2025,11,Bekasi,1767,228,30,15,Hujan,Dini Hari,Motor,Rem Blong,Jalan Kota,Rusak,>60,Simpang T,Laki-laki,26-45,Tidak
4/28/2021,2021,04,Surabaya,4077,354,26,27,Cerah,Siang,Mobil,Rem Blong,Jalan Nasional,Berlubang,<40,Simpang 4,Perempuan,26-45,Tidak
11/17/2025,2025,11,Bandung,4320,467,28,10,Cerah,Pagi,Mobil,Rem Blong,Jalan Provinsi,Baik,40-60,Tikungan,Perempuan,<17,Tidak
5/3/2021,2021,05,Semarang,2252,461,21,23,Cerah,Pagi,Truk,Kondisi Jalan,Jalan Provinsi,Rusak,>60,Lurus,Perempuan,>50,Ya
10/10/2021,2021,10,Medan,1533,302,29,3,Cerah,Dini Hari,Bus,Kurang Jarak Aman,Jalan Kota,Baik,<40,Simpang Y,Laki-laki,26-45,Ya
6/23/2024,2024,06,Jakarta Timur,2370,432,29,26,Cerah,Dini Hari,Mobil,Kurang Jarak Aman,Jalan Kota,Baik,<40,Simpang 4,Perempuan,<17,Ya
3/15/2025,2025,03,Surabaya,3711,427,23,9,Cerah,Dini Hari,Truk,Kecepatan Berlebih,Jalan Nasional,Rusak,40-60,Simpang 4,Perempuan,17-25,Tidak
10/27/2025,2025,10,Makassar,3388,196,27,49,Hujan,Malam,Bus,Kelalaian Pengemudi,Jalan Nasional,Berlubang,>60,Simpang Y,Laki-laki,<17,Tidak
3/11/2022,2022,03,Surabaya,2083,192,24,13,Hujan,Siang,Motor,Rem Blong,Jalan Kota,Baik,<40,Tikungan,Perempuan,<17,Ya
5/7/2022,2022,05,Makassar,1203,383,27,43,Hujan,Pagi,Motor,Kelalaian Pengemudi,Jalan Kota,Baik,40-60,Tikungan,Laki-laki,<17,Tidak
8/14/2021,2021,08,Surabaya,1653,268,30,47,Hujan,Pagi,Bus,Rem Blong,Jalan Nasional,Rusak,40-60,Lurus,Perempuan,17-25,Ya
1/3/2024,2024,01,Medan,2482,348,22,10,Hujan,Pagi,Bus,Kurang Jarak Aman,Jalan Nasional,Rusak,40-60,Simpang T,Laki-laki,>50,Tidak
2/17/2023,2023,02,Bekasi,3727,365,28,34,Cerah,Pagi,Bus,Kecepatan Berlebih,Jalan Provinsi,Berlubang,40-60,Simpang Y,Perempuan,17-25,Tidak
8/9/2022,2022,08,Makassar,1158,266,30,32,Hujan,Malam,Motor,Rem Blong,Jalan Provinsi,Baik,40-60,Lurus,Perempuan,>50,Ya
5/28/2022,2022,05,Bekasi,2326,107,27,29,Cerah,Dini Hari,Bus,Kurang Jarak Aman,Jalan Provinsi,Rusak,<40,Simpang Y,Perempuan,26-45,Tidak
4/3/2021,2021,04,Bandung,2868,290,25,7,Cerah,Siang,Motor,Kelalaian Pengemudi,Jalan Provinsi,Rusak,>60,Simpang Y,Laki-laki,26-45,Ya
1/31/2024,2024,01,Palembang,2742,290,24,3,Cerah,Siang,Truk,Kecepatan Berlebih,Jalan Kota,Baik,40-60,Simpang T,Laki-laki,17-25,Tidak
12/31/2022,2022,12,Makassar,3166,106,29,38,Hujan,Pagi,Truk,Kelalaian Pengemudi,Jalan Provinsi,Baik,<40,Simpang T,Laki-laki,>50,Ya
3/16/2024,2024,03,Bekasi,3487,435,23,1,Hujan,Pagi,Mobil,Kurang Jarak Aman,Jalan Provinsi,Baik,>60,Simpang Y,Laki-laki,<17,Tidak
4/1/2024,2024,04,Jakarta Selatan,3956,163,23,30,Hujan,Dini Hari,Motor,Kurang Jarak Aman,Jalan Provinsi,Berlubang,>60,Simpang Y,Perempuan,>50,Tidak
9/15/2022,2022,09,Palembang,2956,149,21,26,Hujan,Pagi,Truk,Kecepatan Berlebih,Jalan Provinsi,Rusak,>60,Simpang 4,Perempuan,26-45,Tidak
7/13/2021,2021,07,Bekasi,4828,270,20,6,Cerah,Malam,Motor,Pelanggaran Lalu Lintas,Jalan Kota,Baik,<40,Simpang 4,Laki-laki,>50,Ya
5/6/2023,2023,05,Surabaya,2152,298,30,30,Cerah,Malam,Motor,Pelanggaran Lalu Lintas,Jalan Nasional,Baik,>60,Simpang Y,Laki-laki,>50,Tidak
8/28/2022,2022,08,Medan,2519,102,20,14,Cerah,Pagi,Motor,Kelalaian Pengemudi,Jalan Provinsi,Rusak,>60,Simpang Y,Laki-laki,17-25,Ya
7/4/2025,2025,07,Semarang,2771,404,26,45,Cerah,Pagi,Bus,Rem Blong,Jalan Kota,Rusak,<40,Simpang Y,Laki-laki,17-25,Ya
7/17/2023,2023,07,Medan,2165,232,29,33,Cerah,Malam,Motor,Kondisi Jalan,Jalan Provinsi,Baik,40-60,Simpang Y,Perempuan,17-25,Ya
9/21/2024,2024,09,Surabaya,3880,135,30,1,Hujan,Malam,Bus,Kondisi Jalan,Jalan Kota,Baik,<40,Simpang Y,Laki-laki,<17,Ya
3/10/2021,2021,03,Medan,2746,164,25,10,Hujan,Malam,Mobil,Rem Blong,Jalan Provinsi,Baik,>60,Tikungan,Perempuan,>50,Ya
12/13/2025,2025,12,Bekasi,1413,279,24,52,Cerah,Siang,Bus,Kondisi Jalan,Jalan Nasional,Baik,40-60,Simpang Y,Laki-laki,>50,Tidak
8/26/2024,2024,08,Semarang,3614,480,27,28,Hujan,Pagi,Truk,Kecepatan Berlebih,Jalan Nasional,Baik,>60,Simpang 4,Perempuan,>50,Tidak
9/11/2021,2021,09,Jakarta Timur,4522,295,30,33,Hujan,Pagi,Mobil,Kondisi Jalan,Jalan Nasional,Rusak,40-60,Simpang Y,Laki-laki,<17,Ya
4/18/2023,2023,04,Surabaya,3708,158,23,2,Cerah,Malam,Truk,Rem Blong,Jalan Nasional,Baik,>60,Simpang T,Laki-laki,>50,Tidak
7/23/2022,2022,07,Palembang,2594,223,22,46,Hujan,Dini Hari,Truk,Rem Blong,Jalan Nasional,Berlubang,<40,Simpang 4,Perempuan,>50,Tidak
5/3/2024,2024,05,Makassar,3681,354,20,16,Hujan,Dini Hari,Mobil,Kecepatan Berlebih,Jalan Provinsi,Berlubang,<40,Simpang 4,Laki-laki,>50,Tidak
4/3/2024,2024,04,Semarang,4788,209,22,46,Hujan,Pagi,Motor,Kelalaian Pengemudi,Jalan Nasional,Berlubang,<40,Lurus,Perempuan,26-45,Ya
12/25/2023,2023,12,Yogyakarta,4664,170,21,28,Cerah,Malam,Truk,Kelalaian Pengemudi,Jalan Kota,Berlubang,<40,Simpang T,Perempuan,<17,Ya
11/27/2024,2024,11,Medan,4137,120,23,32,Hujan,Dini Hari,Truk,Pelanggaran Lalu Lintas,Jalan Provinsi,Rusak,40-60,Simpang T,Perempuan,>50,Ya
12/2/2022,2022,12,Makassar,2607,401,26,38,Hujan,Pagi,Truk,Kelalaian Pengemudi,Jalan Provinsi,Baik,40-60,Simpang 4,Perempuan,26-45,Ya
7/16/2024,2024,07,Makassar,1273,330,22,16,Cerah,Malam,Mobil,Rem Blong,Jalan Provinsi,Rusak,<40,Lurus,Laki-laki,>50,Tidak
6/25/2025,2025,06,Makassar,1558,396,29,20,Hujan,Dini Hari,Truk,Kelalaian Pengemudi,Jalan Nasional,Rusak,<40,Lurus,Perempuan,26-45,Tidak
11/22/2022,2022,11,Surabaya,3869,176,23,24,Hujan,Dini Hari,Truk,Kurang Jarak Aman,Jalan Provinsi,Berlubang,<40,Simpang T,Laki-laki,<17,Tidak
6/28/2022,2022,06,Semarang,2688,443,28,48,Cerah,Siang,Mobil,Kecepatan Berlebih,Jalan Nasional,Baik,>60,Simpang Y,Perempuan,<17,Tidak
12/27/2021,2021,12,Bekasi,3900,155,20,14,Cerah,Malam,Truk,Kondisi Jalan,Jalan Nasional,Rusak,<40,Simpang Y,Laki-laki,17-25,Ya
6/22/2023,2023,06,Jakarta Timur,4906,190,27,25,Cerah,Siang,Mobil,Kecepatan Berlebih,Jalan Nasional,Berlubang,>60,Lurus,Perempuan,<17,Tidak
8/20/2022,2022,08,Jakarta Selatan,3487,293,28,13,Cerah,Pagi,Bus,Kurang Jarak Aman,Jalan Provinsi,Rusak,>60,Simpang 4,Perempuan,<17,Tidak
4/8/2025,2025,04,Jakarta Selatan,3853,103,28,7,Cerah,Dini Hari,Truk,Rem Blong,Jalan Nasional,Berlubang,40-60,Lurus,Perempuan,>50,Ya
6/14/2023,2023,06,Jakarta Timur,4755,261,25,4,Cerah,Siang,Bus,Kondisi Jalan,Jalan Kota,Rusak,40-60,Simpang Y,Perempuan,26-45,Ya
8/23/2024,2024,08,Semarang,3197,186,30,32,Cerah,Malam,Bus,Kecepatan Berlebih,Jalan Kota,Baik,>60,Simpang T,Perempuan,>50,Ya
7/22/2025,2025,07,Jakarta Timur,2942,357,22,35,Cerah,Siang,Truk,Kondisi Jalan,Jalan Provinsi,Rusak,>60,Simpang 4,Laki-laki,26-45,Tidak
7/18/2023,2023,07,Makassar,1289,223,28,14,Cerah,Malam,Motor,Kondisi Jalan,Jalan Nasional,Baik,>60,Simpang Y,Perempuan,<17,Tidak
8/19/2021,2021,08,Palembang,4792,301,22,10,Hujan,Dini Hari,Mobil,Kelalaian Pengemudi,Jalan Nasional,Baik,40-60,Tikungan,Perempuan,>50,Tidak
4/18/2025,2025,04,Palembang,2270,172,20,35,Cerah,Dini Hari,Motor,Kondisi Jalan,Jalan Provinsi,Berlubang,40-60,Simpang Y,Perempuan,26-45,Tidak
5/17/2023,2023,05,Semarang,3180,363,26,45,Hujan,Malam,Mobil,Rem Blong,Jalan Provinsi,Baik,40-60,Simpang 4,Perempuan,17-25,Tidak
8/16/2022,2022,08,Semarang,4598,191,20,60,Cerah,Siang,Truk,Rem Blong,Jalan Provinsi,Berlubang,<40,Tikungan,Laki-laki,17-25,Tidak
12/11/2022,2022,12,Medan,4595,335,30,21,Cerah,Pagi,Mobil,Kecepatan Berlebih,Jalan Provinsi,Rusak,40-60,Simpang 4,Laki-laki,26-45,Tidak
3/3/2025,2025,03,Makassar,2883,239,20,27,Cerah,Dini Hari,Truk,Kecepatan Berlebih,Jalan Nasional,Baik,<40,Simpang Y,Perempuan,26-45,Tidak
3/14/2024,2024,03,Jakarta Selatan,2663,316,20,10,Hujan,Dini Hari,Truk,Kurang Jarak Aman,Jalan Kota,Baik,>60,Simpang Y,Perempuan,<17,Ya
8/2/2024,2024,08,Medan,3501,196,22,38,Hujan,Malam,Truk,Kecepatan Berlebih,Jalan Provinsi,Rusak,>60,Simpang Y,Perempuan,<17,Tidak
4/2/2021,2021,04,Bandung,4254,334,24,6,Cerah,Pagi,Truk,Kecepatan Berlebih,Jalan Nasional,Baik,40-60,Simpang 4,Laki-laki,17-25,Ya
9/30/2025,2025,09,Semarang,4774,224,20,3,Hujan,Malam,Motor,Rem Blong,Jalan Kota,Rusak,<40,Simpang T,Perempuan,<17,Tidak
12/1/2024,2024,12,Bekasi,4433,477,30,19,Hujan,Dini Hari,Mobil,Kurang Jarak Aman,Jalan Provinsi,Berlubang,40-60,Tikungan,Perempuan,17-25,Tidak
3/8/2023,2023,03,Makassar,3125,168,30,15,Cerah,Malam,Motor,Rem Blong,Jalan Provinsi,Berlubang,>60,Simpang 4,Perempuan,26-45,Tidak
10/18/2025,2025,10,Semarang,1820,423,20,7,Hujan,Dini Hari,Truk,Pelanggaran Lalu Lintas,Jalan Provinsi,Baik,<40,Simpang Y,Laki-laki,26-45,Ya
9/30/2025,2025,09,Bekasi,4263,193,24,31,Cerah,Dini Hari,Bus,Kurang Jarak Aman,Jalan Provinsi,Berlubang,>60,Lurus,Laki-laki,17-25,Tidak
4/29/2023,2023,04,Jakarta Timur,2680,343,22,7,Hujan,Malam,Mobil,Kecepatan Berlebih,Jalan Nasional,Berlubang,<40,Simpang T,Perempuan,>50,Ya
6/21/2023,2023,06,Jakarta Timur,3536,213,20,7,Cerah,Malam,Truk,Pelanggaran Lalu Lintas,Jalan Nasional,Rusak,<40,Simpang T,Perempuan,>50,Tidak
6/10/2023,2023,06,Jakarta Timur,3585,230,22,31,Hujan,Siang,Truk,Kecepatan Berlebih,Jalan Kota,Rusak,40-60,Lurus,Perempuan,26-45,Tidak
12/3/2021,2021,12,Palembang,2872,128,22,27,Hujan,Dini Hari,Mobil,Kelalaian Pengemudi,Jalan Provinsi,Rusak,40-60,Simpang Y,Laki-laki,<17,Ya
3/4/2021,2021,03,Medan,1575,439,21,8,Cerah,Malam,Mobil,Pelanggaran Lalu Lintas,Jalan Kota,Berlubang,40-60,Lurus,Laki-laki,17-25,Ya
9/17/2025,2025,09,Bekasi,3964,311,27,5,Cerah,Dini Hari,Truk,Kelalaian Pengemudi,Jalan Nasional,Rusak,40-60,Simpang T,Perempuan,>50,Tidak
12/11/2025,2025,12,Jakarta Selatan,1605,261,27,22,Hujan,Malam,Bus,Kondisi Jalan,Jalan Nasional,Berlubang,<40,Tikungan,Laki-laki,17-25,Tidak
10/9/2024,2024,10,Jakarta Selatan,4961,151,22,38,Cerah,Siang,Mobil,Kelalaian Pengemudi,Jalan Provinsi,Rusak,40-60,Lurus,Perempuan,26-45,Tidak
7/22/2022,2022,07,Bekasi,2189,425,21,17,Hujan,Pagi,Bus,Kurang Jarak Aman,Jalan Provinsi,Rusak,40-60,Tikungan,Perempuan,<17,Ya
1/13/2021,2021,01,Makassar,3087,347,28,15,Hujan,Dini Hari,Truk,Kondisi Jalan,Jalan Provinsi,Berlubang,40-60,Simpang T,Laki-laki,17-25,Tidak
10/25/2024,2024,10,Jakarta Selatan,3894,114,23,6,Hujan,Dini Hari,Truk,Kondisi Jalan,Jalan Nasional,Rusak,<40,Simpang Y,Laki-laki,<17,Tidak
5/16/2025,2025,05,Palembang,1595,190,27,10,Hujan,Siang,Bus,Rem Blong,Jalan Kota,Baik,40-60,Simpang Y,Perempuan,17-25,Tidak
8/31/2022,2022,08,Jakarta Selatan,1273,233,25,45,Hujan,Pagi,Bus,Kelalaian Pengemudi,Jalan Kota,Berlubang,40-60,Simpang T,Laki-laki,<17,Tidak
8/25/2022,2022,08,Jakarta Timur,4332,461,27,23,Hujan,Pagi,Motor,Pelanggaran Lalu Lintas,Jalan Nasional,Rusak,<40,Lurus,Laki-laki,17-25,Ya
3/18/2025,2025,03,Surabaya,1385,276,27,9,Cerah,Dini Hari,Truk,Kecepatan Berlebih,Jalan Nasional,Rusak,40-60,Simpang Y,Laki-laki,>50,Tidak
7/31/2024,2024,07,Bekasi,1400,402,24,19,Cerah,Dini Hari,Truk,Kelalaian Pengemudi,Jalan Provinsi,Berlubang,>60,Simpang Y,Perempuan,<17,Tidak
11/20/2022,2022,11,Bekasi,4329,376,25,5,Hujan,Dini Hari,Bus,Kecepatan Berlebih,Jalan Kota,Berlubang,40-60,Lurus,Laki-laki,<17,Ya
10/19/2025,2025,10,Bandung,2906,493,27,60,Hujan,Siang,Truk,Kondisi Jalan,Jalan Kota,Berlubang,<40,Tikungan,Laki-laki,>50,Ya
4/1/2023,2023,04,Surabaya,2416,289,23,47,Cerah,Siang,Motor,Rem Blong,Jalan Nasional,Baik,>60,Simpang Y,Perempuan,<17,Ya
4/6/2025,2025,04,Medan,2854,392,30,24,Cerah,Dini Hari,Truk,Pelanggaran Lalu Lintas,Jalan Nasional,Baik,40-60,Simpang T,Perempuan,17-25,Tidak
4/26/2023,2023,04,Bekasi,4851,257,25,11,Cerah,Siang,Bus,Kondisi Jalan,Jalan Kota,Rusak,>60,Tikungan,Laki-laki,>50,Ya
7/2/2022,2022,07,Palembang,4676,221,30,26,Cerah,Dini Hari,Motor,Kelalaian Pengemudi,Jalan Provinsi,Rusak,<40,Simpang 4,Perempuan,17-25,Ya
12/29/2023,2023,12,Yogyakarta,1747,250,22,28,Cerah,Malam,Truk,Kelalaian Pengemudi,Jalan Kota,Berlubang,<40,Simpang 4,Perempuan,>50,Tidak
4/3/2022,2022,04,Bandung,1971,224,25,29,Cerah,Dini Hari,Mobil,Kelalaian Pengemudi,Jalan Provinsi,Baik,<40,Tikungan,Laki-laki,26-45,Ya
7/14/2021,2021,07,Bandung,1570,171,28,5,Cerah,Pagi,Mobil,Pelanggaran Lalu Lintas,Jalan Kota,Rusak,>60,Lurus,Laki-laki,17-25,Ya
8/10/2022,2022,08,Makassar,4282,461,24,32,Hujan,Malam,Motor,Rem Blong,Jalan Provinsi,Baik,40-60,Tikungan,Perempuan,17-25,Tidak
6/4/2025,2025,06,Bekasi,2143,307,21,5,Cerah,Malam,Bus,Kurang Jarak Aman,Jalan Nasional,Berlubang,40-60,Simpang Y,Perempuan,>50,Tidak
8/16/2023,2023,08,Yogyakarta,2570,270,25,39,Hujan,Siang,Motor,Pelanggaran Lalu Lintas,Jalan Kota,Baik,>60,Lurus,Laki-laki,26-45,Tidak
3/20/2023,2023,03,Palembang,1007,126,24,10,Cerah,Malam,Bus,Rem Blong,Jalan Kota,Baik,40-60,Tikungan,Laki-laki,>50,Ya
6/11/2022,2022,06,Palembang,2613,238,22,14,Cerah,Pagi,Truk,Pelanggaran Lalu Lintas,Jalan Provinsi,Berlubang,40-60,Lurus,Laki-laki,17-25,Ya
11/27/2022,2022,11,Makassar,2144,332,22,13,Hujan,Pagi,Bus,Kurang Jarak Aman,Jalan Nasional,Berlubang,<40,Simpang T,Perempuan,26-45,Tidak
9/24/2025,2025,09,Jakarta Selatan,1170,170,28,40,Hujan,Malam,Bus,Kecepatan Berlebih,Jalan Nasional,Berlubang,40-60,Lurus,Laki-laki,>50,Ya
11/18/2023,2023,11,Surabaya,3405,119,29,5,Hujan,Pagi,Bus,Kurang Jarak Aman,Jalan Nasional,Rusak,>60,Lurus,Perempuan,17-25,Ya
11/9/2025,2025,11,Medan,4776,284,23,7,Hujan,Siang,Truk,Kurang Jarak Aman,Jalan Nasional,Baik,>60,Simpang T,Laki-laki,>50,Ya
10/23/2023,2023,10,Jakarta Selatan,4135,492,27,2,Cerah,Pagi,Bus,Kelalaian Pengemudi,Jalan Kota,Berlubang,>60,Lurus,Laki-laki,<17,Ya
10/26/2025,2025,10,Palembang,3330,477,22,41,Hujan,Siang,Bus,Kurang Jarak Aman,Jalan Provinsi,Baik,>60,Lurus,Perempuan,17-25,Tidak
7/9/2024,2024,07,Makassar,2302,354,28,23,Hujan,Siang,Mobil,Kondisi Jalan,Jalan Kota,Berlubang,>60,Lurus,Laki-laki,17-25,Tidak
6/16/2024,2024,06,Bekasi,1868,339,29,7,Cerah,Malam,Truk,Kelalaian Pengemudi,Jalan Provinsi,Rusak,40-60,Simpang T,Perempuan,26-45,Tidak
9/28/2022,2022,09,Jakarta Timur,3198,453,28,7,Hujan,Pagi,Bus,Kurang Jarak Aman,Jalan Nasional,Baik,>60,Lurus,Perempuan,17-25,Tidak
3/31/2022,2022,03,Medan,3525,140,27,19,Cerah,Malam,Motor,Pelanggaran Lalu Lintas,Jalan Kota,Berlubang,40-60,Lurus,Perempuan,<17,Ya
9/22/2023,2023,09,Makassar,2594,471,24,11,Cerah,Malam,Truk,Kecepatan Berlebih,Jalan Nasional,Berlubang,>60,Lurus,Perempuan,>50,Tidak
12/21/2023,2023,12,Palembang,3500,231,21,7,Cerah,Pagi,Truk,Kurang Jarak Aman,Jalan Nasional,Rusak,<40,Simpang T,Perempuan,<17,Tidak
9/25/2024,2024,09,Medan,3930,108,25,6,Cerah,Malam,Mobil,Kelalaian Pengemudi,Jalan Provinsi,Berlubang,>60,Simpang Y,Perempuan,26-45,Ya
8/2/2024,2024,08,Semarang,4921,211,28,30,Cerah,Pagi,Mobil,Kelalaian Pengemudi,Jalan Nasional,Baik,<40,Lurus,Laki-laki,<17,Tidak
7/19/2025,2025,07,Yogyakarta,1110,365,20,68,Cerah,Pagi,Mobil,Kecepatan Berlebih,Jalan Nasional,Rusak,40-60,Lurus,Laki-laki,>50,Tidak
4/2/2022,2022,04,Makassar,3135,241,27,1,Hujan,Siang,Truk,Pelanggaran Lalu Lintas,Jalan Provinsi,Baik,40-60,Simpang T,Perempuan,>50,Ya
10/28/2023,2023,10,Makassar,2410,168,28,18,Cerah,Malam,Truk,Pelanggaran Lalu Lintas,Jalan Nasional,Rusak,<40,Simpang 4,Laki-laki,<17,Tidak
10/20/2022,2022,10,Bekasi,3378,159,22,21,Cerah,Pagi,Mobil,Kondisi Jalan,Jalan Nasional,Rusak,<40,Tikungan,Perempuan,26-45,Tidak
1/21/2022,2022,01,Jakarta Selatan,2755,267,24,43,Hujan,Siang,Motor,Kondisi Jalan,Jalan Kota,Berlubang,>60,Simpang 4,Laki-laki,17-25,Tidak
12/12/2021,2021,12,Bekasi,3940,154,23,5,Hujan,Malam,Bus,Kecepatan Berlebih,Jalan Nasional,Rusak,<40,Simpang T,Perempuan,>50,Tidak
12/23/2024,2024,12,Palembang,4007,341,22,31,Cerah,Malam,Motor,Kecepatan Berlebih,Jalan Provinsi,Rusak,>60,Tikungan,Perempuan,26-45,Ya
7/12/2023,2023,07,Jakarta Selatan,4579,316,21,2,Hujan,Dini Hari,Bus,Kecepatan Berlebih,Jalan Kota,Berlubang,<40,Simpang Y,Perempuan,26-45,Tidak
3/5/2021,2021,03,Bandung,2492,165,23,5,Cerah,Dini Hari,Mobil,Kurang Jarak Aman,Jalan Provinsi,Berlubang,>60,Lurus,Laki-laki,>50,Ya
12/27/2023,2023,12,Semarang,1111,237,29,24,Hujan,Malam,Motor,Kondisi Jalan,Jalan Provinsi,Baik,>60,Simpang Y,Perempuan,>50,Tidak
7/8/2023,2023,07,Makassar,4624,260,30,27,Hujan,Pagi,Bus,Pelanggaran Lalu Lintas,Jalan Provinsi,Rusak,<40,Simpang T,Perempuan,26-45,Ya
8/7/2021,2021,08,Yogyakarta,1184,143,25,9,Cerah,Dini Hari,Truk,Kondisi Jalan,Jalan Kota,Baik,<40,Lurus,Laki-laki,26-45,Tidak
4/9/2023,2023,04,Jakarta Selatan,1751,220,30,1,Cerah,Pagi,Motor,Kurang Jarak Aman,Jalan Provinsi,Rusak,<40,Tikungan,Perempuan,17-25,Ya
1/9/2025,2025,01,Semarang,1186,313,22,18,Hujan,Pagi,Bus,Pelanggaran Lalu Lintas,Jalan Kota,Berlubang,<40,Simpang T,Perempuan,26-45,Ya
7/8/2025,2025,07,Jakarta Timur,3688,495,21,5,Hujan,Pagi,Bus,Rem Blong,Jalan Kota,Rusak,40-60,Lurus,Laki-laki,<17,Tidak
3/12/2022,2022,03,Medan,4815,288,20,58,Cerah,Dini Hari,Motor,Kondisi Jalan,Jalan Provinsi,Rusak,<40,Lurus,Laki-laki,>50,Ya
5/13/2024,2024,05,Jakarta Timur,2217,328,27,36,Hujan,Dini Hari,Truk,Kecepatan Berlebih,Jalan Nasional,Baik,40-60,Simpang 4,Perempuan,17-25,Ya
9/1/2022,2022,09,Jakarta Selatan,3388,182,20,28,Hujan,Siang,Mobil,Kelalaian Pengemudi,Jalan Provinsi,Rusak,40-60,Simpang Y,Laki-laki,>50,Tidak
5/7/2024,2024,05,Palembang,3875,189,26,12,Cerah,Siang,Truk,Kondisi Jalan,Jalan Nasional,Rusak,<40,Tikungan,Laki-laki,26-45,Tidak
4/15/2021,2021,04,Surabaya,4088,195,29,40,Cerah,Malam,Bus,Kurang Jarak Aman,Jalan Kota,Baik,<40,Simpang T,Perempuan,17-25,Tidak
1/21/2025,2025,01,Medan,1034,351,27,24,Hujan,Malam,Mobil,Pelanggaran Lalu Lintas,Jalan Nasional,Baik,<40,Simpang T,Laki-laki,26-45,Tidak
1/13/2024,2024,01,Surabaya,1889,165,26,64,Hujan,Dini Hari,Bus,Kondisi Jalan,Jalan Kota,Berlubang,40-60,Simpang Y,Perempuan,17-25,Tidak
3/11/2025,2025,03,Jakarta Timur,4421,445,30,4,Cerah,Pagi,Truk,Rem Blong,Jalan Nasional,Rusak,>60,Simpang Y,Laki-laki,17-25,Ya
9/29/2024,2024,09,Palembang,4747,366,25,50,Cerah,Dini Hari,Bus,Kurang Jarak Aman,Jalan Kota,Rusak,<40,Simpang Y,Laki-laki,26-45,Ya
9/6/2021,2021,09,Surabaya,1493,216,28,10,Hujan,Dini Hari,Mobil,Kondisi Jalan,Jalan Provinsi,Baik,40-60,Tikungan,Laki-laki,>50,Ya
6/19/2024,2024,06,Semarang,3826,150,23,20,Cerah,Malam,Motor,Pelanggaran Lalu Lintas,Jalan Provinsi,Berlubang,40-60,Simpang 4,Laki-laki,<17,Ya
12/11/2023,2023,12,Yogyakarta,4201,336,21,11,Hujan,Pagi,Truk,Kondisi Jalan,Jalan Kota,Baik,<40,Tikungan,Perempuan,26-45,Ya
5/26/2022,2022,05,Medan,3267,473,28,8,Cerah,Pagi,Mobil,Rem Blong,Jalan Kota,Berlubang,40-60,Simpang Y,Laki-laki,<17,Ya
1/17/2024,2024,01,Medan,4238,428,28,48,Hujan,Dini Hari,Truk,Kurang Jarak Aman,Jalan Provinsi,Berlubang,40-60,Simpang T,Perempuan,<17,Ya
1/17/2025,2025,01,Makassar,2402,157,22,39,Hujan,Malam,Mobil,Kecepatan Berlebih,Jalan Nasional,Baik,>60,Simpang T,Laki-laki,17-25,Ya
7/14/2025,2025,07,Palembang,4632,394,20,16,Hujan,Pagi,Truk,Kurang Jarak Aman,Jalan Nasional,Berlubang,>60,Tikungan,Laki-laki,17-25,Tidak
5/24/2022,2022,05,Bandung,1214,283,21,19,Cerah,Malam,Motor,Kurang Jarak Aman,Jalan Kota,Berlubang,<40,Tikungan,Laki-laki,<17,Ya
5/28/2024,2024,05,Medan,3026,105,21,53,Hujan,Pagi,Motor,Pelanggaran Lalu Lintas,Jalan Kota,Rusak,<40,Simpang T,Perempuan,17-25,Tidak
1/30/2021,2021,01,Surabaya,2071,230,21,11,Hujan,Siang,Mobil,Pelanggaran Lalu Lintas,Jalan Kota,Berlubang,40-60,Simpang T,Laki-laki,26-45,Ya
5/4/2021,2021,05,Jakarta Selatan,4809,157,28,39,Hujan,Siang,Mobil,Kondisi Jalan,Jalan Provinsi,Baik,>60,Simpang T,Perempuan,<17,Tidak
9/7/2025,2025,09,Bekasi,3003,357,27,23,Hujan,Malam,Bus,Kecepatan Berlebih,Jalan Kota,Berlubang,40-60,Tikungan,Perempuan,17-25,Ya
9/24/2022,2022,09,Surabaya,2595,105,26,30,Hujan,Pagi,Motor,Pelanggaran Lalu Lintas,Jalan Kota,Rusak,40-60,Tikungan,Laki-laki,26-45,Ya
5/6/2022,2022,05,Medan,1789,285,30,8,Cerah,Pagi,Mobil,Rem Blong,Jalan Kota,Berlubang,40-60,Simpang T,Laki-laki,26-45,Ya
10/2/2021,2021,10,Bekasi,2115,317,25,0,Hujan,Dini Hari,Motor,Pelanggaran Lalu Lintas,Jalan Kota,Baik,40-60,Simpang Y,Perempuan,>50,Ya
10/23/2023,2023,10,Jakarta Selatan,1742,314,27,18,Hujan,Dini Hari,Truk,Kelalaian Pengemudi,Jalan Nasional,Berlubang,40-60,Simpang Y,Laki-laki,17-25,Tidak
8/31/2021,2021,08,Medan,4122,372,28,13,Hujan,Siang,Motor,Kecepatan Berlebih,Jalan Nasional,Berlubang,40-60,Simpang Y,Perempuan,>50,Tidak
3/14/2022,2022,03,Bekasi,1027,483,29,3,Cerah,Malam,Truk,Rem Blong,Jalan Provinsi,Berlubang,>60,Simpang Y,Laki-laki,>50,Tidak
6/2/2023,2023,06,Palembang,3393,237,29,10,Hujan,Siang,Motor,Kelalaian Pengemudi,Jalan Kota,Berlubang,<40,Simpang Y,Laki-laki,>50,Ya
8/17/2023,2023,08,Yogyakarta,1786,329,20,0,Hujan,Malam,Truk,Rem Blong,Jalan Nasional,Rusak,>60,Simpang 4,Perempuan,17-25,Tidak
10/27/2021,2021,10,Semarang,2069,366,21,17,Cerah,Malam,Mobil,Rem Blong,Jalan Provinsi,Berlubang,40-60,Simpang Y,Laki-laki,26-45,Tidak
8/15/2025,2025,08,Bekasi,2704,255,27,26,Hujan,Malam,Truk,Kelalaian Pengemudi,Jalan Provinsi,Berlubang,40-60,Simpang T,Laki-laki,26-45,Tidak
8/5/2023,2023,08,Palembang,2801,339,20,18,Hujan,Pagi,Motor,Kurang Jarak Aman,Jalan Kota,Berlubang,<40,Simpang 4,Laki-laki,26-45,Ya
7/1/2023,2023,07,Yogyakarta,3690,114,21,3,Hujan,Dini Hari,Motor,Kecepatan Berlebih,Jalan Kota,Rusak,>60,Simpang Y,Perempuan,<17,Ya
1/2/2023,2023,01,Jakarta Selatan,1203,100,24,35,Cerah,Dini Hari,Truk,Kecepatan Berlebih,Jalan Provinsi,Baik,<40,Simpang T,Laki-laki,>50,Ya
5/17/2025,2025,05,Bekasi,4087,241,29,24,Cerah,Pagi,Motor,Kondisi Jalan,Jalan Nasional,Berlubang,>60,Lurus,Laki-laki,17-25,Tidak
5/1/2022,2022,05,Surabaya,2551,323,28,8,Cerah,Dini Hari,Mobil,Pelanggaran Lalu Lintas,Jalan Kota,Rusak,<40,Simpang 4,Perempuan,26-45,Tidak
9/14/2022,2022,09,Surabaya,1801,150,24,30,Hujan,Pagi,Motor,Pelanggaran Lalu Lintas,Jalan Kota,Rusak,>60,Simpang Y,Laki-laki,26-45,Tidak
5/20/2023,2023,05,Jakarta Selatan,3143,271,30,10,Hujan,Siang,Motor,Kecepatan Berlebih,Jalan Nasional,Berlubang,>60,Simpang T,Perempuan,26-45,Tidak
1/11/2023,2023,01,Bandung,1254,487,23,2,Cerah,Dini Hari,Motor,Pelanggaran Lalu Lintas,Jalan Provinsi,Baik,>60,Simpang 4,Laki-laki,<17,Ya
6/30/2025,2025,06,Bekasi,4475,496,30,37,Cerah,Malam,Truk,Kelalaian Pengemudi,Jalan Nasional,Berlubang,40-60,Simpang T,Perempuan,<17,Ya
12/17/2024,2024,12,Bandung,1428,461,24,17,Cerah,Siang,Bus,Rem Blong,Jalan Provinsi,Baik,40-60,Simpang 4,Perempuan,26-45,Ya
7/7/2022,2022,07,Semarang,1382,245,20,27,Cerah,Malam,Truk,Kondisi Jalan,Jalan Nasional,Rusak,>60,Lurus,Perempuan,17-25,Tidak
5/1/2023,2023,05,Makassar,3204,347,24,34,Hujan,Malam,Bus,Kurang Jarak Aman,Jalan Nasional,Berlubang,40-60,Lurus,Laki-laki,17-25,Ya
2/11/2023,2023,02,Bandung,1823,295,24,20,Hujan,Malam,Motor,Kecepatan Berlebih,Jalan Provinsi,Berlubang,>60,Tikungan,Perempuan,26-45,Ya
4/11/2023,2023,04,Palembang,2188,402,24,33,Cerah,Siang,Bus,Kecepatan Berlebih,Jalan Kota,Baik,>60,Lurus,Perempuan,17-25,Tidak
7/8/2023,2023,07,Medan,2425,228,26,12,Hujan,Siang,Truk,Kondisi Jalan,Jalan Nasional,Berlubang,>60,Simpang 4,Perempuan,<17,Tidak
1/15/2024,2024,01,Surabaya,3028,371,27,4,Hujan,Siang,Motor,Rem Blong,Jalan Provinsi,Baik,<40,Simpang T,Perempuan,<17,Ya
4/16/2021,2021,04,Makassar,3574,131,22,7,Hujan,Dini Hari,Motor,Kecepatan Berlebih,Jalan Nasional,Rusak,>60,Tikungan,Laki-laki,>50,Tidak
11/6/2022,2022,11,Palembang,1223,336,22,12,Hujan,Pagi,Truk,Kondisi Jalan,Jalan Nasional,Rusak,>60,Simpang Y,Laki-laki,<17,Tidak
4/22/2022,2022,04,Yogyakarta,2884,477,28,54,Hujan,Dini Hari,Truk,Kondisi Jalan,Jalan Nasional,Baik,<40,Simpang Y,Laki-laki,<17,Ya
5/16/2022,2022,05,Jakarta Selatan,1531,400,29,29,Cerah,Pagi,Truk,Kondisi Jalan,Jalan Kota,Baik,>60,Simpang Y,Laki-laki,>50,Ya
4/4/2023,2023,04,Jakarta Timur,1615,243,30,31,Cerah,Siang,Mobil,Kelalaian Pengemudi,Jalan Provinsi,Rusak,>60,Tikungan,Perempuan,26-45,Tidak
7/16/2022,2022,07,Palembang,2739,483,22,46,Hujan,Dini Hari,Truk,Rem Blong,Jalan Nasional,Berlubang,<40,Simpang 4,Perempuan,<17,Tidak
6/29/2024,2024,06,Bekasi,3502,274,20,9,Hujan,Malam,Truk,Kelalaian Pengemudi,Jalan Kota,Rusak,40-60,Tikungan,Laki-laki,17-25,Tidak
4/21/2025,2025,04,Jakarta Timur,1737,304,23,14,Cerah,Dini Hari,Mobil,Kecepatan Berlebih,Jalan Provinsi,Baik,40-60,Tikungan,Laki-laki,<17,Ya
8/2/2021,2021,08,Jakarta Selatan,4692,421,28,18,Hujan,Malam,Bus,Pelanggaran Lalu Lintas,Jalan Provinsi,Rusak,40-60,Lurus,Perempuan,26-45,Tidak
9/24/2022,2022,09,Surabaya,2858,251,30,36,Cerah,Pagi,Mobil,Kurang Jarak Aman,Jalan Kota,Rusak,40-60,Simpang 4,Laki-laki,<17,Tidak
3/2/2024,2024,03,Jakarta Selatan,2074,285,27,10,Hujan,Dini Hari,Truk,Kurang Jarak Aman,Jalan Kota,Baik,<40,Simpang Y,Perempuan,<17,Ya
6/30/2025,2025,06,Palembang,2304,320,29,29,Cerah,Pagi,Mobil,Kurang Jarak Aman,Jalan Nasional,Baik,<40,Simpang 4,Perempuan,26-45,Ya
12/26/2021,2021,12,Yogyakarta,1210,459,30,30,Cerah,Malam,Bus,Kelalaian Pengemudi,Jalan Nasional,Berlubang,<40,Tikungan,Laki-laki,26-45,Tidak
6/16/2021,2021,06,Palembang,3397,213,25,21,Cerah,Malam,Mobil,Rem Blong,Jalan Kota,Baik,<40,Simpang Y,Perempuan,>50,Tidak
11/17/2025,2025,11,Makassar,4509,309,26,20,Hujan,Siang,Truk,Kelalaian Pengemudi,Jalan Kota,Berlubang,<40,Simpang Y,Laki-laki,26-45,Ya
4/20/2023,2023,04,Bandung,4247,153,27,62,Cerah,Dini Hari,Mobil,Kurang Jarak Aman,Jalan Kota,Rusak,>60,Tikungan,Laki-laki,>50,Ya
6/14/2022,2022,06,Jakarta Timur,4361,375,23,56,Hujan,Siang,Motor,Pelanggaran Lalu Lintas,Jalan Nasional,Berlubang,>60,Simpang Y,Perempuan,17-25,Ya
1/12/2024,2024,01,Yogyakarta,3255,378,25,9,Cerah,Malam,Bus,Kurang Jarak Aman,Jalan Kota,Berlubang,<40,Tikungan,Perempuan,>50,Ya
1/27/2024,2024,01,Palembang,2699,313,22,3,Hujan,Malam,Mobil,Rem Blong,Jalan Nasional,Baik,40-60,Simpang T,Laki-laki,26-45,Tidak
10/16/2025,2025,10,Palembang,3014,403,30,57,Hujan,Pagi,Mobil,Kurang Jarak Aman,Jalan Kota,Rusak,40-60,Lurus,Laki-laki,26-45,Ya
1/4/2025,2025,01,Yogyakarta,2539,124,20,42,Cerah,Dini Hari,Mobil,Rem Blong,Jalan Nasional,Baik,>60,Simpang T,Perempuan,<17,Ya
11/12/2023,2023,11,Bekasi,2888,288,29,8,Hujan,Malam,Motor,Pelanggaran Lalu Lintas,Jalan Nasional,Baik,<40,Simpang 4,Perempuan,17-25,Tidak
10/27/2022,2022,10,Medan,4959,453,24,1,Cerah,Pagi,Bus,Rem Blong,Jalan Kota,Baik,<40,Tikungan,Perempuan,>50,Ya
9/18/2023,2023,09,Bekasi,2388,284,26,23,Cerah,Pagi,Motor,Kelalaian Pengemudi,Jalan Kota,Berlubang,40-60,Simpang T,Perempuan,26-45,Ya
3/16/2021,2021,03,Medan,2510,473,20,10,Hujan,Malam,Mobil,Rem Blong,Jalan Provinsi,Baik,40-60,Simpang T,Laki-laki,<17,Tidak
8/1/2023,2023,08,Makassar,1784,410,25,24,Hujan,Malam,Mobil,Kelalaian Pengemudi,Jalan Provinsi,Berlubang,>60,Simpang 4,Laki-laki,<17,Ya
2/23/2022,2022,02,Makassar,4603,259,25,17,Hujan,Pagi,Truk,Pelanggaran Lalu Lintas,Jalan Provinsi,Rusak,<40,Lurus,Laki-laki,<17,Tidak
10/13/2023,2023,10,Bekasi,2101,376,22,25,Hujan,Dini Hari,Motor,Kelalaian Pengemudi,Jalan Kota,Rusak,40-60,Simpang Y,Perempuan,26-45,Tidak
7/15/2024,2024,07,Yogyakarta,1882,459,30,27,Hujan,Malam,Motor,Kelalaian Pengemudi,Jalan Provinsi,Rusak,40-60,Simpang T,Laki-laki,17-25,Ya
9/15/2025,2025,09,Jakarta Timur,2723,329,21,11,Hujan,Malam,Truk,Kurang Jarak Aman,Jalan Nasional,Baik,>60,Simpang Y,Laki-laki,17-25,Ya
8/17/2022,2022,08,Jakarta Selatan,1786,210,26,50,Cerah,Siang,Mobil,Kurang Jarak Aman,Jalan Nasional,Rusak,40-60,Tikungan,Perempuan,<17,Ya
8/31/2024,2024,08,Semarang,3423,497,23,42,Hujan,Malam,Mobil,Rem Blong,Jalan Kota,Rusak,40-60,Tikungan,Laki-laki,<17,Ya
5/22/2022,2022,05,Makassar,3446,194,24,24,Hujan,Pagi,Truk,Kecepatan Berlebih,Jalan Provinsi,Rusak,<40,Tikungan,Laki-laki,17-25,Ya
11/26/2025,2025,11,Yogyakarta,3182,467,27,12,Hujan,Dini Hari,Truk,Kelalaian Pengemudi,Jalan Nasional,Baik,<40,Lurus,Laki-laki,26-45,Tidak
10/26/2021,2021,10,Yogyakarta,2197,377,27,20,Hujan,Siang,Bus,Kondisi Jalan,Jalan Kota,Berlubang,<40,Simpang 4,Perempuan,26-45,Tidak
11/4/2024,2024,11,Bekasi,4571,248,27,28,Hujan,Pagi,Bus,Rem Blong,Jalan Nasional,Baik,40-60,Lurus,Perempuan,<17,Ya
3/27/2022,2022,03,Palembang,3951,434,22,5,Cerah,Malam,Mobil,Kelalaian Pengemudi,Jalan Nasional,Rusak,40-60,Simpang T,Laki-laki,>50,Tidak
3/31/2023,2023,03,Medan,2935,366,28,3,Cerah,Malam,Truk,Kecepatan Berlebih,Jalan Nasional,Baik,40-60,Simpang T,Perempuan,>50,Ya
8/6/2022,2022,08,Medan,2569,244,25,4,Hujan,Siang,Motor,Kecepatan Berlebih,Jalan Nasional,Baik,<40,Lurus,Perempuan,<17,Tidak
7/8/2021,2021,07,Bandung,2641,369,20,12,Cerah,Siang,Bus,Kondisi Jalan,Jalan Provinsi,Rusak,40-60,Simpang 4,Perempuan,<17,Tidak
5/26/2021,2021,05,Jakarta Selatan,3731,439,20,39,Hujan,Siang,Mobil,Kondisi Jalan,Jalan Provinsi,Baik,<40,Simpang 4,Laki-laki,>50,Tidak
6/18/2024,2024,06,Medan,3434,429,23,5,Hujan,Siang,Motor,Kelalaian Pengemudi,Jalan Provinsi,Rusak,<40,Simpang T,Perempuan,>50,Ya
5/10/2023,2023,05,Surabaya,3532,416,20,22,Cerah,Dini Hari,Truk,Kurang Jarak Aman,Jalan Nasional,Rusak,>60,Simpang Y,Perempuan,<17,Ya
3/27/2024,2024,03,Surabaya,1676,357,24,15,Cerah,Malam,Motor,Pelanggaran Lalu Lintas,Jalan Kota,Rusak,>60,Simpang T,Perempuan,26-45,Ya
2/22/2021,2021,02,Makassar,2926,466,24,7,Cerah,Dini Hari,Mobil,Pelanggaran Lalu Lintas,Jalan Provinsi,Baik,<40,Simpang Y,Laki-laki,>50,Ya
3/7/2024,2024,03,Semarang,4262,331,30,5,Hujan,Pagi,Motor,Pelanggaran Lalu Lintas,Jalan Nasional,Berlubang,40-60,Tikungan,Laki-laki,<17,Ya
7/8/2023,2023,07,Yogyakarta,1019,379,22,16,Cerah,Pagi,Mobil,Kondisi Jalan,Jalan Nasional,Baik,>60,Simpang 4,Laki-laki,26-45,Ya
12/20/2024,2024,12,Medan,4052,386,24,5,Cerah,Pagi,Bus,Pelanggaran Lalu Lintas,Jalan Provinsi,Rusak,<40,Simpang Y,Perempuan,26-45,Ya
8/7/2022,2022,08,Bekasi,4566,183,20,24,Cerah,Malam,Bus,Kelalaian Pengemudi,Jalan Nasional,Rusak,<40,Lurus,Laki-laki,17-25,Ya
3/1/2024,2024,03,Semarang,3680,375,21,10,Hujan,Malam,Bus,Rem Blong,Jalan Kota,Baik,40-60,Tikungan,Laki-laki,26-45,Ya
11/22/2021,2021,11,Jakarta Selatan,2935,469,23,22,Hujan,Pagi,Motor,Kondisi Jalan,Jalan Provinsi,Rusak,<40,Lurus,Laki-laki,<17,Ya
10/5/2025,2025,10,Makassar,3747,120,30,18,Cerah,Dini Hari,Motor,Kecepatan Berlebih,Jalan Nasional,Baik,>60,Lurus,Perempuan,26-45,Ya
10/29/2023,2023,10,Jakarta Timur,2537,378,24,8,Cerah,Pagi,Motor,Kondisi Jalan,Jalan Kota,Rusak,>60,Tikungan,Perempuan,>50,Ya
1/11/2024,2024,01,Yogyakarta,3169,233,20,9,Cerah,Malam,Bus,Kurang Jarak Aman,Jalan Kota,Berlubang,40-60,Simpang Y,Perempuan,17-25,Tidak
6/1/2025,2025,06,Bekasi,1795,220,20,43,Cerah,Dini Hari,Motor,Kurang Jarak Aman,Jalan Nasional,Rusak,>60,Tikungan,Perempuan,26-45,Tidak
8/9/2021,2021,08,Jakarta Timur,3447,241,25,6,Cerah,Siang,Bus,Kurang Jarak Aman,Jalan Kota,Berlubang,40-60,Lurus,Perempuan,17-25,Ya
11/18/2025,2025,11,Surabaya,4540,226,28,25,Cerah,Malam,Bus,Rem Blong,Jalan Provinsi,Berlubang,<40,Lurus,Perempuan,>50,Ya
1/22/2022,2022,01,Jakarta Timur,1248,374,27,25,Hujan,Siang,Truk,Kecepatan Berlebih,Jalan Provinsi,Baik,40-60,Simpang T,Laki-laki,17-25,Tidak
7/13/2021,2021,07,Palembang,2925,176,23,11,Cerah,Dini Hari,Mobil,Rem Blong,Jalan Provinsi,Rusak,40-60,Simpang 4,Perempuan,26-45,Tidak
4/21/2024,2024,04,Semarang,4890,491,28,46,Hujan,Pagi,Motor,Kelalaian Pengemudi,Jalan Nasional,Berlubang,<40,Simpang 4,Laki-laki,17-25,Ya
1/14/2025,2025,01,Semarang,3590,250,22,8,Hujan,Dini Hari,Bus,Kecepatan Berlebih,Jalan Provinsi,Baik,<40,Lurus,Perempuan,26-45,Ya
2/7/2024,2024,02,Palembang,4765,489,26,13,Cerah,Malam,Truk,Kondisi Jalan,Jalan Kota,Rusak,<40,Simpang T,Perempuan,17-25,Ya
12/23/2025,2025,12,Jakarta Timur,4730,451,26,20,Cerah,Siang,Truk,Kurang Jarak Aman,Jalan Kota,Baik,<40,Simpang 4,Laki-laki,<17,Ya
4/29/2022,2022,04,Makassar,2919,193,23,5,Cerah,Malam,Truk,Kondisi Jalan,Jalan Kota,Baik,>60,Simpang T,Laki-laki,<17,Ya
10/25/2021,2021,10,Yogyakarta,4479,444,29,17,Hujan,Pagi,Bus,Kecepatan Berlebih,Jalan Kota,Rusak,<40,Lurus,Laki-laki,17-25,Tidak
3/31/2021,2021,03,Makassar,3490,307,21,13,Hujan,Pagi,Motor,Kecepatan Berlebih,Jalan Provinsi,Berlubang,40-60,Lurus,Laki-laki,>50,Tidak
10/9/2024,2024,10,Jakarta Selatan,2673,383,26,14,Hujan,Dini Hari,Truk,Kelalaian Pengemudi,Jalan Nasional,Berlubang,>60,Simpang T,Laki-laki,26-45,Tidak
2/18/2022,2022,02,Bandung,3151,276,21,33,Cerah,Malam,Motor,Kecepatan Berlebih,Jalan Provinsi,Rusak,<40,Simpang 4,Perempuan,17-25,Ya
2/6/2023,2023,02,Yogyakarta,2219,480,24,6,Hujan,Dini Hari,Motor,Kurang Jarak Aman,Jalan Kota,Baik,40-60,Simpang 4,Perempuan,<17,Ya
12/9/2025,2025,12,Bekasi,1260,240,21,52,Cerah,Siang,Bus,Kondisi Jalan,Jalan Nasional,Baik,>60,Simpang T,Laki-laki,<17,Tidak
6/5/2025,2025,06,Jakarta Timur,1063,345,29,19,Hujan,Dini Hari,Motor,Kurang Jarak Aman,Jalan Provinsi,Baik,40-60,Simpang T,Laki-laki,26-45,Tidak
6/20/2024,2024,06,Palembang,1692,394,23,34,Cerah,Siang,Motor,Pelanggaran Lalu Lintas,Jalan Nasional,Berlubang,40-60,Simpang Y,Laki-laki,<17,Tidak
2/23/2021,2021,02,Makassar,2436,210,21,10,Cerah,Malam,Truk,Kelalaian Pengemudi,Jalan Kota,Berlubang,<40,Lurus,Laki-laki,26-45,Tidak
11/29/2025,2025,11,Medan,4897,143,24,57,Cerah,Siang,Truk,Kecepatan Berlebih,Jalan Provinsi,Rusak,>60,Lurus,Laki-laki,26-45,Tidak
4/25/2025,2025,04,Palembang,1465,466,27,64,Cerah,Malam,Truk,Kondisi Jalan,Jalan Nasional,Rusak,>60,Lurus,Perempuan,>50,Ya
10/10/2024,2024,10,Makassar,1268,171,27,38,Hujan,Pagi,Mobil,Pelanggaran Lalu Lintas,Jalan Provinsi,Baik,<40,Tikungan,Perempuan,17-25,Ya
4/12/2024,2024,04,Surabaya,4490,175,25,13,Hujan,Siang,Motor,Kelalaian Pengemudi,Jalan Provinsi,Baik,>60,Tikungan,Laki-laki,<17,Ya
3/18/2025,2025,03,Bekasi,2333,482,21,36,Cerah,Malam,Motor,Pelanggaran Lalu Lintas,Jalan Provinsi,Berlubang,40-60,Simpang T,Laki-laki,17-25,Ya
1/19/2024,2024,01,Surabaya,4340,160,24,64,Hujan,Dini Hari,Bus,Kondisi Jalan,Jalan Kota,Berlubang,>60,Simpang 4,Perempuan,26-45,Tidak
8/17/2023,2023,08,Jakarta Timur,2031,128,23,4,Cerah,Malam,Truk,Kelalaian Pengemudi,Jalan Provinsi,Baik,40-60,Simpang Y,Perempuan,17-25,Tidak
8/16/2023,2023,08,Bekasi,3255,432,22,65,Cerah,Pagi,Mobil,Kecepatan Berlebih,Jalan Nasional,Rusak,<40,Simpang Y,Laki-laki,26-45,Tidak
5/15/2024,2024,05,Medan,4333,244,23,53,Hujan,Pagi,Motor,Pelanggaran Lalu Lintas,Jalan Kota,Rusak,40-60,Simpang T,Laki-laki,<17,Ya
4/17/2025,2025,04,Bandung,4232,468,24,27,Cerah,Siang,Motor,Kurang Jarak Aman,Jalan Nasional,Rusak,>60,Simpang T,Perempuan,<17,Ya
7/12/2023,2023,07,Makassar,2223,240,28,27,Hujan,Pagi,Bus,Pelanggaran Lalu Lintas,Jalan Provinsi,Rusak,40-60,Simpang T,Laki-laki,26-45,Tidak
3/28/2023,2023,03,Surabaya,2690,182,26,16,Hujan,Pagi,Bus,Kelalaian Pengemudi,Jalan Kota,Baik,40-60,Simpang Y,Perempuan,>50,Ya
11/16/2025,2025,11,Surabaya,2255,332,28,12,Hujan,Pagi,Truk,Rem Blong,Jalan Provinsi,Rusak,40-60,Simpang 4,Laki-laki,>50,Ya
9/11/2023,2023,09,Jakarta Selatan,4963,121,21,26,Hujan,Siang,Mobil,Kondisi Jalan,Jalan Provinsi,Berlubang,40-60,Lurus,Perempuan,26-45,Ya
4/6/2023,2023,04,Makassar,3855,351,24,17,Hujan,Siang,Motor,Kondisi Jalan,Jalan Kota,Berlubang,40-60,Tikungan,Laki-laki,26-45,Ya
12/2/2021,2021,12,Makassar,4852,387,20,24,Hujan,Dini Hari,Truk,Kurang Jarak Aman,Jalan Nasional,Berlubang,40-60,Lurus,Laki-laki,26-45,Tidak
1/30/2021,2021,01,Yogyakarta,3059,369,29,7,Cerah,Pagi,Truk,Kecepatan Berlebih,Jalan Kota,Berlubang,<40,Tikungan,Laki-laki,17-25,Tidak
3/4/2024,2024,03,Semarang,3067,466,20,5,Cerah,Malam,Bus,Kurang Jarak Aman,Jalan Provinsi,Berlubang,>60,Tikungan,Perempuan,17-25,Tidak
11/30/2024,2024,11,Makassar,2953,185,30,19,Cerah,Dini Hari,Mobil,Kurang Jarak Aman,Jalan Kota,Baik,40-60,Simpang Y,Perempuan,17-25,Tidak
4/30/2025,2025,04,Surabaya,1292,500,20,50,Cerah,Dini Hari,Motor,Rem Blong,Jalan Provinsi,Berlubang,40-60,Simpang Y,Perempuan,<17,Ya
2/7/2024,2024,02,Medan,3306,484,22,42,Cerah,Malam,Motor,Kelalaian Pengemudi,Jalan Kota,Baik,40-60,Simpang Y,Perempuan,17-25,Tidak
5/11/2023,2023,05,Surabaya,4647,333,23,30,Cerah,Malam,Motor,Pelanggaran Lalu Lintas,Jalan Nasional,Baik,>60,Lurus,Laki-laki,>50,Ya
1/28/2022,2022,01,Makassar,1966,257,21,53,Hujan,Pagi,Bus,Rem Blong,Jalan Kota,Berlubang,>60,Simpang 4,Laki-laki,17-25,Tidak
12/11/2024,2024,12,Semarang,1352,455,28,7,Hujan,Siang,Mobil,Kurang Jarak Aman,Jalan Kota,Berlubang,40-60,Simpang T,Perempuan,>50,Ya
9/22/2024,2024,09,Surabaya,4077,236,20,14,Hujan,Siang,Truk,Kecepatan Berlebih,Jalan Nasional,Berlubang,<40,Tikungan,Laki-laki,>50,Tidak
9/17/2021,2021,09,Medan,3635,426,26,32,Cerah,Malam,Truk,Pelanggaran Lalu Lintas,Jalan Provinsi,Rusak,>60,Lurus,Laki-laki,26-45,Ya
6/15/2022,2022,06,Semarang,3756,483,30,23,Hujan,Pagi,Bus,Kurang Jarak Aman,Jalan Provinsi,Rusak,>60,Simpang Y,Laki-laki,<17,Tidak
1/16/2025,2025,01,Medan,4729,294,22,11,Hujan,Pagi,Bus,Kelalaian Pengemudi,Jalan Nasional,Berlubang,40-60,Simpang T,Perempuan,26-45,Ya
6/3/2021,2021,06,Surabaya,3472,267,30,15,Cerah,Malam,Bus,Kurang Jarak Aman,Jalan Provinsi,Berlubang,40-60,Simpang T,Perempuan,<17,Ya
9/7/2021,2021,09,Bandung,2488,458,20,17,Hujan,Malam,Bus,Kondisi Jalan,Jalan Provinsi,Rusak,<40,Tikungan,Perempuan,>50,Ya
5/20/2024,2024,05,Semarang,2737,215,22,17,Cerah,Pagi,Motor,Rem Blong,Jalan Kota,Baik,40-60,Simpang 4,Perempuan,<17,Tidak
6/21/2021,2021,06,Palembang,2243,490,30,10,Cerah,Pagi,Bus,Kurang Jarak Aman,Jalan Provinsi,Berlubang,<40,Simpang T,Laki-laki,26-45,Ya
4/15/2025,2025,04,Medan,1528,204,29,24,Cerah,Dini Hari,Truk,Pelanggaran Lalu Lintas,Jalan Nasional,Baik,40-60,Simpang T,Laki-laki,>50,Tidak
4/18/2021,2021,04,Makassar,3580,349,26,46,Hujan,Malam,Bus,Kurang Jarak Aman,Jalan Nasional,Rusak,>60,Tikungan,Laki-laki,>50,Ya
8/27/2025,2025,08,Surabaya,1826,205,28,37,Hujan,Malam,Mobil,Rem Blong,Jalan Nasional,Rusak,40-60,Simpang T,Perempuan,17-25,Ya
3/4/2025,2025,03,Makassar,4154,163,28,12,Cerah,Malam,Bus,Pelanggaran Lalu Lintas,Jalan Provinsi,Baik,<40,Lurus,Perempuan,17-25,Tidak
4/5/2023,2023,04,Jakarta Timur,1115,429,29,7,Hujan,Malam,Mobil,Kecepatan Berlebih,Jalan Nasional,Berlubang,<40,Simpang Y,Perempuan,17-25,Ya
9/17/2025,2025,09,Makassar,4206,238,29,8,Cerah,Siang,Mobil,Pelanggaran Lalu Lintas,Jalan Nasional,Rusak,>60,Simpang Y,Laki-laki,26-45,Ya
12/10/2025,2025,12,Makassar,4983,182,23,5,Hujan,Dini Hari,Motor,Kurang Jarak Aman,Jalan Kota,Baik,40-60,Simpang T,Perempuan,>50,Tidak
8/31/2022,2022,08,Yogyakarta,3232,340,26,5,Hujan,Malam,Motor,Rem Blong,Jalan Kota,Rusak,>60,Lurus,Laki-laki,17-25,Ya
12/25/2021,2021,12,Semarang,1746,446,24,10,Hujan,Malam,Mobil,Kecepatan Berlebih,Jalan Nasional,Baik,40-60,Simpang 4,Perempuan,26-45,Ya
12/2/2021,2021,12,Jakarta Selatan,3235,132,29,10,Cerah,Pagi,Truk,Kondisi Jalan,Jalan Provinsi,Berlubang,<40,Simpang Y,Laki-laki,<17,Tidak
4/18/2021,2021,04,Bekasi,4784,191,23,66,Hujan,Siang,Mobil,Rem Blong,Jalan Provinsi,Berlubang,40-60,Simpang 4,Laki-laki,26-45,Tidak
9/11/2021,2021,09,Medan,2534,252,29,1,Hujan,Malam,Truk,Kondisi Jalan,Jalan Kota,Rusak,>60,Lurus,Perempuan,26-45,Ya
5/23/2024,2024,05,Surabaya,1426,152,20,33,Cerah,Malam,Motor,Pelanggaran Lalu Lintas,Jalan Nasional,Berlubang,<40,Lurus,Perempuan,>50,Ya
1/27/2025,2025,01,Surabaya,1067,303,29,7,Hujan,Malam,Truk,Kecepatan Berlebih,Jalan Nasional,Baik,>60,Lurus,Laki-laki,26-45,Ya
11/1/2022,2022,11,Yogyakarta,1072,238,21,28,Cerah,Pagi,Mobil,Pelanggaran Lalu Lintas,Jalan Nasional,Berlubang,40-60,Simpang Y,Perempuan,>50,Tidak
10/7/2024,2024,10,Jakarta Selatan,1816,417,30,38,Cerah,Siang,Mobil,Kelalaian Pengemudi,Jalan Provinsi,Rusak,40-60,Simpang 4,Perempuan,>50,Tidak
12/15/2025,2025,12,Yogyakarta,3609,165,24,19,Cerah,Siang,Mobil,Rem Blong,Jalan Nasional,Baik,>60,Lurus,Perempuan,>50,Tidak
8/10/2022,2022,08,Makassar,3119,114,24,28,Hujan,Siang,Mobil,Kurang Jarak Aman,Jalan Kota,Baik,>60,Simpang 4,Laki-laki,26-45,Ya
9/4/2022,2022,09,Palembang,3379,194,25,26,Hujan,Siang,Truk,Kecepatan Berlebih,Jalan Kota,Berlubang,>60,Simpang T,Laki-laki,>50,Tidak
11/1/2024,2024,11,Jakarta Selatan,4145,210,22,13,Hujan,Siang,Motor,Kondisi Jalan,Jalan Kota,Berlubang,>60,Simpang 4,Laki-laki,17-25,Tidak
11/29/2022,2022,11,Semarang,2582,185,28,7,Cerah,Siang,Bus,Rem Blong,Jalan Nasional,Baik,<40,Simpang Y,Laki-laki,17-25,Tidak
10/6/2021,2021,10,Bandung,1322,320,26,11,Hujan,Siang,Motor,Kurang Jarak Aman,Jalan Nasional,Rusak,>60,Simpang T,Perempuan,17-25,Ya
6/27/2023,2023,06,Medan,4006,317,20,7,Cerah,Siang,Bus,Kondisi Jalan,Jalan Kota,Rusak,>60,Lurus,Perempuan,17-25,Tidak
9/29/2022,2022,09,Surabaya,4551,316,28,55,Hujan,Pagi,Truk,Kecepatan Berlebih,Jalan Provinsi,Rusak,<40,Tikungan,Laki-laki,26-45,Tidak
8/4/2021,2021,08,Jakarta Selatan,3767,353,20,1,Hujan,Siang,Mobil,Kondisi Jalan,Jalan Provinsi,Baik,40-60,Simpang T,Laki-laki,>50,Tidak
12/28/2021,2021,12,Bekasi,2558,151,22,15,Hujan,Siang,Truk,Kecepatan Berlebih,Jalan Nasional,Baik,40-60,Tikungan,Laki-laki,26-45,Ya
10/31/2023,2023,10,Medan,3645,226,28,17,Cerah,Malam,Mobil,Kecepatan Berlebih,Jalan Provinsi,Berlubang,<40,Simpang 4,Laki-laki,>50,Ya
1/21/2025,2025,01,Surabaya,1449,309,23,29,Cerah,Pagi,Motor,Rem Blong,Jalan Provinsi,Rusak,<40,Simpang T,Perempuan,>50,Ya
6/19/2022,2022,06,Yogyakarta,4380,424,20,19,Cerah,Dini Hari,Motor,Kurang Jarak Aman,Jalan Kota,Rusak,<40,Lurus,Perempuan,<17,Tidak
8/24/2021,2021,08,Medan,3420,407,23,66,Hujan,Siang,Mobil,Rem Blong,Jalan Provinsi,Baik,<40,Simpang 4,Laki-laki,>50,Tidak
11/28/2025,2025,11,Semarang,2729,472,27,16,Hujan,Pagi,Motor,Kelalaian Pengemudi,Jalan Kota,Berlubang,>60,Lurus,Perempuan,>50,Tidak
12/31/2024,2024,12,Bandung,2959,139,27,17,Cerah,Siang,Bus,Rem Blong,Jalan Provinsi,Baik,40-60,Simpang 4,Laki-laki,<17,Tidak
5/15/2021,2021,05,Makassar,4232,243,22,6,Hujan,Pagi,Bus,Kurang Jarak Aman,Jalan Nasional,Rusak,40-60,Simpang Y,Laki-laki,17-25,Tidak
5/11/2021,2021,05,Jakarta Selatan,2582,284,20,35,Hujan,Malam,Motor,Pelanggaran Lalu Lintas,Jalan Nasional,Berlubang,40-60,Lurus,Perempuan,<17,Ya
5/3/2023,2023,05,Surabaya,1826,157,24,2,Cerah,Siang,Mobil,Kecepatan Berlebih,Jalan Nasional,Berlubang,>60,Simpang T,Laki-laki,<17,Ya
6/9/2023,2023,06,Bandung,2409,119,21,30,Cerah,Malam,Mobil,Kondisi Jalan,Jalan Provinsi,Baik,40-60,Simpang Y,Laki-laki,<17,Ya
9/23/2022,2022,09,Bandung,3219,113,24,10,Hujan,Malam,Mobil,Kondisi Jalan,Jalan Kota,Berlubang,>60,Simpang T,Perempuan,26-45,Ya
12/4/2025,2025,12,Semarang,1766,255,23,23,Hujan,Siang,Mobil,Kondisi Jalan,Jalan Kota,Berlubang,40-60,Lurus,Perempuan,>50,Tidak
9/8/2024,2024,09,Bandung,4499,436,29,19,Hujan,Pagi,Mobil,Kondisi Jalan,Jalan Provinsi,Berlubang,40-60,Simpang T,Perempuan,<17,Ya
1/2/2021,2021,01,Semarang,2856,197,26,26,Cerah,Pagi,Mobil,Kelalaian Pengemudi,Jalan Nasional,Baik,<40,Simpang T,Perempuan,17-25,Tidak
9/30/2025,2025,09,Semarang,2398,440,30,43,Cerah,Pagi,Truk,Kurang Jarak Aman,Jalan Provinsi,Berlubang,<40,Simpang Y,Perempuan,17-25,Tidak
2/12/2023,2023,02,Makassar,4137,445,24,37,Cerah,Siang,Bus,Kelalaian Pengemudi,Jalan Kota,Berlubang,>60,Simpang Y,Perempuan,26-45,Ya
11/30/2024,2024,11,Medan,2173,433,22,45,Cerah,Siang,Motor,Kecepatan Berlebih,Jalan Nasional,Baik,40-60,Tikungan,Perempuan,>50,Ya
7/23/2024,2024,07,Semarang,3171,380,30,5,Cerah,Malam,Bus,Rem Blong,Jalan Kota,Rusak,>60,Simpang Y,Laki-laki,>50,Ya
9/7/2021,2021,09,Bekasi,2349,379,21,18,Cerah,Pagi,Bus,Kondisi Jalan,Jalan Kota,Baik,40-60,Lurus,Laki-laki,17-25,Tidak
10/29/2024,2024,10,Palembang,1716,131,26,21,Cerah,Dini Hari,Truk,Kurang Jarak Aman,Jalan Kota,Berlubang,>60,Simpang Y,Perempuan,17-25,Tidak
8/15/2022,2022,08,Palembang,2578,170,26,19,Hujan,Pagi,Motor,Kecepatan Berlebih,Jalan Provinsi,Rusak,>60,Simpang 4,Laki-laki,26-45,Tidak
7/6/2022,2022,07,Bandung,3689,449,28,22,Cerah,Siang,Mobil,Kelalaian Pengemudi,Jalan Kota,Baik,>60,Lurus,Laki-laki,17-25,Tidak
6/23/2025,2025,06,Bandung,1507,467,22,0,Hujan,Pagi,Truk,Pelanggaran Lalu Lintas,Jalan Provinsi,Rusak,40-60,Lurus,Perempuan,17-25,Tidak
1/3/2024,2024,01,Surabaya,1902,121,24,38,Hujan,Dini Hari,Mobil,Kurang Jarak Aman,Jalan Provinsi,Baik,<40,Lurus,Perempuan,>50,Tidak
9/10/2021,2021,09,Palembang,3627,335,29,27,Hujan,Siang,Mobil,Pelanggaran Lalu Lintas,Jalan Kota,Baik,>60,Simpang T,Perempuan,17-25,Tidak
8/3/2022,2022,08,Surabaya,3931,164,23,17,Hujan,Siang,Motor,Kelalaian Pengemudi,Jalan Kota,Baik,40-60,Simpang Y,Laki-laki,17-25,Tidak
12/15/2024,2024,12,Yogyakarta,3240,450,25,2,Cerah,Malam,Motor,Rem Blong,Jalan Provinsi,Baik,<40,Simpang T,Laki-laki,17-25,Ya
10/10/2025,2025,10,Makassar,4153,106,21,18,Cerah,Dini Hari,Motor,Kecepatan Berlebih,Jalan Nasional,Baik,>60,Simpang Y,Perempuan,<17,Tidak
4/22/2021,2021,04,Medan,1193,156,27,65,Cerah,Siang,Motor,Kondisi Jalan,Jalan Nasional,Rusak,>60,Tikungan,Perempuan,>50,Tidak
8/28/2023,2023,08,Surabaya,1264,125,27,11,Hujan,Dini Hari,Truk,Kecepatan Berlebih,Jalan Provinsi,Baik,40-60,Simpang T,Laki-laki,17-25,Tidak
6/3/2023,2023,06,Bandung,4029,447,30,2,Cerah,Siang,Mobil,Pelanggaran Lalu Lintas,Jalan Kota,Rusak,40-60,Tikungan,Perempuan,26-45,Ya
12/14/2024,2024,12,Yogyakarta,3705,213,21,19,Hujan,Malam,Mobil,Kelalaian Pengemudi,Jalan Kota,Baik,<40,Simpang 4,Laki-laki,<17,Ya
3/8/2021,2021,03,Medan,4873,195,20,36,Cerah,Malam,Bus,Rem Blong,Jalan Provinsi,Rusak,>60,Tikungan,Laki-laki,17-25,Tidak
11/11/2024,2024,11,Bekasi,1884,257,27,14,Hujan,Pagi,Motor,Kelalaian Pengemudi,Jalan Kota,Baik,<40,Simpang T,Laki-laki,<17,Ya
1/25/2022,2022,01,Bekasi,1397,455,27,39,Cerah,Siang,Bus,Kelalaian Pengemudi,Jalan Kota,Rusak,<40,Tikungan,Perempuan,>50,Tidak
5/2/2025,2025,05,Jakarta Selatan,3938,339,29,14,Hujan,Dini Hari,Bus,Kelalaian Pengemudi,Jalan Provinsi,Rusak,<40,Tikungan,Laki-laki,>50,Ya
9/28/2023,2023,09,Bekasi,3576,470,26,28,Cerah,Siang,Mobil,Kurang Jarak Aman,Jalan Nasional,Rusak,<40,Simpang Y,Laki-laki,26-45,Ya
2/9/2024,2024,02,Yogyakarta,2552,272,21,50,Cerah,Pagi,Motor,Rem Blong,Jalan Nasional,Berlubang,<40,Lurus,Laki-laki,<17,Ya
10/25/2023,2023,10,Yogyakarta,3221,148,26,23,Hujan,Pagi,Mobil,Pelanggaran Lalu Lintas,Jalan Nasional,Rusak,40-60,Simpang Y,Laki-laki,<17,Ya
9/25/2024,2024,09,Bandung,4203,487,30,13,Hujan,Pagi,Bus,Kecepatan Berlebih,Jalan Provinsi,Baik,>60,Simpang Y,Laki-laki,17-25,Tidak
10/6/2024,2024,10,Palembang,4772,211,22,50,Cerah,Pagi,Mobil,Pelanggaran Lalu Lintas,Jalan Nasional,Berlubang,>60,Simpang 4,Laki-laki,26-45,Ya
7/26/2024,2024,07,Jakarta Timur,2064,303,25,17,Hujan,Pagi,Bus,Kondisi Jalan,Jalan Nasional,Baik,40-60,Simpang 4,Perempuan,26-45,Ya
6/23/2023,2023,06,Jakarta Timur,1889,454,22,7,Cerah,Malam,Truk,Pelanggaran Lalu Lintas,Jalan Nasional,Rusak,<40,Simpang Y,Perempuan,>50,Tidak
7/11/2023,2023,07,Makassar,4536,249,29,59,Cerah,Pagi,Mobil,Kondisi Jalan,Jalan Kota,Baik,<40,Tikungan,Laki-laki,<17,Ya
7/25/2025,2025,07,Medan,2118,167,21,29,Cerah,Pagi,Bus,Pelanggaran Lalu Lintas,Jalan Nasional,Baik,>60,Simpang T,Perempuan,>50,Tidak
10/18/2024,2024,10,Bandung,2503,255,30,46,Hujan,Pagi,Truk,Pelanggaran Lalu Lintas,Jalan Nasional,Rusak,40-60,Simpang 4,Laki-laki,>50,Ya
12/30/2023,2023,12,Semarang,4943,231,28,24,Hujan,Malam,Motor,Kondisi Jalan,Jalan Provinsi,Baik,<40,Lurus,Laki-laki,17-25,Ya
2/26/2024,2024,02,Palembang,2441,236,26,45,Cerah,Malam,Bus,Kelalaian Pengemudi,Jalan Kota,Rusak,40-60,Tikungan,Laki-laki,26-45,Tidak
4/21/2025,2025,04,Jakarta Selatan,3293,380,23,24,Cerah,Dini Hari,Bus,Kelalaian Pengemudi,Jalan Provinsi,Baik,<40,Simpang Y,Perempuan,<17,Ya
9/26/2022,2022,09,Medan,2653,314,25,22,Cerah,Siang,Motor,Kelalaian Pengemudi,Jalan Kota,Rusak,40-60,Simpang T,Laki-laki,>50,Ya
7/9/2024,2024,07,Yogyakarta,4590,351,22,21,Cerah,Malam,Bus,Kecepatan Berlebih,Jalan Provinsi,Berlubang,>60,Lurus,Laki-laki,>50,Ya
6/3/2023,2023,06,Jakarta Selatan,2810,131,20,15,Cerah,Pagi,Bus,Kecepatan Berlebih,Jalan Provinsi,Baik,40-60,Simpang 4,Laki-laki,17-25,Tidak
10/24/2024,2024,10,Medan,4463,298,20,24,Hujan,Siang,Bus,Kecepatan Berlebih,Jalan Nasional,Baik,<40,Simpang 4,Perempuan,17-25,Ya
1/1/2025,2025,01,Bandung,4398,139,24,16,Cerah,Dini Hari,Truk,Kurang Jarak Aman,Jalan Nasional,Berlubang,>60,Simpang T,Perempuan,<17,Tidak
10/22/2024,2024,10,Yogyakarta,2650,346,25,37,Cerah,Pagi,Bus,Kecepatan Berlebih,Jalan Provinsi,Baik,40-60,Simpang T,Laki-laki,17-25,Tidak
6/10/2024,2024,06,Bekasi,4616,345,30,9,Hujan,Malam,Truk,Kelalaian Pengemudi,Jalan Kota,Rusak,40-60,Simpang T,Laki-laki,>50,Tidak
3/27/2025,2025,03,Yogyakarta,2069,396,24,0,Cerah,Siang,Truk,Kecepatan Berlebih,Jalan Kota,Baik,40-60,Simpang Y,Perempuan,<17,Ya
8/5/2024,2024,08,Jakarta Timur,1353,446,23,17,Hujan,Siang,Mobil,Kondisi Jalan,Jalan Kota,Rusak,40-60,Tikungan,Laki-laki,17-25,Tidak
12/8/2023,2023,12,Bekasi,4919,284,30,53,Cerah,Dini Hari,Motor,Rem Blong,Jalan Nasional,Baik,>60,Tikungan,Perempuan,>50,Ya
9/15/2023,2023,09,Jakarta Selatan,2493,463,26,16,Cerah,Dini Hari,Motor,Rem Blong,Jalan Nasional,Rusak,<40,Lurus,Perempuan,>50,Ya
2/21/2024,2024,02,Semarang,4885,211,26,32,Cerah,Malam,Mobil,Kurang Jarak Aman,Jalan Kota,Rusak,<40,Tikungan,Laki-laki,17-25,Ya
6/27/2022,2022,06,Palembang,2957,228,25,9,Cerah,Siang,Bus,Kondisi Jalan,Jalan Nasional,Baik,>60,Lurus,Perempuan,>50,Tidak
5/27/2023,2023,05,Bekasi,4237,289,29,49,Cerah,Dini Hari,Motor,Kecepatan Berlebih,Jalan Provinsi,Berlubang,<40,Simpang 4,Laki-laki,<17,Tidak
9/12/2022,2022,09,Bandung,3616,419,28,19,Hujan,Siang,Truk,Rem Blong,Jalan Kota,Rusak,>60,Lurus,Laki-laki,>50,Tidak
11/21/2024,2024,11,Makassar,4706,279,20,20,Cerah,Malam,Motor,Kurang Jarak Aman,Jalan Nasional,Berlubang,40-60,Simpang Y,Laki-laki,17-25,Ya
9/4/2021,2021,09,Palembang,2075,448,30,4,Hujan,Siang,Motor,Kelalaian Pengemudi,Jalan Nasional,Baik,40-60,Simpang T,Perempuan,26-45,Ya
12/5/2021,2021,12,Jakarta Timur,1772,121,22,34,Hujan,Siang,Motor,Kondisi Jalan,Jalan Provinsi,Berlubang,<40,Simpang 4,Perempuan,<17,Tidak
11/22/2025,2025,11,Palembang,2906,128,24,40,Hujan,Pagi,Mobil,Kecepatan Berlebih,Jalan Nasional,Baik,40-60,Simpang 4,Laki-laki,17-25,Ya
8/11/2024,2024,08,Yogyakarta,2535,287,27,29,Hujan,Dini Hari,Motor,Rem Blong,Jalan Nasional,Rusak,<40,Simpang 4,Laki-laki,>50,Ya
8/19/2024,2024,08,Medan,3714,233,21,38,Cerah,Pagi,Mobil,Rem Blong,Jalan Provinsi,Berlubang,>60,Simpang T,Perempuan,>50,Tidak
3/14/2024,2024,03,Surabaya,1417,267,25,27,Cerah,Malam,Truk,Kondisi Jalan,Jalan Provinsi,Baik,<40,Simpang 4,Perempuan,26-45,Tidak
5/19/2023,2023,05,Surabaya,1775,390,22,7,Hujan,Pagi,Mobil,Pelanggaran Lalu Lintas,Jalan Provinsi,Berlubang,>60,Simpang 4,Laki-laki,26-45,Tidak
4/7/2022,2022,04,Semarang,2384,257,26,7,Cerah,Siang,Motor,Kecepatan Berlebih,Jalan Kota,Baik,<40,Simpang T,Laki-laki,17-25,Ya
7/30/2023,2023,07,Palembang,1676,237,25,26,Cerah,Pagi,Mobil,Kecepatan Berlebih,Jalan Nasional,Rusak,40-60,Lurus,Laki-laki,17-25,Tidak
6/10/2023,2023,06,Surabaya,1946,281,20,8,Cerah,Siang,Bus,Rem Blong,Jalan Nasional,Baik,<40,Simpang T,Perempuan,26-45,Tidak
7/14/2024,2024,07,Yogyakarta,2076,209,25,29,Hujan,Dini Hari,Truk,Kecepatan Berlebih,Jalan Provinsi,Baik,40-60,Simpang T,Laki-laki,26-45,Tidak
11/1/2021,2021,11,Bekasi,1726,208,25,36,Cerah,Pagi,Bus,Rem Blong,Jalan Provinsi,Baik,>60,Simpang Y,Perempuan,<17,Ya
11/6/2023,2023,11,Semarang,3383,494,21,33,Cerah,Siang,Truk,Kelalaian Pengemudi,Jalan Kota,Baik,40-60,Lurus,Perempuan,26-45,Ya
12/21/2022,2022,12,Bandung,1484,250,22,25,Hujan,Malam,Mobil,Kondisi Jalan,Jalan Nasional,Berlubang,<40,Simpang 4,Laki-laki,>50,Tidak
12/29/2024,2024,12,Yogyakarta,2169,208,24,12,Cerah,Dini Hari,Motor,Kelalaian Pengemudi,Jalan Provinsi,Baik,40-60,Simpang T,Laki-laki,>50,Ya
3/8/2025,2025,03,Bandung,2356,106,28,29,Cerah,Dini Hari,Mobil,Kondisi Jalan,Jalan Provinsi,Berlubang,>60,Simpang 4,Perempuan,17-25,Tidak
10/14/2023,2023,10,Makassar,4024,361,25,18,Cerah,Malam,Truk,Pelanggaran Lalu Lintas,Jalan Nasional,Rusak,<40,Simpang T,Laki-laki,17-25,Tidak
10/28/2025,2025,10,Medan,1804,479,30,17,Hujan,Pagi,Mobil,Kondisi Jalan,Jalan Provinsi,Baik,<40,Lurus,Laki-laki,<17,Ya
10/9/2024,2024,10,Yogyakarta,3026,208,23,37,Cerah,Pagi,Bus,Kecepatan Berlebih,Jalan Provinsi,Baik,<40,Simpang T,Laki-laki,>50,Ya
9/22/2025,2025,09,Jakarta Selatan,2261,310,27,53,Hujan,Malam,Motor,Rem Blong,Jalan Provinsi,Rusak,<40,Lurus,Laki-laki,>50,Ya
1/12/2023,2023,01,Medan,3696,257,21,11,Hujan,Malam,Mobil,Rem Blong,Jalan Kota,Baik,>60,Simpang 4,Perempuan,26-45,Ya
10/17/2022,2022,10,Jakarta Selatan,4626,362,21,29,Hujan,Siang,Truk,Kelalaian Pengemudi,Jalan Nasional,Baik,>60,Simpang 4,Perempuan,26-45,Ya
7/27/2021,2021,07,Bekasi,2043,272,27,2,Hujan,Dini Hari,Bus,Pelanggaran Lalu Lintas,Jalan Nasional,Baik,40-60,Simpang 4,Perempuan,26-45,Tidak
6/10/2023,2023,06,Medan,1303,146,25,17,Hujan,Siang,Mobil,Pelanggaran Lalu Lintas,Jalan Provinsi,Berlubang,40-60,Simpang Y,Perempuan,17-25,Tidak
7/21/2024,2024,07,Yogyakarta,4617,339,20,27,Hujan,Malam,Motor,Kelalaian Pengemudi,Jalan Provinsi,Rusak,40-60,Simpang 4,Laki-laki,>50,Tidak
9/27/2025,2025,09,Surabaya,2588,487,22,15,Hujan,Dini Hari,Truk,Pelanggaran Lalu Lintas,Jalan Kota,Berlubang,>60,Simpang 4,Perempuan,>50,Ya
1/1/2024,2024,01,Yogyakarta,4899,254,25,3,Cerah,Siang,Bus,Kondisi Jalan,Jalan Kota,Berlubang,>60,Lurus,Perempuan,>50,Ya
8/15/2024,2024,08,Bekasi,1756,108,26,43,Cerah,Dini Hari,Mobil,Kurang Jarak Aman,Jalan Provinsi,Berlubang,40-60,Simpang 4,Laki-laki,17-25,Ya
4/7/2022,2022,04,Yogyakarta,1375,166,24,12,Hujan,Dini Hari,Truk,Kurang Jarak Aman,Jalan Kota,Rusak,>60,Simpang T,Laki-laki,>50,Ya
4/7/2022,2022,04,Makassar,3956,490,22,10,Hujan,Siang,Truk,Kondisi Jalan,Jalan Provinsi,Berlubang,<40,Lurus,Laki-laki,17-25,Tidak
1/30/2024,2024,01,Semarang,2545,193,29,38,Cerah,Malam,Truk,Kecepatan Berlebih,Jalan Kota,Berlubang,<40,Simpang T,Laki-laki,>50,Tidak
5/9/2024,2024,05,Bekasi,4469,496,22,20,Cerah,Pagi,Truk,Kelalaian Pengemudi,Jalan Nasional,Rusak,>60,Tikungan,Laki-laki,17-25,Tidak
2/21/2023,2023,02,Makassar,2347,374,21,1,Hujan,Pagi,Truk,Pelanggaran Lalu Lintas,Jalan Provinsi,Rusak,<40,Lurus,Perempuan,26-45,Tidak
12/28/2022,2022,12,Bekasi,1665,102,25,67,Hujan,Pagi,Motor,Rem Blong,Jalan Provinsi,Baik,40-60,Lurus,Laki-laki,>50,Ya
12/25/2021,2021,12,Jakarta Timur,2308,409,27,34,Hujan,Siang,Motor,Kondisi Jalan,Jalan Provinsi,Berlubang,>60,Lurus,Laki-laki,17-25,Tidak
4/1/2022,2022,04,Palembang,2202,393,29,11,Cerah,Dini Hari,Motor,Kecepatan Berlebih,Jalan Kota,Berlubang,<40,Lurus,Laki-laki,>50,Tidak
3/3/2022,2022,03,Bekasi,3338,245,25,34,Hujan,Pagi,Motor,Rem Blong,Jalan Provinsi,Rusak,40-60,Simpang 4,Perempuan,17-25,Ya
4/5/2024,2024,04,Palembang,1439,422,25,32,Cerah,Dini Hari,Mobil,Pelanggaran Lalu Lintas,Jalan Nasional,Baik,40-60,Tikungan,Laki-laki,17-25,Ya
12/26/2022,2022,12,Semarang,1271,176,29,15,Hujan,Malam,Bus,Rem Blong,Jalan Provinsi,Baik,40-60,Tikungan,Perempuan,17-25,Tidak
12/8/2021,2021,12,Jakarta Timur,1857,152,30,18,Cerah,Malam,Mobil,Kondisi Jalan,Jalan Kota,Berlubang,>60,Simpang Y,Perempuan,17-25,Ya
10/6/2023,2023,10,Semarang,1054,355,20,35,Cerah,Siang,Bus,Rem Blong,Jalan Kota,Baik,40-60,Tikungan,Perempuan,26-45,Ya
5/21/2021,2021,05,Bekasi,3974,194,26,3,Hujan,Dini Hari,Motor,Kondisi Jalan,Jalan Provinsi,Berlubang,>60,Simpang 4,Perempuan,>50,Tidak
5/17/2025,2025,05,Makassar,4845,236,28,31,Cerah,Siang,Mobil,Kecepatan Berlebih,Jalan Provinsi,Berlubang,<40,Simpang 4,Laki-laki,17-25,Tidak
10/4/2024,2024,10,Yogyakarta,2341,426,24,49,Cerah,Pagi,Bus,Kondisi Jalan,Jalan Kota,Berlubang,>60,Simpang 4,Laki-laki,>50,Tidak
5/28/2022,2022,05,Medan,2201,457,27,6,Cerah,Pagi,Bus,Kurang Jarak Aman,Jalan Provinsi,Baik,>60,Lurus,Perempuan,26-45,Ya
12/12/2022,2022,12,Jakarta Timur,2157,358,24,6,Hujan,Siang,Mobil,Kecepatan Berlebih,Jalan Provinsi,Rusak,40-60,Tikungan,Perempuan,17-25,Ya
10/3/2021,2021,10,Bekasi,4645,310,21,14,Cerah,Pagi,Mobil,Kurang Jarak Aman,Jalan Nasional,Rusak,<40,Lurus,Perempuan,26-45,Tidak
11/26/2025,2025,11,Semarang,1259,441,24,18,Cerah,Malam,Bus,Kecepatan Berlebih,Jalan Nasional,Berlubang,<40,Simpang T,Laki-laki,>50,Tidak
9/21/2024,2024,09,Bandung,2405,160,30,19,Hujan,Pagi,Mobil,Kondisi Jalan,Jalan Provinsi,Berlubang,>60,Simpang T,Laki-laki,<17,Ya
1/30/2021,2021,01,Jakarta Timur,1300,464,26,10,Cerah,Dini Hari,Truk,Kurang Jarak Aman,Jalan Kota,Rusak,40-60,Lurus,Perempuan,<17,Tidak
11/6/2024,2024,11,Jakarta Timur,3809,425,23,1,Hujan,Malam,Bus,Kondisi Jalan,Jalan Provinsi,Rusak,40-60,Simpang Y,Laki-laki,>50,Ya
1/3/2024,2024,01,Palembang,1333,278,28,34,Cerah,Malam,Bus,Rem Blong,Jalan Provinsi,Baik,40-60,Simpang T,Laki-laki,>50,Ya
9/24/2021,2021,09,Makassar,1097,343,27,19,Cerah,Dini Hari,Truk,Kondisi Jalan,Jalan Provinsi,Baik,<40,Simpang 4,Laki-laki,26-45,Tidak
6/4/2023,2023,06,Palembang,1387,399,20,10,Hujan,Siang,Motor,Kelalaian Pengemudi,Jalan Kota,Berlubang,>60,Simpang Y,Laki-laki,<17,Ya
5/7/2025,2025,05,Yogyakarta,3775,212,28,50,Cerah,Dini Hari,Mobil,Kelalaian Pengemudi,Jalan Provinsi,Rusak,>60,Simpang 4,Laki-laki,>50,Tidak
8/18/2022,2022,08,Bandung,3910,469,28,9,Hujan,Dini Hari,Motor,Kurang Jarak Aman,Jalan Kota,Rusak,>60,Tikungan,Perempuan,>50,Tidak
1/30/2025,2025,01,Jakarta Timur,3943,171,20,9,Cerah,Siang,Motor,Kecepatan Berlebih,Jalan Provinsi,Rusak,>60,Lurus,Perempuan,>50,Tidak
4/13/2021,2021,04,Bandung,4120,158,22,14,Cerah,Siang,Bus,Pelanggaran Lalu Lintas,Jalan Kota,Berlubang,40-60,Simpang T,Perempuan,26-45,Ya
4/24/2025,2025,04,Bekasi,3233,136,24,20,Cerah,Dini Hari,Motor,Kurang Jarak Aman,Jalan Provinsi,Berlubang,<40,Simpang T,Perempuan,26-45,Tidak
11/18/2023,2023,11,Bekasi,1496,486,24,25,Cerah,Pagi,Bus,Kelalaian Pengemudi,Jalan Kota,Berlubang,>60,Simpang T,Laki-laki,26-45,Ya
4/8/2024,2024,04,Bandung,4564,444,22,13,Cerah,Dini Hari,Truk,Rem Blong,Jalan Kota,Baik,<40,Tikungan,Laki-laki,<17,Tidak
2/20/2021,2021,02,Surabaya,2038,155,29,18,Hujan,Dini Hari,Bus,Kelalaian Pengemudi,Jalan Nasional,Berlubang,<40,Lurus,Perempuan,26-45,Tidak
9/18/2025,2025,09,Makassar,3905,306,24,18,Cerah,Dini Hari,Bus,Kondisi Jalan,Jalan Kota,Rusak,>60,Simpang T,Laki-laki,17-25,Tidak
3/11/2021,2021,03,Bandung,1984,116,24,5,Cerah,Dini Hari,Mobil,Kurang Jarak Aman,Jalan Provinsi,Berlubang,40-60,Tikungan,Laki-laki,<17,Ya
10/30/2024,2024,10,Bandung,4465,353,26,7,Hujan,Pagi,Motor,Pelanggaran Lalu Lintas,Jalan Provinsi,Rusak,40-60,Simpang Y,Perempuan,>50,Ya
3/14/2024,2024,03,Palembang,2060,364,30,11,Hujan,Pagi,Truk,Kurang Jarak Aman,Jalan Kota,Berlubang,<40,Simpang 4,Laki-laki,26-45,Tidak
6/12/2023,2023,06,Makassar,2930,446,30,3,Hujan,Malam,Mobil,Kelalaian Pengemudi,Jalan Kota,Baik,40-60,Tikungan,Perempuan,>50,Ya
11/13/2025,2025,11,Medan,3119,152,29,57,Cerah,Siang,Truk,Kecepatan Berlebih,Jalan Provinsi,Rusak,>60,Tikungan,Perempuan,26-45,Tidak
5/26/2024,2024,05,Yogyakarta,3943,241,20,7,Hujan,Malam,Mobil,Kondisi Jalan,Jalan Kota,Berlubang,40-60,Simpang Y,Laki-laki,17-25,Ya
8/25/2023,2023,08,Makassar,2019,393,20,24,Hujan,Malam,Mobil,Kelalaian Pengemudi,Jalan Provinsi,Berlubang,<40,Simpang T,Laki-laki,<17,Ya
5/14/2024,2024,05,Yogyakarta,3778,485,28,9,Hujan,Siang,Mobil,Kurang Jarak Aman,Jalan Kota,Berlubang,<40,Simpang T,Laki-laki,<17,Ya
9/4/2023,2023,09,Yogyakarta,4007,289,20,39,Cerah,Siang,Mobil,Kondisi Jalan,Jalan Nasional,Berlubang,40-60,Simpang 4,Perempuan,<17,Tidak
4/17/2022,2022,04,Yogyakarta,4042,363,25,46,Cerah,Siang,Bus,Kurang Jarak Aman,Jalan Nasional,Berlubang,>60,Tikungan,Perempuan,<17,Tidak
8/25/2024,2024,08,Semarang,3817,371,29,28,Hujan,Pagi,Truk,Kecepatan Berlebih,Jalan Nasional,Baik,>60,Lurus,Laki-laki,>50,Ya
10/17/2024,2024,10,Palembang,2828,404,22,21,Cerah,Dini Hari,Truk,Kurang Jarak Aman,Jalan Kota,Berlubang,>60,Lurus,Laki-laki,26-45,Ya
6/19/2022,2022,06,Jakarta Selatan,3217,254,25,58,Cerah,Pagi,Motor,Kurang Jarak Aman,Jalan Nasional,Berlubang,40-60,Simpang 4,Laki-laki,>50,Ya
6/1/2023,2023,06,Medan,2140,221,28,1,Cerah,Dini Hari,Motor,Rem Blong,Jalan Kota,Baik,>60,Lurus,Laki-laki,17-25,Ya
4/17/2025,2025,04,Makassar,1478,460,27,27,Cerah,Pagi,Mobil,Rem Blong,Jalan Provinsi,Baik,>60,Lurus,Perempuan,>50,Ya
1/1/2025,2025,01,Semarang,3560,265,24,44,Cerah,Pagi,Mobil,Rem Blong,Jalan Nasional,Berlubang,<40,Simpang Y,Perempuan,26-45,Tidak
11/12/2025,2025,11,Medan,4441,355,29,22,Cerah,Dini Hari,Mobil,Kurang Jarak Aman,Jalan Provinsi,Berlubang,40-60,Lurus,Perempuan,>50,Ya
6/20/2025,2025,06,Medan,4062,383,21,46,Hujan,Dini Hari,Bus,Kelalaian Pengemudi,Jalan Provinsi,Baik,>60,Simpang 4,Laki-laki,26-45,Ya
7/1/2021,2021,07,Jakarta Timur,2375,264,24,23,Cerah,Dini Hari,Motor,Kecepatan Berlebih,Jalan Kota,Baik,40-60,Simpang Y,Perempuan,26-45,Ya
7/18/2023,2023,07,Yogyakarta,3883,239,23,40,Hujan,Dini Hari,Mobil,Pelanggaran Lalu Lintas,Jalan Kota,Berlubang,>60,Tikungan,Laki-laki,<17,Tidak
10/1/2022,2022,10,Medan,3012,319,25,1,Cerah,Pagi,Bus,Rem Blong,Jalan Kota,Baik,40-60,Tikungan,Perempuan,17-25,Ya
1/31/2021,2021,01,Bandung,2001,174,24,44,Cerah,Siang,Mobil,Kondisi Jalan,Jalan Nasional,Rusak,>60,Tikungan,Laki-laki,26-45,Ya
4/23/2025,2025,04,Jakarta Timur,2647,483,29,47,Hujan,Pagi,Motor,Kurang Jarak Aman,Jalan Provinsi,Berlubang,40-60,Tikungan,Laki-laki,<17,Tidak
3/22/2023,2023,03,Medan,2017,490,29,3,Cerah,Malam,Truk,Kecepatan Berlebih,Jalan Nasional,Baik,<40,Simpang T,Perempuan,<17,Ya
12/13/2021,2021,12,Makassar,4749,355,25,17,Cerah,Pagi,Truk,Kurang Jarak Aman,Jalan Kota,Baik,>60,Tikungan,Laki-laki,<17,Ya
12/20/2024,2024,12,Bekasi,4386,177,27,6,Cerah,Malam,Bus,Pelanggaran Lalu Lintas,Jalan Kota,Rusak,>60,Tikungan,Perempuan,17-25,Ya
4/3/2023,2023,04,Makassar,2411,350,30,2,Cerah,Malam,Motor,Pelanggaran Lalu Lintas,Jalan Nasional,Rusak,>60,Simpang T,Perempuan,>50,Tidak
4/24/2024,2024,04,Makassar,2743,278,29,36,Cerah,Siang,Bus,Kondisi Jalan,Jalan Kota,Berlubang,<40,Simpang Y,Perempuan,17-25,Ya
11/5/2021,2021,11,Medan,3594,424,21,17,Hujan,Siang,Mobil,Kecepatan Berlebih,Jalan Nasional,Rusak,<40,Tikungan,Laki-laki,17-25,Ya
1/17/2025,2025,01,Bekasi,4977,323,23,39,Hujan,Pagi,Truk,Kecepatan Berlebih,Jalan Nasional,Rusak,<40,Simpang Y,Perempuan,26-45,Tidak
6/6/2021,2021,06,Medan,4399,497,23,25,Cerah,Pagi,Motor,Kondisi Jalan,Jalan Kota,Berlubang,<40,Tikungan,Perempuan,17-25,Tidak
6/7/2022,2022,06,Yogyakarta,3876,461,23,19,Cerah,Dini Hari,Motor,Kurang Jarak Aman,Jalan Kota,Rusak,<40,Simpang Y,Perempuan,>50,Tidak
9/5/2024,2024,09,Makassar,3111,264,20,10,Hujan,Malam,Mobil,Pelanggaran Lalu Lintas,Jalan Nasional,Baik,>60,Simpang Y,Laki-laki,17-25,Tidak
12/30/2021,2021,12,Bekasi,3014,227,21,15,Cerah,Pagi,Truk,Kelalaian Pengemudi,Jalan Kota,Berlubang,<40,Lurus,Laki-laki,17-25,Ya
6/30/2023,2023,06,Palembang,2784,500,29,10,Hujan,Siang,Motor,Kelalaian Pengemudi,Jalan Kota,Berlubang,<40,Lurus,Laki-laki,>50,Ya
3/8/2025,2025,03,Medan,3457,416,30,15,Hujan,Malam,Bus,Pelanggaran Lalu Lintas,Jalan Nasional,Berlubang,<40,Simpang Y,Perempuan,26-45,Ya
9/23/2025,2025,09,Surabaya,4055,244,30,30,Cerah,Siang,Truk,Kurang Jarak Aman,Jalan Nasional,Baik,<40,Lurus,Laki-laki,<17,Ya
5/29/2021,2021,05,Palembang,4937,122,28,50,Hujan,Dini Hari,Truk,Pelanggaran Lalu Lintas,Jalan Provinsi,Baik,<40,Simpang Y,Perempuan,>50,Tidak
1/1/2022,2022,01,Bekasi,3104,184,27,27,Hujan,Dini Hari,Truk,Kondisi Jalan,Jalan Provinsi,Berlubang,>60,Lurus,Laki-laki,17-25,Tidak
2/19/2021,2021,02,Palembang,3470,250,22,10,Cerah,Siang,Motor,Kecepatan Berlebih,Jalan Nasional,Rusak,<40,Lurus,Perempuan,<17,Ya
4/29/2022,2022,04,Surabaya,4724,256,27,22,Cerah,Siang,Mobil,Kecepatan Berlebih,Jalan Nasional,Berlubang,>60,Lurus,Perempuan,<17,Ya
1/10/2024,2024,01,Semarang,3716,200,28,28,Cerah,Malam,Motor,Kurang Jarak Aman,Jalan Provinsi,Berlubang,40-60,Simpang Y,Perempuan,26-45,Tidak
1/19/2022,2022,01,Surabaya,4274,191,28,1,Hujan,Dini Hari,Mobil,Kurang Jarak Aman,Jalan Provinsi,Baik,40-60,Tikungan,Laki-laki,>50,Ya
10/6/2025,2025,10,Medan,1079,350,27,14,Hujan,Pagi,Mobil,Kondisi Jalan,Jalan Kota,Berlubang,<40,Simpang Y,Laki-laki,<17,Ya
9/26/2022,2022,09,Jakarta Selatan,2918,218,21,17,Hujan,Malam,Bus,Kondisi Jalan,Jalan Provinsi,Rusak,40-60,Lurus,Perempuan,17-25,Ya
8/16/2024,2024,08,Semarang,2956,105,30,10,Hujan,Malam,Truk,Kondisi Jalan,Jalan Provinsi,Rusak,<40,Lurus,Laki-laki,<17,Ya
8/11/2025,2025,08,Jakarta Timur,1830,429,28,7,Hujan,Dini Hari,Truk,Rem Blong,Jalan Provinsi,Baik,<40,Simpang T,Perempuan,>50,Tidak
4/28/2024,2024,04,Yogyakarta,3568,415,28,14,Cerah,Siang,Truk,Rem Blong,Jalan Kota,Baik,>60,Lurus,Perempuan,17-25,Tidak
9/28/2023,2023,09,Medan,3946,249,22,4,Hujan,Pagi,Truk,Rem Blong,Jalan Kota,Berlubang,40-60,Tikungan,Laki-laki,17-25,Ya
10/23/2025,2025,10,Bandung,4194,291,27,24,Hujan,Pagi,Bus,Kurang Jarak Aman,Jalan Kota,Baik,40-60,Lurus,Perempuan,<17,Ya
3/22/2021,2021,03,Yogyakarta,3081,350,28,12,Cerah,Siang,Bus,Pelanggaran Lalu Lintas,Jalan Provinsi,Rusak,<40,Simpang 4,Perempuan,<17,Tidak
11/1/2023,2023,11,Medan,1478,177,27,9,Hujan,Dini Hari,Motor,Kondisi Jalan,Jalan Provinsi,Rusak,>60,Lurus,Laki-laki,>50,Tidak
3/21/2023,2023,03,Jakarta Timur,4730,460,20,27,Hujan,Pagi,Motor,Pelanggaran Lalu Lintas,Jalan Kota,Berlubang,<40,Simpang T,Laki-laki,<17,Ya
12/21/2022,2022,12,Surabaya,1970,324,28,27,Hujan,Dini Hari,Truk,Rem Blong,Jalan Provinsi,Rusak,>60,Lurus,Perempuan,>50,Ya
6/24/2021,2021,06,Yogyakarta,1266,179,27,29,Hujan,Malam,Mobil,Pelanggaran Lalu Lintas,Jalan Nasional,Baik,>60,Simpang Y,Laki-laki,>50,Tidak
8/2/2022,2022,08,Bekasi,4051,168,29,16,Cerah,Pagi,Motor,Rem Blong,Jalan Nasional,Rusak,>60,Tikungan,Perempuan,>50,Ya
2/10/2021,2021,02,Yogyakarta,3675,116,26,5,Cerah,Dini Hari,Truk,Kondisi Jalan,Jalan Nasional,Baik,<40,Simpang 4,Laki-laki,26-45,Tidak
12/28/2023,2023,12,Jakarta Timur,3251,360,27,7,Cerah,Dini Hari,Mobil,Kurang Jarak Aman,Jalan Provinsi,Rusak,40-60,Lurus,Perempuan,>50,Tidak
11/24/2023,2023,11,Makassar,1091,133,22,35,Cerah,Dini Hari,Bus,Pelanggaran Lalu Lintas,Jalan Nasional,Baik,40-60,Lurus,Perempuan,>50,Tidak
11/10/2022,2022,11,Jakarta Selatan,1596,276,24,44,Cerah,Malam,Bus,Pelanggaran Lalu Lintas,Jalan Nasional,Rusak,>60,Simpang 4,Perempuan,26-45,Tidak
3/29/2023,2023,03,Jakarta Selatan,1547,374,22,20,Cerah,Malam,Bus,Pelanggaran Lalu Lintas,Jalan Provinsi,Rusak,40-60,Simpang T,Perempuan,<17,Tidak
9/29/2024,2024,09,Jakarta Timur,1702,291,21,8,Hujan,Dini Hari,Motor,Kelalaian Pengemudi,Jalan Nasional,Baik,40-60,Simpang 4,Laki-laki,<17,Ya
8/10/2025,2025,08,Makassar,4295,222,25,13,Hujan,Malam,Truk,Rem Blong,Jalan Provinsi,Berlubang,40-60,Simpang T,Perempuan,26-45,Tidak
9/27/2023,2023,09,Bekasi,3044,220,29,23,Cerah,Pagi,Motor,Kelalaian Pengemudi,Jalan Kota,Berlubang,<40,Simpang T,Laki-laki,26-45,Ya
12/25/2023,2023,12,Palembang,3206,113,24,7,Cerah,Pagi,Truk,Kurang Jarak Aman,Jalan Nasional,Rusak,40-60,Simpang 4,Laki-laki,26-45,Tidak
4/17/2025,2025,04,Jakarta Selatan,4660,152,25,7,Cerah,Dini Hari,Truk,Rem Blong,Jalan Nasional,Berlubang,40-60,Lurus,Laki-laki,>50,Ya
6/17/2023,2023,06,Bekasi,4671,212,24,35,Hujan,Dini Hari,Bus,Kecepatan Berlebih,Jalan Nasional,Baik,>60,Simpang T,Laki-laki,>50,Ya
1/4/2022,2022,01,Medan,2800,302,20,24,Cerah,Pagi,Bus,Kondisi Jalan,Jalan Provinsi,Rusak,>60,Simpang T,Laki-laki,<17,Ya
12/5/2021,2021,12,Medan,4070,158,24,28,Cerah,Siang,Mobil,Kondisi Jalan,Jalan Nasional,Rusak,<40,Tikungan,Laki-laki,26-45,Ya
5/9/2025,2025,05,Semarang,1473,475,20,36,Hujan,Pagi,Mobil,Kondisi Jalan,Jalan Nasional,Rusak,<40,Simpang 4,Perempuan,17-25,Ya
6/14/2022,2022,06,Jakarta Timur,2164,375,25,37,Cerah,Siang,Mobil,Rem Blong,Jalan Kota,Berlubang,>60,Tikungan,Laki-laki,26-45,Tidak
12/5/2021,2021,12,Palembang,2762,176,29,14,Hujan,Malam,Bus,Kecepatan Berlebih,Jalan Nasional,Rusak,<40,Tikungan,Laki-laki,26-45,Ya
4/8/2024,2024,04,Bekasi,4031,126,21,21,Hujan,Dini Hari,Mobil,Kelalaian Pengemudi,Jalan Nasional,Baik,>60,Tikungan,Laki-laki,26-45,Ya
1/11/2025,2025,01,Jakarta Selatan,3288,450,28,45,Hujan,Dini Hari,Mobil,Kurang Jarak Aman,Jalan Provinsi,Baik,>60,Tikungan,Perempuan,26-45,Tidak
7/27/2024,2024,07,Medan,3787,290,20,17,Cerah,Dini Hari,Truk,Kecepatan Berlebih,Jalan Kota,Berlubang,>60,Simpang 4,Laki-laki,>50,Ya
9/26/2024,2024,09,Makassar,3220,216,21,4,Hujan,Dini Hari,Truk,Kondisi Jalan,Jalan Kota,Berlubang,<40,Simpang 4,Perempuan,26-45,Ya
9/30/2022,2022,09,Semarang,3534,190,22,4,Hujan,Dini Hari,Bus,Kurang Jarak Aman,Jalan Kota,Berlubang,<40,Lurus,Perempuan,<17,Ya
1/9/2022,2022,01,Semarang,1737,486,29,44,Cerah,Pagi,Mobil,Kecepatan Berlebih,Jalan Kota,Berlubang,<40,Simpang 4,Perempuan,<17,Tidak
6/26/2024,2024,06,Jakarta Timur,4927,125,23,53,Hujan,Dini Hari,Bus,Kurang Jarak Aman,Jalan Nasional,Berlubang,40-60,Simpang 4,Perempuan,26-45,Ya
2/24/2024,2024,02,Bandung,1161,172,28,11,Cerah,Malam,Motor,Kecepatan Berlebih,Jalan Nasional,Berlubang,40-60,Simpang T,Perempuan,17-25,Tidak
8/21/2024,2024,08,Yogyakarta,4320,261,28,18,Cerah,Siang,Truk,Kelalaian Pengemudi,Jalan Provinsi,Baik,40-60,Simpang Y,Perempuan,<17,Tidak
5/23/2024,2024,05,Bekasi,2388,157,26,20,Cerah,Pagi,Truk,Kelalaian Pengemudi,Jalan Nasional,Rusak,>60,Simpang T,Laki-laki,>50,Ya
10/6/2021,2021,10,Palembang,2873,301,28,4,Hujan,Malam,Mobil,Pelanggaran Lalu Lintas,Jalan Provinsi,Rusak,>60,Simpang T,Laki-laki,17-25,Ya
8/31/2021,2021,08,Bandung,2414,465,29,31,Cerah,Siang,Truk,Rem Blong,Jalan Nasional,Berlubang,40-60,Simpang T,Perempuan,<17,Ya
9/6/2021,2021,09,Bekasi,4791,367,20,50,Cerah,Siang,Motor,Kondisi Jalan,Jalan Nasional,Baik,40-60,Lurus,Laki-laki,17-25,Tidak
4/12/2024,2024,04,Makassar,3384,277,29,10,Cerah,Malam,Truk,Kondisi Jalan,Jalan Nasional,Berlubang,<40,Simpang T,Laki-laki,>50,Ya
4/11/2025,2025,04,Makassar,3428,259,28,22,Cerah,Siang,Bus,Kondisi Jalan,Jalan Kota,Berlubang,>60,Lurus,Perempuan,17-25,Tidak
4/11/2022,2022,04,Yogyakarta,1858,275,22,43,Cerah,Malam,Truk,Pelanggaran Lalu Lintas,Jalan Kota,Rusak,>60,Simpang T,Laki-laki,<17,Tidak
2/12/2021,2021,02,Bekasi,2197,407,25,47,Cerah,Siang,Motor,Rem Blong,Jalan Nasional,Berlubang,>60,Simpang Y,Laki-laki,<17,Tidak
3/17/2023,2023,03,Jakarta Selatan,3726,312,22,26,Cerah,Pagi,Mobil,Kelalaian Pengemudi,Jalan Provinsi,Rusak,>60,Simpang 4,Laki-laki,26-45,Tidak
4/26/2025,2025,04,Bekasi,4137,297,30,20,Cerah,Dini Hari,Motor,Kurang Jarak Aman,Jalan Provinsi,Berlubang,>60,Simpang 4,Laki-laki,<17,Ya
1/9/2025,2025,01,Palembang,3155,391,27,38,Cerah,Pagi,Truk,Pelanggaran Lalu Lintas,Jalan Nasional,Berlubang,>60,Tikungan,Laki-laki,17-25,Ya
11/12/2025,2025,11,Jakarta Selatan,1885,342,28,33,Hujan,Dini Hari,Mobil,Kurang Jarak Aman,Jalan Provinsi,Rusak,<40,Tikungan,Perempuan,26-45,Ya
4/30/2021,2021,04,Palembang,1364,128,20,37,Hujan,Malam,Motor,Kondisi Jalan,Jalan Provinsi,Baik,>60,Tikungan,Laki-laki,<17,Tidak
12/14/2024,2024,12,Semarang,3502,371,24,12,Hujan,Dini Hari,Motor,Kecepatan Berlebih,Jalan Provinsi,Rusak,40-60,Simpang T,Laki-laki,17-25,Tidak
2/7/2023,2023,02,Semarang,3372,408,26,7,Hujan,Dini Hari,Truk,Kelalaian Pengemudi,Jalan Provinsi,Berlubang,40-60,Lurus,Perempuan,>50,Ya
11/3/2025,2025,11,Yogyakarta,4626,335,24,51,Cerah,Siang,Mobil,Rem Blong,Jalan Nasional,Berlubang,40-60,Simpang T,Laki-laki,>50,Tidak
2/24/2021,2021,02,Medan,3194,396,28,17,Cerah,Pagi,Mobil,Kecepatan Berlebih,Jalan Kota,Berlubang,<40,Tikungan,Laki-laki,17-25,Tidak
12/12/2021,2021,12,Jakarta Selatan,3671,409,28,18,Hujan,Dini Hari,Bus,Kecepatan Berlebih,Jalan Nasional,Baik,>60,Tikungan,Laki-laki,26-45,Ya
6/25/2023,2023,06,Jakarta Selatan,4358,425,24,15,Cerah,Pagi,Bus,Kecepatan Berlebih,Jalan Provinsi,Baik,40-60,Tikungan,Laki-laki,26-45,Ya
7/12/2025,2025,07,Bekasi,3985,374,26,42,Cerah,Malam,Truk,Pelanggaran Lalu Lintas,Jalan Nasional,Berlubang,40-60,Tikungan,Perempuan,>50,Ya
9/17/2021,2021,09,Semarang,1869,450,25,45,Hujan,Siang,Motor,Kurang Jarak Aman,Jalan Provinsi,Baik,<40,Simpang 4,Laki-laki,>50,Ya
5/20/2025,2025,05,Medan,4953,293,26,15,Hujan,Pagi,Motor,Rem Blong,Jalan Nasional,Rusak,>60,Tikungan,Perempuan,26-45,Tidak
11/23/2023,2023,11,Makassar,2986,201,22,35,Cerah,Dini Hari,Bus,Pelanggaran Lalu Lintas,Jalan Nasional,Baik,40-60,Simpang 4,Laki-laki,17-25,Tidak
5/20/2021,2021,05,Palembang,3675,483,21,6,Hujan,Malam,Bus,Kelalaian Pengemudi,Jalan Nasional,Rusak,<40,Tikungan,Laki-laki,>50,Ya
10/27/2024,2024,10,Bandung,2390,134,23,7,Hujan,Pagi,Motor,Pelanggaran Lalu Lintas,Jalan Provinsi,Rusak,>60,Lurus,Perempuan,26-45,Ya
12/13/2023,2023,12,Jakarta Selatan,3609,180,23,41,Hujan,Dini Hari,Truk,Pelanggaran Lalu Lintas,Jalan Nasional,Rusak,40-60,Simpang T,Perempuan,>50,Ya
3/12/2025,2025,03,Semarang,2267,336,27,3,Hujan,Siang,Mobil,Kecepatan Berlebih,Jalan Nasional,Rusak,<40,Simpang T,Perempuan,>50,Tidak
2/19/2023,2023,02,Surabaya,2519,329,26,7,Hujan,Pagi,Bus,Kondisi Jalan,Jalan Provinsi,Rusak,<40,Simpang Y,Perempuan,<17,Ya
1/30/2021,2021,01,Medan,3461,356,20,5,Hujan,Siang,Mobil,Rem Blong,Jalan Provinsi,Baik,>60,Simpang 4,Perempuan,17-25,Ya
1/3/2024,2024,01,Bandung,2135,120,21,13,Cerah,Malam,Truk,Rem Blong,Jalan Nasional,Berlubang,40-60,Tikungan,Laki-laki,<17,Ya
6/19/2024,2024,06,Jakarta Selatan,3724,190,24,13,Cerah,Siang,Mobil,Kelalaian Pengemudi,Jalan Kota,Baik,>60,Tikungan,Laki-laki,<17,Tidak
11/26/2025,2025,11,Palembang,2055,374,25,42,Hujan,Dini Hari,Bus,Kelalaian Pengemudi,Jalan Nasional,Berlubang,>60,Simpang 4,Perempuan,17-25,Tidak
6/2/2022,2022,06,Makassar,4222,152,20,30,Hujan,Pagi,Truk,Kondisi Jalan,Jalan Provinsi,Rusak,40-60,Lurus,Laki-laki,<17,Ya
1/19/2024,2024,01,Medan,1115,314,26,13,Hujan,Dini Hari,Truk,Kondisi Jalan,Jalan Kota,Berlubang,>60,Tikungan,Perempuan,26-45,Ya
12/20/2024,2024,12,Jakarta Timur,3596,398,25,8,Cerah,Dini Hari,Mobil,Kurang Jarak Aman,Jalan Provinsi,Baik,40-60,Simpang 4,Laki-laki,26-45,Tidak
9/10/2025,2025,09,Jakarta Timur,1716,495,27,6,Hujan,Siang,Bus,Rem Blong,Jalan Kota,Baik,40-60,Simpang 4,Laki-laki,>50,Tidak
6/4/2021,2021,06,Jakarta Timur,2825,205,28,15,Hujan,Malam,Truk,Kurang Jarak Aman,Jalan Provinsi,Berlubang,40-60,Simpang 4,Laki-laki,>50,Ya
10/24/2024,2024,10,Bekasi,1204,248,27,45,Hujan,Dini Hari,Truk,Kondisi Jalan,Jalan Provinsi,Berlubang,<40,Simpang 4,Laki-laki,26-45,Tidak
11/27/2024,2024,11,Jakarta Selatan,1546,298,27,13,Hujan,Siang,Motor,Kondisi Jalan,Jalan Kota,Berlubang,<40,Lurus,Laki-laki,>50,Tidak
12/12/2025,2025,12,Jakarta Timur,4941,145,25,21,Cerah,Malam,Mobil,Kurang Jarak Aman,Jalan Provinsi,Berlubang,>60,Simpang T,Laki-laki,>50,Ya
1/20/2025,2025,01,Palembang,4467,489,24,38,Cerah,Pagi,Truk,Pelanggaran Lalu Lintas,Jalan Nasional,Berlubang,<40,Simpang 4,Laki-laki,>50,Ya
5/1/2021,2021,05,Makassar,3541,361,24,14,Cerah,Dini Hari,Mobil,Kurang Jarak Aman,Jalan Provinsi,Baik,40-60,Lurus,Perempuan,>50,Ya
6/9/2025,2025,06,Surabaya,3075,204,25,14,Hujan,Pagi,Motor,Kurang Jarak Aman,Jalan Nasional,Rusak,<40,Lurus,Laki-laki,26-45,Tidak
11/12/2021,2021,11,Bekasi,1194,310,29,12,Cerah,Pagi,Motor,Kelalaian Pengemudi,Jalan Kota,Baik,40-60,Simpang 4,Laki-laki,>50,Ya
4/9/2022,2022,04,Semarang,1511,372,30,7,Cerah,Siang,Motor,Kecepatan Berlebih,Jalan Kota,Baik,<40,Tikungan,Laki-laki,<17,Ya
5/28/2021,2021,05,Semarang,2113,402,27,21,Hujan,Pagi,Mobil,Kondisi Jalan,Jalan Kota,Baik,40-60,Tikungan,Perempuan,17-25,Tidak
4/3/2021,2021,04,Jakarta Timur,2884,449,23,5,Cerah,Dini Hari,Bus,Kurang Jarak Aman,Jalan Nasional,Berlubang,40-60,Tikungan,Perempuan,<17,Tidak
1/28/2022,2022,01,Bandung,3066,125,28,27,Hujan,Malam,Motor,Rem Blong,Jalan Nasional,Rusak,40-60,Simpang 4,Perempuan,26-45,Tidak
3/30/2022,2022,03,Palembang,3184,120,25,12,Cerah,Dini Hari,Motor,Kondisi Jalan,Jalan Kota,Baik,40-60,Lurus,Laki-laki,17-25,Tidak
1/12/2022,2022,01,Semarang,3964,423,26,44,Cerah,Pagi,Mobil,Kecepatan Berlebih,Jalan Kota,Berlubang,40-60,Simpang 4,Perempuan,17-25,Ya
12/4/2024,2024,12,Medan,2765,201,30,7,Cerah,Dini Hari,Bus,Rem Blong,Jalan Kota,Baik,<40,Lurus,Laki-laki,>50,Ya
1/14/2023,2023,01,Yogyakarta,1461,413,30,15,Cerah,Dini Hari,Mobil,Kondisi Jalan,Jalan Nasional,Baik,40-60,Simpang Y,Laki-laki,17-25,Ya
2/18/2023,2023,02,Bandung,2480,333,25,47,Cerah,Dini Hari,Mobil,Rem Blong,Jalan Nasional,Berlubang,40-60,Simpang 4,Laki-laki,>50,Tidak
7/28/2023,2023,07,Yogyakarta,3112,202,20,16,Cerah,Pagi,Mobil,Kondisi Jalan,Jalan Nasional,Baik,>60,Tikungan,Laki-laki,26-45,Ya
2/28/2025,2025,02,Makassar,3203,448,30,32,Cerah,Malam,Motor,Kelalaian Pengemudi,Jalan Nasional,Rusak,>60,Simpang T,Perempuan,<17,Tidak
9/20/2024,2024,09,Medan,3643,166,28,9,Hujan,Malam,Motor,Pelanggaran Lalu Lintas,Jalan Nasional,Berlubang,>60,Simpang Y,Perempuan,17-25,Ya
7/24/2023,2023,07,Jakarta Selatan,3214,320,25,12,Hujan,Siang,Truk,Kurang Jarak Aman,Jalan Nasional,Rusak,>60,Simpang T,Laki-laki,>50,Tidak
12/4/2023,2023,12,Medan,3117,415,26,23,Cerah,Malam,Motor,Pelanggaran Lalu Lintas,Jalan Nasional,Baik,40-60,Simpang 4,Perempuan,>50,Ya
10/9/2025,2025,10,Yogyakarta,2343,355,25,4,Cerah,Pagi,Motor,Kondisi Jalan,Jalan Kota,Rusak,<40,Lurus,Laki-laki,<17,Tidak
4/20/2021,2021,04,Yogyakarta,3564,165,21,9,Cerah,Pagi,Mobil,Pelanggaran Lalu Lintas,Jalan Provinsi,Baik,<40,Lurus,Perempuan,17-25,Tidak
5/12/2023,2023,05,Bandung,2073,230,30,30,Hujan,Dini Hari,Bus,Kelalaian Pengemudi,Jalan Provinsi,Rusak,40-60,Tikungan,Laki-laki,26-45,Ya
7/10/2021,2021,07,Palembang,3305,268,28,20,Cerah,Pagi,Mobil,Kelalaian Pengemudi,Jalan Nasional,Berlubang,<40,Tikungan,Laki-laki,26-45,Ya
8/2/2023,2023,08,Bandung,4669,399,28,44,Hujan,Pagi,Bus,Kelalaian Pengemudi,Jalan Nasional,Berlubang,<40,Tikungan,Perempuan,<17,Tidak
7/18/2021,2021,07,Jakarta Selatan,1400,118,25,19,Hujan,Malam,Bus,Kelalaian Pengemudi,Jalan Nasional,Rusak,>60,Lurus,Perempuan,<17,Tidak
10/17/2023,2023,10,Yogyakarta,1088,247,27,21,Hujan,Dini Hari,Bus,Kurang Jarak Aman,Jalan Nasional,Rusak,>60,Lurus,Perempuan,26-45,Tidak
1/2/2024,2024,01,Bekasi,3260,305,21,23,Hujan,Siang,Bus,Kondisi Jalan,Jalan Kota,Baik,40-60,Simpang T,Laki-laki,17-25,Tidak
4/5/2022,2022,04,Bandung,2068,126,24,36,Hujan,Pagi,Truk,Kurang Jarak Aman,Jalan Kota,Rusak,<40,Lurus,Perempuan,<17,Ya
9/1/2025,2025,09,Medan,1490,492,20,3,Cerah,Dini Hari,Truk,Kecepatan Berlebih,Jalan Provinsi,Berlubang,>60,Simpang 4,Laki-laki,17-25,Tidak
5/27/2023,2023,05,Jakarta Timur,4626,468,30,1,Cerah,Pagi,Truk,Kelalaian Pengemudi,Jalan Kota,Berlubang,<40,Tikungan,Perempuan,17-25,Ya
8/10/2021,2021,08,Semarang,3443,359,29,10,Hujan,Dini Hari,Bus,Kondisi Jalan,Jalan Provinsi,Berlubang,>60,Simpang Y,Laki-laki,17-25,Tidak
4/25/2025,2025,04,Bekasi,1064,499,28,17,Cerah,Malam,Mobil,Rem Blong,Jalan Kota,Berlubang,40-60,Lurus,Perempuan,26-45,Tidak
11/15/2025,2025,11,Makassar,2252,249,24,7,Hujan,Malam,Mobil,Pelanggaran Lalu Lintas,Jalan Provinsi,Berlubang,<40,Simpang Y,Perempuan,<17,Ya
1/12/2024,2024,01,Bekasi,3787,120,27,30,Cerah,Dini Hari,Truk,Kondisi Jalan,Jalan Kota,Baik,<40,Simpang 4,Laki-laki,>50,Ya
12/4/2023,2023,12,Bekasi,4317,424,30,53,Cerah,Dini Hari,Motor,Rem Blong,Jalan Nasional,Baik,<40,Lurus,Laki-laki,17-25,Ya
10/14/2023,2023,10,Palembang,4406,385,28,23,Cerah,Dini Hari,Truk,Kurang Jarak Aman,Jalan Kota,Berlubang,<40,Simpang T,Perempuan,>50,Ya
6/13/2021,2021,06,Surabaya,4293,132,22,4,Hujan,Pagi,Motor,Kelalaian Pengemudi,Jalan Nasional,Baik,40-60,Simpang 4,Laki-laki,>50,Ya
3/26/2025,2025,03,Surabaya,4485,498,30,11,Hujan,Dini Hari,Motor,Kecepatan Berlebih,Jalan Nasional,Baik,40-60,Simpang T,Laki-laki,17-25,Ya
4/15/2022,2022,04,Yogyakarta,2509,120,24,21,Cerah,Dini Hari,Motor,Kecepatan Berlebih,Jalan Kota,Rusak,40-60,Tikungan,Perempuan,17-25,Tidak
12/11/2024,2024,12,Bandung,3353,228,26,13,Cerah,Pagi,Motor,Kelalaian Pengemudi,Jalan Nasional,Rusak,<40,Simpang 4,Laki-laki,17-25,Ya
9/18/2022,2022,09,Yogyakarta,2116,376,27,30,Cerah,Pagi,Truk,Kecepatan Berlebih,Jalan Nasional,Berlubang,<40,Lurus,Laki-laki,17-25,Tidak
3/2/2023,2023,03,Bandung,3150,344,21,12,Cerah,Siang,Bus,Kondisi Jalan,Jalan Provinsi,Berlubang,<40,Simpang 4,Perempuan,17-25,Tidak
4/18/2021,2021,04,Yogyakarta,1087,151,29,59,Hujan,Malam,Mobil,Kurang Jarak Aman,Jalan Nasional,Berlubang,<40,Simpang 4,Laki-laki,<17,Ya
12/20/2025,2025,12,Bandung,2362,235,23,22,Hujan,Pagi,Mobil,Kelalaian Pengemudi,Jalan Kota,Rusak,40-60,Lurus,Laki-laki,26-45,Ya
9/3/2021,2021,09,Makassar,2659,122,29,19,Hujan,Siang,Bus,Rem Blong,Jalan Kota,Rusak,40-60,Simpang Y,Perempuan,>50,Ya
9/18/2025,2025,09,Makassar,4192,148,25,10,Hujan,Malam,Mobil,Kelalaian Pengemudi,Jalan Kota,Rusak,40-60,Simpang Y,Perempuan,26-45,Tidak
11/29/2023,2023,11,Palembang,4998,483,26,22,Cerah,Pagi,Bus,Kondisi Jalan,Jalan Kota,Berlubang,>60,Tikungan,Perempuan,26-45,Ya
11/19/2024,2024,11,Yogyakarta,2130,364,28,41,Cerah,Pagi,Bus,Kondisi Jalan,Jalan Provinsi,Baik,<40,Lurus,Laki-laki,17-25,Tidak
8/16/2022,2022,08,Jakarta Selatan,2522,177,28,45,Hujan,Pagi,Bus,Kelalaian Pengemudi,Jalan Kota,Berlubang,<40,Lurus,Laki-laki,26-45,Tidak
4/15/2021,2021,04,Medan,3637,136,21,53,Hujan,Pagi,Motor,Kelalaian Pengemudi,Jalan Kota,Rusak,>60,Tikungan,Laki-laki,<17,Tidak
6/11/2021,2021,06,Semarang,4111,116,20,48,Hujan,Dini Hari,Mobil,Rem Blong,Jalan Nasional,Baik,40-60,Simpang T,Perempuan,>50,Tidak
2/23/2025,2025,02,Semarang,2139,480,25,24,Cerah,Pagi,Bus,Kelalaian Pengemudi,Jalan Provinsi,Berlubang,<40,Simpang Y,Laki-laki,<17,Tidak
1/17/2024,2024,01,Bekasi,4180,390,30,6,Cerah,Pagi,Mobil,Kondisi Jalan,Jalan Provinsi,Rusak,40-60,Lurus,Perempuan,17-25,Tidak
4/1/2025,2025,04,Bekasi,4364,177,27,18,Cerah,Siang,Mobil,Rem Blong,Jalan Nasional,Rusak,40-60,Tikungan,Perempuan,<17,Ya
5/18/2021,2021,05,Palembang,3537,300,23,34,Hujan,Siang,Truk,Kurang Jarak Aman,Jalan Provinsi,Berlubang,>60,Simpang T,Laki-laki,<17,Ya
10/13/2023,2023,10,Bandung,4988,489,28,34,Cerah,Malam,Mobil,Kecepatan Berlebih,Jalan Nasional,Rusak,40-60,Lurus,Laki-laki,<17,Ya
7/18/2025,2025,07,Yogyakarta,1634,272,24,6,Cerah,Malam,Mobil,Pelanggaran Lalu Lintas,Jalan Kota,Rusak,40-60,Simpang T,Laki-laki,<17,Tidak
12/6/2025,2025,12,Yogyakarta,3746,337,24,12,Hujan,Pagi,Bus,Pelanggaran Lalu Lintas,Jalan Provinsi,Rusak,<40,Lurus,Perempuan,<17,Tidak
3/11/2024,2024,03,Jakarta Timur,3129,290,28,12,Cerah,Siang,Bus,Rem Blong,Jalan Kota,Baik,40-60,Simpang 4,Perempuan,>50,Ya
8/30/2021,2021,08,Makassar,2908,319,28,15,Hujan,Malam,Mobil,Pelanggaran Lalu Lintas,Jalan Kota,Baik,>60,Simpang T,Laki-laki,<17,Ya
5/12/2024,2024,05,Semarang,3799,238,30,22,Hujan,Dini Hari,Truk,Kelalaian Pengemudi,Jalan Nasional,Baik,>60,Lurus,Laki-laki,<17,Tidak
4/18/2025,2025,04,Semarang,2859,333,21,18,Hujan,Malam,Bus,Kelalaian Pengemudi,Jalan Provinsi,Berlubang,>60,Simpang 4,Laki-laki,26-45,Ya
5/16/2021,2021,05,Semarang,1516,322,26,21,Hujan,Pagi,Mobil,Kondisi Jalan,Jalan Kota,Baik,<40,Simpang 4,Perempuan,17-25,Tidak
10/20/2021,2021,10,Bekasi,2143,126,30,42,Cerah,Siang,Bus,Kondisi Jalan,Jalan Provinsi,Berlubang,>60,Lurus,Perempuan,>50,Tidak
6/25/2022,2022,06,Yogyakarta,1886,334,21,16,Hujan,Siang,Mobil,Kurang Jarak Aman,Jalan Kota,Berlubang,>60,Tikungan,Perempuan,<17,Ya
1/14/2021,2021,01,Bandung,1673,198,28,44,Cerah,Siang,Mobil,Kondisi Jalan,Jalan Nasional,Rusak,>60,Simpang Y,Perempuan,>50,Tidak
3/24/2025,2025,03,Makassar,1484,243,23,27,Cerah,Dini Hari,Truk,Kecepatan Berlebih,Jalan Nasional,Baik,40-60,Lurus,Perempuan,>50,Ya
11/29/2024,2024,11,Yogyakarta,4922,369,20,7,Hujan,Dini Hari,Mobil,Kurang Jarak Aman,Jalan Kota,Baik,40-60,Lurus,Laki-laki,26-45,Ya
4/2/2025,2025,04,Makassar,1006,186,22,31,Cerah,Siang,Bus,Kurang Jarak Aman,Jalan Provinsi,Rusak,<40,Simpang T,Perempuan,26-45,Ya
6/10/2023,2023,06,Jakarta Selatan,3692,428,26,6,Hujan,Siang,Bus,Kondisi Jalan,Jalan Nasional,Baik,40-60,Lurus,Perempuan,17-25,Ya
10/31/2024,2024,10,Surabaya,3314,172,26,25,Cerah,Pagi,Mobil,Kelalaian Pengemudi,Jalan Provinsi,Baik,>60,Simpang 4,Laki-laki,26-45,Tidak
9/8/2022,2022,09,Semarang,1578,235,22,27,Hujan,Malam,Motor,Kondisi Jalan,Jalan Provinsi,Baik,>60,Simpang T,Perempuan,17-25,Tidak
3/11/2021,2021,03,Yogyakarta,2506,357,30,48,Hujan,Malam,Motor,Kurang Jarak Aman,Jalan Nasional,Berlubang,>60,Simpang Y,Perempuan,<17,Tidak
7/29/2023,2023,07,Surabaya,3001,312,24,3,Cerah,Dini Hari,Mobil,Kondisi Jalan,Jalan Provinsi,Baik,>60,Tikungan,Laki-laki,<17,Ya
7/8/2025,2025,07,Bandung,2015,280,23,19,Cerah,Pagi,Motor,Pelanggaran Lalu Lintas,Jalan Kota,Berlubang,<40,Simpang 4,Laki-laki,<17,Ya
6/23/2025,2025,06,Bekasi,1556,170,27,9,Hujan,Pagi,Truk,Kurang Jarak Aman,Jalan Nasional,Baik,>60,Lurus,Laki-laki,<17,Tidak
10/29/2025,2025,10,Makassar,1934,194,26,18,Cerah,Dini Hari,Motor,Kecepatan Berlebih,Jalan Nasional,Baik,>60,Lurus,Perempuan,>50,Tidak
4/27/2025,2025,04,Bekasi,1770,339,28,18,Cerah,Siang,Mobil,Rem Blong,Jalan Nasional,Rusak,>60,Simpang T,Laki-laki,<17,Ya
10/26/2023,2023,10,Makassar,2371,281,27,16,Cerah,Malam,Motor,Kelalaian Pengemudi,Jalan Provinsi,Baik,>60,Lurus,Perempuan,17-25,Tidak
11/8/2022,2022,11,Jakarta Selatan,1732,176,23,11,Cerah,Dini Hari,Truk,Kurang Jarak Aman,Jalan Provinsi,Rusak,<40,Lurus,Laki-laki,17-25,Ya
8/21/2023,2023,08,Makassar,2579,385,23,11,Hujan,Pagi,Bus,Kurang Jarak Aman,Jalan Kota,Rusak,40-60,Tikungan,Perempuan,<17,Tidak
12/18/2024,2024,12,Yogyakarta,3667,149,20,65,Cerah,Malam,Truk,Kurang Jarak Aman,Jalan Provinsi,Berlubang,40-60,Tikungan,Laki-laki,<17,Ya
9/6/2022,2022,09,Jakarta Selatan,4334,320,26,12,Cerah,Siang,Truk,Rem Blong,Jalan Kota,Rusak,>60,Simpang T,Laki-laki,>50,Tidak
11/17/2024,2024,11,Bekasi,2191,340,29,14,Hujan,Pagi,Motor,Kelalaian Pengemudi,Jalan Kota,Baik,>60,Simpang 4,Laki-laki,<17,Tidak
5/26/2022,2022,05,Jakarta Selatan,2278,488,25,8,Hujan,Malam,Mobil,Kurang Jarak Aman,Jalan Nasional,Baik,40-60,Lurus,Laki-laki,>50,Ya
9/12/2022,2022,09,Jakarta Timur,3044,168,21,7,Hujan,Pagi,Bus,Kurang Jarak Aman,Jalan Nasional,Baik,40-60,Simpang Y,Laki-laki,>50,Ya
12/12/2025,2025,12,Surabaya,4355,216,27,19,Hujan,Siang,Mobil,Kurang Jarak Aman,Jalan Provinsi,Rusak,<40,Tikungan,Laki-laki,>50,Ya
2/9/2021,2021,02,Yogyakarta,4366,102,27,3,Cerah,Dini Hari,Motor,Kecepatan Berlebih,Jalan Kota,Rusak,<40,Tikungan,Perempuan,>50,Ya
10/13/2025,2025,10,Palembang,4627,411,21,41,Hujan,Siang,Bus,Kurang Jarak Aman,Jalan Provinsi,Baik,<40,Simpang Y,Laki-laki,>50,Tidak
11/19/2023,2023,11,Makassar,3800,438,27,32,Cerah,Siang,Truk,Kecepatan Berlebih,Jalan Nasional,Baik,40-60,Tikungan,Laki-laki,26-45,Tidak
12/31/2025,2025,12,Semarang,3235,124,23,29,Hujan,Siang,Mobil,Kurang Jarak Aman,Jalan Provinsi,Berlubang,>60,Lurus,Perempuan,>50,Ya
9/16/2025,2025,09,Jakarta Timur,1796,300,23,12,Hujan,Dini Hari,Bus,Kondisi Jalan,Jalan Kota,Rusak,40-60,Simpang T,Perempuan,17-25,Tidak
7/19/2022,2022,07,Bandung,2628,224,23,22,Cerah,Siang,Mobil,Kelalaian Pengemudi,Jalan Kota,Baik,40-60,Tikungan,Laki-laki,>50,Tidak
8/17/2021,2021,08,Bandung,1496,327,25,38,Cerah,Pagi,Motor,Kecepatan Berlebih,Jalan Provinsi,Berlubang,<40,Tikungan,Perempuan,26-45,Tidak
2/4/2023,2023,02,Yogyakarta,1906,446,29,6,Hujan,Dini Hari,Motor,Kurang Jarak Aman,Jalan Kota,Baik,>60,Simpang T,Laki-laki,17-25,Tidak
3/21/2021,2021,03,Palembang,4562,208,20,19,Hujan,Dini Hari,Bus,Rem Blong,Jalan Kota,Baik,40-60,Simpang T,Perempuan,>50,Ya
10/7/2021,2021,10,Jakarta Timur,2945,156,23,70,Hujan,Pagi,Truk,Rem Blong,Jalan Kota,Rusak,40-60,Simpang T,Laki-laki,>50,Ya
7/11/2023,2023,07,Surabaya,4714,112,22,32,Hujan,Malam,Motor,Pelanggaran Lalu Lintas,Jalan Kota,Rusak,40-60,Simpang T,Perempuan,26-45,Tidak
8/6/2024,2024,08,Bekasi,2706,290,20,4,Hujan,Dini Hari,Truk,Rem Blong,Jalan Kota,Rusak,40-60,Tikungan,Perempuan,17-25,Tidak
2/26/2022,2022,02,Yogyakarta,4211,474,28,33,Hujan,Malam,Truk,Kecepatan Berlebih,Jalan Kota,Rusak,<40,Lurus,Perempuan,>50,Ya
1/10/2022,2022,01,Bandung,1855,110,25,27,Hujan,Malam,Motor,Rem Blong,Jalan Nasional,Rusak,>60,Simpang 4,Laki-laki,17-25,Tidak
11/21/2024,2024,11,Jakarta Timur,4677,270,22,46,Hujan,Dini Hari,Bus,Pelanggaran Lalu Lintas,Jalan Provinsi,Berlubang,>60,Lurus,Perempuan,26-45,Ya
3/9/2024,2024,03,Medan,2157,144,22,2,Cerah,Pagi,Motor,Kelalaian Pengemudi,Jalan Nasional,Baik,>60,Tikungan,Perempuan,<17,Tidak
10/9/2022,2022,10,Jakarta Timur,2983,275,23,41,Hujan,Malam,Bus,Kelalaian Pengemudi,Jalan Provinsi,Berlubang,<40,Simpang 4,Laki-laki,17-25,Tidak
11/24/2021,2021,11,Bekasi,2204,308,20,13,Hujan,Malam,Bus,Kondisi Jalan,Jalan Nasional,Berlubang,<40,Simpang 4,Perempuan,<17,Ya
5/4/2021,2021,05,Yogyakarta,4110,290,28,38,Hujan,Malam,Mobil,Pelanggaran Lalu Lintas,Jalan Provinsi,Rusak,<40,Tikungan,Perempuan,26-45,Tidak
1/13/2023,2023,01,Makassar,3322,279,21,3,Cerah,Pagi,Mobil,Kelalaian Pengemudi,Jalan Provinsi,Berlubang,40-60,Lurus,Perempuan,26-45,Tidak
1/19/2023,2023,01,Bandung,2256,261,28,25,Cerah,Malam,Motor,Kecepatan Berlebih,Jalan Kota,Rusak,40-60,Simpang Y,Perempuan,>50,Ya
7/27/2024,2024,07,Jakarta Timur,2632,232,29,14,Cerah,Malam,Truk,Kecepatan Berlebih,Jalan Kota,Rusak,>60,Lurus,Laki-laki,<17,Ya
5/5/2023,2023,05,Bandung,3701,258,30,30,Hujan,Dini Hari,Bus,Kelalaian Pengemudi,Jalan Provinsi,Rusak,>60,Simpang 4,Laki-laki,<17,Ya
11/3/2021,2021,11,Jakarta Selatan,2752,266,23,9,Cerah,Pagi,Bus,Kelalaian Pengemudi,Jalan Kota,Rusak,<40,Tikungan,Laki-laki,17-25,Tidak
8/11/2022,2022,08,Makassar,1472,446,30,27,Cerah,Siang,Motor,Pelanggaran Lalu Lintas,Jalan Nasional,Baik,<40,Tikungan,Perempuan,<17,Ya
11/24/2023,2023,11,Medan,1690,384,28,17,Hujan,Dini Hari,Mobil,Kecepatan Berlebih,Jalan Provinsi,Rusak,<40,Simpang Y,Laki-laki,17-25,Ya
4/11/2021,2021,04,Jakarta Selatan,1372,175,23,20,Hujan,Malam,Mobil,Kurang Jarak Aman,Jalan Kota,Baik,40-60,Simpang Y,Laki-laki,>50,Ya
4/28/2024,2024,04,Semarang,1014,195,26,3,Cerah,Pagi,Motor,Kurang Jarak Aman,Jalan Kota,Berlubang,>60,Lurus,Perempuan,>50,Ya
5/4/2024,2024,05,Makassar,4540,128,28,14,Cerah,Siang,Truk,Pelanggaran Lalu Lintas,Jalan Kota,Baik,40-60,Lurus,Perempuan,>50,Ya
4/24/2021,2021,04,Bekasi,1875,114,28,13,Hujan,Malam,Bus,Rem Blong,Jalan Provinsi,Rusak,>60,Simpang Y,Perempuan,<17,Ya
2/10/2021,2021,02,Jakarta Selatan,4167,374,24,62,Hujan,Dini Hari,Truk,Kecepatan Berlebih,Jalan Provinsi,Baik,<40,Simpang T,Perempuan,17-25,Tidak
8/15/2025,2025,08,Jakarta Timur,1884,186,25,10,Cerah,Pagi,Bus,Kurang Jarak Aman,Jalan Provinsi,Baik,>60,Tikungan,Perempuan,<17,Ya
4/25/2023,2023,04,Surabaya,3648,350,27,2,Cerah,Malam,Truk,Rem Blong,Jalan Nasional,Baik,40-60,Simpang T,Perempuan,>50,Ya
10/5/2025,2025,10,Palembang,3590,472,26,57,Hujan,Pagi,Mobil,Kurang Jarak Aman,Jalan Kota,Rusak,40-60,Tikungan,Perempuan,17-25,Ya
5/27/2023,2023,05,Medan,4767,439,30,10,Hujan,Siang,Mobil,Kondisi Jalan,Jalan Provinsi,Baik,<40,Simpang Y,Laki-laki,17-25,Tidak
6/14/2025,2025,06,Bandung,4269,223,30,22,Cerah,Siang,Mobil,Kondisi Jalan,Jalan Kota,Rusak,>60,Simpang 4,Perempuan,26-45,Ya
9/14/2022,2022,09,Palembang,3508,489,28,49,Cerah,Malam,Mobil,Pelanggaran Lalu Lintas,Jalan Kota,Baik,>60,Simpang Y,Laki-laki,26-45,Tidak
12/26/2023,2023,12,Bekasi,1492,241,22,15,Cerah,Siang,Mobil,Kondisi Jalan,Jalan Nasional,Baik,<40,Simpang Y,Perempuan,26-45,Tidak
7/26/2021,2021,07,Semarang,4154,253,24,60,Hujan,Malam,Truk,Kondisi Jalan,Jalan Provinsi,Baik,>60,Lurus,Perempuan,>50,Ya
4/19/2022,2022,04,Bekasi,4211,284,27,9,Hujan,Malam,Motor,Kurang Jarak Aman,Jalan Nasional,Rusak,<40,Simpang T,Perempuan,<17,Ya
1/22/2021,2021,01,Medan,4533,314,29,11,Cerah,Dini Hari,Bus,Kurang Jarak Aman,Jalan Nasional,Rusak,<40,Simpang 4,Perempuan,>50,Tidak
11/29/2023,2023,11,Palembang,4858,370,24,13,Hujan,Siang,Truk,Pelanggaran Lalu Lintas,Jalan Nasional,Berlubang,>60,Simpang 4,Laki-laki,<17,Tidak
11/10/2024,2024,11,Bekasi,4805,218,23,28,Hujan,Pagi,Bus,Rem Blong,Jalan Nasional,Baik,<40,Simpang 4,Perempuan,>50,Ya
2/13/2021,2021,02,Bandung,4150,293,25,10,Hujan,Pagi,Bus,Kecepatan Berlebih,Jalan Provinsi,Baik,<40,Simpang 4,Laki-laki,<17,Tidak
5/11/2025,2025,05,Semarang,4179,480,28,10,Hujan,Pagi,Truk,Kecepatan Berlebih,Jalan Kota,Baik,>60,Simpang Y,Perempuan,<17,Ya
10/28/2023,2023,10,Bekasi,4851,120,27,22,Hujan,Malam,Motor,Kondisi Jalan,Jalan Kota,Baik,40-60,Simpang 4,Perempuan,>50,Ya
12/16/2022,2022,12,Semarang,4975,284,27,22,Hujan,Dini Hari,Truk,Kecepatan Berlebih,Jalan Nasional,Baik,>60,Simpang 4,Laki-laki,>50,Tidak
1/4/2022,2022,01,Jakarta Timur,4074,306,27,21,Hujan,Dini Hari,Motor,Pelanggaran Lalu Lintas,Jalan Provinsi,Berlubang,>60,Simpang Y,Perempuan,17-25,Ya
1/19/2022,2022,01,Semarang,4163,470,27,71,Hujan,Pagi,Mobil,Kelalaian Pengemudi,Jalan Nasional,Berlubang,>60,Simpang Y,Laki-laki,17-25,Ya
2/22/2022,2022,02,Yogyakarta,4278,383,25,25,Hujan,Siang,Mobil,Pelanggaran Lalu Lintas,Jalan Provinsi,Baik,>60,Simpang T,Laki-laki,<17,Tidak
12/24/2023,2023,12,Jakarta Timur,1433,495,22,22,Hujan,Malam,Mobil,Kelalaian Pengemudi,Jalan Nasional,Baik,>60,Simpang 4,Perempuan,>50,Tidak
3/7/2025,2025,03,Makassar,4047,364,25,16,Hujan,Siang,Mobil,Kondisi Jalan,Jalan Provinsi,Baik,>60,Simpang Y,Perempuan,>50,Tidak
7/9/2025,2025,07,Bekasi,4210,346,23,26,Hujan,Malam,Motor,Pelanggaran Lalu Lintas,Jalan Provinsi,Rusak,<40,Simpang T,Perempuan,17-25,Ya
5/25/2022,2022,05,Bandung,1200,397,25,7,Cerah,Siang,Motor,Kecepatan Berlebih,Jalan Nasional,Rusak,<40,Simpang T,Perempuan,>50,Tidak
6/20/2025,2025,06,Medan,2091,276,25,46,Hujan,Dini Hari,Bus,Kelalaian Pengemudi,Jalan Provinsi,Baik,>60,Simpang T,Perempuan,17-25,Tidak
6/5/2022,2022,06,Palembang,4517,226,27,29,Cerah,Pagi,Mobil,Kelalaian Pengemudi,Jalan Provinsi,Rusak,<40,Tikungan,Perempuan,26-45,Ya
10/11/2022,2022,10,Yogyakarta,3307,460,21,41,Cerah,Malam,Truk,Kurang Jarak Aman,Jalan Kota,Rusak,<40,Lurus,Laki-laki,>50,Tidak
8/14/2024,2024,08,Palembang,2919,400,23,23,Hujan,Dini Hari,Truk,Kurang Jarak Aman,Jalan Provinsi,Berlubang,40-60,Simpang T,Perempuan,<17,Tidak
6/12/2024,2024,06,Jakarta Timur,3174,222,25,9,Hujan,Pagi,Motor,Kurang Jarak Aman,Jalan Nasional,Rusak,40-60,Tikungan,Laki-laki,<17,Ya
4/11/2023,2023,04,Jakarta Selatan,2575,328,27,24,Hujan,Malam,Mobil,Kelalaian Pengemudi,Jalan Nasional,Rusak,>60,Tikungan,Laki-laki,26-45,Ya
7/25/2024,2024,07,Medan,3984,458,24,31,Cerah,Pagi,Motor,Kelalaian Pengemudi,Jalan Nasional,Baik,40-60,Lurus,Perempuan,>50,Ya
7/2/2021,2021,07,Makassar,2526,280,23,8,Hujan,Siang,Mobil,Kondisi Jalan,Jalan Provinsi,Rusak,40-60,Simpang T,Laki-laki,17-25,Ya
7/12/2022,2022,07,Jakarta Selatan,3120,293,26,4,Hujan,Siang,Motor,Rem Blong,Jalan Kota,Rusak,40-60,Tikungan,Perempuan,26-45,Ya
10/2/2021,2021,10,Bekasi,2217,488,24,17,Cerah,Pagi,Bus,Pelanggaran Lalu Lintas,Jalan Kota,Berlubang,40-60,Tikungan,Laki-laki,>50,Tidak
10/29/2023,2023,10,Makassar,4643,485,24,18,Cerah,Malam,Truk,Pelanggaran Lalu Lintas,Jalan Nasional,Rusak,<40,Simpang Y,Laki-laki,26-45,Tidak
4/8/2023,2023,04,Yogyakarta,1016,226,29,11,Cerah,Dini Hari,Mobil,Kelalaian Pengemudi,Jalan Provinsi,Baik,<40,Simpang T,Perempuan,>50,Ya
12/31/2021,2021,12,Palembang,3187,301,29,10,Hujan,Siang,Mobil,Kecepatan Berlebih,Jalan Nasional,Rusak,>60,Simpang T,Perempuan,26-45,Tidak
3/20/2025,2025,03,Yogyakarta,2115,244,29,2,Cerah,Dini Hari,Truk,Kelalaian Pengemudi,Jalan Kota,Baik,<40,Tikungan,Laki-laki,17-25,Ya
5/24/2022,2022,05,Jakarta Selatan,4971,240,26,22,Hujan,Malam,Truk,Rem Blong,Jalan Nasional,Baik,<40,Simpang T,Laki-laki,<17,Tidak
4/11/2023,2023,04,Jakarta Timur,3923,418,25,35,Cerah,Dini Hari,Bus,Kecepatan Berlebih,Jalan Nasional,Berlubang,40-60,Simpang 4,Laki-laki,17-25,Tidak
10/6/2025,2025,10,Medan,2187,476,21,6,Hujan,Dini Hari,Motor,Pelanggaran Lalu Lintas,Jalan Kota,Rusak,40-60,Simpang 4,Laki-laki,26-45,Ya
10/22/2025,2025,10,Palembang,4536,181,29,12,Cerah,Dini Hari,Truk,Kondisi Jalan,Jalan Kota,Baik,<40,Simpang Y,Perempuan,<17,Ya
9/13/2021,2021,09,Jakarta Timur,1137,396,21,19,Cerah,Dini Hari,Mobil,Pelanggaran Lalu Lintas,Jalan Provinsi,Rusak,>60,Lurus,Laki-laki,17-25,Tidak
10/3/2024,2024,10,Bekasi,1134,438,25,69,Cerah,Dini Hari,Mobil,Kecepatan Berlebih,Jalan Provinsi,Baik,>60,Tikungan,Perempuan,>50,Ya
11/1/2025,2025,11,Yogyakarta,1477,418,20,3,Cerah,Pagi,Motor,Kurang Jarak Aman,Jalan Kota,Berlubang,>60,Simpang T,Laki-laki,>50,Ya
5/28/2023,2023,05,Bandung,4201,311,22,31,Cerah,Dini Hari,Truk,Kurang Jarak Aman,Jalan Nasional,Berlubang,>60,Tikungan,Perempuan,17-25,Tidak
9/15/2025,2025,09,Semarang,2126,235,26,29,Cerah,Malam,Motor,Kecepatan Berlebih,Jalan Nasional,Baik,<40,Simpang Y,Perempuan,17-25,Ya
4/5/2022,2022,04,Palembang,4164,461,27,11,Cerah,Dini Hari,Motor,Kecepatan Berlebih,Jalan Kota,Berlubang,40-60,Lurus,Perempuan,26-45,Ya
6/8/2021,2021,06,Semarang,3223,437,23,38,Cerah,Dini Hari,Motor,Kecepatan Berlebih,Jalan Provinsi,Baik,>60,Simpang T,Laki-laki,17-25,Ya
4/5/2022,2022,04,Jakarta Timur,3140,355,23,9,Cerah,Dini Hari,Bus,Rem Blong,Jalan Nasional,Berlubang,40-60,Simpang 4,Laki-laki,26-45,Tidak
11/9/2024,2024,11,Makassar,1052,133,23,19,Cerah,Dini Hari,Mobil,Kurang Jarak Aman,Jalan Kota,Baik,<40,Lurus,Perempuan,26-45,Ya
12/2/2025,2025,12,Medan,3152,180,26,36,Hujan,Siang,Truk,Kelalaian Pengemudi,Jalan Provinsi,Berlubang,40-60,Simpang Y,Laki-laki,26-45,Tidak
7/25/2021,2021,07,Yogyakarta,3190,388,29,7,Hujan,Malam,Bus,Rem Blong,Jalan Nasional,Baik,<40,Lurus,Perempuan,>50,Tidak
9/13/2021,2021,09,Jakarta Timur,1567,366,24,11,Cerah,Dini Hari,Mobil,Kondisi Jalan,Jalan Nasional,Berlubang,>60,Simpang T,Laki-laki,<17,Ya
8/18/2025,2025,08,Makassar,3331,379,22,24,Cerah,Siang,Mobil,Kurang Jarak Aman,Jalan Provinsi,Baik,>60,Simpang 4,Perempuan,<17,Ya
11/21/2021,2021,11,Yogyakarta,4779,156,25,47,Hujan,Malam,Bus,Kecepatan Berlebih,Jalan Kota,Baik,>60,Simpang Y,Perempuan,>50,Tidak
12/3/2025,2025,12,Jakarta Timur,2871,166,27,20,Hujan,Malam,Truk,Kondisi Jalan,Jalan Provinsi,Rusak,<40,Simpang 4,Perempuan,<17,Tidak
11/1/2022,2022,11,Surabaya,3141,128,23,40,Cerah,Siang,Bus,Kondisi Jalan,Jalan Provinsi,Rusak,>60,Lurus,Perempuan,17-25,Tidak
10/20/2021,2021,10,Jakarta Selatan,1965,206,26,9,Cerah,Malam,Motor,Kelalaian Pengemudi,Jalan Nasional,Baik,>60,Simpang Y,Perempuan,<17,Tidak
9/19/2021,2021,09,Bekasi,4012,267,26,38,Hujan,Siang,Truk,Kurang Jarak Aman,Jalan Nasional,Rusak,>60,Simpang 4,Perempuan,<17,Tidak
11/10/2025,2025,11,Bandung,4528,447,23,14,Cerah,Siang,Bus,Pelanggaran Lalu Lintas,Jalan Provinsi,Rusak,<40,Lurus,Laki-laki,<17,Tidak
2/2/2021,2021,02,Palembang,2222,394,30,7,Cerah,Pagi,Mobil,Kurang Jarak Aman,Jalan Kota,Rusak,>60,Lurus,Perempuan,<17,Tidak
7/31/2022,2022,07,Palembang,1394,330,29,26,Cerah,Dini Hari,Motor,Kelalaian Pengemudi,Jalan Provinsi,Rusak,<40,Simpang Y,Perempuan,17-25,Tidak
11/12/2025,2025,11,Bandung,3656,496,29,14,Cerah,Dini Hari,Mobil,Rem Blong,Jalan Provinsi,Baik,<40,Simpang 4,Laki-laki,<17,Ya
8/9/2024,2024,08,Yogyakarta,2020,332,30,29,Hujan,Dini Hari,Motor,Rem Blong,Jalan Nasional,Rusak,<40,Tikungan,Laki-laki,17-25,Tidak
12/12/2023,2023,12,Jakarta Timur,2457,495,27,7,Cerah,Dini Hari,Mobil,Kurang Jarak Aman,Jalan Provinsi,Rusak,>60,Simpang 4,Perempuan,17-25,Tidak
3/29/2021,2021,03,Bekasi,4809,123,25,30,Cerah,Siang,Mobil,Rem Blong,Jalan Provinsi,Baik,40-60,Simpang 4,Perempuan,<17,Tidak
3/26/2023,2023,03,Jakarta Selatan,1397,367,22,20,Cerah,Malam,Bus,Pelanggaran Lalu Lintas,Jalan Provinsi,Rusak,>60,Simpang Y,Perempuan,>50,Ya
6/4/2025,2025,06,Makassar,1192,285,28,12,Cerah,Dini Hari,Mobil,Kelalaian Pengemudi,Jalan Nasional,Berlubang,<40,Simpang T,Laki-laki,>50,Tidak
10/25/2025,2025,10,Palembang,1058,480,28,28,Cerah,Pagi,Truk,Kondisi Jalan,Jalan Kota,Rusak,40-60,Tikungan,Perempuan,<17,Tidak
10/12/2021,2021,10,Bandung,2788,230,25,30,Hujan,Siang,Truk,Kondisi Jalan,Jalan Kota,Baik,40-60,Simpang 4,Perempuan,17-25,Ya
12/2/2024,2024,12,Medan,4538,204,26,28,Hujan,Siang,Bus,Kondisi Jalan,Jalan Nasional,Berlubang,<40,Simpang 4,Laki-laki,>50,Ya
12/22/2023,2023,12,Semarang,1697,177,30,7,Cerah,Pagi,Motor,Rem Blong,Jalan Kota,Baik,>60,Simpang Y,Laki-laki,>50,Tidak
5/31/2025,2025,05,Palembang,4320,245,24,25,Cerah,Malam,Mobil,Kurang Jarak Aman,Jalan Provinsi,Rusak,40-60,Simpang 4,Perempuan,>50,Tidak
10/29/2025,2025,10,Surabaya,1677,153,27,33,Cerah,Dini Hari,Bus,Kondisi Jalan,Jalan Nasional,Baik,<40,Tikungan,Laki-laki,>50,Tidak
4/2/2024,2024,04,Yogyakarta,2174,401,24,11,Hujan,Malam,Mobil,Kecepatan Berlebih,Jalan Nasional,Rusak,>60,Simpang T,Perempuan,17-25,Tidak
4/1/2022,2022,04,Makassar,2326,249,29,16,Cerah,Siang,Mobil,Kondisi Jalan,Jalan Nasional,Rusak,>60,Simpang T,Laki-laki,26-45,Tidak
10/6/2025,2025,10,Bandung,3256,151,20,60,Hujan,Siang,Truk,Kondisi Jalan,Jalan Kota,Berlubang,40-60,Lurus,Perempuan,17-25,Ya
9/30/2025,2025,09,Medan,4089,170,23,18,Hujan,Dini Hari,Motor,Pelanggaran Lalu Lintas,Jalan Nasional,Berlubang,<40,Simpang T,Perempuan,<17,Ya
1/19/2023,2023,01,Surabaya,4964,275,28,41,Hujan,Dini Hari,Mobil,Kurang Jarak Aman,Jalan Kota,Berlubang,<40,Simpang Y,Laki-laki,<17,Tidak
1/7/2021,2021,01,Palembang,3480,329,29,17,Hujan,Pagi,Motor,Kecepatan Berlebih,Jalan Kota,Rusak,40-60,Lurus,Perempuan,>50,Tidak
1/14/2021,2021,01,Bekasi,3781,218,20,55,Cerah,Dini Hari,Bus,Kecepatan Berlebih,Jalan Nasional,Baik,<40,Lurus,Laki-laki,<17,Ya
2/21/2022,2022,02,Jakarta Selatan,3961,317,21,8,Hujan,Malam,Truk,Rem Blong,Jalan Kota,Berlubang,<40,Simpang Y,Laki-laki,26-45,Tidak
6/27/2024,2024,06,Jakarta Timur,3939,500,23,10,Cerah,Siang,Bus,Kurang Jarak Aman,Jalan Kota,Baik,>60,Tikungan,Laki-laki,<17,Tidak
4/22/2023,2023,04,Jakarta Selatan,4943,383,25,20,Hujan,Dini Hari,Mobil,Kelalaian Pengemudi,Jalan Kota,Rusak,>60,Tikungan,Laki-laki,>50,Ya
12/26/2024,2024,12,Yogyakarta,3712,364,27,19,Hujan,Malam,Mobil,Kelalaian Pengemudi,Jalan Kota,Baik,40-60,Lurus,Laki-laki,17-25,Tidak
9/23/2021,2021,09,Jakarta Timur,2463,482,22,19,Cerah,Dini Hari,Mobil,Pelanggaran Lalu Lintas,Jalan Provinsi,Rusak,<40,Simpang Y,Laki-laki,17-25,Ya
7/14/2024,2024,07,Palembang,4000,141,26,15,Cerah,Pagi,Mobil,Kondisi Jalan,Jalan Nasional,Baik,>60,Simpang T,Perempuan,>50,Tidak
10/13/2022,2022,10,Jakarta Timur,4126,220,25,41,Hujan,Malam,Bus,Kelalaian Pengemudi,Jalan Provinsi,Berlubang,>60,Simpang T,Laki-laki,26-45,Tidak
9/17/2022,2022,09,Jakarta Selatan,3720,296,28,35,Cerah,Pagi,Motor,Kecepatan Berlebih,Jalan Kota,Berlubang,<40,Lurus,Laki-laki,<17,Ya
9/21/2024,2024,09,Medan,4374,150,29,9,Hujan,Malam,Motor,Pelanggaran Lalu Lintas,Jalan Nasional,Berlubang,>60,Lurus,Laki-laki,17-25,Ya
4/27/2021,2021,04,Medan,1057,332,22,29,Cerah,Malam,Motor,Kondisi Jalan,Jalan Kota,Baik,40-60,Simpang 4,Laki-laki,17-25,Tidak
5/31/2023,2023,05,Surabaya,1614,193,24,16,Cerah,Pagi,Bus,Kelalaian Pengemudi,Jalan Provinsi,Baik,40-60,Simpang 4,Perempuan,>50,Tidak
6/27/2024,2024,06,Semarang,2824,493,24,52,Hujan,Dini Hari,Mobil,Rem Blong,Jalan Kota,Baik,>60,Lurus,Laki-laki,>50,Tidak
3/3/2021,2021,03,Jakarta Timur,3681,434,27,15,Hujan,Dini Hari,Truk,Kecepatan Berlebih,Jalan Provinsi,Berlubang,40-60,Simpang T,Laki-laki,26-45,Tidak
10/10/2023,2023,10,Medan,3514,208,22,10,Cerah,Siang,Bus,Kurang Jarak Aman,Jalan Kota,Baik,<40,Simpang T,Laki-laki,17-25,Tidak
2/18/2022,2022,02,Yogyakarta,3168,306,30,42,Cerah,Dini Hari,Mobil,Pelanggaran Lalu Lintas,Jalan Kota,Berlubang,40-60,Tikungan,Laki-laki,<17,Ya
9/8/2024,2024,09,Makassar,2336,225,21,10,Hujan,Malam,Mobil,Pelanggaran Lalu Lintas,Jalan Nasional,Baik,>60,Simpang Y,Perempuan,26-45,Tidak
9/30/2025,2025,09,Yogyakarta,3727,126,28,14,Cerah,Pagi,Motor,Kelalaian Pengemudi,Jalan Provinsi,Berlubang,>60,Simpang T,Laki-laki,<17,Ya
10/10/2023,2023,10,Jakarta Timur,4651,321,27,8,Cerah,Pagi,Motor,Kondisi Jalan,Jalan Kota,Rusak,40-60,Tikungan,Laki-laki,26-45,Tidak
8/4/2024,2024,08,Medan,4107,280,22,40,Hujan,Dini Hari,Truk,Kondisi Jalan,Jalan Nasional,Berlubang,<40,Simpang T,Perempuan,<17,Tidak
5/29/2025,2025,05,Yogyakarta,1116,447,29,8,Cerah,Dini Hari,Motor,Rem Blong,Jalan Nasional,Baik,40-60,Simpang T,Perempuan,<17,Ya
3/22/2025,2025,03,Yogyakarta,1149,287,22,0,Cerah,Siang,Truk,Kecepatan Berlebih,Jalan Kota,Baik,>60,Simpang 4,Laki-laki,26-45,Ya
7/19/2021,2021,07,Bekasi,2866,412,29,12,Hujan,Siang,Mobil,Kondisi Jalan,Jalan Nasional,Berlubang,>60,Lurus,Perempuan,<17,Ya
11/9/2021,2021,11,Jakarta Timur,2748,247,22,11,Cerah,Malam,Truk,Kelalaian Pengemudi,Jalan Kota,Rusak,>60,Simpang Y,Laki-laki,>50,Ya
2/17/2023,2023,02,Makassar,4587,483,24,25,Cerah,Malam,Motor,Kecepatan Berlebih,Jalan Kota,Berlubang,40-60,Tikungan,Perempuan,26-45,Tidak
6/30/2024,2024,06,Semarang,3099,236,23,20,Cerah,Malam,Motor,Pelanggaran Lalu Lintas,Jalan Provinsi,Berlubang,<40,Lurus,Perempuan,<17,Tidak
6/21/2023,2023,06,Bekasi,3839,307,25,18,Cerah,Dini Hari,Truk,Kelalaian Pengemudi,Jalan Provinsi,Baik,40-60,Simpang 4,Perempuan,26-45,Ya
7/7/2023,2023,07,Makassar,1335,292,21,49,Cerah,Siang,Mobil,Kelalaian Pengemudi,Jalan Nasional,Berlubang,<40,Simpang T,Perempuan,17-25,Tidak
4/13/2021,2021,04,Semarang,4511,142,28,34,Cerah,Siang,Motor,Rem Blong,Jalan Nasional,Baik,>60,Simpang Y,Perempuan,<17,Tidak
2/14/2024,2024,02,Palembang,2383,197,29,13,Cerah,Malam,Truk,Kondisi Jalan,Jalan Kota,Rusak,<40,Simpang Y,Perempuan,17-25,Tidak
8/19/2024,2024,08,Semarang,1984,388,30,28,Hujan,Pagi,Truk,Kecepatan Berlebih,Jalan Nasional,Baik,<40,Simpang T,Perempuan,17-25,Tidak
10/26/2021,2021,10,Bandung,3507,410,24,9,Cerah,Pagi,Bus,Kurang Jarak Aman,Jalan Provinsi,Baik,<40,Lurus,Laki-laki,17-25,Tidak
1/12/2023,2023,01,Semarang,4484,329,25,49,Hujan,Pagi,Motor,Pelanggaran Lalu Lintas,Jalan Kota,Baik,>60,Simpang 4,Laki-laki,>50,Tidak
3/31/2023,2023,03,Bandung,2530,359,30,20,Cerah,Dini Hari,Motor,Kelalaian Pengemudi,Jalan Provinsi,Baik,>60,Tikungan,Laki-laki,26-45,Tidak
1/12/2023,2023,01,Surabaya,3590,228,27,41,Hujan,Dini Hari,Mobil,Kurang Jarak Aman,Jalan Kota,Berlubang,>60,Simpang 4,Laki-laki,<17,Tidak
1/27/2022,2022,01,Bandung,1763,357,24,27,Hujan,Malam,Motor,Rem Blong,Jalan Nasional,Rusak,40-60,Simpang 4,Laki-laki,26-45,Tidak
1/26/2024,2024,01,Bekasi,4499,470,24,30,Cerah,Dini Hari,Truk,Kondisi Jalan,Jalan Kota,Baik,>60,Simpang T,Laki-laki,<17,Ya
10/10/2025,2025,10,Yogyakarta,3206,301,20,17,Cerah,Siang,Truk,Kondisi Jalan,Jalan Provinsi,Baik,<40,Simpang T,Laki-laki,26-45,Tidak
4/2/2023,2023,04,Bekasi,1411,457,25,10,Cerah,Dini Hari,Truk,Kurang Jarak Aman,Jalan Nasional,Berlubang,40-60,Simpang Y,Perempuan,26-45,Ya
8/5/2021,2021,08,Yogyakarta,1723,428,27,22,Hujan,Malam,Bus,Kondisi Jalan,Jalan Nasional,Rusak,40-60,Simpang T,Laki-laki,<17,Ya
12/24/2023,2023,12,Makassar,1317,304,29,15,Hujan,Pagi,Truk,Pelanggaran Lalu Lintas,Jalan Kota,Baik,40-60,Tikungan,Perempuan,17-25,Tidak
8/16/2023,2023,08,Bandung,2517,407,30,2,Cerah,Malam,Mobil,Kurang Jarak Aman,Jalan Nasional,Berlubang,<40,Simpang Y,Perempuan,>50,Tidak
12/31/2025,2025,12,Yogyakarta,2305,234,24,23,Cerah,Siang,Motor,Kecepatan Berlebih,Jalan Provinsi,Baik,<40,Simpang T,Laki-laki,26-45,Tidak
9/9/2025,2025,09,Jakarta Selatan,4171,456,21,51,Hujan,Siang,Motor,Kondisi Jalan,Jalan Provinsi,Rusak,>60,Tikungan,Laki-laki,>50,Tidak
9/22/2024,2024,09,Yogyakarta,3339,456,20,16,Hujan,Pagi,Mobil,Kelalaian Pengemudi,Jalan Kota,Berlubang,>60,Simpang 4,Perempuan,17-25,Ya
2/3/2022,2022,02,Makassar,1773,254,20,9,Cerah,Dini Hari,Bus,Rem Blong,Jalan Provinsi,Baik,40-60,Lurus,Perempuan,26-45,Tidak
4/12/2024,2024,04,Bekasi,1583,393,20,20,Cerah,Malam,Mobil,Kecepatan Berlebih,Jalan Kota,Rusak,<40,Simpang T,Perempuan,17-25,Ya
10/3/2023,2023,10,Bekasi,1413,250,25,22,Cerah,Siang,Mobil,Kurang Jarak Aman,Jalan Nasional,Berlubang,40-60,Tikungan,Perempuan,26-45,Ya
4/24/2021,2021,04,Yogyakarta,4110,222,25,8,Hujan,Dini Hari,Bus,Kelalaian Pengemudi,Jalan Nasional,Berlubang,>60,Simpang Y,Perempuan,17-25,Tidak
5/13/2023,2023,05,Bandung,2438,126,22,31,Cerah,Dini Hari,Truk,Kurang Jarak Aman,Jalan Nasional,Berlubang,40-60,Tikungan,Laki-laki,26-45,Ya
7/10/2023,2023,07,Surabaya,2589,497,21,6,Hujan,Siang,Truk,Kurang Jarak Aman,Jalan Kota,Baik,40-60,Lurus,Laki-laki,17-25,Tidak
1/15/2025,2025,01,Jakarta Selatan,2821,270,28,7,Cerah,Malam,Truk,Rem Blong,Jalan Provinsi,Berlubang,<40,Lurus,Laki-laki,>50,Tidak
5/30/2024,2024,05,Yogyakarta,4110,208,26,6,Hujan,Siang,Bus,Kecepatan Berlebih,Jalan Kota,Rusak,40-60,Lurus,Perempuan,>50,Ya
1/30/2021,2021,01,Surabaya,1014,120,30,7,Cerah,Malam,Motor,Pelanggaran Lalu Lintas,Jalan Kota,Berlubang,<40,Simpang T,Perempuan,>50,Ya
3/17/2021,2021,03,Yogyakarta,1901,148,27,12,Cerah,Siang,Bus,Pelanggaran Lalu Lintas,Jalan Provinsi,Rusak,40-60,Simpang Y,Perempuan,26-45,Tidak
12/11/2023,2023,12,Palembang,2940,387,25,42,Cerah,Pagi,Truk,Pelanggaran Lalu Lintas,Jalan Nasional,Baik,40-60,Simpang T,Laki-laki,<17,Tidak
4/27/2021,2021,04,Palembang,1045,340,26,2,Cerah,Siang,Bus,Kurang Jarak Aman,Jalan Kota,Berlubang,40-60,Lurus,Perempuan,<17,Ya
1/18/2022,2022,01,Jakarta Selatan,1749,453,29,35,Cerah,Siang,Mobil,Kecepatan Berlebih,Jalan Kota,Rusak,>60,Simpang 4,Perempuan,<17,Tidak
4/12/2023,2023,04,Palembang,1939,351,29,44,Hujan,Siang,Mobil,Rem Blong,Jalan Kota,Berlubang,<40,Simpang T,Perempuan,<17,Ya
6/6/2024,2024,06,Palembang,3791,475,22,34,Cerah,Siang,Motor,Pelanggaran Lalu Lintas,Jalan Nasional,Berlubang,<40,Simpang Y,Perempuan,<17,Tidak
2/13/2024,2024,02,Palembang,1996,264,28,43,Cerah,Malam,Motor,Pelanggaran Lalu Lintas,Jalan Nasional,Baik,40-60,Simpang Y,Perempuan,>50,Tidak
12/30/2024,2024,12,Semarang,4546,267,20,12,Hujan,Dini Hari,Motor,Kecepatan Berlebih,Jalan Provinsi,Rusak,>60,Simpang 4,Perempuan,>50,Ya
6/20/2022,2022,06,Jakarta Timur,4449,360,25,17,Hujan,Siang,Truk,Kondisi Jalan,Jalan Nasional,Rusak,<40,Lurus,Laki-laki,>50,Ya
5/12/2024,2024,05,Bekasi,3961,487,23,17,Cerah,Malam,Mobil,Pelanggaran Lalu Lintas,Jalan Kota,Berlubang,>60,Tikungan,Perempuan,<17,Tidak
10/11/2025,2025,10,Makassar,1861,275,26,16,Cerah,Siang,Truk,Pelanggaran Lalu Lintas,Jalan Provinsi,Baik,>60,Simpang Y,Laki-laki,>50,Tidak
8/12/2021,2021,08,Bandung,4793,169,27,17,Hujan,Pagi,Mobil,Pelanggaran Lalu Lintas,Jalan Nasional,Rusak,40-60,Tikungan,Perempuan,>50,Ya
11/23/2021,2021,11,Yogyakarta,3994,142,28,12,Cerah,Malam,Truk,Kecepatan Berlebih,Jalan Provinsi,Berlubang,>60,Tikungan,Perempuan,26-45,Ya
9/1/2024,2024,09,Bekasi,1173,370,24,23,Hujan,Malam,Mobil,Kondisi Jalan,Jalan Nasional,Baik,<40,Simpang 4,Laki-laki,<17,Ya
3/14/2023,2023,03,Bekasi,1052,347,22,34,Hujan,Malam,Bus,Kelalaian Pengemudi,Jalan Kota,Baik,40-60,Simpang T,Perempuan,26-45,Tidak
5/22/2025,2025,05,Jakarta Timur,2743,207,25,1,Hujan,Dini Hari,Mobil,Pelanggaran Lalu Lintas,Jalan Nasional,Berlubang,40-60,Simpang Y,Laki-laki,26-45,Tidak
7/28/2025,2025,07,Bandung,2360,488,24,25,Cerah,Pagi,Motor,Rem Blong,Jalan Nasional,Berlubang,>60,Tikungan,Laki-laki,<17,Ya
9/2/2022,2022,09,Makassar,3807,260,26,63,Hujan,Dini Hari,Truk,Kecepatan Berlebih,Jalan Kota,Rusak,>60,Simpang Y,Perempuan,26-45,Ya
8/5/2023,2023,08,Medan,3658,203,23,0,Hujan,Dini Hari,Truk,Kecepatan Berlebih,Jalan Nasional,Rusak,>60,Simpang Y,Perempuan,26-45,Tidak
12/23/2022,2022,12,Palembang,1827,262,22,9,Hujan,Dini Hari,Truk,Kecepatan Berlebih,Jalan Provinsi,Baik,<40,Simpang 4,Perempuan,<17,Tidak
2/28/2021,2021,02,Bandung,1609,249,23,38,Cerah,Dini Hari,Bus,Rem Blong,Jalan Kota,Berlubang,<40,Tikungan,Perempuan,>50,Tidak
9/28/2021,2021,09,Yogyakarta,2639,183,20,4,Hujan,Dini Hari,Mobil,Kurang Jarak Aman,Jalan Nasional,Rusak,<40,Simpang 4,Laki-laki,26-45,Ya
11/11/2021,2021,11,Jakarta Selatan,1645,150,29,32,Hujan,Siang,Bus,Rem Blong,Jalan Kota,Baik,40-60,Simpang 4,Laki-laki,<17,Ya
2/5/2022,2022,02,Bekasi,2272,247,30,32,Cerah,Dini Hari,Truk,Kondisi Jalan,Jalan Provinsi,Berlubang,<40,Simpang 4,Perempuan,<17,Ya
3/25/2023,2023,03,Palembang,3823,153,20,31,Cerah,Siang,Truk,Kondisi Jalan,Jalan Nasional,Baik,>60,Simpang 4,Laki-laki,>50,Ya
2/20/2021,2021,02,Yogyakarta,3136,452,21,10,Cerah,Dini Hari,Bus,Kurang Jarak Aman,Jalan Provinsi,Baik,40-60,Simpang Y,Perempuan,<17,Tidak
8/19/2022,2022,08,Yogyakarta,3689,347,20,5,Hujan,Malam,Motor,Rem Blong,Jalan Kota,Rusak,>60,Simpang Y,Perempuan,26-45,Tidak
11/6/2024,2024,11,Medan,4771,468,26,32,Hujan,Dini Hari,Truk,Pelanggaran Lalu Lintas,Jalan Provinsi,Rusak,40-60,Simpang T,Laki-laki,26-45,Ya
7/29/2024,2024,07,Bekasi,4477,195,25,25,Cerah,Pagi,Bus,Kurang Jarak Aman,Jalan Provinsi,Rusak,>60,Simpang Y,Perempuan,26-45,Ya
8/2/2021,2021,08,Bekasi,2459,201,30,45,Cerah,Pagi,Mobil,Kecepatan Berlebih,Jalan Provinsi,Berlubang,>60,Tikungan,Laki-laki,<17,Tidak
8/14/2022,2022,08,Medan,1318,336,26,4,Hujan,Siang,Motor,Kecepatan Berlebih,Jalan Nasional,Baik,40-60,Simpang 4,Laki-laki,<17,Tidak
1/15/2025,2025,01,Bandung,2027,307,29,10,Cerah,Malam,Mobil,Kurang Jarak Aman,Jalan Nasional,Rusak,>60,Lurus,Perempuan,17-25,Tidak
10/16/2022,2022,10,Bekasi,2804,239,29,13,Cerah,Pagi,Truk,Pelanggaran Lalu Lintas,Jalan Kota,Berlubang,<40,Simpang T,Laki-laki,17-25,Tidak
1/21/2024,2024,01,Yogyakarta,3698,127,29,9,Cerah,Dini Hari,Truk,Kecepatan Berlebih,Jalan Kota,Berlubang,<40,Simpang 4,Perempuan,<17,Ya
7/4/2024,2024,07,Semarang,1421,373,20,42,Cerah,Malam,Bus,Pelanggaran Lalu Lintas,Jalan Nasional,Berlubang,>60,Tikungan,Laki-laki,<17,Ya
3/22/2022,2022,03,Medan,3482,360,20,24,Hujan,Siang,Mobil,Kondisi Jalan,Jalan Nasional,Rusak,>60,Tikungan,Perempuan,26-45,Tidak
10/3/2025,2025,10,Semarang,2937,286,27,21,Hujan,Dini Hari,Mobil,Kelalaian Pengemudi,Jalan Kota,Baik,>60,Tikungan,Laki-laki,>50,Ya
12/29/2021,2021,12,Palembang,4813,243,27,27,Hujan,Siang,Mobil,Kelalaian Pengemudi,Jalan Nasional,Baik,>60,Lurus,Perempuan,<17,Tidak
7/15/2025,2025,07,Palembang,4329,320,24,16,Cerah,Siang,Truk,Pelanggaran Lalu Lintas,Jalan Kota,Berlubang,>60,Simpang T,Laki-laki,<17,Ya
11/29/2021,2021,11,Jakarta Selatan,4763,234,22,32,Hujan,Siang,Bus,Rem Blong,Jalan Kota,Baik,>60,Simpang 4,Perempuan,17-25,Ya
7/27/2025,2025,07,Bandung,4030,495,27,19,Cerah,Pagi,Motor,Pelanggaran Lalu Lintas,Jalan Kota,Berlubang,>60,Lurus,Laki-laki,17-25,Ya
6/12/2025,2025,06,Medan,4619,286,24,42,Hujan,Dini Hari,Mobil,Rem Blong,Jalan Provinsi,Berlubang,<40,Simpang T,Laki-laki,<17,Ya
12/20/2022,2022,12,Jakarta Timur,1573,375,25,4,Hujan,Malam,Bus,Kecepatan Berlebih,Jalan Kota,Berlubang,<40,Tikungan,Perempuan,>50,Tidak
10/10/2023,2023,10,Jakarta Timur,2202,233,30,27,Cerah,Malam,Truk,Kondisi Jalan,Jalan Nasional,Baik,>60,Tikungan,Perempuan,17-25,Tidak
6/23/2025,2025,06,Bekasi,4573,343,29,43,Cerah,Dini Hari,Motor,Kurang Jarak Aman,Jalan Nasional,Rusak,>60,Simpang T,Laki-laki,26-45,Ya
11/1/2021,2021,11,Makassar,4946,374,25,3,Cerah,Siang,Mobil,Kelalaian Pengemudi,Jalan Nasional,Baik,40-60,Simpang 4,Perempuan,17-25,Ya
10/9/2024,2024,10,Jakarta Timur,2890,171,20,33,Hujan,Malam,Motor,Rem Blong,Jalan Kota,Berlubang,>60,Simpang 4,Perempuan,17-25,Ya
1/11/2021,2021,01,Surabaya,4430,464,27,8,Cerah,Dini Hari,Motor,Rem Blong,Jalan Nasional,Berlubang,<40,Simpang Y,Laki-laki,17-25,Tidak
2/28/2024,2024,02,Jakarta Selatan,2760,150,30,8,Cerah,Malam,Motor,Kecepatan Berlebih,Jalan Nasional,Rusak,40-60,Simpang T,Perempuan,<17,Ya
6/26/2021,2021,06,Jakarta Selatan,3024,462,29,23,Hujan,Pagi,Mobil,Kondisi Jalan,Jalan Kota,Rusak,>60,Lurus,Perempuan,<17,Tidak
3/25/2023,2023,03,Makassar,1765,430,26,36,Cerah,Pagi,Bus,Kondisi Jalan,Jalan Nasional,Baik,>60,Lurus,Perempuan,>50,Tidak
6/4/2025,2025,06,Semarang,3563,339,30,9,Cerah,Dini Hari,Truk,Kurang Jarak Aman,Jalan Provinsi,Berlubang,>60,Lurus,Laki-laki,<17,Ya
6/19/2021,2021,06,Bekasi,3284,289,30,14,Hujan,Siang,Motor,Kelalaian Pengemudi,Jalan Kota,Rusak,<40,Tikungan,Perempuan,<17,Tidak
8/5/2022,2022,08,Palembang,4474,380,26,19,Hujan,Pagi,Motor,Kecepatan Berlebih,Jalan Provinsi,Rusak,40-60,Lurus,Perempuan,26-45,Tidak
7/10/2022,2022,07,Yogyakarta,1883,369,23,31,Hujan,Malam,Bus,Kondisi Jalan,Jalan Kota,Baik,40-60,Simpang T,Laki-laki,>50,Tidak
3/22/2022,2022,03,Yogyakarta,4398,423,25,45,Cerah,Malam,Mobil,Kondisi Jalan,Jalan Nasional,Berlubang,40-60,Lurus,Laki-laki,>50,Ya
11/2/2025,2025,11,Surabaya,1913,353,22,16,Cerah,Malam,Mobil,Kelalaian Pengemudi,Jalan Nasional,Rusak,40-60,Simpang Y,Laki-laki,<17,Tidak
11/20/2025,2025,11,Palembang,4218,225,25,42,Hujan,Dini Hari,Bus,Kelalaian Pengemudi,Jalan Nasional,Berlubang,<40,Simpang 4,Laki-laki,>50,Tidak
2/26/2021,2021,02,Bekasi,2347,247,27,33,Cerah,Pagi,Mobil,Rem Blong,Jalan Provinsi,Baik,<40,Simpang 4,Perempuan,<17,Ya
12/19/2023,2023,12,Jakarta Selatan,3349,235,22,41,Hujan,Dini Hari,Truk,Pelanggaran Lalu Lintas,Jalan Nasional,Rusak,>60,Tikungan,Perempuan,>50,Ya
10/17/2025,2025,10,Surabaya,2437,487,20,15,Hujan,Siang,Motor,Kecepatan Berlebih,Jalan Kota,Rusak,40-60,Lurus,Laki-laki,17-25,Ya
3/10/2024,2024,03,Bekasi,1932,218,27,30,Hujan,Dini Hari,Motor,Kurang Jarak Aman,Jalan Nasional,Berlubang,<40,Simpang 4,Laki-laki,17-25,Tidak
12/31/2021,2021,12,Jakarta Selatan,2045,313,28,27,Hujan,Malam,Motor,Rem Blong,Jalan Nasional,Rusak,>60,Simpang Y,Perempuan,>50,Ya
7/22/2025,2025,07,Surabaya,1478,417,21,34,Hujan,Siang,Truk,Pelanggaran Lalu Lintas,Jalan Provinsi,Berlubang,40-60,Lurus,Laki-laki,<17,Tidak
7/4/2024,2024,07,Surabaya,1125,201,29,14,Hujan,Pagi,Mobil,Pelanggaran Lalu Lintas,Jalan Nasional,Berlubang,<40,Tikungan,Laki-laki,>50,Ya
4/28/2021,2021,04,Jakarta Selatan,3197,297,30,6,Cerah,Pagi,Motor,Kelalaian Pengemudi,Jalan Kota,Berlubang,40-60,Simpang Y,Laki-laki,26-45,Ya
10/12/2022,2022,10,Semarang,2488,496,24,11,Hujan,Malam,Motor,Kelalaian Pengemudi,Jalan Nasional,Berlubang,<40,Tikungan,Perempuan,>50,Tidak
2/15/2025,2025,02,Surabaya,2670,440,28,28,Hujan,Malam,Mobil,Rem Blong,Jalan Nasional,Baik,40-60,Simpang Y,Laki-laki,17-25,Ya
4/7/2022,2022,04,Jakarta Timur,2171,105,23,11,Hujan,Pagi,Truk,Rem Blong,Jalan Nasional,Baik,>60,Lurus,Laki-laki,17-25,Tidak
7/15/2021,2021,07,Semarang,2149,186,24,50,Cerah,Malam,Mobil,Pelanggaran Lalu Lintas,Jalan Kota,Berlubang,40-60,Simpang Y,Perempuan,17-25,Ya
10/25/2023,2023,10,Bandung,3516,220,22,25,Hujan,Malam,Mobil,Kondisi Jalan,Jalan Nasional,Rusak,40-60,Simpang 4,Laki-laki,>50,Tidak
3/8/2024,2024,03,Semarang,1161,422,20,5,Hujan,Pagi,Motor,Pelanggaran Lalu Lintas,Jalan Nasional,Berlubang,40-60,Lurus,Perempuan,>50,Tidak
1/21/2022,2022,01,Bekasi,2007,226,20,34,Cerah,Dini Hari,Bus,Kondisi Jalan,Jalan Kota,Rusak,<40,Simpang T,Perempuan,>50,Ya
9/17/2023,2023,09,Surabaya,3005,246,21,23,Hujan,Siang,Bus,Kondisi Jalan,Jalan Provinsi,Rusak,>60,Simpang 4,Perempuan,17-25,Tidak
1/23/2023,2023,01,Makassar,1945,400,21,9,Hujan,Pagi,Mobil,Kecepatan Berlebih,Jalan Kota,Baik,40-60,Tikungan,Perempuan,17-25,Tidak
11/23/2025,2025,11,Bandung,4435,492,27,10,Cerah,Pagi,Mobil,Rem Blong,Jalan Provinsi,Baik,40-60,Tikungan,Perempuan,17-25,Ya
3/19/2023,2023,03,Bandung,1493,195,29,22,Cerah,Dini Hari,Motor,Rem Blong,Jalan Provinsi,Baik,>60,Lurus,Laki-laki,26-45,Ya
7/3/2021,2021,07,Semarang,2881,229,27,54,Cerah,Siang,Motor,Pelanggaran Lalu Lintas,Jalan Kota,Rusak,<40,Simpang 4,Laki-laki,26-45,Tidak
12/15/2021,2021,12,Semarang,2192,464,26,10,Hujan,Malam,Mobil,Kecepatan Berlebih,Jalan Nasional,Baik,>60,Lurus,Perempuan,26-45,Ya
9/1/2024,2024,09,Semarang,4832,162,27,22,Hujan,Pagi,Mobil,Kelalaian Pengemudi,Jalan Provinsi,Rusak,<40,Simpang 4,Perempuan,26-45,Tidak
2/3/2021,2021,02,Bandung,2081,492,24,38,Cerah,Dini Hari,Bus,Rem Blong,Jalan Kota,Berlubang,>60,Simpang 4,Perempuan,17-25,Ya
7/30/2025,2025,07,Jakarta Timur,2994,273,25,8,Hujan,Pagi,Mobil,Kecepatan Berlebih,Jalan Provinsi,Baik,>60,Simpang Y,Laki-laki,>50,Ya
12/19/2022,2022,12,Jakarta Timur,1084,168,30,4,Hujan,Malam,Bus,Kecepatan Berlebih,Jalan Kota,Berlubang,>60,Tikungan,Laki-laki,>50,Tidak
4/4/2022,2022,04,Surabaya,3541,459,24,7,Hujan,Siang,Motor,Pelanggaran Lalu Lintas,Jalan Nasional,Baik,<40,Simpang Y,Perempuan,>50,Tidak
1/2/2021,2021,01,Medan,2501,262,20,11,Cerah,Dini Hari,Bus,Kurang Jarak Aman,Jalan Nasional,Rusak,<40,Simpang T,Laki-laki,<17,Tidak
9/15/2024,2024,09,Surabaya,1401,231,27,33,Hujan,Pagi,Mobil,Kondisi Jalan,Jalan Nasional,Baik,40-60,Simpang Y,Perempuan,<17,Ya
8/1/2022,2022,08,Bekasi,1108,200,27,16,Cerah,Pagi,Motor,Rem Blong,Jalan Nasional,Rusak,40-60,Lurus,Laki-laki,<17,Ya
5/14/2024,2024,05,Yogyakarta,3360,122,22,9,Hujan,Siang,Mobil,Kurang Jarak Aman,Jalan Kota,Berlubang,<40,Tikungan,Laki-laki,17-25,Tidak
6/23/2024,2024,06,Surabaya,2578,417,22,27,Cerah,Siang,Mobil,Pelanggaran Lalu Lintas,Jalan Provinsi,Berlubang,<40,Tikungan,Perempuan,17-25,Tidak
4/28/2023,2023,04,Palembang,3316,143,30,14,Cerah,Siang,Mobil,Kelalaian Pengemudi,Jalan Nasional,Rusak,<40,Lurus,Laki-laki,26-45,Ya
3/31/2024,2024,03,Bandung,2063,132,20,8,Cerah,Malam,Bus,Kelalaian Pengemudi,Jalan Nasional,Rusak,>60,Simpang Y,Perempuan,26-45,Ya
7/9/2021,2021,07,Semarang,1348,421,21,60,Hujan,Malam,Truk,Kondisi Jalan,Jalan Provinsi,Baik,>60,Simpang 4,Perempuan,26-45,Tidak
4/12/2025,2025,04,Surabaya,1103,330,29,53,Cerah,Dini Hari,Bus,Kelalaian Pengemudi,Jalan Provinsi,Baik,>60,Simpang T,Laki-laki,<17,Ya
3/24/2021,2021,03,Semarang,4782,157,26,22,Cerah,Pagi,Motor,Kecepatan Berlebih,Jalan Kota,Rusak,>60,Simpang 4,Laki-laki,>50,Ya
9/7/2022,2022,09,Semarang,1331,371,27,27,Hujan,Malam,Motor,Kondisi Jalan,Jalan Provinsi,Baik,>60,Tikungan,Laki-laki,>50,Tidak
4/12/2023,2023,04,Semarang,3553,256,27,12,Hujan,Pagi,Truk,Pelanggaran Lalu Lintas,Jalan Nasional,Rusak,>60,Tikungan,Perempuan,17-25,Tidak
3/27/2023,2023,03,Medan,4249,307,20,22,Cerah,Dini Hari,Truk,Kondisi Jalan,Jalan Nasional,Berlubang,>60,Lurus,Laki-laki,>50,Tidak
8/13/2022,2022,08,Surabaya,1573,240,29,42,Hujan,Malam,Motor,Rem Blong,Jalan Provinsi,Berlubang,<40,Simpang Y,Perempuan,17-25,Ya
7/6/2022,2022,07,Semarang,3897,111,30,27,Cerah,Malam,Truk,Kondisi Jalan,Jalan Nasional,Rusak,<40,Simpang T,Perempuan,17-25,Ya
6/24/2023,2023,06,Bekasi,4417,356,29,34,Cerah,Siang,Motor,Rem Blong,Jalan Kota,Berlubang,40-60,Simpang T,Laki-laki,17-25,Ya
4/18/2025,2025,04,Jakarta Timur,4879,320,24,65,Cerah,Siang,Bus,Pelanggaran Lalu Lintas,Jalan Nasional,Rusak,>60,Simpang 4,Laki-laki,26-45,Ya
2/12/2024,2024,02,Bekasi,3953,487,27,22,Hujan,Malam,Truk,Pelanggaran Lalu Lintas,Jalan Nasional,Baik,>60,Simpang T,Laki-laki,17-25,Ya
2/27/2023,2023,02,Surabaya,1771,210,20,2,Hujan,Malam,Truk,Pelanggaran Lalu Lintas,Jalan Kota,Rusak,<40,Lurus,Perempuan,17-25,Ya
2/25/2021,2021,02,Jakarta Timur,4271,342,20,4,Hujan,Siang,Mobil,Pelanggaran Lalu Lintas,Jalan Provinsi,Berlubang,40-60,Lurus,Perempuan,17-25,Ya
8/18/2024,2024,08,Jakarta Selatan,3889,166,29,14,Cerah,Malam,Truk,Kondisi Jalan,Jalan Provinsi,Baik,>60,Lurus,Laki-laki,26-45,Ya
6/26/2022,2022,06,Jakarta Selatan,3214,269,23,58,Cerah,Pagi,Motor,Kurang Jarak Aman,Jalan Nasional,Berlubang,<40,Tikungan,Perempuan,<17,Tidak
3/5/2022,2022,03,Surabaya,4796,424,23,13,Hujan,Siang,Motor,Rem Blong,Jalan Kota,Baik,>60,Simpang Y,Perempuan,26-45,Tidak
8/31/2024,2024,08,Jakarta Selatan,2334,178,22,27,Cerah,Pagi,Mobil,Pelanggaran Lalu Lintas,Jalan Kota,Baik,>60,Simpang T,Perempuan,<17,Ya
6/27/2024,2024,06,Bandung,4483,188,20,16,Cerah,Malam,Mobil,Kurang Jarak Aman,Jalan Provinsi,Berlubang,>60,Simpang T,Laki-laki,<17,Tidak
2/27/2021,2021,02,Jakarta Selatan,4262,159,20,16,Cerah,Siang,Motor,Kondisi Jalan,Jalan Nasional,Rusak,>60,Tikungan,Laki-laki,<17,Tidak
6/8/2022,2022,06,Jakarta Selatan,2300,357,25,14,Cerah,Malam,Motor,Kelalaian Pengemudi,Jalan Kota,Baik,<40,Simpang T,Laki-laki,17-25,Ya
8/13/2025,2025,08,Jakarta Timur,1371,111,29,10,Cerah,Pagi,Bus,Kurang Jarak Aman,Jalan Provinsi,Baik,<40,Lurus,Perempuan,>50,Tidak
1/26/2023,2023,01,Bekasi,4078,434,27,2,Hujan,Malam,Mobil,Kurang Jarak Aman,Jalan Nasional,Rusak,<40,Simpang 4,Perempuan,17-25,Ya
10/26/2022,2022,10,Surabaya,2724,267,20,7,Cerah,Malam,Motor,Rem Blong,Jalan Nasional,Berlubang,40-60,Tikungan,Laki-laki,>50,Tidak
6/29/2021,2021,06,Palembang,2907,417,22,10,Cerah,Pagi,Bus,Kurang Jarak Aman,Jalan Provinsi,Berlubang,<40,Simpang Y,Perempuan,>50,Tidak
5/29/2023,2023,05,Surabaya,1420,485,23,30,Cerah,Malam,Motor,Pelanggaran Lalu Lintas,Jalan Nasional,Baik,40-60,Simpang T,Perempuan,17-25,Ya
