tanggal,tahun,bulan,daerah,jumlah_kecelakaan,korban_meninggal,korban_luka_berat,korban_luka_ringan,cuaca,waktu_kejadian,jenis_kendaraan,penyebab_kecelakaan,jenis_jalan,kondisi_jalan,kecepatan_pengendara,geometri_jalan,jenis_kelamin_pengemudi,usia_pengemudi,pengaruh_alkohol,jenis_angkutan,status_kecelakaan,status_korban,eligible_santunan,dasar_hukum,jenis_santunan,estimasi_biaya_santunan
10/10/2025,2025,10,Makassar,859,403,22,45,Cerah,Pagi,Motor,Kondisi Jalan,Jalan Nasional,Berlubang,40-60,Tikungan,Laki-laki,26-45,Ya,pribadi,multi_kendaraan,pengemudi,ya,UU 34/1964,meninggal,22150000000
4/27/2022,2022,4,Surabaya,325,139,28,22,Cerah,Siang,Mobil,Kecepatan Berlebih,Jalan Nasional,Berlubang,40-60,Simpang Y,Perempuan,17-25,Tidak,pribadi,tunggal,pengemudi,tidak,tidak_dijamin,tidak_ada,0
12/3/2022,2022,12,Semarang,726,307,22,28,Hujan,Dini Hari,Truk,Pelanggaran Lalu Lintas,Jalan Provinsi,Rusak,<40,Simpang Y,Laki-laki,<17,Ya,pribadi,tunggal,pengemudi,tidak,tidak_dijamin,tidak_ada,0
9/7/2022,2022,9,Semarang,463,344,28,10,Hujan,Siang,Mobil,Pelanggaran Lalu Lintas,Jalan Nasional,Baik,40-60,Lurus,Laki-laki,<17,Tidak,pribadi,multi_kendaraan,pengemudi,ya,UU 34/1964,meninggal,18800000000
8/6/2022,2022,8,Palembang,439,156,29,13,Hujan,Siang,Bus,Kecepatan Berlebih,Jalan Provinsi,Rusak,40-60,Simpang Y,Perempuan,>50,Ya,umum,multi_kendaraan,penumpang,ya,UU 33/1964,meninggal,9510000000
9/26/2025,2025,9,Semarang,765,261,30,11,Hujan,Dini Hari,Truk,Rem Blong,Jalan Kota,Berlubang,<40,Simpang T,Laki-laki,<17,Ya,pribadi,multi_kendaraan,pengemudi,ya,UU 34/1964,meninggal,14770000000
7/3/2023,2023,7,Jakarta Selatan,561,232,29,12,Hujan,Siang,Truk,Kurang Jarak Aman,Jalan Nasional,Rusak,40-60,Simpang T,Perempuan,>50,Ya,pribadi,multi_kendaraan,pengemudi,ya,UU 34/1964,meninggal,13290000000
4/15/2024,2024,4,Medan,693,121,24,15,Cerah,Siang,Truk,Kurang Jarak Aman,Jalan Kota,Berlubang,<40,Simpang 4,Perempuan,17-25,Ya,pribadi,tunggal,pengemudi,tidak,tidak_dijamin,tidak_ada,0
9/17/2021,2021,9,Surabaya,388,253,25,13,Hujan,Dini Hari,Bus,Kelalaian Pengemudi,Jalan Kota,Berlubang,40-60,Tikungan,Laki-laki,<17,Ya,umum,multi_kendaraan,penumpang,ya,UU 33/1964,meninggal,14160000000
11/22/2022,2022,11,Surabaya,484,405,29,24,Hujan,Dini Hari,Truk,Kurang Jarak Aman,Jalan Provinsi,Berlubang,<40,Simpang T,Laki-laki,>50,Tidak,pribadi,tunggal,pengemudi,tidak,tidak_dijamin,tidak_ada,0
6/23/2021,2021,6,Palembang,454,103,29,10,Cerah,Pagi,Bus,Kurang Jarak Aman,Jalan Provinsi,Berlubang,40-60,Lurus,Perempuan,17-25,Ya,umum,multi_kendaraan,penumpang,ya,UU 33/1964,meninggal,6800000000
4/13/2023,2023,4,Bandung,468,480,20,62,Cerah,Dini Hari,Mobil,Kurang Jarak Aman,Jalan Kota,Rusak,40-60,Simpang Y,Laki-laki,<17,Tidak,pribadi,tunggal,pengemudi,tidak,tidak_dijamin,tidak_ada,0
4/17/2024,2024,4,Jakarta Selatan,545,478,27,44,Hujan,Dini Hari,Motor,Pelanggaran Lalu Lintas,Jalan Nasional,Rusak,40-60,Simpang 4,Perempuan,>50,Ya,pribadi,tunggal,pengemudi,tidak,tidak_dijamin,tidak_ada,0
10/15/2025,2025,10,Palembang,827,391,23,57,Hujan,Pagi,Mobil,Kurang Jarak Aman,Jalan Kota,Rusak,<40,Simpang 4,Laki-laki,26-45,Ya,pribadi,multi_kendaraan,pengemudi,ya,UU 34/1964,meninggal,21840000000
6/10/2025,2025,6,Bekasi,957,418,30,14,Hujan,Pagi,Motor,Rem Blong,Jalan Provinsi,Berlubang,40-60,Lurus,Perempuan,>50,Tidak,pribadi,multi_kendaraan,pengemudi,ya,UU 34/1964,meninggal,22680000000
3/15/2021,2021,3,Jakarta Timur,191,160,27,40,Hujan,Dini Hari,Truk,Kondisi Jalan,Jalan Provinsi,Berlubang,<40,Simpang Y,Laki-laki,17-25,Ya,pribadi,multi_kendaraan,pengemudi,ya,UU 34/1964,meninggal,10150000000
7/10/2023,2023,7,Palembang,551,441,21,18,Cerah,Dini Hari,Truk,Rem Blong,Jalan Nasional,Rusak,<40,Lurus,Perempuan,26-45,Tidak,pribadi,multi_kendaraan,pengemudi,ya,UU 34/1964,meninggal,23460000000
2/8/2022,2022,2,Palembang,382,186,26,31,Cerah,Malam,Motor,Rem Blong,Jalan Kota,Baik,>60,Simpang Y,Laki-laki,26-45,Ya,pribadi,multi_kendaraan,pengemudi,ya,UU 34/1964,meninggal,11220000000
8/24/2024,2024,8,Makassar,757,180,22,5,Cerah,Pagi,Truk,Kelalaian Pengemudi,Jalan Provinsi,Rusak,>60,Simpang T,Perempuan,<17,Tidak,pribadi,multi_kendaraan,pengemudi,ya,UU 34/1964,meninggal,10200000000
4/15/2023,2023,4,Palembang,535,253,20,4,Hujan,Dini Hari,Bus,Kondisi Jalan,Jalan Nasional,Rusak,40-60,Simpang T,Laki-laki,<17,Ya,umum,multi_kendaraan,penumpang,ya,UU 33/1964,meninggal,13730000000
5/5/2025,2025,5,Bandung,678,313,22,2,Hujan,Dini Hari,Truk,Kelalaian Pengemudi,Jalan Provinsi,Berlubang,40-60,Simpang T,Laki-laki,>50,Tidak,pribadi,multi_kendaraan,pengemudi,ya,UU 34/1964,meninggal,16790000000
9/3/2024,2024,9,Yogyakarta,766,324,24,3,Hujan,Siang,Bus,Kondisi Jalan,Jalan Kota,Baik,>60,Lurus,Laki-laki,17-25,Tidak,umum,multi_kendaraan,penumpang,ya,UU 33/1964,meninggal,17460000000
11/24/2022,2022,11,Jakarta Selatan,410,316,27,46,Cerah,Dini Hari,Motor,Kelalaian Pengemudi,Jalan Provinsi,Rusak,>60,Lurus,Perempuan,>50,Ya,pribadi,multi_kendaraan,pengemudi,ya,UU 34/1964,meninggal,18070000000
6/9/2022,2022,6,Bandung,509,120,26,10,Cerah,Pagi,Truk,Kelalaian Pengemudi,Jalan Nasional,Berlubang,<40,Lurus,Perempuan,>50,Tidak,pribadi,multi_kendaraan,pengemudi,ya,UU 34/1964,meninggal,7500000000
7/2/2024,2024,7,Yogyakarta,661,358,23,21,Cerah,Malam,Bus,Kecepatan Berlebih,Jalan Provinsi,Berlubang,<40,Lurus,Perempuan,>50,Tidak,umum,multi_kendaraan,penumpang,ya,UU 33/1964,meninggal,19470000000
10/10/2022,2022,10,Surabaya,468,380,21,7,Cerah,Malam,Motor,Rem Blong,Jalan Nasional,Berlubang,<40,Lurus,Perempuan,17-25,Ya,pribadi,tunggal,pengemudi,tidak,tidak_dijamin,tidak_ada,0
9/22/2021,2021,9,Bandung,411,303,25,29,Hujan,Dini Hari,Mobil,Kondisi Jalan,Jalan Provinsi,Baik,>60,Simpang 4,Laki-laki,>50,Ya,pribadi,multi_kendaraan,pengemudi,ya,UU 34/1964,meninggal,16980000000
1/8/2021,2021,1,Surabaya,151,477,30,7,Cerah,Malam,Motor,Pelanggaran Lalu Lintas,Jalan Kota,Berlubang,40-60,Simpang 4,Laki-laki,<17,Tidak,pribadi,multi_kendaraan,pengemudi,ya,UU 34/1964,meninggal,25490000000
7/1/2024,2024,7,Bandung,664,105,22,5,Hujan,Dini Hari,Truk,Kondisi Jalan,Jalan Nasional,Berlubang,40-60,Simpang T,Laki-laki,>50,Tidak,pribadi,multi_kendaraan,pengemudi,ya,UU 34/1964,meninggal,6450000000
2/6/2022,2022,2,Surabaya,371,296,25,5,Hujan,Malam,Truk,Kelalaian Pengemudi,Jalan Nasional,Baik,40-60,Tikungan,Laki-laki,<17,Ya,pribadi,multi_kendaraan,pengemudi,ya,UU 34/1964,meninggal,16150000000
6/16/2025,2025,6,Jakarta Timur,913,275,20,30,Cerah,Pagi,Bus,Pelanggaran Lalu Lintas,Jalan Provinsi,Berlubang,40-60,Simpang Y,Laki-laki,17-25,Tidak,umum,multi_kendaraan,penumpang,ya,UU 33/1964,meninggal,15350000000
9/14/2021,2021,9,Semarang,275,463,21,45,Hujan,Siang,Motor,Kurang Jarak Aman,Jalan Provinsi,Baik,40-60,Lurus,Perempuan,<17,Tidak,pribadi,multi_kendaraan,pengemudi,ya,UU 34/1964,meninggal,25100000000
8/30/2022,2022,8,Yogyakarta,476,305,22,5,Hujan,Malam,Motor,Rem Blong,Jalan Kota,Rusak,40-60,Simpang 4,Laki-laki,<17,Tidak,pribadi,multi_kendaraan,pengemudi,ya,UU 34/1964,meninggal,16450000000
11/1/2024,2024,11,Medan,719,457,25,7,Cerah,Pagi,Mobil,Rem Blong,Jalan Nasional,Berlubang,>60,Simpang T,Perempuan,26-45,Tidak,pribadi,tunggal,pengemudi,tidak,tidak_dijamin,tidak_ada,0
2/6/2024,2024,2,Surabaya,574,167,26,8,Hujan,Malam,Truk,Kurang Jarak Aman,Jalan Nasional,Rusak,>60,Lurus,Perempuan,>50,Ya,pribadi,tunggal,pengemudi,tidak,tidak_dijamin,tidak_ada,0
3/18/2025,2025,3,Bekasi,770,341,20,5,Cerah,Malam,Bus,Kondisi Jalan,Jalan Nasional,Baik,>60,Lurus,Perempuan,26-45,Tidak,umum,tunggal,penumpang,ya,UU 33/1964,meninggal,18150000000
6/5/2022,2022,6,Yogyakarta,608,493,23,31,Cerah,Siang,Truk,Pelanggaran Lalu Lintas,Jalan Kota,Berlubang,>60,Simpang 4,Laki-laki,<17,Ya,pribadi,multi_kendaraan,pengemudi,ya,UU 34/1964,meninggal,26420000000
10/17/2023,2023,10,Jakarta Selatan,538,298,29,15,Hujan,Siang,Motor,Rem Blong,Jalan Provinsi,Berlubang,>60,Simpang 4,Laki-laki,>50,Ya,pribadi,multi_kendaraan,pengemudi,ya,UU 34/1964,meninggal,16650000000
4/4/2021,2021,4,Bekasi,337,263,24,16,Cerah,Malam,Bus,Rem Blong,Jalan Kota,Berlubang,40-60,Tikungan,Laki-laki,17-25,Ya,umum,tunggal,penumpang,ya,UU 33/1964,meninggal,14670000000
8/31/2025,2025,8,Jakarta Selatan,832,419,22,8,Hujan,Siang,Truk,Pelanggaran Lalu Lintas,Jalan Nasional,Rusak,<40,Simpang 4,Laki-laki,<17,Tidak,pribadi,multi_kendaraan,pengemudi,ya,UU 34/1964,meninggal,22210000000
3/23/2025,2025,3,Jakarta Selatan,680,336,27,23,Cerah,Siang,Bus,Kurang Jarak Aman,Jalan Provinsi,Rusak,40-60,Lurus,Perempuan,26-45,Ya,umum,multi_kendaraan,penumpang,ya,UU 33/1964,meninggal,18610000000
8/2/2025,2025,8,Jakarta Selatan,832,371,23,8,Hujan,Siang,Truk,Pelanggaran Lalu Lintas,Jalan Nasional,Rusak,>60,Tikungan,Laki-laki,26-45,Tidak,pribadi,multi_kendaraan,pengemudi,ya,UU 34/1964,meninggal,19860000000
11/26/2021,2021,11,Jakarta Selatan,369,316,26,9,Cerah,Siang,Mobil,Kurang Jarak Aman,Jalan Nasional,Berlubang,>60,Lurus,Laki-laki,17-25,Ya,pribadi,multi_kendaraan,pengemudi,ya,UU 34/1964,meninggal,17280000000
11/20/2023,2023,11,Medan,617,464,25,10,Hujan,Pagi,Mobil,Rem Blong,Jalan Provinsi,Berlubang,>60,Lurus,Perempuan,26-45,Ya,pribadi,tunggal,pengemudi,tidak,tidak_dijamin,tidak_ada,0
12/24/2022,2022,12,Jakarta Selatan,725,334,28,16,Hujan,Dini Hari,Bus,Pelanggaran Lalu Lintas,Jalan Provinsi,Baik,<40,Lurus,Laki-laki,<17,Tidak,umum,multi_kendaraan,penumpang,ya,UU 33/1964,meninggal,18420000000
5/15/2025,2025,5,Yogyakarta,712,362,29,48,Hujan,Siang,Mobil,Kecepatan Berlebih,Jalan Kota,Rusak,40-60,Tikungan,Laki-laki,17-25,Ya,pribadi,tunggal,pengemudi,tidak,tidak_dijamin,tidak_ada,0
5/14/2023,2023,5,Jakarta Selatan,590,475,29,8,Hujan,Pagi,Bus,Kurang Jarak Aman,Jalan Kota,Rusak,40-60,Simpang 4,Laki-laki,<17,Tidak,umum,multi_kendaraan,penumpang,ya,UU 33/1964,meninggal,25360000000
11/3/2025,2025,11,Bekasi,783,305,23,7,Cerah,Malam,Motor,Kurang Jarak Aman,Jalan Kota,Baik,>60,Simpang 4,Laki-laki,<17,Tidak,pribadi,multi_kendaraan,pengemudi,ya,UU 34/1964,meninggal,16540000000
12/10/2021,2021,12,Yogyakarta,624,147,27,5,Hujan,Dini Hari,Bus,Kurang Jarak Aman,Jalan Provinsi,Baik,>60,Simpang 4,Perempuan,26-45,Ya,umum,multi_kendaraan,penumpang,ya,UU 33/1964,meninggal,8800000000
2/20/2024,2024,2,Makassar,655,150,22,43,Hujan,Pagi,Motor,Rem Blong,Jalan Nasional,Berlubang,40-60,Simpang Y,Laki-laki,17-25,Ya,pribadi,multi_kendaraan,pengemudi,ya,UU 34/1964,meninggal,9460000000
5/7/2025,2025,5,Medan,702,421,26,18,Hujan,Siang,Truk,Kondisi Jalan,Jalan Nasional,Berlubang,<40,Simpang T,Perempuan,>50,Tidak,pribadi,tunggal,pengemudi,tidak,tidak_dijamin,tidak_ada,0
5/11/2024,2024,5,Yogyakarta,568,488,28,41,Cerah,Siang,Bus,Kurang Jarak Aman,Jalan Provinsi,Berlubang,<40,Lurus,Laki-laki,<17,Ya,umum,tunggal,penumpang,ya,UU 33/1964,meninggal,26620000000
12/28/2022,2022,12,Yogyakarta,678,137,26,17,Cerah,Dini Hari,Truk,Pelanggaran Lalu Lintas,Jalan Kota,Rusak,>60,Simpang T,Perempuan,17-25,Ya,pribadi,tunggal,pengemudi,tidak,tidak_dijamin,tidak_ada,0
9/19/2024,2024,9,Medan,709,304,25,16,Hujan,Malam,Truk,Kecepatan Berlebih,Jalan Kota,Rusak,>60,Simpang Y,Laki-laki,17-25,Ya,pribadi,tunggal,pengemudi,tidak,tidak_dijamin,tidak_ada,0
11/20/2021,2021,11,Medan,339,360,30,17,Hujan,Siang,Mobil,Kecepatan Berlebih,Jalan Nasional,Rusak,40-60,Simpang Y,Perempuan,26-45,Ya,pribadi,multi_kendaraan,pengemudi,ya,UU 34/1964,meninggal,19840000000
8/9/2024,2024,8,Surabaya,719,159,22,69,Hujan,Malam,Truk,Kurang Jarak Aman,Jalan Provinsi,Berlubang,40-60,Tikungan,Perempuan,17-25,Ya,pribadi,tunggal,pengemudi,tidak,tidak_dijamin,tidak_ada,0
2/28/2024,2024,2,Medan,559,498,30,33,Cerah,Pagi,Motor,Kelalaian Pengemudi,Jalan Provinsi,Rusak,<40,Simpang T,Laki-laki,<17,Ya,pribadi,multi_kendaraan,pengemudi,ya,UU 34/1964,meninggal,27060000000
5/13/2021,2021,5,Bandung,281,166,26,13,Cerah,Malam,Truk,Kondisi Jalan,Jalan Nasional,Rusak,>60,Tikungan,Perempuan,26-45,Tidak,pribadi,multi_kendaraan,pengemudi,ya,UU 34/1964,meninggal,9860000000
2/6/2024,2024,2,Bekasi,602,417,23,26,Hujan,Dini Hari,Mobil,Kecepatan Berlebih,Jalan Nasional,Berlubang,>60,Simpang Y,Laki-laki,26-45,Tidak,pribadi,multi_kendaraan,pengemudi,ya,UU 34/1964,meninggal,22520000000
4/29/2025,2025,4,Medan,704,208,27,10,Hujan,Dini Hari,Truk,Rem Blong,Jalan Nasional,Rusak,<40,Lurus,Laki-laki,17-25,Tidak,pribadi,multi_kendaraan,pengemudi,ya,UU 34/1964,meninggal,11950000000
12/9/2024,2024,12,Medan,1044,186,27,5,Cerah,Pagi,Bus,Pelanggaran Lalu Lintas,Jalan Provinsi,Rusak,40-60,Simpang T,Perempuan,<17,Ya,umum,multi_kendaraan,penumpang,ya,UU 33/1964,meninggal,10750000000
6/13/2025,2025,6,Palembang,940,291,23,29,Cerah,Pagi,Mobil,Kurang Jarak Aman,Jalan Nasional,Baik,<40,Tikungan,Laki-laki,26-45,Ya,pribadi,multi_kendaraan,pengemudi,ya,UU 34/1964,meninggal,16280000000
1/12/2023,2023,1,Makassar,482,365,20,3,Cerah,Pagi,Mobil,Kelalaian Pengemudi,Jalan Provinsi,Berlubang,40-60,Simpang T,Laki-laki,<17,Ya,pribadi,tunggal,pengemudi,tidak,tidak_dijamin,tidak_ada,0
4/21/2024,2024,4,Jakarta Timur,624,220,27,11,Cerah,Pagi,Mobil,Pelanggaran Lalu Lintas,Jalan Kota,Baik,>60,Simpang T,Laki-laki,26-45,Ya,pribadi,multi_kendaraan,pengemudi,ya,UU 34/1964,meninggal,12570000000
2/7/2023,2023,2,Surabaya,503,430,25,7,Hujan,Pagi,Bus,Kondisi Jalan,Jalan Provinsi,Rusak,<40,Lurus,Laki-laki,<17,Ya,umum,multi_kendaraan,penumpang,ya,UU 33/1964,meninggal,22890000000
7/4/2025,2025,7,Makassar,778,197,21,5,Hujan,Malam,Motor,Kecepatan Berlebih,Jalan Nasional,Berlubang,40-60,Simpang Y,Perempuan,<17,Ya,pribadi,multi_kendaraan,pengemudi,ya,UU 34/1964,meninggal,11000000000
4/5/2023,2023,4,Jakarta Timur,452,244,20,31,Cerah,Siang,Mobil,Kelalaian Pengemudi,Jalan Provinsi,Rusak,40-60,Tikungan,Laki-laki,<17,Tidak,pribadi,multi_kendaraan,pengemudi,ya,UU 34/1964,meninggal,13820000000
11/12/2024,2024,11,Medan,688,187,24,3,Cerah,Malam,Truk,Pelanggaran Lalu Lintas,Jalan Nasional,Baik,40-60,Simpang T,Perempuan,<17,Ya,pribadi,tunggal,pengemudi,tidak,tidak_dijamin,tidak_ada,0
2/19/2022,2022,2,Makassar,327,263,30,17,Hujan,Pagi,Truk,Pelanggaran Lalu Lintas,Jalan Provinsi,Rusak,>60,Simpang Y,Perempuan,<17,Tidak,pribadi,multi_kendaraan,pengemudi,ya,UU 34/1964,meninggal,14990000000
1/29/2021,2021,1,Yogyakarta,269,450,21,29,Hujan,Dini Hari,Bus,Kecepatan Berlebih,Jalan Kota,Baik,<40,Simpang Y,Perempuan,<17,Ya,umum,tunggal,penumpang,ya,UU 33/1964,meninggal,24130000000
6/19/2024,2024,6,Bekasi,834,183,21,8,Hujan,Dini Hari,Bus,Kelalaian Pengemudi,Jalan Kota,Baik,>60,Simpang 4,Laki-laki,>50,Ya,umum,tunggal,penumpang,ya,UU 33/1964,meninggal,10360000000
10/5/2025,2025,10,Yogyakarta,884,389,27,19,Hujan,Dini Hari,Mobil,Pelanggaran Lalu Lintas,Jalan Kota,Berlubang,<40,Tikungan,Laki-laki,>50,Tidak,pribadi,multi_kendaraan,pengemudi,ya,UU 34/1964,meninggal,21180000000
12/9/2023,2023,12,Medan,827,134,27,40,Cerah,Malam,Mobil,Rem Blong,Jalan Kota,Baik,<40,Simpang 4,Laki-laki,17-25,Ya,pribadi,multi_kendaraan,pengemudi,ya,UU 34/1964,meninggal,8850000000
6/10/2023,2023,6,Jakarta Timur,791,429,28,51,Cerah,Siang,Truk,Kurang Jarak Aman,Jalan Provinsi,Rusak,>60,Simpang 4,Laki-laki,>50,Tidak,pribadi,tunggal,pengemudi,tidak,tidak_dijamin,tidak_ada,0
9/22/2025,2025,9,Jakarta Timur,837,194,25,18,Cerah,Malam,Mobil,Pelanggaran Lalu Lintas,Jalan Provinsi,Berlubang,40-60,Simpang T,Laki-laki,<17,Ya,pribadi,tunggal,pengemudi,tidak,tidak_dijamin,tidak_ada,0
7/31/2022,2022,7,Semarang,495,362,25,55,Cerah,Siang,Bus,Kondisi Jalan,Jalan Provinsi,Rusak,<40,Simpang 4,Laki-laki,<17,Tidak,umum,tunggal,penumpang,ya,UU 33/1964,meninggal,20450000000
12/22/2024,2024,12,Medan,948,269,27,7,Cerah,Dini Hari,Bus,Rem Blong,Jalan Kota,Baik,40-60,Simpang T,Perempuan,>50,Tidak,umum,tunggal,penumpang,ya,UU 33/1964,meninggal,14940000000
9/20/2022,2022,9,Surabaya,458,198,29,19,Hujan,Pagi,Bus,Kurang Jarak Aman,Jalan Kota,Berlubang,<40,Simpang T,Perempuan,>50,Ya,umum,multi_kendaraan,penumpang,ya,UU 33/1964,meninggal,11730000000
4/3/2023,2023,4,Semarang,552,429,24,5,Hujan,Siang,Bus,Pelanggaran Lalu Lintas,Jalan Nasional,Baik,>60,Tikungan,Laki-laki,17-25,Tidak,umum,multi_kendaraan,penumpang,ya,UU 33/1964,meninggal,22750000000
1/10/2022,2022,1,Yogyakarta,374,335,23,18,Hujan,Siang,Mobil,Kondisi Jalan,Jalan Provinsi,Berlubang,40-60,Tikungan,Perempuan,26-45,Tidak,pribadi,multi_kendaraan,pengemudi,ya,UU 34/1964,meninggal,18260000000
9/5/2024,2024,9,Makassar,702,118,27,20,Cerah,Dini Hari,Truk,Kecepatan Berlebih,Jalan Nasional,Berlubang,<40,Simpang 4,Laki-laki,<17,Ya,pribadi,tunggal,pengemudi,tidak,tidak_dijamin,tidak_ada,0
3/28/2025,2025,3,Makassar,651,371,22,10,Hujan,Siang,Bus,Kelalaian Pengemudi,Jalan Nasional,Berlubang,<40,Tikungan,Laki-laki,>50,Tidak,umum,multi_kendaraan,penumpang,ya,UU 33/1964,meninggal,19850000000
6/13/2023,2023,6,Jakarta Selatan,795,492,22,44,Cerah,Pagi,Mobil,Pelanggaran Lalu Lintas,Jalan Kota,Berlubang,>60,Lurus,Laki-laki,17-25,Ya,pribadi,multi_kendaraan,pengemudi,ya,UU 34/1964,meninggal,26580000000
3/24/2021,2021,3,Medan,272,128,25,10,Hujan,Malam,Mobil,Rem Blong,Jalan Provinsi,Baik,40-60,Lurus,Perempuan,17-25,Ya,pribadi,multi_kendaraan,pengemudi,ya,UU 34/1964,meninggal,7850000000
4/28/2021,2021,4,Semarang,275,357,23,34,Cerah,Siang,Motor,Rem Blong,Jalan Nasional,Baik,40-60,Simpang Y,Laki-laki,<17,Ya,pribadi,multi_kendaraan,pengemudi,ya,UU 34/1964,meninggal,19680000000
1/25/2024,2024,1,Jakarta Timur,496,197,27,65,Cerah,Malam,Mobil,Kondisi Jalan,Jalan Kota,Berlubang,>60,Simpang 4,Perempuan,17-25,Ya,pribadi,multi_kendaraan,pengemudi,ya,UU 34/1964,meninggal,12500000000
6/5/2022,2022,6,Makassar,646,339,28,37,Hujan,Malam,Truk,Kurang Jarak Aman,Jalan Nasional,Baik,>60,Lurus,Perempuan,<17,Tidak,pribadi,tunggal,pengemudi,tidak,tidak_dijamin,tidak_ada,0
7/19/2024,2024,7,Semarang,599,186,30,14,Hujan,Dini Hari,Mobil,Pelanggaran Lalu Lintas,Jalan Provinsi,Baik,<40,Simpang Y,Laki-laki,26-45,Ya,pribadi,multi_kendaraan,pengemudi,ya,UU 34/1964,meninggal,11080000000
3/24/2022,2022,3,Yogyakarta,431,363,25,35,Cerah,Pagi,Mobil,Pelanggaran Lalu Lintas,Jalan Nasional,Berlubang,>60,Simpang 4,Laki-laki,17-25,Ya,pribadi,tunggal,pengemudi,tidak,tidak_dijamin,tidak_ada,0
9/20/2021,2021,9,Bandung,410,329,21,28,Hujan,Pagi,Truk,Pelanggaran Lalu Lintas,Jalan Provinsi,Berlubang,<40,Simpang 4,Perempuan,26-45,Ya,pribadi,multi_kendaraan,pengemudi,ya,UU 34/1964,meninggal,18060000000
12/9/2022,2022,12,Bandung,686,254,26,25,Hujan,Malam,Mobil,Kondisi Jalan,Jalan Nasional,Berlubang,>60,Simpang 4,Laki-laki,26-45,Ya,pribadi,multi_kendaraan,pengemudi,ya,UU 34/1964,meninggal,14500000000
7/3/2022,2022,7,Surabaya,415,316,20,32,Cerah,Pagi,Truk,Kurang Jarak Aman,Jalan Nasional,Baik,<40,Lurus,Laki-laki,26-45,Ya,pribadi,tunggal,pengemudi,tidak,tidak_dijamin,tidak_ada,0
8/20/2024,2024,8,Jakarta Selatan,696,335,28,27,Cerah,Pagi,Mobil,Pelanggaran Lalu Lintas,Jalan Kota,Baik,>60,Simpang Y,Perempuan,26-45,Ya,pribadi,tunggal,pengemudi,tidak,tidak_dijamin,tidak_ada,0
3/8/2025,2025,3,Medan,709,109,27,6,Hujan,Dini Hari,Motor,Kondisi Jalan,Jalan Nasional,Baik,<40,Simpang Y,Perempuan,<17,Ya,pribadi,multi_kendaraan,pengemudi,ya,UU 34/1964,meninggal,6920000000
6/16/2021,2021,6,Makassar,530,289,22,60,Hujan,Malam,Motor,Kelalaian Pengemudi,Jalan Nasional,Baik,>60,Lurus,Laki-laki,>50,Ya,pribadi,tunggal,pengemudi,tidak,tidak_dijamin,tidak_ada,0
4/28/2022,2022,4,Palembang,432,106,25,38,Cerah,Pagi,Truk,Kelalaian Pengemudi,Jalan Provinsi,Baik,<40,Simpang 4,Laki-laki,<17,Ya,pribadi,multi_kendaraan,pengemudi,ya,UU 34/1964,meninggal,7310000000
8/1/2022,2022,8,Semarang,402,322,26,60,Cerah,Siang,Truk,Rem Blong,Jalan Provinsi,Berlubang,<40,Tikungan,Perempuan,<17,Ya,pribadi,multi_kendaraan,pengemudi,ya,UU 34/1964,meninggal,18600000000
3/28/2022,2022,3,Bandung,370,496,20,32,Cerah,Malam,Motor,Kondisi Jalan,Jalan Kota,Berlubang,>60,Lurus,Perempuan,>50,Ya,pribadi,multi_kendaraan,pengemudi,ya,UU 34/1964,meninggal,26440000000
6/19/2024,2024,6,Semarang,893,145,28,32,Hujan,Siang,Mobil,Pelanggaran Lalu Lintas,Jalan Kota,Berlubang,40-60,Simpang T,Perempuan,>50,Ya,pribadi,multi_kendaraan,pengemudi,ya,UU 34/1964,meninggal,9290000000
2/1/2022,2022,2,Yogyakarta,422,303,29,20,Hujan,Malam,Motor,Kecepatan Berlebih,Jalan Nasional,Baik,40-60,Simpang 4,Laki-laki,17-25,Tidak,pribadi,multi_kendaraan,pengemudi,ya,UU 34/1964,meninggal,17000000000
6/27/2024,2024,6,Jakarta Selatan,823,261,25,20,Hujan,Siang,Bus,Kondisi Jalan,Jalan Kota,Rusak,<40,Lurus,Perempuan,<17,Ya,umum,multi_kendaraan,penumpang,ya,UU 33/1964,meninggal,14700000000
7/4/2021,2021,7,Medan,357,293,29,4,Cerah,Pagi,Mobil,Pelanggaran Lalu Lintas,Jalan Nasional,Baik,<40,Tikungan,Perempuan,26-45,Ya,pribadi,multi_kendaraan,pengemudi,ya,UU 34/1964,meninggal,16180000000
9/12/2021,2021,9,Palembang,322,140,21,4,Hujan,Siang,Motor,Kelalaian Pengemudi,Jalan Nasional,Baik,40-60,Tikungan,Laki-laki,>50,Ya,pribadi,multi_kendaraan,pengemudi,ya,UU 34/1964,meninggal,8130000000
9/3/2025,2025,9,Palembang,856,385,25,2,Cerah,Malam,Motor,Kecepatan Berlebih,Jalan Nasional,Baik,<40,Simpang Y,Laki-laki,>50,Ya,pribadi,multi_kendaraan,pengemudi,ya,UU 34/1964,meninggal,20540000000
10/16/2022,2022,10,Bekasi,512,148,24,21,Cerah,Pagi,Mobil,Kondisi Jalan,Jalan Nasional,Rusak,>60,Simpang Y,Perempuan,17-25,Ya,pribadi,tunggal,pengemudi,tidak,tidak_dijamin,tidak_ada,0
2/18/2024,2024,2,Palembang,591,130,20,45,Cerah,Malam,Bus,Kelalaian Pengemudi,Jalan Kota,Rusak,40-60,Simpang Y,Perempuan,17-25,Tidak,umum,multi_kendaraan,penumpang,ya,UU 33/1964,meninggal,8400000000
2/11/2021,2021,2,Jakarta Selatan,198,361,25,62,Hujan,Dini Hari,Truk,Kecepatan Berlebih,Jalan Provinsi,Baik,40-60,Simpang T,Laki-laki,<17,Ya,pribadi,multi_kendaraan,pengemudi,ya,UU 34/1964,meninggal,20540000000
11/5/2024,2024,11,Makassar,798,335,28,40,Cerah,Malam,Bus,Rem Blong,Jalan Nasional,Rusak,<40,Simpang 4,Perempuan,>50,Tidak,umum,tunggal,penumpang,ya,UU 33/1964,meninggal,18950000000
1/13/2023,2023,1,Makassar,441,194,23,55,Hujan,Dini Hari,Mobil,Kondisi Jalan,Jalan Nasional,Berlubang,<40,Simpang T,Laki-laki,<17,Tidak,pribadi,multi_kendaraan,pengemudi,ya,UU 34/1964,meninggal,11950000000
9/20/2022,2022,9,Makassar,514,448,22,28,Hujan,Malam,Truk,Kelalaian Pengemudi,Jalan Provinsi,Baik,40-60,Tikungan,Laki-laki,17-25,Ya,pribadi,multi_kendaraan,pengemudi,ya,UU 34/1964,meninggal,24060000000
2/25/2024,2024,2,Jakarta Selatan,547,305,26,7,Hujan,Dini Hari,Truk,Kurang Jarak Aman,Jalan Nasional,Rusak,<40,Simpang Y,Laki-laki,17-25,Ya,pribadi,multi_kendaraan,pengemudi,ya,UU 34/1964,meninggal,16690000000
2/15/2025,2025,2,Bandung,756,174,25,9,Hujan,Malam,Truk,Rem Blong,Jalan Kota,Rusak,<40,Simpang T,Perempuan,<17,Tidak,pribadi,multi_kendaraan,pengemudi,ya,UU 34/1964,meninggal,10130000000
4/2/2023,2023,4,Surabaya,560,257,29,0,Hujan,Malam,Bus,Kecepatan Berlebih,Jalan Provinsi,Rusak,40-60,Simpang T,Laki-laki,>50,Ya,umum,tunggal,penumpang,ya,UU 33/1964,meninggal,14300000000
10/28/2025,2025,10,Bekasi,853,153,30,3,Cerah,Dini Hari,Truk,Pelanggaran Lalu Lintas,Jalan Provinsi,Rusak,40-60,Simpang Y,Laki-laki,>50,Ya,pribadi,tunggal,pengemudi,tidak,tidak_dijamin,tidak_ada,0
10/20/2022,2022,10,Jakarta Selatan,437,347,28,29,Hujan,Siang,Truk,Kelalaian Pengemudi,Jalan Nasional,Baik,<40,Simpang 4,Laki-laki,26-45,Tidak,pribadi,multi_kendaraan,pengemudi,ya,UU 34/1964,meninggal,19330000000
4/21/2023,2023,4,Makassar,436,184,22,2,Cerah,Malam,Motor,Pelanggaran Lalu Lintas,Jalan Nasional,Rusak,40-60,Simpang T,Perempuan,26-45,Ya,pribadi,tunggal,pengemudi,tidak,tidak_dijamin,tidak_ada,0
1/30/2025,2025,1,Jakarta Timur,676,257,21,9,Cerah,Siang,Motor,Kecepatan Berlebih,Jalan Provinsi,Rusak,<40,Lurus,Laki-laki,>50,Tidak,pribadi,tunggal,pengemudi,tidak,tidak_dijamin,tidak_ada,0
7/26/2021,2021,7,Makassar,328,233,25,5,Hujan,Pagi,Truk,Kondisi Jalan,Jalan Provinsi,Baik,40-60,Lurus,Perempuan,26-45,Tidak,pribadi,multi_kendaraan,pengemudi,ya,UU 34/1964,meninggal,13000000000
7/30/2023,2023,7,Makassar,469,493,21,10,Hujan,Pagi,Bus,Kelalaian Pengemudi,Jalan Provinsi,Berlubang,>60,Lurus,Perempuan,26-45,Ya,umum,tunggal,penumpang,ya,UU 33/1964,meninggal,25900000000
8/8/2021,2021,8,Surabaya,392,387,30,69,Cerah,Pagi,Motor,Kurang Jarak Aman,Jalan Kota,Berlubang,<40,Simpang T,Perempuan,26-45,Ya,pribadi,multi_kendaraan,pengemudi,ya,UU 34/1964,meninggal,22230000000
7/9/2024,2024,7,Palembang,614,118,25,15,Cerah,Pagi,Mobil,Kondisi Jalan,Jalan Nasional,Baik,<40,Simpang 4,Laki-laki,17-25,Tidak,pribadi,tunggal,pengemudi,tidak,tidak_dijamin,tidak_ada,0
7/15/2021,2021,7,Medan,243,494,23,52,Cerah,Siang,Truk,Pelanggaran Lalu Lintas,Jalan Nasional,Rusak,>60,Simpang 4,Laki-laki,>50,Tidak,pribadi,tunggal,pengemudi,tidak,tidak_dijamin,tidak_ada,0
9/10/2023,2023,9,Palembang,560,500,29,8,Hujan,Dini Hari,Bus,Kecepatan Berlebih,Jalan Nasional,Baik,>60,Simpang T,Perempuan,26-45,Ya,umum,multi_kendaraan,penumpang,ya,UU 33/1964,meninggal,26610000000
6/15/2024,2024,6,Palembang,916,222,28,44,Cerah,Dini Hari,Mobil,Pelanggaran Lalu Lintas,Jalan Provinsi,Baik,<40,Simpang Y,Perempuan,>50,Tidak,pribadi,multi_kendaraan,pengemudi,ya,UU 34/1964,meninggal,13380000000
9/16/2025,2025,9,Jakarta Selatan,863,368,25,40,Hujan,Malam,Bus,Kecepatan Berlebih,Jalan Nasional,Berlubang,>60,Simpang Y,Perempuan,26-45,Ya,umum,multi_kendaraan,penumpang,ya,UU 33/1964,meninggal,20450000000
3/16/2024,2024,3,Bandung,576,106,24,38,Hujan,Dini Hari,Motor,Kelalaian Pengemudi,Jalan Provinsi,Rusak,<40,Tikungan,Perempuan,17-25,Ya,pribadi,multi_kendaraan,pengemudi,ya,UU 34/1964,meninggal,7260000000
9/7/2025,2025,9,Yogyakarta,836,172,27,40,Hujan,Siang,Mobil,Kecepatan Berlebih,Jalan Provinsi,Baik,40-60,Tikungan,Laki-laki,>50,Tidak,pribadi,tunggal,pengemudi,tidak,tidak_dijamin,tidak_ada,0
5/25/2024,2024,5,Jakarta Selatan,642,279,20,3,Hujan,Malam,Motor,Kelalaian Pengemudi,Jalan Kota,Baik,<40,Simpang 4,Laki-laki,26-45,Tidak,pribadi,tunggal,pengemudi,tidak,tidak_dijamin,tidak_ada,0
4/30/2021,2021,4,Surabaya,211,141,24,27,Cerah,Siang,Mobil,Rem Blong,Jalan Nasional,Berlubang,>60,Simpang Y,Perempuan,>50,Ya,pribadi,multi_kendaraan,pengemudi,ya,UU 34/1964,meninggal,8790000000
11/18/2023,2023,11,Jakarta Selatan,638,465,27,18,Cerah,Pagi,Truk,Kecepatan Berlebih,Jalan Kota,Baik,40-60,Lurus,Perempuan,17-25,Ya,pribadi,multi_kendaraan,pengemudi,ya,UU 34/1964,meninggal,24960000000
3/16/2022,2022,3,Jakarta Selatan,442,299,23,33,Cerah,Siang,Mobil,Kondisi Jalan,Jalan Kota,Rusak,>60,Simpang Y,Perempuan,>50,Tidak,pribadi,multi_kendaraan,pengemudi,ya,UU 34/1964,meninggal,16760000000
7/27/2025,2025,7,Surabaya,793,442,25,38,Cerah,Dini Hari,Truk,Kurang Jarak Aman,Jalan Nasional,Berlubang,>60,Simpang Y,Laki-laki,>50,Ya,pribadi,multi_kendaraan,pengemudi,ya,UU 34/1964,meninggal,24110000000
9/17/2025,2025,9,Medan,756,352,24,18,Hujan,Dini Hari,Motor,Pelanggaran Lalu Lintas,Jalan Nasional,Berlubang,<40,Simpang Y,Laki-laki,17-25,Tidak,pribadi,multi_kendaraan,pengemudi,ya,UU 34/1964,meninggal,19160000000
10/12/2025,2025,10,Jakarta Selatan,806,315,21,24,Cerah,Malam,Mobil,Rem Blong,Jalan Kota,Rusak,<40,Simpang 4,Perempuan,<17,Tidak,pribadi,multi_kendaraan,pengemudi,ya,UU 34/1964,meninggal,17280000000
10/8/2021,2021,10,Jakarta Selatan,341,283,23,24,Cerah,Pagi,Bus,Kurang Jarak Aman,Jalan Nasional,Rusak,<40,Lurus,Laki-laki,>50,Ya,umum,tunggal,penumpang,ya,UU 33/1964,meninggal,15780000000
10/15/2024,2024,10,Jakarta Selatan,784,296,30,42,Cerah,Siang,Bus,Kelalaian Pengemudi,Jalan Provinsi,Berlubang,40-60,Lurus,Laki-laki,17-25,Ya,umum,multi_kendaraan,penumpang,ya,UU 33/1964,meninggal,17140000000
8/22/2023,2023,8,Makassar,560,365,23,24,Hujan,Malam,Mobil,Kelalaian Pengemudi,Jalan Provinsi,Berlubang,<40,Simpang T,Laki-laki,<17,Tidak,pribadi,multi_kendaraan,pengemudi,ya,UU 34/1964,meninggal,19880000000
3/17/2022,2022,3,Surabaya,398,420,30,44,Hujan,Pagi,Motor,Kondisi Jalan,Jalan Nasional,Rusak,<40,Simpang 4,Laki-laki,>50,Ya,pribadi,tunggal,pengemudi,tidak,tidak_dijamin,tidak_ada,0
4/6/2024,2024,4,Bekasi,626,459,25,21,Hujan,Dini Hari,Mobil,Kelalaian Pengemudi,Jalan Nasional,Baik,<40,Simpang 4,Laki-laki,17-25,Ya,pribadi,multi_kendaraan,pengemudi,ya,UU 34/1964,meninggal,24620000000
3/29/2025,2025,3,Jakarta Selatan,721,131,29,15,Cerah,Pagi,Bus,Kelalaian Pengemudi,Jalan Nasional,Baik,40-60,Tikungan,Perempuan,>50,Tidak,umum,tunggal,penumpang,ya,UU 33/1964,meninggal,8300000000
11/11/2023,2023,11,Yogyakarta,556,194,26,19,Cerah,Pagi,Motor,Kurang Jarak Aman,Jalan Nasional,Rusak,<40,Lurus,Perempuan,<17,Tidak,pribadi,tunggal,pengemudi,tidak,tidak_dijamin,tidak_ada,0
3/20/2025,2025,3,Makassar,651,300,26,27,Cerah,Dini Hari,Truk,Kecepatan Berlebih,Jalan Nasional,Baik,>60,Tikungan,Laki-laki,>50,Tidak,pribadi,multi_kendaraan,pengemudi,ya,UU 34/1964,meninggal,16840000000
5/15/2023,2023,5,Medan,447,271,25,29,Hujan,Siang,Truk,Rem Blong,Jalan Kota,Rusak,40-60,Simpang Y,Laki-laki,<17,Ya,pribadi,multi_kendaraan,pengemudi,ya,UU 34/1964,meninggal,15380000000
6/6/2022,2022,6,Bekasi,624,235,28,18,Hujan,Dini Hari,Motor,Kelalaian Pengemudi,Jalan Provinsi,Rusak,<40,Tikungan,Perempuan,>50,Tidak,pribadi,multi_kendaraan,pengemudi,ya,UU 34/1964,meninggal,13510000000
1/11/2025,2025,1,Semarang,713,380,26,44,Cerah,Pagi,Mobil,Rem Blong,Jalan Nasional,Berlubang,40-60,Tikungan,Perempuan,17-25,Ya,pribadi,multi_kendaraan,pengemudi,ya,UU 34/1964,meninggal,21180000000
4/15/2023,2023,4,Bandung,444,139,23,19,Hujan,Siang,Bus,Kondisi Jalan,Jalan Nasional,Berlubang,<40,Tikungan,Laki-laki,<17,Ya,umum,multi_kendaraan,penumpang,ya,UU 33/1964,meninggal,8480000000
2/23/2025,2025,2,Jakarta Timur,754,463,26,24,Cerah,Pagi,Motor,Pelanggaran Lalu Lintas,Jalan Provinsi,Rusak,40-60,Simpang T,Perempuan,>50,Tidak,pribadi,multi_kendaraan,pengemudi,ya,UU 34/1964,meninggal,24930000000
7/16/2022,2022,7,Yogyakarta,366,389,29,14,Cerah,Dini Hari,Motor,Rem Blong,Jalan Nasional,Rusak,>60,Simpang T,Perempuan,>50,Ya,pribadi,multi_kendaraan,pengemudi,ya,UU 34/1964,meninggal,21180000000
12/17/2025,2025,12,Makassar,1127,203,24,13,Cerah,Dini Hari,Mobil,Rem Blong,Jalan Provinsi,Baik,<40,Simpang T,Perempuan,26-45,Ya,pribadi,multi_kendaraan,pengemudi,ya,UU 34/1964,meninggal,11610000000
10/13/2021,2021,10,Jakarta Selatan,293,393,27,24,Cerah,Pagi,Bus,Kurang Jarak Aman,Jalan Nasional,Rusak,<40,Simpang 4,Perempuan,26-45,Tidak,umum,multi_kendaraan,penumpang,ya,UU 33/1964,meninggal,21480000000
4/17/2025,2025,4,Semarang,806,446,22,18,Hujan,Malam,Bus,Kelalaian Pengemudi,Jalan Provinsi,Berlubang,<40,Simpang T,Perempuan,>50,Tidak,umum,tunggal,penumpang,ya,UU 33/1964,meninggal,23760000000
8/19/2021,2021,8,Jakarta Timur,299,348,21,6,Cerah,Siang,Bus,Kurang Jarak Aman,Jalan Kota,Berlubang,40-60,Tikungan,Perempuan,>50,Ya,umum,multi_kendaraan,penumpang,ya,UU 33/1964,meninggal,18570000000
4/12/2022,2022,4,Yogyakarta,374,296,26,43,Hujan,Pagi,Bus,Rem Blong,Jalan Kota,Berlubang,40-60,Simpang Y,Laki-laki,26-45,Ya,umum,multi_kendaraan,penumpang,ya,UU 33/1964,meninggal,16960000000
5/23/2025,2025,5,Jakarta Selatan,688,178,24,17,Hujan,Dini Hari,Bus,Kurang Jarak Aman,Jalan Provinsi,Baik,40-60,Simpang Y,Laki-laki,>50,Ya,umum,multi_kendaraan,penumpang,ya,UU 33/1964,meninggal,10440000000
8/22/2021,2021,8,Jakarta Selatan,280,342,24,1,Hujan,Siang,Mobil,Kondisi Jalan,Jalan Provinsi,Baik,40-60,Simpang T,Laki-laki,<17,Tidak,pribadi,tunggal,pengemudi,tidak,tidak_dijamin,tidak_ada,0
4/13/2021,2021,4,Yogyakarta,237,284,21,20,Hujan,Malam,Mobil,Rem Blong,Jalan Nasional,Berlubang,40-60,Simpang T,Perempuan,17-25,Tidak,pribadi,multi_kendaraan,pengemudi,ya,UU 34/1964,meninggal,15650000000
7/17/2022,2022,7,Palembang,380,228,24,60,Hujan,Siang,Bus,Kondisi Jalan,Jalan Kota,Berlubang,>60,Simpang Y,Perempuan,26-45,Tidak,umum,tunggal,penumpang,ya,UU 33/1964,meninggal,13800000000
11/13/2023,2023,11,Bekasi,613,214,29,45,Cerah,Malam,Mobil,Rem Blong,Jalan Kota,Baik,40-60,Simpang Y,Laki-laki,<17,Ya,pribadi,tunggal,pengemudi,tidak,tidak_dijamin,tidak_ada,0
6/25/2025,2025,6,Medan,1079,260,21,27,Cerah,Malam,Bus,Kelalaian Pengemudi,Jalan Provinsi,Rusak,40-60,Simpang T,Perempuan,<17,Ya,umum,multi_kendaraan,penumpang,ya,UU 33/1964,meninggal,14590000000
4/22/2023,2023,4,Bandung,449,132,30,52,Cerah,Malam,Mobil,Kondisi Jalan,Jalan Nasional,Rusak,>60,Simpang Y,Laki-laki,<17,Tidak,pribadi,tunggal,pengemudi,tidak,tidak_dijamin,tidak_ada,0
4/14/2022,2022,4,Semarang,368,309,22,12,Hujan,Malam,Truk,Kondisi Jalan,Jalan Kota,Berlubang,<40,Simpang Y,Laki-laki,>50,Tidak,pribadi,multi_kendaraan,pengemudi,ya,UU 34/1964,meninggal,16790000000
4/14/2025,2025,4,Jakarta Timur,742,397,20,8,Hujan,Pagi,Bus,Rem Blong,Jalan Kota,Rusak,<40,Simpang T,Perempuan,>50,Ya,umum,multi_kendaraan,penumpang,ya,UU 33/1964,meninggal,21010000000
11/17/2021,2021,11,Jakarta Selatan,371,313,20,28,Cerah,Dini Hari,Bus,Pelanggaran Lalu Lintas,Jalan Nasional,Berlubang,<40,Tikungan,Perempuan,17-25,Ya,umum,multi_kendaraan,penumpang,ya,UU 33/1964,meninggal,17210000000
7/30/2022,2022,7,Semarang,395,338,21,24,Cerah,Pagi,Mobil,Pelanggaran Lalu Lintas,Jalan Kota,Rusak,>60,Simpang T,Laki-laki,<17,Tidak,pribadi,multi_kendaraan,pengemudi,ya,UU 34/1964,meninggal,18430000000
2/2/2021,2021,2,Semarang,221,443,25,25,Hujan,Pagi,Motor,Rem Blong,Jalan Provinsi,Baik,<40,Simpang T,Laki-laki,17-25,Ya,pribadi,multi_kendaraan,pengemudi,ya,UU 34/1964,meninggal,23900000000
12/2/2023,2023,12,Jakarta Timur,812,222,23,22,Hujan,Malam,Mobil,Kelalaian Pengemudi,Jalan Nasional,Baik,<40,Lurus,Perempuan,17-25,Tidak,pribadi,tunggal,pengemudi,tidak,tidak_dijamin,tidak_ada,0
9/20/2023,2023,9,Jakarta Selatan,597,127,28,16,Cerah,Dini Hari,Motor,Rem Blong,Jalan Nasional,Rusak,>60,Simpang Y,Perempuan,>50,Tidak,pribadi,multi_kendaraan,pengemudi,ya,UU 34/1964,meninggal,8070000000
11/6/2024,2024,11,Bandung,697,114,30,23,Hujan,Dini Hari,Truk,Kurang Jarak Aman,Jalan Provinsi,Baik,>60,Simpang T,Laki-laki,<17,Tidak,pribadi,multi_kendaraan,pengemudi,ya,UU 34/1964,meninggal,7660000000
6/29/2024,2024,6,Palembang,767,290,27,44,Cerah,Dini Hari,Mobil,Pelanggaran Lalu Lintas,Jalan Provinsi,Baik,40-60,Simpang T,Laki-laki,<17,Tidak,pribadi,multi_kendaraan,pengemudi,ya,UU 34/1964,meninggal,16730000000
4/7/2025,2025,4,Bandung,753,307,25,13,Cerah,Dini Hari,Truk,Kondisi Jalan,Jalan Nasional,Berlubang,40-60,Simpang 4,Laki-laki,<17,Ya,pribadi,multi_kendaraan,pengemudi,ya,UU 34/1964,meninggal,16860000000
7/4/2023,2023,7,Medan,493,434,22,35,Hujan,Dini Hari,Truk,Rem Blong,Jalan Provinsi,Rusak,<40,Tikungan,Perempuan,>50,Ya,pribadi,tunggal,pengemudi,tidak,tidak_dijamin,tidak_ada,0
11/20/2025,2025,11,Makassar,776,163,20,10,Hujan,Pagi,Motor,Kurang Jarak Aman,Jalan Kota,Berlubang,>60,Simpang 4,Laki-laki,17-25,Tidak,pribadi,multi_kendaraan,pengemudi,ya,UU 34/1964,meninggal,9350000000
10/14/2021,2021,10,Yogyakarta,416,124,28,17,Hujan,Pagi,Bus,Kecepatan Berlebih,Jalan Kota,Rusak,>60,Simpang 4,Perempuan,17-25,Tidak,umum,multi_kendaraan,penumpang,ya,UU 33/1964,meninggal,7940000000
8/16/2022,2022,8,Bandung,396,365,29,47,Cerah,Malam,Mobil,Kondisi Jalan,Jalan Nasional,Rusak,>60,Simpang T,Perempuan,>50,Tidak,pribadi,multi_kendaraan,pengemudi,ya,UU 34/1964,meninggal,20640000000
12/22/2024,2024,12,Jakarta Selatan,944,132,27,25,Hujan,Malam,Mobil,Pelanggaran Lalu Lintas,Jalan Nasional,Rusak,>60,Tikungan,Perempuan,>50,Ya,pribadi,multi_kendaraan,pengemudi,ya,UU 34/1964,meninggal,8450000000
10/23/2022,2022,10,Surabaya,521,140,20,20,Hujan,Pagi,Truk,Kelalaian Pengemudi,Jalan Provinsi,Baik,<40,Simpang Y,Laki-laki,<17,Ya,pribadi,multi_kendaraan,pengemudi,ya,UU 34/1964,meninggal,8400000000
8/3/2023,2023,8,Bekasi,580,113,26,65,Cerah,Pagi,Mobil,Kecepatan Berlebih,Jalan Nasional,Rusak,<40,Simpang 4,Laki-laki,>50,Tidak,pribadi,tunggal,pengemudi,tidak,tidak_dijamin,tidak_ada,0
10/28/2025,2025,10,Yogyakarta,900,423,21,38,Hujan,Dini Hari,Mobil,Kecepatan Berlebih,Jalan Kota,Baik,<40,Lurus,Laki-laki,26-45,Ya,pribadi,multi_kendaraan,pengemudi,ya,UU 34/1964,meninggal,22960000000
10/6/2023,2023,10,Bandung,552,197,26,5,Cerah,Malam,Mobil,Kurang Jarak Aman,Jalan Nasional,Berlubang,<40,Simpang Y,Laki-laki,26-45,Ya,pribadi,tunggal,pengemudi,tidak,tidak_dijamin,tidak_ada,0
12/20/2024,2024,12,Palembang,1021,192,26,35,Hujan,Malam,Motor,Rem Blong,Jalan Provinsi,Rusak,<40,Simpang T,Laki-laki,<17,Ya,pribadi,multi_kendaraan,pengemudi,ya,UU 34/1964,meninggal,11600000000
2/11/2025,2025,2,Makassar,684,301,27,12,Hujan,Siang,Mobil,Pelanggaran Lalu Lintas,Jalan Kota,Rusak,>60,Simpang 4,Perempuan,>50,Ya,pribadi,multi_kendaraan,pengemudi,ya,UU 34/1964,meninggal,16640000000
12/24/2024,2024,12,Semarang,1022,157,24,22,Hujan,Malam,Bus,Pelanggaran Lalu Lintas,Jalan Nasional,Rusak,<40,Tikungan,Laki-laki,<17,Ya,umum,multi_kendaraan,penumpang,ya,UU 33/1964,meninggal,9490000000
6/15/2023,2023,6,Bekasi,682,364,24,18,Cerah,Dini Hari,Truk,Kelalaian Pengemudi,Jalan Provinsi,Baik,40-60,Simpang Y,Laki-laki,<17,Tidak,pribadi,tunggal,pengemudi,tidak,tidak_dijamin,tidak_ada,0
8/23/2025,2025,8,Makassar,865,405,20,9,Hujan,Pagi,Truk,Rem Blong,Jalan Kota,Berlubang,40-60,Tikungan,Laki-laki,<17,Tidak,pribadi,tunggal,pengemudi,tidak,tidak_dijamin,tidak_ada,0
2/19/2025,2025,2,Bandung,635,365,28,38,Hujan,Malam,Bus,Kondisi Jalan,Jalan Nasional,Baik,<40,Simpang 4,Laki-laki,26-45,Ya,umum,multi_kendaraan,penumpang,ya,UU 33/1964,meninggal,20410000000
3/31/2022,2022,3,Bekasi,421,381,22,8,Hujan,Dini Hari,Motor,Rem Blong,Jalan Provinsi,Rusak,40-60,Lurus,Perempuan,17-25,Tidak,pribadi,tunggal,pengemudi,tidak,tidak_dijamin,tidak_ada,0
8/12/2022,2022,8,Jakarta Selatan,488,409,24,50,Cerah,Siang,Mobil,Kurang Jarak Aman,Jalan Nasional,Rusak,40-60,Lurus,Perempuan,17-25,Tidak,pribadi,tunggal,pengemudi,tidak,tidak_dijamin,tidak_ada,0
7/18/2023,2023,7,Jakarta Selatan,512,231,23,48,Cerah,Malam,Bus,Kelalaian Pengemudi,Jalan Provinsi,Berlubang,40-60,Simpang 4,Perempuan,>50,Tidak,umum,multi_kendaraan,penumpang,ya,UU 33/1964,meninggal,13660000000
1/23/2023,2023,1,Makassar,457,388,20,3,Cerah,Pagi,Mobil,Kelalaian Pengemudi,Jalan Provinsi,Berlubang,<40,Lurus,Perempuan,26-45,Tidak,pribadi,multi_kendaraan,pengemudi,ya,UU 34/1964,meninggal,20460000000
1/15/2024,2024,1,Jakarta Timur,554,198,24,65,Cerah,Malam,Mobil,Kondisi Jalan,Jalan Kota,Berlubang,<40,Tikungan,Laki-laki,>50,Tidak,pribadi,multi_kendaraan,pengemudi,ya,UU 34/1964,meninggal,12400000000
1/7/2023,2023,1,Medan,459,445,23,22,Cerah,Pagi,Mobil,Kondisi Jalan,Jalan Nasional,Berlubang,>60,Simpang 4,Perempuan,<17,Tidak,pribadi,multi_kendaraan,pengemudi,ya,UU 34/1964,meninggal,23840000000
7/11/2023,2023,7,Surabaya,516,233,26,7,Cerah,Malam,Motor,Pelanggaran Lalu Lintas,Jalan Kota,Baik,>60,Lurus,Laki-laki,>50,Ya,pribadi,tunggal,pengemudi,tidak,tidak_dijamin,tidak_ada,0
5/19/2023,2023,5,Jakarta Selatan,454,430,28,51,Cerah,Pagi,Truk,Pelanggaran Lalu Lintas,Jalan Nasional,Rusak,>60,Simpang 4,Perempuan,26-45,Ya,pribadi,tunggal,pengemudi,tidak,tidak_dijamin,tidak_ada,0
2/12/2024,2024,2,Bandung,605,430,23,11,Cerah,Malam,Motor,Kecepatan Berlebih,Jalan Nasional,Berlubang,<40,Tikungan,Laki-laki,17-25,Ya,pribadi,multi_kendaraan,pengemudi,ya,UU 34/1964,meninggal,22870000000
4/3/2023,2023,4,Surabaya,503,240,25,14,Cerah,Dini Hari,Bus,Rem Blong,Jalan Kota,Baik,<40,Simpang T,Laki-laki,>50,Tidak,umum,multi_kendaraan,penumpang,ya,UU 33/1964,meninggal,13530000000
6/30/2024,2024,6,Jakarta Selatan,734,120,26,28,Cerah,Siang,Mobil,Pelanggaran Lalu Lintas,Jalan Provinsi,Rusak,<40,Simpang T,Laki-laki,>50,Tidak,pribadi,multi_kendaraan,pengemudi,ya,UU 34/1964,meninggal,7860000000
2/16/2023,2023,2,Palembang,474,208,21,10,Cerah,Dini Hari,Bus,Kondisi Jalan,Jalan Nasional,Baik,40-60,Simpang T,Laki-laki,17-25,Ya,umum,tunggal,penumpang,ya,UU 33/1964,meninggal,11650000000
2/13/2023,2023,2,Yogyakarta,527,174,24,57,Hujan,Malam,Motor,Kelalaian Pengemudi,Jalan Provinsi,Baik,<40,Lurus,Perempuan,>50,Tidak,pribadi,tunggal,pengemudi,tidak,tidak_dijamin,tidak_ada,0
12/21/2022,2022,12,Palembang,774,417,24,9,Hujan,Dini Hari,Truk,Kecepatan Berlebih,Jalan Provinsi,Baik,>60,Tikungan,Perempuan,17-25,Ya,pribadi,tunggal,pengemudi,tidak,tidak_dijamin,tidak_ada,0
1/23/2025,2025,1,Makassar,700,236,21,13,Hujan,Pagi,Motor,Rem Blong,Jalan Nasional,Berlubang,40-60,Tikungan,Perempuan,>50,Tidak,pribadi,tunggal,pengemudi,tidak,tidak_dijamin,tidak_ada,0
1/6/2025,2025,1,Palembang,757,278,20,38,Cerah,Pagi,Truk,Pelanggaran Lalu Lintas,Jalan Nasional,Berlubang,<40,Simpang 4,Perempuan,26-45,Ya,pribadi,multi_kendaraan,pengemudi,ya,UU 34/1964,meninggal,15660000000
6/8/2022,2022,6,Semarang,615,342,28,23,Hujan,Pagi,Bus,Kurang Jarak Aman,Jalan Provinsi,Rusak,40-60,Simpang Y,Perempuan,17-25,Tidak,umum,multi_kendaraan,penumpang,ya,UU 33/1964,meninggal,18960000000
9/17/2023,2023,9,Bandung,606,222,22,6,Hujan,Siang,Mobil,Kecepatan Berlebih,Jalan Nasional,Berlubang,40-60,Simpang Y,Perempuan,17-25,Ya,pribadi,multi_kendaraan,pengemudi,ya,UU 34/1964,meninggal,12320000000
12/30/2022,2022,12,Bekasi,704,121,27,35,Cerah,Siang,Motor,Kondisi Jalan,Jalan Provinsi,Berlubang,<40,Simpang Y,Perempuan,26-45,Tidak,pribadi,tunggal,pengemudi,tidak,tidak_dijamin,tidak_ada,0
1/3/2022,2022,1,Medan,410,170,28,8,Hujan,Malam,Mobil,Kondisi Jalan,Jalan Nasional,Baik,>60,Simpang Y,Laki-laki,<17,Tidak,pribadi,multi_kendaraan,pengemudi,ya,UU 34/1964,meninggal,10060000000
4/3/2023,2023,4,Jakarta Timur,533,406,26,7,Hujan,Malam,Mobil,Kecepatan Berlebih,Jalan Nasional,Berlubang,40-60,Simpang Y,Laki-laki,>50,Ya,pribadi,multi_kendaraan,pengemudi,ya,UU 34/1964,meninggal,21740000000
3/14/2023,2023,3,Bandung,464,204,29,12,Cerah,Siang,Bus,Kondisi Jalan,Jalan Provinsi,Berlubang,>60,Tikungan,Laki-laki,26-45,Ya,umum,multi_kendaraan,penumpang,ya,UU 33/1964,meninggal,11890000000
12/17/2021,2021,12,Yogyakarta,648,321,22,30,Cerah,Malam,Bus,Kelalaian Pengemudi,Jalan Nasional,Berlubang,<40,Simpang Y,Perempuan,>50,Tidak,umum,tunggal,penumpang,ya,UU 33/1964,meninggal,17750000000
6/15/2021,2021,6,Yogyakarta,500,389,20,28,Hujan,Pagi,Truk,Kondisi Jalan,Jalan Nasional,Berlubang,>60,Simpang T,Laki-laki,26-45,Tidak,pribadi,multi_kendaraan,pengemudi,ya,UU 34/1964,meninggal,21010000000
11/5/2022,2022,11,Palembang,418,389,20,34,Hujan,Dini Hari,Motor,Kelalaian Pengemudi,Jalan Provinsi,Baik,40-60,Simpang Y,Perempuan,17-25,Tidak,pribadi,multi_kendaraan,pengemudi,ya,UU 34/1964,meninggal,21130000000
1/31/2022,2022,1,Bandung,351,220,29,21,Hujan,Malam,Motor,Rem Blong,Jalan Provinsi,Baik,>60,Lurus,Laki-laki,>50,Tidak,pribadi,multi_kendaraan,pengemudi,ya,UU 34/1964,meninggal,12870000000
12/6/2021,2021,12,Makassar,615,375,22,4,Hujan,Siang,Mobil,Kurang Jarak Aman,Jalan Provinsi,Berlubang,40-60,Simpang 4,Laki-laki,>50,Tidak,pribadi,tunggal,pengemudi,tidak,tidak_dijamin,tidak_ada,0
1/18/2024,2024,1,Semarang,549,475,25,15,Hujan,Dini Hari,Motor,Kurang Jarak Aman,Jalan Provinsi,Berlubang,<40,Simpang T,Laki-laki,>50,Ya,pribadi,tunggal,pengemudi,tidak,tidak_dijamin,tidak_ada,0
6/22/2023,2023,6,Palembang,826,206,29,19,Hujan,Pagi,Motor,Pelanggaran Lalu Lintas,Jalan Kota,Baik,<40,Simpang Y,Laki-laki,>50,Ya,pribadi,multi_kendaraan,pengemudi,ya,UU 34/1964,meninggal,12130000000
4/25/2023,2023,4,Surabaya,434,374,21,0,Hujan,Malam,Bus,Kecepatan Berlebih,Jalan Provinsi,Rusak,40-60,Simpang T,Perempuan,26-45,Tidak,umum,tunggal,penumpang,ya,UU 33/1964,meninggal,19750000000
9/14/2022,2022,9,Yogyakarta,388,267,24,3,Cerah,Pagi,Motor,Rem Blong,Jalan Kota,Baik,<40,Simpang 4,Laki-laki,>50,Tidak,pribadi,multi_kendaraan,pengemudi,ya,UU 34/1964,meninggal,14610000000
10/25/2023,2023,10,Makassar,605,297,21,22,Cerah,Malam,Bus,Kecepatan Berlebih,Jalan Nasional,Berlubang,>60,Lurus,Laki-laki,26-45,Tidak,umum,multi_kendaraan,penumpang,ya,UU 33/1964,meninggal,16340000000
4/11/2023,2023,4,Palembang,553,279,20,38,Cerah,Dini Hari,Mobil,Rem Blong,Jalan Kota,Berlubang,>60,Tikungan,Perempuan,17-25,Tidak,pribadi,tunggal,pengemudi,tidak,tidak_dijamin,tidak_ada,0
10/3/2024,2024,10,Semarang,653,198,23,49,Cerah,Dini Hari,Truk,Kecepatan Berlebih,Jalan Nasional,Berlubang,>60,Simpang 4,Perempuan,>50,Ya,pribadi,multi_kendaraan,pengemudi,ya,UU 34/1964,meninggal,12030000000
11/17/2021,2021,11,Jakarta Selatan,442,147,20,28,Cerah,Dini Hari,Bus,Pelanggaran Lalu Lintas,Jalan Nasional,Berlubang,<40,Simpang 4,Laki-laki,17-25,Ya,umum,tunggal,penumpang,ya,UU 33/1964,meninggal,8910000000
12/25/2022,2022,12,Semarang,767,453,23,8,Hujan,Dini Hari,Truk,Rem Blong,Jalan Provinsi,Rusak,>60,Lurus,Laki-laki,>50,Ya,pribadi,tunggal,pengemudi,tidak,tidak_dijamin,tidak_ada,0
11/3/2025,2025,11,Jakarta Selatan,808,195,30,6,Hujan,Siang,Mobil,Kondisi Jalan,Jalan Provinsi,Rusak,>60,Simpang 4,Laki-laki,17-25,Ya,pribadi,multi_kendaraan,pengemudi,ya,UU 34/1964,meninggal,11370000000
6/17/2023,2023,6,Makassar,723,338,22,3,Hujan,Malam,Mobil,Kelalaian Pengemudi,Jalan Kota,Baik,40-60,Tikungan,Laki-laki,17-25,Ya,pribadi,multi_kendaraan,pengemudi,ya,UU 34/1964,meninggal,18060000000
7/7/2025,2025,7,Palembang,778,148,26,27,Cerah,Dini Hari,Truk,Kecepatan Berlebih,Jalan Nasional,Berlubang,<40,Simpang T,Perempuan,<17,Tidak,pribadi,multi_kendaraan,pengemudi,ya,UU 34/1964,meninggal,9240000000
10/31/2025,2025,10,Yogyakarta,869,162,24,19,Hujan,Dini Hari,Mobil,Pelanggaran Lalu Lintas,Jalan Kota,Berlubang,<40,Simpang T,Laki-laki,>50,Tidak,pribadi,multi_kendaraan,pengemudi,ya,UU 34/1964,meninggal,9680000000
1/31/2022,2022,1,Semarang,375,398,20,10,Hujan,Malam,Mobil,Pelanggaran Lalu Lintas,Jalan Nasional,Berlubang,<40,Simpang Y,Perempuan,26-45,Ya,pribadi,multi_kendaraan,pengemudi,ya,UU 34/1964,meninggal,21100000000
4/16/2024,2024,4,Yogyakarta,615,112,22,51,Hujan,Malam,Motor,Rem Blong,Jalan Provinsi,Baik,<40,Simpang T,Perempuan,17-25,Ya,pribadi,tunggal,pengemudi,tidak,tidak_dijamin,tidak_ada,0
1/27/2021,2021,1,Jakarta Selatan,166,265,22,9,Cerah,Pagi,Motor,Rem Blong,Jalan Provinsi,Berlubang,40-60,Simpang Y,Perempuan,17-25,Ya,pribadi,multi_kendaraan,pengemudi,ya,UU 34/1964,meninggal,14530000000
12/12/2021,2021,12,Surabaya,587,309,27,43,Hujan,Siang,Motor,Kelalaian Pengemudi,Jalan Kota,Rusak,<40,Lurus,Laki-laki,17-25,Tidak,pribadi,tunggal,pengemudi,tidak,tidak_dijamin,tidak_ada,0
6/3/2024,2024,6,Semarang,917,332,21,40,Cerah,Pagi,Motor,Rem Blong,Jalan Provinsi,Berlubang,>60,Lurus,Laki-laki,17-25,Tidak,pribadi,multi_kendaraan,pengemudi,ya,UU 34/1964,meninggal,18450000000
6/30/2023,2023,6,Jakarta Timur,698,417,20,7,Cerah,Malam,Truk,Pelanggaran Lalu Lintas,Jalan Nasional,Rusak,40-60,Simpang T,Laki-laki,17-25,Tidak,pribadi,tunggal,pengemudi,tidak,tidak_dijamin,tidak_ada,0
4/7/2022,2022,4,Bekasi,338,295,30,4,Hujan,Siang,Motor,Pelanggaran Lalu Lintas,Jalan Provinsi,Rusak,>60,Simpang 4,Laki-laki,17-25,Tidak,pribadi,multi_kendaraan,pengemudi,ya,UU 34/1964,meninggal,16330000000
9/12/2023,2023,9,Jakarta Selatan,652,473,26,26,Hujan,Siang,Mobil,Kondisi Jalan,Jalan Provinsi,Berlubang,>60,Simpang Y,Perempuan,17-25,Ya,pribadi,multi_kendaraan,pengemudi,ya,UU 34/1964,meninggal,25470000000
9/7/2024,2024,9,Yogyakarta,642,342,29,10,Hujan,Dini Hari,Truk,Kondisi Jalan,Jalan Nasional,Baik,>60,Simpang Y,Perempuan,17-25,Tidak,pribadi,multi_kendaraan,pengemudi,ya,UU 34/1964,meninggal,18750000000
7/15/2023,2023,7,Surabaya,542,347,26,32,Hujan,Malam,Motor,Pelanggaran Lalu Lintas,Jalan Kota,Rusak,40-60,Lurus,Perempuan,<17,Tidak,pribadi,multi_kendaraan,pengemudi,ya,UU 34/1964,meninggal,19290000000
9/19/2022,2022,9,Makassar,375,179,27,8,Hujan,Siang,Bus,Pelanggaran Lalu Lintas,Jalan Kota,Rusak,40-60,Simpang Y,Perempuan,17-25,Ya,umum,tunggal,penumpang,ya,UU 33/1964,meninggal,10460000000
8/19/2022,2022,8,Semarang,436,348,22,60,Cerah,Siang,Truk,Rem Blong,Jalan Provinsi,Berlubang,40-60,Tikungan,Laki-laki,<17,Ya,pribadi,multi_kendaraan,pengemudi,ya,UU 34/1964,meninggal,19700000000
8/29/2023,2023,8,Jakarta Timur,594,387,30,4,Cerah,Pagi,Motor,Kecepatan Berlebih,Jalan Nasional,Berlubang,<40,Simpang 4,Perempuan,>50,Tidak,pribadi,multi_kendaraan,pengemudi,ya,UU 34/1964,meninggal,20930000000
3/31/2025,2025,3,Makassar,758,213,24,10,Hujan,Siang,Bus,Kelalaian Pengemudi,Jalan Nasional,Berlubang,40-60,Simpang T,Perempuan,17-25,Tidak,umum,multi_kendaraan,penumpang,ya,UU 33/1964,meninggal,12050000000
7/21/2023,2023,7,Makassar,591,210,30,15,Hujan,Pagi,Truk,Kurang Jarak Aman,Jalan Provinsi,Berlubang,40-60,Simpang 4,Perempuan,<17,Tidak,pribadi,multi_kendaraan,pengemudi,ya,UU 34/1964,meninggal,12300000000
8/20/2023,2023,8,Semarang,606,254,21,3,Cerah,Siang,Bus,Kurang Jarak Aman,Jalan Nasional,Rusak,40-60,Simpang 4,Laki-laki,17-25,Ya,umum,tunggal,penumpang,ya,UU 33/1964,meninggal,13810000000
3/30/2023,2023,3,Bekasi,486,297,22,45,Cerah,Malam,Truk,Kecepatan Berlebih,Jalan Provinsi,Baik,>60,Lurus,Laki-laki,26-45,Tidak,pribadi,tunggal,pengemudi,tidak,tidak_dijamin,tidak_ada,0
7/13/2024,2024,7,Jakarta Timur,715,431,22,4,Hujan,Dini Hari,Truk,Kecepatan Berlebih,Jalan Kota,Rusak,<40,Simpang Y,Laki-laki,<17,Ya,pribadi,tunggal,pengemudi,tidak,tidak_dijamin,tidak_ada,0
4/22/2022,2022,4,Jakarta Selatan,370,257,23,35,Hujan,Malam,Motor,Kecepatan Berlebih,Jalan Nasional,Berlubang,>60,Tikungan,Laki-laki,>50,Tidak,pribadi,multi_kendaraan,pengemudi,ya,UU 34/1964,meninggal,14700000000
4/23/2021,2021,4,Semarang,200,332,22,38,Hujan,Siang,Truk,Kondisi Jalan,Jalan Kota,Baik,40-60,Lurus,Perempuan,26-45,Tidak,pribadi,multi_kendaraan,pengemudi,ya,UU 34/1964,meninggal,18460000000
12/9/2025,2025,12,Bandung,1076,191,24,7,Hujan,Siang,Mobil,Kelalaian Pengemudi,Jalan Provinsi,Rusak,>60,Simpang T,Perempuan,26-45,Tidak,pribadi,tunggal,pengemudi,tidak,tidak_dijamin,tidak_ada,0
2/9/2021,2021,2,Makassar,200,319,20,12,Hujan,Siang,Mobil,Pelanggaran Lalu Lintas,Jalan Provinsi,Baik,<40,Simpang 4,Laki-laki,>50,Tidak,pribadi,multi_kendaraan,pengemudi,ya,UU 34/1964,meninggal,17190000000
8/12/2021,2021,8,Jakarta Timur,287,378,27,16,Hujan,Malam,Motor,Kondisi Jalan,Jalan Nasional,Baik,<40,Simpang T,Perempuan,>50,Tidak,pribadi,tunggal,pengemudi,tidak,tidak_dijamin,tidak_ada,0
2/26/2022,2022,2,Medan,399,246,23,21,Cerah,Siang,Truk,Rem Blong,Jalan Kota,Berlubang,40-60,Simpang Y,Perempuan,17-25,Ya,pribadi,tunggal,pengemudi,tidak,tidak_dijamin,tidak_ada,0
6/4/2021,2021,6,Bandung,487,283,29,16,Cerah,Dini Hari,Mobil,Rem Blong,Jalan Provinsi,Berlubang,40-60,Lurus,Perempuan,26-45,Tidak,pribadi,tunggal,pengemudi,tidak,tidak_dijamin,tidak_ada,0
7/25/2024,2024,7,Medan,593,352,24,14,Hujan,Malam,Mobil,Kelalaian Pengemudi,Jalan Kota,Rusak,40-60,Tikungan,Perempuan,26-45,Tidak,pribadi,multi_kendaraan,pengemudi,ya,UU 34/1964,meninggal,19080000000
6/14/2025,2025,6,Yogyakarta,950,499,22,15,Cerah,Dini Hari,Truk,Kecepatan Berlebih,Jalan Provinsi,Rusak,<40,Simpang Y,Laki-laki,17-25,Ya,pribadi,multi_kendaraan,pengemudi,ya,UU 34/1964,meninggal,26350000000
4/25/2021,2021,4,Surabaya,302,397,29,40,Cerah,Malam,Bus,Kurang Jarak Aman,Jalan Kota,Baik,>60,Tikungan,Laki-laki,>50,Tidak,umum,tunggal,penumpang,ya,UU 33/1964,meninggal,22100000000
8/28/2025,2025,8,Surabaya,806,479,25,11,Cerah,Siang,Truk,Kondisi Jalan,Jalan Kota,Rusak,40-60,Simpang 4,Perempuan,>50,Tidak,pribadi,multi_kendaraan,pengemudi,ya,UU 34/1964,meninggal,25420000000
12/18/2023,2023,12,Bandung,883,265,27,7,Hujan,Dini Hari,Motor,Kelalaian Pengemudi,Jalan Kota,Rusak,40-60,Simpang 4,Laki-laki,>50,Tidak,pribadi,multi_kendaraan,pengemudi,ya,UU 34/1964,meninggal,14740000000
4/8/2025,2025,4,Bekasi,769,428,27,39,Hujan,Dini Hari,Motor,Kecepatan Berlebih,Jalan Nasional,Rusak,<40,Simpang T,Laki-laki,17-25,Tidak,pribadi,multi_kendaraan,pengemudi,ya,UU 34/1964,meninggal,23530000000
5/6/2024,2024,5,Bandung,678,139,23,71,Hujan,Siang,Mobil,Pelanggaran Lalu Lintas,Jalan Kota,Rusak,>60,Simpang Y,Laki-laki,<17,Tidak,pribadi,tunggal,pengemudi,tidak,tidak_dijamin,tidak_ada,0
11/15/2021,2021,11,Makassar,293,165,26,32,Hujan,Dini Hari,Motor,Kecepatan Berlebih,Jalan Nasional,Rusak,<40,Simpang Y,Perempuan,>50,Tidak,pribadi,tunggal,pengemudi,tidak,tidak_dijamin,tidak_ada,0
12/31/2025,2025,12,Yogyakarta,1118,277,21,4,Cerah,Malam,Motor,Kurang Jarak Aman,Jalan Nasional,Rusak,>60,Simpang Y,Perempuan,17-25,Tidak,pribadi,multi_kendaraan,pengemudi,ya,UU 34/1964,meninggal,14980000000
9/25/2022,2022,9,Palembang,520,301,22,26,Hujan,Siang,Truk,Kecepatan Berlebih,Jalan Kota,Berlubang,40-60,Simpang 4,Perempuan,>50,Tidak,pribadi,multi_kendaraan,pengemudi,ya,UU 34/1964,meninggal,16670000000
4/22/2021,2021,4,Bandung,275,107,23,14,Cerah,Siang,Bus,Pelanggaran Lalu Lintas,Jalan Kota,Berlubang,40-60,Simpang T,Laki-laki,26-45,Tidak,umum,multi_kendaraan,penumpang,ya,UU 33/1964,meninggal,6780000000
10/1/2024,2024,10,Makassar,767,245,24,6,Hujan,Pagi,Motor,Kurang Jarak Aman,Jalan Nasional,Rusak,<40,Lurus,Perempuan,26-45,Tidak,pribadi,tunggal,pengemudi,tidak,tidak_dijamin,tidak_ada,0
9/4/2023,2023,9,Palembang,633,409,24,19,Hujan,Pagi,Mobil,Kondisi Jalan,Jalan Kota,Baik,>60,Tikungan,Laki-laki,17-25,Tidak,pribadi,multi_kendaraan,pengemudi,ya,UU 34/1964,meninggal,22030000000
12/1/2021,2021,12,Palembang,551,219,30,27,Hujan,Dini Hari,Mobil,Kelalaian Pengemudi,Jalan Provinsi,Rusak,>60,Lurus,Laki-laki,26-45,Tidak,pribadi,multi_kendaraan,pengemudi,ya,UU 34/1964,meninggal,12990000000
4/24/2025,2025,4,Semarang,732,140,23,10,Hujan,Siang,Mobil,Kelalaian Pengemudi,Jalan Nasional,Baik,40-60,Simpang Y,Perempuan,26-45,Ya,pribadi,tunggal,pengemudi,tidak,tidak_dijamin,tidak_ada,0
7/24/2025,2025,7,Makassar,856,188,23,18,Cerah,Pagi,Bus,Pelanggaran Lalu Lintas,Jalan Provinsi,Rusak,40-60,Lurus,Laki-laki,26-45,Ya,umum,tunggal,penumpang,ya,UU 33/1964,meninggal,10910000000
12/7/2023,2023,12,Medan,933,354,26,40,Cerah,Malam,Mobil,Rem Blong,Jalan Kota,Baik,<40,Simpang T,Laki-laki,17-25,Tidak,pribadi,tunggal,pengemudi,tidak,tidak_dijamin,tidak_ada,0
9/5/2024,2024,9,Makassar,697,197,25,4,Hujan,Dini Hari,Truk,Kondisi Jalan,Jalan Kota,Berlubang,40-60,Tikungan,Laki-laki,>50,Ya,pribadi,tunggal,pengemudi,tidak,tidak_dijamin,tidak_ada,0
2/13/2023,2023,2,Jakarta Selatan,525,378,24,25,Cerah,Dini Hari,Mobil,Kurang Jarak Aman,Jalan Provinsi,Baik,40-60,Lurus,Laki-laki,17-25,Tidak,pribadi,multi_kendaraan,pengemudi,ya,UU 34/1964,meninggal,20600000000
1/24/2024,2024,1,Bandung,607,185,22,18,Hujan,Siang,Mobil,Kecepatan Berlebih,Jalan Nasional,Baik,>60,Lurus,Laki-laki,17-25,Ya,pribadi,multi_kendaraan,pengemudi,ya,UU 34/1964,meninggal,10710000000
5/24/2023,2023,5,Jakarta Timur,500,227,21,1,Cerah,Pagi,Truk,Kelalaian Pengemudi,Jalan Kota,Berlubang,<40,Simpang 4,Laki-laki,17-25,Tidak,pribadi,tunggal,pengemudi,tidak,tidak_dijamin,tidak_ada,0
3/20/2021,2021,3,Semarang,290,220,24,20,Hujan,Siang,Mobil,Pelanggaran Lalu Lintas,Jalan Nasional,Berlubang,>60,Simpang Y,Perempuan,17-25,Ya,pribadi,tunggal,pengemudi,tidak,tidak_dijamin,tidak_ada,0
11/10/2025,2025,11,Yogyakarta,920,340,26,15,Cerah,Dini Hari,Mobil,Kurang Jarak Aman,Jalan Nasional,Rusak,>60,Simpang T,Laki-laki,>50,Tidak,pribadi,tunggal,pengemudi,tidak,tidak_dijamin,tidak_ada,0
6/22/2025,2025,6,Bandung,1051,218,25,22,Cerah,Siang,Mobil,Kondisi Jalan,Jalan Kota,Rusak,>60,Simpang Y,Laki-laki,<17,Ya,pribadi,tunggal,pengemudi,tidak,tidak_dijamin,tidak_ada,0
8/3/2023,2023,8,Semarang,610,166,23,9,Cerah,Dini Hari,Truk,Pelanggaran Lalu Lintas,Jalan Nasional,Rusak,40-60,Lurus,Perempuan,<17,Ya,pribadi,multi_kendaraan,pengemudi,ya,UU 34/1964,meninggal,9630000000
10/26/2023,2023,10,Yogyakarta,601,203,30,23,Hujan,Pagi,Mobil,Pelanggaran Lalu Lintas,Jalan Nasional,Rusak,>60,Lurus,Laki-laki,>50,Ya,pribadi,multi_kendaraan,pengemudi,ya,UU 34/1964,meninggal,12110000000
9/20/2021,2021,9,Medan,312,368,21,1,Hujan,Malam,Truk,Kondisi Jalan,Jalan Kota,Rusak,>60,Simpang Y,Perempuan,<17,Ya,pribadi,tunggal,pengemudi,tidak,tidak_dijamin,tidak_ada,0
7/19/2025,2025,7,Surabaya,836,106,28,48,Cerah,Pagi,Truk,Kondisi Jalan,Jalan Nasional,Baik,>60,Lurus,Perempuan,26-45,Tidak,pribadi,multi_kendaraan,pengemudi,ya,UU 34/1964,meninggal,7660000000
12/15/2023,2023,12,Palembang,784,220,25,12,Hujan,Pagi,Bus,Kelalaian Pengemudi,Jalan Kota,Rusak,<40,Simpang T,Laki-laki,<17,Tidak,umum,tunggal,penumpang,ya,UU 33/1964,meninggal,12490000000
7/6/2023,2023,7,Surabaya,577,430,20,7,Cerah,Malam,Motor,Pelanggaran Lalu Lintas,Jalan Kota,Baik,<40,Simpang Y,Laki-laki,17-25,Ya,pribadi,tunggal,pengemudi,tidak,tidak_dijamin,tidak_ada,0
12/12/2024,2024,12,Surabaya,898,246,25,21,Hujan,Siang,Truk,Kondisi Jalan,Jalan Provinsi,Berlubang,<40,Simpang Y,Laki-laki,26-45,Ya,pribadi,tunggal,pengemudi,tidak,tidak_dijamin,tidak_ada,0
8/5/2024,2024,8,Medan,709,147,30,40,Hujan,Dini Hari,Truk,Kondisi Jalan,Jalan Nasional,Berlubang,<40,Lurus,Perempuan,>50,Ya,pribadi,multi_kendaraan,pengemudi,ya,UU 34/1964,meninggal,9650000000
6/29/2025,2025,6,Bekasi,1068,184,21,14,Hujan,Pagi,Motor,Rem Blong,Jalan Provinsi,Berlubang,40-60,Simpang 4,Laki-laki,17-25,Tidak,pribadi,multi_kendaraan,pengemudi,ya,UU 34/1964,meninggal,10530000000
12/27/2021,2021,12,Surabaya,712,253,29,23,Cerah,Siang,Truk,Rem Blong,Jalan Nasional,Rusak,<40,Simpang Y,Laki-laki,26-45,Tidak,pribadi,multi_kendaraan,pengemudi,ya,UU 34/1964,meninggal,14560000000
9/18/2023,2023,9,Makassar,527,494,30,12,Cerah,Malam,Motor,Kelalaian Pengemudi,Jalan Nasional,Berlubang,<40,Simpang Y,Laki-laki,17-25,Tidak,pribadi,multi_kendaraan,pengemudi,ya,UU 34/1964,meninggal,26440000000
11/15/2024,2024,11,Jakarta Selatan,777,483,20,12,Hujan,Siang,Mobil,Kondisi Jalan,Jalan Nasional,Berlubang,>60,Tikungan,Laki-laki,17-25,Ya,pribadi,multi_kendaraan,pengemudi,ya,UU 34/1964,meninggal,25390000000
12/12/2023,2023,12,Makassar,727,386,21,32,Cerah,Dini Hari,Motor,Kondisi Jalan,Jalan Provinsi,Rusak,<40,Simpang T,Perempuan,<17,Ya,pribadi,multi_kendaraan,pengemudi,ya,UU 34/1964,meninggal,20990000000
5/24/2024,2024,5,Bekasi,590,462,25,17,Hujan,Dini Hari,Motor,Kelalaian Pengemudi,Jalan Nasional,Rusak,>60,Tikungan,Laki-laki,>50,Ya,pribadi,multi_kendaraan,pengemudi,ya,UU 34/1964,meninggal,24690000000
3/11/2023,2023,3,Bekasi,482,228,28,36,Cerah,Dini Hari,Motor,Kecepatan Berlebih,Jalan Provinsi,Rusak,40-60,Tikungan,Perempuan,17-25,Tidak,pribadi,multi_kendaraan,pengemudi,ya,UU 34/1964,meninggal,13520000000
6/2/2023,2023,6,Makassar,683,487,20,4,Cerah,Pagi,Bus,Rem Blong,Jalan Kota,Rusak,<40,Simpang Y,Laki-laki,>50,Tidak,umum,multi_kendaraan,penumpang,ya,UU 33/1964,meninggal,25430000000
5/13/2021,2021,5,Yogyakarta,209,192,20,36,Cerah,Siang,Truk,Kondisi Jalan,Jalan Nasional,Berlubang,<40,Simpang T,Laki-laki,>50,Ya,pribadi,multi_kendaraan,pengemudi,ya,UU 34/1964,meninggal,11320000000
9/18/2023,2023,9,Yogyakarta,504,490,29,39,Cerah,Siang,Mobil,Kondisi Jalan,Jalan Nasional,Berlubang,40-60,Tikungan,Laki-laki,26-45,Ya,pribadi,multi_kendaraan,pengemudi,ya,UU 34/1964,meninggal,26730000000
5/5/2024,2024,5,Bandung,598,287,25,71,Hujan,Siang,Mobil,Pelanggaran Lalu Lintas,Jalan Kota,Rusak,40-60,Simpang Y,Perempuan,26-45,Tidak,pribadi,tunggal,pengemudi,tidak,tidak_dijamin,tidak_ada,0
8/31/2024,2024,8,Makassar,615,223,27,14,Hujan,Pagi,Motor,Kecepatan Berlebih,Jalan Nasional,Rusak,<40,Simpang 4,Laki-laki,<17,Ya,pribadi,multi_kendaraan,pengemudi,ya,UU 34/1964,meninggal,12780000000
12/6/2021,2021,12,Bandung,486,149,29,15,Cerah,Pagi,Mobil,Kondisi Jalan,Jalan Provinsi,Berlubang,<40,Simpang T,Laki-laki,>50,Tidak,pribadi,multi_kendaraan,pengemudi,ya,UU 34/1964,meninggal,9200000000
7/29/2022,2022,7,Surabaya,499,124,23,32,Cerah,Pagi,Truk,Kurang Jarak Aman,Jalan Nasional,Baik,>60,Tikungan,Perempuan,26-45,Ya,pribadi,multi_kendaraan,pengemudi,ya,UU 34/1964,meninggal,7990000000
4/9/2022,2022,4,Palembang,387,243,27,0,Hujan,Siang,Truk,Kondisi Jalan,Jalan Provinsi,Berlubang,<40,Lurus,Laki-laki,<17,Tidak,pribadi,tunggal,pengemudi,tidak,tidak_dijamin,tidak_ada,0
2/6/2024,2024,2,Semarang,595,447,21,24,Cerah,Pagi,Motor,Kelalaian Pengemudi,Jalan Kota,Rusak,>60,Simpang T,Perempuan,17-25,Tidak,pribadi,multi_kendaraan,pengemudi,ya,UU 34/1964,meninggal,23880000000
6/2/2025,2025,6,Jakarta Barat,954,321,24,29,Cerah,Pagi,Bus,Kondisi Jalan,Jalan Nasional,Berlubang,>60,Tikungan,Laki-laki,17-25,Ya,umum,multi_kendaraan,penumpang,ya,UU 33/1964,meninggal,17830000000
1/19/2023,2023,1,Jakarta Barat,504,171,23,2,Cerah,Dini Hari,Motor,Pelanggaran Lalu Lintas,Jalan Provinsi,Baik,>60,Simpang Y,Perempuan,<17,Ya,pribadi,multi_kendaraan,pengemudi,ya,UU 34/1964,meninggal,9740000000
7/10/2024,2024,7,Jakarta Barat,726,466,23,54,Hujan,Malam,Bus,Kondisi Jalan,Jalan Nasional,Berlubang,>60,Lurus,Perempuan,<17,Ya,umum,multi_kendaraan,penumpang,ya,UU 33/1964,meninggal,25530000000
9/22/2021,2021,9,Jakarta Barat,337,430,30,52,Hujan,Siang,Motor,Kurang Jarak Aman,Jalan Kota,Baik,40-60,Simpang 4,Laki-laki,17-25,Ya,pribadi,multi_kendaraan,pengemudi,ya,UU 34/1964,meninggal,24040000000
9/23/2025,2025,9,Jakarta Barat,832,338,21,17,Hujan,Pagi,Mobil,Kondisi Jalan,Jalan Kota,Baik,<40,Simpang T,Laki-laki,<17,Tidak,pribadi,multi_kendaraan,pengemudi,ya,UU 34/1964,meninggal,18290000000
10/29/2022,2022,10,Jakarta Barat,419,119,27,20,Hujan,Pagi,Truk,Kelalaian Pengemudi,Jalan Provinsi,Baik,>60,Lurus,Perempuan,17-25,Tidak,pribadi,multi_kendaraan,pengemudi,ya,UU 34/1964,meninggal,7700000000
8/1/2025,2025,8,Jakarta Barat,820,106,26,24,Cerah,Siang,Mobil,Kurang Jarak Aman,Jalan Provinsi,Baik,>60,Simpang Y,Laki-laki,>50,Ya,pribadi,tunggal,pengemudi,tidak,tidak_dijamin,tidak_ada,0
2/5/2024,2024,2,Jakarta Barat,599,127,29,17,Hujan,Malam,Bus,Kurang Jarak Aman,Jalan Kota,Rusak,40-60,Lurus,Perempuan,<17,Tidak,umum,tunggal,penumpang,ya,UU 33/1964,meninggal,8140000000
10/25/2025,2025,10,Palembang,773,374,25,21,Hujan,Malam,Truk,Pelanggaran Lalu Lintas,Jalan Nasional,Berlubang,40-60,Simpang T,Laki-laki,17-25,Ya,pribadi,multi_kendaraan,pengemudi,ya,UU 34/1964,meninggal,20370000000
7/11/2023,2023,7,Medan,600,451,21,28,Hujan,Pagi,Motor,Kondisi Jalan,Jalan Kota,Baik,40-60,Tikungan,Laki-laki,<17,Tidak,pribadi,multi_kendaraan,pengemudi,ya,UU 34/1964,meninggal,24160000000
5/5/2025,2025,5,Surabaya,771,466,29,13,Cerah,Dini Hari,Mobil,Kelalaian Pengemudi,Jalan Nasional,Baik,<40,Tikungan,Perempuan,17-25,Ya,pribadi,tunggal,pengemudi,tidak,tidak_dijamin,tidak_ada,0
6/22/2024,2024,6,Bekasi,920,137,24,3,Hujan,Dini Hari,Motor,Kondisi Jalan,Jalan Kota,Rusak,>60,Simpang 4,Laki-laki,<17,Tidak,pribadi,multi_kendaraan,pengemudi,ya,UU 34/1964,meninggal,8110000000
9/28/2022,2022,9,Makassar,493,255,28,28,Hujan,Siang,Mobil,Kecepatan Berlebih,Jalan Kota,Berlubang,>60,Simpang 4,Perempuan,>50,Tidak,pribadi,multi_kendaraan,pengemudi,ya,UU 34/1964,meninggal,14710000000
8/24/2021,2021,8,Bandung,286,410,26,12,Cerah,Pagi,Bus,Kondisi Jalan,Jalan Provinsi,Berlubang,40-60,Simpang T,Laki-laki,17-25,Tidak,umum,multi_kendaraan,penumpang,ya,UU 33/1964,meninggal,22040000000
5/13/2024,2024,5,Bekasi,633,402,21,9,Cerah,Dini Hari,Truk,Kelalaian Pengemudi,Jalan Nasional,Rusak,>60,Simpang 4,Laki-laki,17-25,Tidak,pribadi,multi_kendaraan,pengemudi,ya,UU 34/1964,meninggal,21330000000
3/6/2024,2024,3,Semarang,645,188,22,5,Hujan,Pagi,Motor,Pelanggaran Lalu Lintas,Jalan Nasional,Berlubang,<40,Tikungan,Laki-laki,>50,Ya,pribadi,tunggal,pengemudi,tidak,tidak_dijamin,tidak_ada,0
11/8/2025,2025,11,Jakarta Timur,887,151,29,6,Hujan,Dini Hari,Bus,Kelalaian Pengemudi,Jalan Provinsi,Baik,40-60,Simpang T,Perempuan,<17,Tidak,umum,tunggal,penumpang,ya,UU 33/1964,meninggal,9120000000
7/7/2023,2023,7,Makassar,471,233,30,59,Cerah,Pagi,Mobil,Kondisi Jalan,Jalan Kota,Baik,<40,Simpang Y,Laki-laki,<17,Ya,pribadi,tunggal,pengemudi,tidak,tidak_dijamin,tidak_ada,0
12/5/2021,2021,12,Bandung,655,320,22,19,Cerah,Malam,Bus,Kelalaian Pengemudi,Jalan Kota,Berlubang,<40,Simpang 4,Laki-laki,17-25,Ya,umum,multi_kendaraan,penumpang,ya,UU 33/1964,meninggal,17480000000
11/29/2021,2021,11,Surabaya,436,189,29,15,Cerah,Pagi,Motor,Kurang Jarak Aman,Jalan Nasional,Berlubang,40-60,Simpang T,Perempuan,>50,Ya,pribadi,multi_kendaraan,pengemudi,ya,UU 34/1964,meninggal,11200000000
7/1/2023,2023,7,Jakarta Timur,524,152,24,11,Cerah,Siang,Mobil,Rem Blong,Jalan Provinsi,Rusak,40-60,Tikungan,Laki-laki,<17,Tidak,pribadi,multi_kendaraan,pengemudi,ya,UU 34/1964,meninggal,9020000000
3/16/2023,2023,3,Surabaya,550,127,20,3,Cerah,Pagi,Motor,Kurang Jarak Aman,Jalan Nasional,Baik,<40,Simpang 4,Perempuan,26-45,Ya,pribadi,multi_kendaraan,pengemudi,ya,UU 34/1964,meninggal,7410000000
3/3/2023,2023,3,Surabaya,470,162,29,13,Cerah,Pagi,Mobil,Rem Blong,Jalan Provinsi,Berlubang,<40,Lurus,Laki-laki,>50,Ya,pribadi,multi_kendaraan,pengemudi,ya,UU 34/1964,meninggal,9810000000
2/7/2021,2021,2,Yogyakarta,184,442,30,3,Cerah,Dini Hari,Motor,Kecepatan Berlebih,Jalan Kota,Rusak,40-60,Lurus,Perempuan,<17,Tidak,pribadi,tunggal,pengemudi,tidak,tidak_dijamin,tidak_ada,0
5/11/2021,2021,5,Semarang,217,482,20,21,Hujan,Pagi,Mobil,Kondisi Jalan,Jalan Kota,Baik,<40,Lurus,Laki-laki,26-45,Ya,pribadi,tunggal,pengemudi,tidak,tidak_dijamin,tidak_ada,0
11/30/2025,2025,11,Jakarta Selatan,822,184,29,6,Cerah,Malam,Truk,Kurang Jarak Aman,Jalan Kota,Baik,>60,Lurus,Laki-laki,17-25,Tidak,pribadi,multi_kendaraan,pengemudi,ya,UU 34/1964,meninggal,10770000000
11/13/2024,2024,11,Medan,684,189,23,15,Cerah,Pagi,Bus,Kondisi Jalan,Jalan Provinsi,Berlubang,>60,Simpang 4,Laki-laki,>50,Ya,umum,tunggal,penumpang,ya,UU 33/1964,meninggal,10900000000
4/16/2023,2023,4,Surabaya,573,103,24,14,Cerah,Dini Hari,Bus,Rem Blong,Jalan Kota,Baik,40-60,Simpang Y,Perempuan,<17,Tidak,umum,tunggal,penumpang,ya,UU 33/1964,meninggal,6630000000
2/18/2021,2021,2,Yogyakarta,159,239,29,29,Hujan,Dini Hari,Bus,Kurang Jarak Aman,Jalan Provinsi,Baik,>60,Simpang Y,Laki-laki,17-25,Tidak,umum,multi_kendaraan,penumpang,ya,UU 33/1964,meninggal,13980000000
5/23/2024,2024,5,Bekasi,566,164,20,55,Cerah,Malam,Truk,Kecepatan Berlebih,Jalan Kota,Baik,>60,Simpang T,Perempuan,>50,Tidak,pribadi,multi_kendaraan,pengemudi,ya,UU 34/1964,meninggal,10300000000
11/26/2023,2023,11,Surabaya,573,209,25,5,Hujan,Pagi,Bus,Kurang Jarak Aman,Jalan Nasional,Rusak,40-60,Tikungan,Laki-laki,>50,Ya,umum,multi_kendaraan,penumpang,ya,UU 33/1964,meninggal,11800000000
7/5/2025,2025,7,Jakarta Timur,828,438,27,20,Cerah,Siang,Bus,Kurang Jarak Aman,Jalan Nasional,Berlubang,>60,Tikungan,Perempuan,>50,Tidak,umum,multi_kendaraan,penumpang,ya,UU 33/1964,meninggal,23650000000
12/27/2023,2023,12,Jakarta Selatan,851,345,29,31,Cerah,Pagi,Truk,Kelalaian Pengemudi,Jalan Kota,Rusak,>60,Simpang Y,Perempuan,17-25,Tidak,pribadi,multi_kendaraan,pengemudi,ya,UU 34/1964,meninggal,19320000000
4/19/2022,2022,4,Medan,306,121,28,21,Hujan,Dini Hari,Motor,Kecepatan Berlebih,Jalan Provinsi,Berlubang,40-60,Simpang T,Laki-laki,>50,Ya,pribadi,tunggal,pengemudi,tidak,tidak_dijamin,tidak_ada,0
6/13/2021,2021,6,Makassar,609,145,21,60,Hujan,Malam,Motor,Kelalaian Pengemudi,Jalan Nasional,Baik,>60,Simpang T,Laki-laki,<17,Tidak,pribadi,multi_kendaraan,pengemudi,ya,UU 34/1964,meninggal,9500000000
5/22/2025,2025,5,Semarang,721,335,30,21,Cerah,Siang,Motor,Kelalaian Pengemudi,Jalan Kota,Baik,40-60,Simpang Y,Perempuan,17-25,Tidak,pribadi,multi_kendaraan,pengemudi,ya,UU 34/1964,meninggal,18670000000
11/28/2025,2025,11,Palembang,771,458,29,35,Cerah,Pagi,Mobil,Pelanggaran Lalu Lintas,Jalan Nasional,Rusak,<40,Simpang T,Perempuan,>50,Ya,pribadi,multi_kendaraan,pengemudi,ya,UU 34/1964,meninggal,25050000000
6/21/2022,2022,6,Bandung,570,112,21,66,Hujan,Pagi,Mobil,Kurang Jarak Aman,Jalan Provinsi,Rusak,40-60,Simpang 4,Perempuan,<17,Ya,pribadi,multi_kendaraan,pengemudi,ya,UU 34/1964,meninggal,7970000000
8/7/2023,2023,8,Jakarta Timur,541,384,21,47,Hujan,Dini Hari,Motor,Pelanggaran Lalu Lintas,Jalan Nasional,Baik,<40,Simpang 4,Perempuan,>50,Tidak,pribadi,tunggal,pengemudi,tidak,tidak_dijamin,tidak_ada,0
3/1/2021,2021,3,Medan,242,115,20,11,Hujan,Pagi,Bus,Kurang Jarak Aman,Jalan Provinsi,Baik,<40,Simpang 4,Perempuan,17-25,Tidak,umum,tunggal,penumpang,ya,UU 33/1964,meninggal,6970000000
6/20/2023,2023,6,Bekasi,802,345,22,35,Hujan,Dini Hari,Bus,Kecepatan Berlebih,Jalan Nasional,Baik,40-60,Simpang Y,Perempuan,17-25,Ya,umum,multi_kendaraan,penumpang,ya,UU 33/1964,meninggal,19050000000
5/14/2025,2025,5,Jakarta Timur,833,313,22,7,Hujan,Siang,Mobil,Kelalaian Pengemudi,Jalan Nasional,Berlubang,<40,Simpang 4,Laki-laki,<17,Tidak,pribadi,multi_kendaraan,pengemudi,ya,UU 34/1964,meninggal,16890000000
8/15/2021,2021,8,Jakarta Timur,316,403,23,6,Cerah,Siang,Bus,Kurang Jarak Aman,Jalan Kota,Berlubang,>60,Simpang 4,Laki-laki,>50,Tidak,umum,multi_kendaraan,penumpang,ya,UU 33/1964,meninggal,21420000000
12/12/2022,2022,12,Yogyakarta,741,132,25,6,Hujan,Malam,Bus,Kondisi Jalan,Jalan Nasional,Rusak,40-60,Simpang T,Perempuan,17-25,Tidak,umum,multi_kendaraan,penumpang,ya,UU 33/1964,meninggal,7970000000
3/1/2022,2022,3,Yogyakarta,368,297,27,35,Cerah,Pagi,Mobil,Pelanggaran Lalu Lintas,Jalan Nasional,Berlubang,40-60,Lurus,Laki-laki,17-25,Ya,pribadi,multi_kendaraan,pengemudi,ya,UU 34/1964,meninggal,16900000000
5/29/2023,2023,5,Jakarta Selatan,520,163,27,10,Cerah,Dini Hari,Truk,Kelalaian Pengemudi,Jalan Nasional,Berlubang,40-60,Lurus,Laki-laki,>50,Ya,pribadi,multi_kendaraan,pengemudi,ya,UU 34/1964,meninggal,9700000000
12/15/2023,2023,12,Jakarta Selatan,895,484,30,31,Cerah,Pagi,Truk,Kelalaian Pengemudi,Jalan Kota,Rusak,40-60,Tikungan,Perempuan,17-25,Ya,pribadi,multi_kendaraan,pengemudi,ya,UU 34/1964,meninggal,26320000000
2/15/2023,2023,2,Makassar,489,244,29,25,Cerah,Malam,Motor,Kecepatan Berlebih,Jalan Kota,Berlubang,>60,Simpang Y,Laki-laki,17-25,Ya,pribadi,multi_kendaraan,pengemudi,ya,UU 34/1964,meninggal,14150000000
9/13/2022,2022,9,Makassar,410,223,20,8,Cerah,Malam,Bus,Rem Blong,Jalan Nasional,Baik,<40,Lurus,Perempuan,>50,Tidak,umum,multi_kendaraan,penumpang,ya,UU 33/1964,meninggal,12310000000
11/23/2022,2022,11,Jakarta Timur,558,460,30,46,Hujan,Dini Hari,Bus,Kondisi Jalan,Jalan Kota,Baik,>60,Simpang Y,Laki-laki,>50,Ya,umum,multi_kendaraan,penumpang,ya,UU 33/1964,meninggal,25420000000
8/6/2021,2021,8,Jakarta Timur,262,276,24,16,Hujan,Malam,Motor,Kondisi Jalan,Jalan Nasional,Baik,>60,Tikungan,Laki-laki,17-25,Tidak,pribadi,multi_kendaraan,pengemudi,ya,UU 34/1964,meninggal,15320000000
12/21/2021,2021,12,Surabaya,638,306,28,26,Cerah,Pagi,Motor,Rem Blong,Jalan Provinsi,Rusak,<40,Simpang 4,Perempuan,>50,Ya,pribadi,multi_kendaraan,pengemudi,ya,UU 34/1964,meninggal,17220000000
9/9/2025,2025,9,Medan,772,449,25,18,Hujan,Dini Hari,Motor,Pelanggaran Lalu Lintas,Jalan Nasional,Berlubang,<40,Lurus,Laki-laki,<17,Tidak,pribadi,multi_kendaraan,pengemudi,ya,UU 34/1964,meninggal,24060000000
3/1/2025,2025,3,Jakarta Selatan,676,423,22,12,Hujan,Dini Hari,Motor,Rem Blong,Jalan Nasional,Berlubang,<40,Simpang T,Perempuan,17-25,Ya,pribadi,tunggal,pengemudi,tidak,tidak_dijamin,tidak_ada,0
9/25/2021,2021,9,Bandung,257,334,28,29,Hujan,Dini Hari,Mobil,Kondisi Jalan,Jalan Provinsi,Baik,40-60,Simpang 4,Laki-laki,>50,Ya,pribadi,tunggal,pengemudi,tidak,tidak_dijamin,tidak_ada,0
6/7/2022,2022,6,Bandung,648,444,20,68,Cerah,Siang,Bus,Kecepatan Berlebih,Jalan Provinsi,Berlubang,>60,Simpang 4,Perempuan,>50,Tidak,umum,multi_kendaraan,penumpang,ya,UU 33/1964,meninggal,24560000000
9/6/2021,2021,9,Surabaya,341,328,28,12,Cerah,Malam,Mobil,Kurang Jarak Aman,Jalan Nasional,Rusak,40-60,Simpang 4,Laki-laki,17-25,Ya,pribadi,multi_kendaraan,pengemudi,ya,UU 34/1964,meninggal,18040000000
8/1/2022,2022,8,Jakarta Selatan,402,497,21,45,Hujan,Pagi,Bus,Kelalaian Pengemudi,Jalan Kota,Berlubang,40-60,Simpang Y,Laki-laki,26-45,Tidak,umum,multi_kendaraan,penumpang,ya,UU 33/1964,meninggal,26800000000
4/18/2025,2025,4,Bandung,798,381,26,9,Hujan,Dini Hari,Bus,Kecepatan Berlebih,Jalan Nasional,Rusak,<40,Lurus,Laki-laki,>50,Tidak,umum,multi_kendaraan,penumpang,ya,UU 33/1964,meninggal,20530000000
7/26/2023,2023,7,Makassar,621,429,20,14,Cerah,Malam,Motor,Kondisi Jalan,Jalan Nasional,Baik,40-60,Simpang T,Laki-laki,<17,Tidak,pribadi,multi_kendaraan,pengemudi,ya,UU 34/1964,meninggal,22730000000
3/4/2024,2024,3,Bandung,652,373,28,39,Hujan,Pagi,Mobil,Kelalaian Pengemudi,Jalan Nasional,Baik,<40,Simpang Y,Laki-laki,17-25,Ya,pribadi,tunggal,pengemudi,tidak,tidak_dijamin,tidak_ada,0
6/29/2024,2024,6,Palembang,852,369,28,34,Cerah,Siang,Motor,Pelanggaran Lalu Lintas,Jalan Nasional,Berlubang,>60,Lurus,Laki-laki,>50,Tidak,pribadi,multi_kendaraan,pengemudi,ya,UU 34/1964,meninggal,20530000000
11/29/2021,2021,11,Jakarta Selatan,332,330,24,9,Cerah,Siang,Mobil,Kurang Jarak Aman,Jalan Nasional,Berlubang,<40,Simpang T,Laki-laki,<17,Ya,pribadi,multi_kendaraan,pengemudi,ya,UU 34/1964,meninggal,17880000000
10/23/2024,2024,10,Surabaya,665,402,26,45,Cerah,Siang,Truk,Rem Blong,Jalan Provinsi,Rusak,<40,Simpang Y,Perempuan,26-45,Ya,pribadi,multi_kendaraan,pengemudi,ya,UU 34/1964,meninggal,22300000000
9/1/2023,2023,9,Makassar,585,177,25,11,Cerah,Malam,Truk,Kecepatan Berlebih,Jalan Nasional,Berlubang,<40,Lurus,Perempuan,26-45,Ya,pribadi,multi_kendaraan,pengemudi,ya,UU 34/1964,meninggal,10320000000
3/9/2024,2024,3,Jakarta Selatan,555,213,26,47,Cerah,Malam,Truk,Pelanggaran Lalu Lintas,Jalan Kota,Baik,>60,Simpang Y,Perempuan,17-25,Ya,pribadi,multi_kendaraan,pengemudi,ya,UU 34/1964,meninggal,12890000000
4/24/2021,2021,4,Makassar,233,456,28,10,Hujan,Malam,Bus,Kecepatan Berlebih,Jalan Provinsi,Rusak,>60,Tikungan,Perempuan,17-25,Ya,umum,tunggal,penumpang,ya,UU 33/1964,meninggal,24400000000
3/23/2022,2022,3,Bekasi,317,454,29,16,Hujan,Siang,Mobil,Kecepatan Berlebih,Jalan Kota,Rusak,40-60,Simpang Y,Laki-laki,17-25,Ya,pribadi,multi_kendaraan,pengemudi,ya,UU 34/1964,meninggal,24470000000
7/1/2024,2024,7,Medan,719,246,28,49,Cerah,Siang,Bus,Rem Blong,Jalan Nasional,Rusak,40-60,Simpang T,Perempuan,17-25,Tidak,umum,tunggal,penumpang,ya,UU 33/1964,meninggal,14680000000
6/15/2025,2025,6,Semarang,998,212,26,9,Cerah,Pagi,Mobil,Kurang Jarak Aman,Jalan Nasional,Berlubang,>60,Lurus,Perempuan,<17,Tidak,pribadi,tunggal,pengemudi,tidak,tidak_dijamin,tidak_ada,0
6/7/2022,2022,6,Bekasi,770,343,28,38,Cerah,Dini Hari,Bus,Pelanggaran Lalu Lintas,Jalan Nasional,Rusak,>60,Simpang Y,Laki-laki,>50,Tidak,umum,multi_kendaraan,penumpang,ya,UU 33/1964,meninggal,19310000000
4/3/2023,2023,4,Yogyakarta,437,259,20,4,Cerah,Dini Hari,Mobil,Rem Blong,Jalan Nasional,Berlubang,>60,Tikungan,Laki-laki,<17,Ya,pribadi,multi_kendaraan,pengemudi,ya,UU 34/1964,meninggal,14030000000
9/11/2021,2021,9,Jakarta Timur,280,105,22,52,Hujan,Siang,Motor,Kurang Jarak Aman,Jalan Kota,Baik,<40,Lurus,Perempuan,17-25,Ya,pribadi,multi_kendaraan,pengemudi,ya,UU 34/1964,meninggal,7390000000
9/13/2025,2025,9,Jakarta Selatan,778,469,30,5,Hujan,Dini Hari,Truk,Rem Blong,Jalan Provinsi,Baik,>60,Simpang Y,Laki-laki,>50,Ya,pribadi,multi_kendaraan,pengemudi,ya,UU 34/1964,meninggal,25050000000
3/10/2022,2022,3,Yogyakarta,340,478,26,35,Cerah,Pagi,Mobil,Pelanggaran Lalu Lintas,Jalan Nasional,Berlubang,40-60,Simpang 4,Perempuan,26-45,Tidak,pribadi,multi_kendaraan,pengemudi,ya,UU 34/1964,meninggal,25900000000
12/12/2021,2021,12,Palembang,627,436,28,10,Hujan,Siang,Mobil,Kecepatan Berlebih,Jalan Nasional,Rusak,<40,Lurus,Laki-laki,<17,Tidak,pribadi,tunggal,pengemudi,tidak,tidak_dijamin,tidak_ada,0
10/19/2021,2021,10,Medan,429,153,21,3,Cerah,Dini Hari,Bus,Kurang Jarak Aman,Jalan Kota,Baik,>60,Tikungan,Laki-laki,17-25,Tidak,umum,multi_kendaraan,penumpang,ya,UU 33/1964,meninggal,8760000000
11/29/2022,2022,11,Jakarta Selatan,428,435,23,46,Cerah,Dini Hari,Motor,Kelalaian Pengemudi,Jalan Provinsi,Rusak,>60,Tikungan,Perempuan,>50,Ya,pribadi,multi_kendaraan,pengemudi,ya,UU 34/1964,meninggal,23820000000
10/25/2025,2025,10,Jakarta Selatan,851,142,25,40,Cerah,Pagi,Truk,Kurang Jarak Aman,Jalan Provinsi,Berlubang,40-60,Simpang T,Perempuan,26-45,Ya,pribadi,tunggal,pengemudi,tidak,tidak_dijamin,tidak_ada,0
1/28/2021,2021,1,Bekasi,154,406,26,14,Hujan,Pagi,Bus,Kurang Jarak Aman,Jalan Nasional,Rusak,>60,Simpang Y,Laki-laki,26-45,Ya,umum,multi_kendaraan,penumpang,ya,UU 33/1964,meninggal,21880000000
12/4/2025,2025,12,Jakarta Selatan,1068,148,21,5,Hujan,Siang,Bus,Kelalaian Pengemudi,Jalan Provinsi,Baik,40-60,Tikungan,Laki-laki,<17,Ya,umum,tunggal,penumpang,ya,UU 33/1964,meninggal,8550000000
11/21/2022,2022,11,Semarang,492,467,30,13,Hujan,Malam,Truk,Kecepatan Berlebih,Jalan Kota,Rusak,<40,Simpang T,Perempuan,26-45,Ya,pribadi,multi_kendaraan,pengemudi,ya,UU 34/1964,meninggal,25110000000
5/17/2024,2024,5,Surabaya,613,499,28,31,Hujan,Pagi,Bus,Kelalaian Pengemudi,Jalan Provinsi,Baik,<40,Lurus,Perempuan,17-25,Tidak,umum,multi_kendaraan,penumpang,ya,UU 33/1964,meninggal,26970000000
11/10/2024,2024,11,Jakarta Timur,697,458,23,46,Hujan,Dini Hari,Bus,Pelanggaran Lalu Lintas,Jalan Provinsi,Berlubang,40-60,Lurus,Laki-laki,17-25,Tidak,umum,tunggal,penumpang,ya,UU 33/1964,meninggal,24970000000
8/2/2022,2022,8,Bekasi,404,284,27,37,Hujan,Pagi,Mobil,Kelalaian Pengemudi,Jalan Nasional,Rusak,>60,Tikungan,Laki-laki,17-25,Ya,pribadi,multi_kendaraan,pengemudi,ya,UU 34/1964,meninggal,16290000000
11/13/2024,2024,11,Palembang,783,422,25,16,Hujan,Malam,Bus,Pelanggaran Lalu Lintas,Jalan Provinsi,Baik,<40,Lurus,Laki-laki,>50,Ya,umum,tunggal,penumpang,ya,UU 33/1964,meninggal,22670000000
4/5/2024,2024,4,Bekasi,641,383,21,21,Hujan,Dini Hari,Mobil,Kelalaian Pengemudi,Jalan Nasional,Baik,>60,Tikungan,Perempuan,<17,Ya,pribadi,tunggal,pengemudi,tidak,tidak_dijamin,tidak_ada,0
9/4/2023,2023,9,Bandung,525,190,20,6,Hujan,Siang,Mobil,Kecepatan Berlebih,Jalan Nasional,Berlubang,>60,Lurus,Perempuan,>50,Tidak,pribadi,tunggal,pengemudi,tidak,tidak_dijamin,tidak_ada,0
8/30/2022,2022,8,Bandung,504,367,28,41,Cerah,Siang,Mobil,Pelanggaran Lalu Lintas,Jalan Provinsi,Rusak,40-60,Simpang Y,Laki-laki,17-25,Ya,pribadi,multi_kendaraan,pengemudi,ya,UU 34/1964,meninggal,20570000000
7/13/2024,2024,7,Medan,696,430,28,14,Hujan,Malam,Mobil,Kelalaian Pengemudi,Jalan Kota,Rusak,40-60,Tikungan,Perempuan,17-25,Tidak,pribadi,multi_kendaraan,pengemudi,ya,UU 34/1964,meninggal,23180000000
11/21/2024,2024,11,Semarang,746,124,30,10,Hujan,Malam,Mobil,Kondisi Jalan,Jalan Provinsi,Berlubang,<40,Simpang Y,Perempuan,26-45,Tidak,pribadi,tunggal,pengemudi,tidak,tidak_dijamin,tidak_ada,0
6/16/2021,2021,6,Bekasi,482,326,30,28,Hujan,Siang,Motor,Rem Blong,Jalan Provinsi,Rusak,40-60,Tikungan,Laki-laki,<17,Tidak,pribadi,tunggal,pengemudi,tidak,tidak_dijamin,tidak_ada,0
4/13/2021,2021,4,Jakarta Timur,283,472,29,5,Cerah,Dini Hari,Bus,Kurang Jarak Aman,Jalan Nasional,Berlubang,>60,Lurus,Laki-laki,<17,Ya,umum,tunggal,penumpang,ya,UU 33/1964,meninggal,25150000000
11/29/2021,2021,11,Palembang,442,456,27,8,Hujan,Siang,Bus,Kondisi Jalan,Jalan Nasional,Baik,40-60,Simpang 4,Perempuan,<17,Ya,umum,multi_kendaraan,penumpang,ya,UU 33/1964,meninggal,24310000000
10/28/2025,2025,10,Palembang,900,154,25,21,Hujan,Malam,Truk,Pelanggaran Lalu Lintas,Jalan Nasional,Berlubang,>60,Tikungan,Laki-laki,>50,Tidak,pribadi,multi_kendaraan,pengemudi,ya,UU 34/1964,meninggal,9370000000
1/18/2022,2022,1,Semarang,372,159,23,44,Cerah,Pagi,Mobil,Kecepatan Berlebih,Jalan Kota,Berlubang,>60,Simpang T,Perempuan,26-45,Ya,pribadi,tunggal,pengemudi,tidak,tidak_dijamin,tidak_ada,0
6/9/2022,2022,6,Palembang,621,424,20,29,Cerah,Pagi,Mobil,Kelalaian Pengemudi,Jalan Provinsi,Rusak,40-60,Simpang Y,Laki-laki,>50,Ya,pribadi,multi_kendaraan,pengemudi,ya,UU 34/1964,meninggal,22780000000
9/28/2022,2022,9,Yogyakarta,407,489,23,38,Hujan,Malam,Bus,Kondisi Jalan,Jalan Nasional,Rusak,>60,Tikungan,Laki-laki,>50,Tidak,umum,tunggal,penumpang,ya,UU 33/1964,meninggal,26360000000
4/2/2021,2021,4,Bekasi,234,481,27,37,Hujan,Pagi,Mobil,Kurang Jarak Aman,Jalan Kota,Rusak,<40,Simpang 4,Perempuan,<17,Ya,pribadi,tunggal,pengemudi,tidak,tidak_dijamin,tidak_ada,0
7/30/2024,2024,7,Bandung,645,410,22,5,Hujan,Dini Hari,Truk,Kondisi Jalan,Jalan Nasional,Berlubang,>60,Simpang Y,Perempuan,26-45,Ya,pribadi,multi_kendaraan,pengemudi,ya,UU 34/1964,meninggal,21700000000
6/11/2022,2022,6,Yogyakarta,511,126,23,37,Hujan,Siang,Mobil,Kondisi Jalan,Jalan Provinsi,Rusak,>60,Tikungan,Laki-laki,>50,Tidak,pribadi,tunggal,pengemudi,tidak,tidak_dijamin,tidak_ada,0
7/4/2025,2025,7,Surabaya,845,418,25,34,Hujan,Siang,Truk,Pelanggaran Lalu Lintas,Jalan Provinsi,Berlubang,<40,Simpang 4,Perempuan,>50,Ya,pribadi,tunggal,pengemudi,tidak,tidak_dijamin,tidak_ada,0
1/11/2024,2024,1,Yogyakarta,591,492,20,3,Cerah,Siang,Bus,Kondisi Jalan,Jalan Kota,Berlubang,>60,Simpang 4,Laki-laki,<17,Ya,umum,multi_kendaraan,penumpang,ya,UU 33/1964,meninggal,25660000000
10/30/2022,2022,10,Surabaya,541,317,23,7,Cerah,Malam,Motor,Rem Blong,Jalan Nasional,Berlubang,<40,Simpang Y,Laki-laki,26-45,Ya,pribadi,tunggal,pengemudi,tidak,tidak_dijamin,tidak_ada,0
3/19/2021,2021,3,Jakarta Timur,230,231,21,15,Hujan,Dini Hari,Truk,Kecepatan Berlebih,Jalan Provinsi,Berlubang,40-60,Simpang Y,Perempuan,26-45,Ya,pribadi,multi_kendaraan,pengemudi,ya,UU 34/1964,meninggal,12900000000
2/18/2024,2024,2,Palembang,651,444,27,32,Cerah,Dini Hari,Mobil,Rem Blong,Jalan Provinsi,Berlubang,<40,Simpang 4,Laki-laki,<17,Ya,pribadi,tunggal,pengemudi,tidak,tidak_dijamin,tidak_ada,0
10/4/2023,2023,10,Jakarta Timur,602,191,26,31,Cerah,Siang,Bus,Rem Blong,Jalan Provinsi,Baik,<40,Simpang Y,Laki-laki,17-25,Tidak,umum,multi_kendaraan,penumpang,ya,UU 33/1964,meninggal,11470000000
9/30/2023,2023,9,Jakarta Selatan,538,438,28,24,Hujan,Malam,Truk,Kurang Jarak Aman,Jalan Kota,Baik,<40,Simpang Y,Laki-laki,>50,Ya,pribadi,tunggal,pengemudi,tidak,tidak_dijamin,tidak_ada,0
12/26/2024,2024,12,Medan,923,161,23,7,Cerah,Dini Hari,Bus,Rem Blong,Jalan Kota,Baik,<40,Simpang Y,Perempuan,26-45,Ya,umum,multi_kendaraan,penumpang,ya,UU 33/1964,meninggal,9340000000
11/24/2021,2021,11,Jakarta Timur,373,387,29,47,Hujan,Dini Hari,Mobil,Pelanggaran Lalu Lintas,Jalan Kota,Berlubang,40-60,Simpang 4,Perempuan,>50,Ya,pribadi,multi_kendaraan,pengemudi,ya,UU 34/1964,meninggal,21740000000
1/13/2023,2023,1,Semarang,514,462,24,17,Cerah,Dini Hari,Truk,Kelalaian Pengemudi,Jalan Provinsi,Rusak,40-60,Simpang T,Laki-laki,26-45,Tidak,pribadi,tunggal,pengemudi,tidak,tidak_dijamin,tidak_ada,0
11/14/2023,2023,11,Yogyakarta,672,191,25,19,Cerah,Pagi,Motor,Kurang Jarak Aman,Jalan Nasional,Rusak,>60,Simpang T,Laki-laki,<17,Ya,pribadi,multi_kendaraan,pengemudi,ya,UU 34/1964,meninggal,11180000000
3/12/2025,2025,3,Jakarta Selatan,659,140,23,45,Hujan,Pagi,Bus,Pelanggaran Lalu Lintas,Jalan Provinsi,Baik,<40,Lurus,Perempuan,17-25,Ya,umum,multi_kendaraan,penumpang,ya,UU 33/1964,meninggal,9050000000
12/15/2021,2021,12,Bandung,611,478,30,27,Hujan,Siang,Truk,Kondisi Jalan,Jalan Nasional,Baik,>60,Simpang Y,Laki-laki,<17,Tidak,pribadi,tunggal,pengemudi,tidak,tidak_dijamin,tidak_ada,0
6/8/2025,2025,6,Jakarta Selatan,951,216,27,42,Cerah,Pagi,Truk,Pelanggaran Lalu Lintas,Jalan Nasional,Berlubang,>60,Simpang T,Perempuan,26-45,Tidak,pribadi,tunggal,pengemudi,tidak,tidak_dijamin,tidak_ada,0
7/23/2023,2023,7,Palembang,467,338,23,7,Hujan,Pagi,Bus,Kurang Jarak Aman,Jalan Kota,Baik,<40,Simpang 4,Laki-laki,>50,Ya,umum,multi_kendaraan,penumpang,ya,UU 33/1964,meninggal,18190000000
8/16/2025,2025,8,Jakarta Timur,823,152,21,42,Cerah,Dini Hari,Mobil,Kelalaian Pengemudi,Jalan Nasional,Berlubang,>60,Simpang 4,Perempuan,>50,Tidak,pribadi,multi_kendaraan,pengemudi,ya,UU 34/1964,meninggal,9490000000
3/15/2021,2021,3,Yogyakarta,177,466,25,2,Hujan,Siang,Bus,Pelanggaran Lalu Lintas,Jalan Nasional,Baik,>60,Tikungan,Laki-laki,17-25,Tidak,umum,multi_kendaraan,penumpang,ya,UU 33/1964,meninggal,24590000000
11/2/2024,2024,11,Bekasi,664,435,22,3,Cerah,Dini Hari,Mobil,Rem Blong,Jalan Nasional,Baik,>60,Simpang T,Laki-laki,26-45,Tidak,pribadi,multi_kendaraan,pengemudi,ya,UU 34/1964,meninggal,22910000000
2/8/2023,2023,2,Palembang,438,492,22,68,Cerah,Pagi,Mobil,Kondisi Jalan,Jalan Nasional,Berlubang,>60,Tikungan,Laki-laki,17-25,Tidak,pribadi,multi_kendaraan,pengemudi,ya,UU 34/1964,meninggal,27060000000
3/4/2022,2022,3,Jakarta Timur,375,453,21,32,Cerah,Dini Hari,Mobil,Pelanggaran Lalu Lintas,Jalan Provinsi,Rusak,>60,Lurus,Laki-laki,<17,Ya,pribadi,tunggal,pengemudi,tidak,tidak_dijamin,tidak_ada,0
10/6/2025,2025,10,Makassar,867,242,20,49,Hujan,Malam,Bus,Kelalaian Pengemudi,Jalan Nasional,Berlubang,>60,Simpang 4,Laki-laki,26-45,Ya,umum,tunggal,penumpang,ya,UU 33/1964,meninggal,14080000000
5/4/2021,2021,5,Bekasi,277,209,26,25,Cerah,Dini Hari,Motor,Kurang Jarak Aman,Jalan Nasional,Rusak,40-60,Simpang Y,Laki-laki,>50,Tidak,pribadi,tunggal,pengemudi,tidak,tidak_dijamin,tidak_ada,0
12/1/2025,2025,12,Jakarta Selatan,1129,282,24,12,Cerah,Dini Hari,Truk,Pelanggaran Lalu Lintas,Jalan Nasional,Rusak,>60,Simpang T,Laki-laki,>50,Ya,pribadi,tunggal,pengemudi,tidak,tidak_dijamin,tidak_ada,0
9/18/2025,2025,9,Medan,873,479,20,11,Cerah,Pagi,Truk,Rem Blong,Jalan Nasional,Berlubang,40-60,Simpang T,Perempuan,17-25,Tidak,pribadi,multi_kendaraan,pengemudi,ya,UU 34/1964,meninggal,25170000000
4/23/2023,2023,4,Semarang,444,464,26,5,Hujan,Siang,Bus,Pelanggaran Lalu Lintas,Jalan Nasional,Baik,>60,Simpang T,Laki-laki,<17,Ya,umum,multi_kendaraan,penumpang,ya,UU 33/1964,meninggal,24600000000
8/17/2023,2023,8,Jakarta Timur,520,215,24,4,Cerah,Malam,Truk,Kelalaian Pengemudi,Jalan Provinsi,Baik,<40,Lurus,Laki-laki,>50,Ya,pribadi,multi_kendaraan,pengemudi,ya,UU 34/1964,meninggal,12030000000
4/29/2025,2025,4,Surabaya,699,311,26,5,Cerah,Siang,Truk,Rem Blong,Jalan Nasional,Baik,40-60,Tikungan,Laki-laki,>50,Ya,pribadi,multi_kendaraan,pengemudi,ya,UU 34/1964,meninggal,16950000000
10/6/2021,2021,10,Yogyakarta,374,278,25,50,Cerah,Pagi,Truk,Kurang Jarak Aman,Jalan Provinsi,Baik,<40,Simpang T,Laki-laki,<17,Tidak,pribadi,multi_kendaraan,pengemudi,ya,UU 34/1964,meninggal,16150000000
11/20/2023,2023,11,Semarang,658,428,29,33,Cerah,Siang,Truk,Kelalaian Pengemudi,Jalan Kota,Baik,<40,Simpang 4,Perempuan,17-25,Tidak,pribadi,tunggal,pengemudi,tidak,tidak_dijamin,tidak_ada,0
10/26/2023,2023,10,Yogyakarta,550,200,21,11,Hujan,Siang,Mobil,Rem Blong,Jalan Kota,Baik,<40,Simpang Y,Laki-laki,26-45,Ya,pribadi,multi_kendaraan,pengemudi,ya,UU 34/1964,meninggal,11270000000
5/1/2022,2022,5,Semarang,356,199,30,32,Cerah,Pagi,Motor,Kondisi Jalan,Jalan Provinsi,Rusak,40-60,Lurus,Laki-laki,<17,Tidak,pribadi,multi_kendaraan,pengemudi,ya,UU 34/1964,meninggal,12090000000
10/29/2024,2024,10,Jakarta Selatan,786,462,25,6,Hujan,Dini Hari,Truk,Kondisi Jalan,Jalan Nasional,Rusak,40-60,Lurus,Perempuan,17-25,Tidak,pribadi,multi_kendaraan,pengemudi,ya,UU 34/1964,meninggal,24470000000
10/28/2021,2021,10,Bekasi,332,241,24,17,Cerah,Pagi,Bus,Pelanggaran Lalu Lintas,Jalan Kota,Berlubang,>60,Tikungan,Perempuan,17-25,Ya,umum,tunggal,penumpang,ya,UU 33/1964,meninggal,13590000000
5/22/2025,2025,5,Semarang,693,234,20,5,Cerah,Pagi,Truk,Kurang Jarak Aman,Jalan Kota,Rusak,<40,Lurus,Perempuan,<17,Ya,pribadi,multi_kendaraan,pengemudi,ya,UU 34/1964,meninggal,12800000000
5/10/2023,2023,5,Jakarta Selatan,520,194,23,51,Cerah,Pagi,Truk,Pelanggaran Lalu Lintas,Jalan Nasional,Rusak,<40,Simpang 4,Laki-laki,<17,Ya,pribadi,multi_kendaraan,pengemudi,ya,UU 34/1964,meninggal,11870000000
6/12/2025,2025,6,Makassar,1071,335,26,28,Cerah,Malam,Mobil,Rem Blong,Jalan Nasional,Baik,>60,Tikungan,Perempuan,17-25,Ya,pribadi,multi_kendaraan,pengemudi,ya,UU 34/1964,meninggal,18610000000
1/17/2021,2021,1,Yogyakarta,294,464,23,49,Hujan,Dini Hari,Bus,Rem Blong,Jalan Provinsi,Rusak,<40,Simpang T,Perempuan,17-25,Ya,umum,tunggal,penumpang,ya,UU 33/1964,meninggal,25330000000
1/1/2022,2022,1,Bekasi,407,296,25,27,Hujan,Dini Hari,Truk,Kondisi Jalan,Jalan Provinsi,Berlubang,>60,Simpang T,Perempuan,26-45,Ya,pribadi,multi_kendaraan,pengemudi,ya,UU 34/1964,meninggal,16590000000
1/20/2021,2021,1,Bekasi,227,414,25,14,Cerah,Siang,Truk,Pelanggaran Lalu Lintas,Jalan Nasional,Baik,>60,Lurus,Perempuan,26-45,Ya,pribadi,tunggal,pengemudi,tidak,tidak_dijamin,tidak_ada,0
8/8/2024,2024,8,Semarang,629,220,29,32,Cerah,Malam,Bus,Kecepatan Berlebih,Jalan Kota,Baik,>60,Lurus,Perempuan,26-45,Ya,umum,tunggal,penumpang,ya,UU 33/1964,meninggal,13090000000
11/2/2024,2024,11,Palembang,771,343,25,63,Hujan,Malam,Truk,Rem Blong,Jalan Nasional,Berlubang,40-60,Simpang T,Perempuan,26-45,Tidak,pribadi,multi_kendaraan,pengemudi,ya,UU 34/1964,meninggal,19660000000
8/16/2021,2021,8,Jakarta Timur,391,268,27,41,Hujan,Pagi,Motor,Kecepatan Berlebih,Jalan Nasional,Rusak,40-60,Tikungan,Perempuan,17-25,Ya,pribadi,multi_kendaraan,pengemudi,ya,UU 34/1964,meninggal,15570000000
2/17/2025,2025,2,Bekasi,709,195,23,26,Cerah,Pagi,Motor,Kelalaian Pengemudi,Jalan Nasional,Rusak,>60,Lurus,Perempuan,26-45,Ya,pribadi,tunggal,pengemudi,tidak,tidak_dijamin,tidak_ada,0
6/14/2022,2022,6,Semarang,644,478,20,19,Hujan,Dini Hari,Mobil,Kondisi Jalan,Jalan Kota,Berlubang,<40,Simpang Y,Laki-laki,17-25,Ya,pribadi,multi_kendaraan,pengemudi,ya,UU 34/1964,meninggal,25280000000
11/30/2023,2023,11,Palembang,678,216,24,56,Hujan,Dini Hari,Mobil,Kurang Jarak Aman,Jalan Nasional,Rusak,<40,Simpang 4,Laki-laki,<17,Tidak,pribadi,multi_kendaraan,pengemudi,ya,UU 34/1964,meninggal,13120000000
11/23/2024,2024,11,Jakarta Selatan,673,228,24,13,Hujan,Siang,Motor,Kondisi Jalan,Jalan Kota,Berlubang,40-60,Simpang 4,Laki-laki,17-25,Tidak,pribadi,tunggal,pengemudi,tidak,tidak_dijamin,tidak_ada,0
10/4/2022,2022,10,Jakarta Timur,418,272,30,41,Cerah,Malam,Mobil,Pelanggaran Lalu Lintas,Jalan Nasional,Berlubang,40-60,Lurus,Perempuan,>50,Tidak,pribadi,tunggal,pengemudi,tidak,tidak_dijamin,tidak_ada,0
9/16/2022,2022,9,Bandung,394,455,25,26,Cerah,Malam,Mobil,Kecepatan Berlebih,Jalan Kota,Berlubang,<40,Simpang 4,Laki-laki,<17,Ya,pribadi,tunggal,pengemudi,tidak,tidak_dijamin,tidak_ada,0
4/7/2022,2022,4,Jakarta Selatan,310,289,22,27,Cerah,Malam,Motor,Kondisi Jalan,Jalan Kota,Rusak,40-60,Lurus,Perempuan,17-25,Ya,pribadi,tunggal,pengemudi,tidak,tidak_dijamin,tidak_ada,0
10/28/2023,2023,10,Bandung,623,120,24,53,Cerah,Dini Hari,Mobil,Kondisi Jalan,Jalan Provinsi,Baik,>60,Simpang Y,Laki-laki,<17,Ya,pribadi,multi_kendaraan,pengemudi,ya,UU 34/1964,meninggal,8260000000
3/19/2025,2025,3,Makassar,658,150,28,25,Cerah,Siang,Motor,Rem Blong,Jalan Provinsi,Baik,<40,Simpang 4,Laki-laki,17-25,Ya,pribadi,multi_kendaraan,pengemudi,ya,UU 34/1964,meninggal,9400000000
1/9/2024,2024,1,Bandung,570,399,22,13,Cerah,Malam,Truk,Rem Blong,Jalan Nasional,Berlubang,40-60,Lurus,Perempuan,<17,Tidak,pribadi,tunggal,pengemudi,tidak,tidak_dijamin,tidak_ada,0
4/21/2022,2022,4,Bekasi,324,116,30,5,Cerah,Siang,Motor,Pelanggaran Lalu Lintas,Jalan Provinsi,Baik,<40,Tikungan,Perempuan,>50,Tidak,pribadi,multi_kendaraan,pengemudi,ya,UU 34/1964,meninggal,7400000000
1/18/2021,2021,1,Palembang,137,334,22,23,Cerah,Malam,Truk,Rem Blong,Jalan Kota,Rusak,40-60,Tikungan,Perempuan,<17,Tidak,pribadi,multi_kendaraan,pengemudi,ya,UU 34/1964,meninggal,18260000000
11/26/2021,2021,11,Bandung,326,438,21,59,Hujan,Dini Hari,Mobil,Kecepatan Berlebih,Jalan Nasional,Rusak,>60,Simpang T,Perempuan,<17,Tidak,pribadi,tunggal,pengemudi,tidak,tidak_dijamin,tidak_ada,0
12/18/2025,2025,12,Bekasi,1056,326,22,43,Cerah,Pagi,Mobil,Kondisi Jalan,Jalan Kota,Baik,>60,Simpang 4,Laki-laki,<17,Ya,pribadi,multi_kendaraan,pengemudi,ya,UU 34/1964,meninggal,18260000000
9/1/2022,2022,9,Palembang,467,274,28,10,Hujan,Dini Hari,Mobil,Kurang Jarak Aman,Jalan Nasional,Baik,40-60,Simpang T,Laki-laki,>50,Ya,pribadi,multi_kendaraan,pengemudi,ya,UU 34/1964,meninggal,15300000000
5/22/2024,2024,5,Bekasi,704,332,29,12,Cerah,Pagi,Bus,Kondisi Jalan,Jalan Nasional,Rusak,>60,Lurus,Laki-laki,17-25,Tidak,umum,multi_kendaraan,penumpang,ya,UU 33/1964,meninggal,18290000000
8/31/2024,2024,8,Bekasi,715,317,30,40,Hujan,Siang,Mobil,Kecepatan Berlebih,Jalan Nasional,Berlubang,<40,Simpang T,Laki-laki,<17,Tidak,pribadi,multi_kendaraan,pengemudi,ya,UU 34/1964,meninggal,18150000000
12/1/2024,2024,12,Medan,928,392,30,16,Cerah,Pagi,Truk,Kurang Jarak Aman,Jalan Kota,Baik,40-60,Simpang Y,Laki-laki,26-45,Ya,pribadi,multi_kendaraan,pengemudi,ya,UU 34/1964,meninggal,21420000000
8/1/2024,2024,8,Jakarta Timur,738,237,25,11,Cerah,Dini Hari,Truk,Pelanggaran Lalu Lintas,Jalan Kota,Baik,<40,Simpang Y,Perempuan,<17,Tidak,pribadi,multi_kendaraan,pengemudi,ya,UU 34/1964,meninggal,13320000000
8/4/2023,2023,8,Bandung,500,397,29,50,Cerah,Malam,Truk,Rem Blong,Jalan Nasional,Berlubang,>60,Tikungan,Perempuan,>50,Ya,pribadi,multi_kendaraan,pengemudi,ya,UU 34/1964,meninggal,22300000000
1/11/2022,2022,1,Bandung,409,291,25,11,Hujan,Malam,Truk,Kelalaian Pengemudi,Jalan Kota,Baik,<40,Simpang T,Perempuan,>50,Ya,pribadi,multi_kendaraan,pengemudi,ya,UU 34/1964,meninggal,16020000000
4/2/2022,2022,4,Jakarta Timur,442,225,25,5,Hujan,Malam,Bus,Kurang Jarak Aman,Jalan Kota,Berlubang,<40,Lurus,Laki-laki,<17,Tidak,umum,tunggal,penumpang,ya,UU 33/1964,meninggal,12600000000
8/23/2022,2022,8,Semarang,415,141,22,9,Cerah,Dini Hari,Motor,Kecepatan Berlebih,Jalan Kota,Baik,<40,Simpang 4,Laki-laki,>50,Tidak,pribadi,multi_kendaraan,pengemudi,ya,UU 34/1964,meninggal,8330000000
8/11/2025,2025,8,Medan,723,452,24,17,Hujan,Siang,Bus,Kelalaian Pengemudi,Jalan Nasional,Rusak,40-60,Tikungan,Laki-laki,17-25,Ya,umum,tunggal,penumpang,ya,UU 33/1964,meninggal,24140000000
10/18/2024,2024,10,Semarang,658,340,24,21,Cerah,Dini Hari,Truk,Kelalaian Pengemudi,Jalan Provinsi,Baik,<40,Simpang 4,Perempuan,17-25,Tidak,pribadi,multi_kendaraan,pengemudi,ya,UU 34/1964,meninggal,18620000000
1/31/2025,2025,1,Semarang,760,216,23,44,Cerah,Pagi,Mobil,Rem Blong,Jalan Nasional,Berlubang,<40,Simpang T,Laki-laki,17-25,Tidak,pribadi,multi_kendaraan,pengemudi,ya,UU 34/1964,meninggal,12830000000
8/8/2025,2025,8,Yogyakarta,834,156,30,19,Cerah,Siang,Truk,Kecepatan Berlebih,Jalan Nasional,Rusak,40-60,Tikungan,Perempuan,26-45,Ya,pribadi,tunggal,pengemudi,tidak,tidak_dijamin,tidak_ada,0
7/26/2024,2024,7,Surabaya,626,424,24,19,Cerah,Dini Hari,Motor,Kondisi Jalan,Jalan Kota,Berlubang,>60,Simpang Y,Perempuan,<17,Ya,pribadi,multi_kendaraan,pengemudi,ya,UU 34/1964,meninggal,22780000000
10/15/2025,2025,10,Jakarta Timur,853,496,25,56,Hujan,Dini Hari,Bus,Rem Blong,Jalan Provinsi,Rusak,<40,Simpang Y,Laki-laki,26-45,Tidak,umum,tunggal,penumpang,ya,UU 33/1964,meninggal,27170000000
6/25/2023,2023,6,Bandung,656,176,21,19,Cerah,Malam,Motor,Kondisi Jalan,Jalan Nasional,Berlubang,40-60,Simpang T,Perempuan,<17,Tidak,pribadi,multi_kendaraan,pengemudi,ya,UU 34/1964,meninggal,10230000000
8/14/2025,2025,8,Palembang,878,287,20,16,Cerah,Siang,Truk,Kelalaian Pengemudi,Jalan Kota,Rusak,40-60,Simpang T,Perempuan,<17,Ya,pribadi,tunggal,pengemudi,tidak,tidak_dijamin,tidak_ada,0
1/13/2021,2021,1,Jakarta Selatan,275,143,21,39,Cerah,Pagi,Truk,Kurang Jarak Aman,Jalan Nasional,Baik,<40,Simpang Y,Laki-laki,<17,Ya,pribadi,multi_kendaraan,pengemudi,ya,UU 34/1964,meninggal,8980000000
9/5/2022,2022,9,Surabaya,418,117,20,23,Hujan,Dini Hari,Bus,Pelanggaran Lalu Lintas,Jalan Nasional,Baik,<40,Lurus,Perempuan,<17,Tidak,umum,tunggal,penumpang,ya,UU 33/1964,meninggal,7310000000
11/6/2022,2022,11,Jakarta Timur,548,203,22,6,Hujan,Dini Hari,Bus,Pelanggaran Lalu Lintas,Jalan Nasional,Rusak,>60,Lurus,Perempuan,17-25,Ya,umum,multi_kendaraan,penumpang,ya,UU 33/1964,meninggal,11370000000
2/12/2022,2022,2,Palembang,318,189,29,70,Cerah,Malam,Mobil,Kelalaian Pengemudi,Jalan Nasional,Berlubang,>60,Simpang Y,Laki-laki,>50,Ya,pribadi,tunggal,pengemudi,tidak,tidak_dijamin,tidak_ada,0
4/10/2022,2022,4,Medan,402,111,20,19,Hujan,Dini Hari,Mobil,Kelalaian Pengemudi,Jalan Nasional,Baik,<40,Simpang T,Perempuan,>50,Tidak,pribadi,multi_kendaraan,pengemudi,ya,UU 34/1964,meninggal,6930000000
6/25/2022,2022,6,Palembang,658,116,27,47,Cerah,Dini Hari,Mobil,Kurang Jarak Aman,Jalan Provinsi,Baik,>60,Tikungan,Perempuan,26-45,Ya,pribadi,multi_kendaraan,pengemudi,ya,UU 34/1964,meninggal,8090000000
6/21/2025,2025,6,Yogyakarta,965,138,22,15,Cerah,Dini Hari,Truk,Kecepatan Berlebih,Jalan Provinsi,Rusak,<40,Tikungan,Laki-laki,<17,Tidak,pribadi,tunggal,pengemudi,tidak,tidak_dijamin,tidak_ada,0
1/1/2021,2021,1,Palembang,288,116,21,12,Hujan,Dini Hari,Truk,Rem Blong,Jalan Provinsi,Baik,<40,Lurus,Laki-laki,>50,Tidak,pribadi,multi_kendaraan,pengemudi,ya,UU 34/1964,meninggal,7090000000
6/28/2025,2025,6,Bekasi,940,369,26,5,Cerah,Siang,Bus,Kondisi Jalan,Jalan Provinsi,Baik,<40,Lurus,Perempuan,26-45,Ya,umum,multi_kendaraan,penumpang,ya,UU 33/1964,meninggal,19850000000
5/25/2025,2025,5,Semarang,776,112,24,8,Cerah,Pagi,Mobil,Rem Blong,Jalan Kota,Berlubang,>60,Tikungan,Laki-laki,<17,Ya,pribadi,tunggal,pengemudi,tidak,tidak_dijamin,tidak_ada,0
7/10/2025,2025,7,Semarang,770,179,27,45,Cerah,Pagi,Bus,Rem Blong,Jalan Kota,Rusak,40-60,Simpang T,Laki-laki,>50,Ya,umum,multi_kendaraan,penumpang,ya,UU 33/1964,meninggal,11200000000
2/13/2025,2025,2,Surabaya,699,172,25,23,Hujan,Malam,Mobil,Kondisi Jalan,Jalan Provinsi,Rusak,40-60,Simpang Y,Perempuan,<17,Tidak,pribadi,multi_kendaraan,pengemudi,ya,UU 34/1964,meninggal,10310000000
5/14/2021,2021,5,Medan,295,140,26,25,Hujan,Pagi,Truk,Kelalaian Pengemudi,Jalan Provinsi,Rusak,40-60,Simpang 4,Laki-laki,>50,Tidak,pribadi,multi_kendaraan,pengemudi,ya,UU 34/1964,meninggal,8800000000
7/26/2021,2021,7,Semarang,293,240,21,50,Cerah,Malam,Mobil,Pelanggaran Lalu Lintas,Jalan Kota,Berlubang,40-60,Simpang 4,Perempuan,>50,Ya,pribadi,tunggal,pengemudi,tidak,tidak_dijamin,tidak_ada,0
12/19/2021,2021,12,Surabaya,616,390,30,13,Hujan,Pagi,Motor,Kondisi Jalan,Jalan Nasional,Berlubang,40-60,Tikungan,Perempuan,26-45,Tidak,pribadi,multi_kendaraan,pengemudi,ya,UU 34/1964,meninggal,21260000000
9/1/2022,2022,9,Surabaya,488,378,21,19,Hujan,Pagi,Bus,Kurang Jarak Aman,Jalan Kota,Berlubang,>60,Lurus,Laki-laki,>50,Tidak,umum,multi_kendaraan,penumpang,ya,UU 33/1964,meninggal,20330000000
7/29/2023,2023,7,Makassar,556,185,21,14,Cerah,Malam,Motor,Kondisi Jalan,Jalan Nasional,Baik,40-60,Lurus,Perempuan,26-45,Ya,pribadi,tunggal,pengemudi,tidak,tidak_dijamin,tidak_ada,0
7/11/2023,2023,7,Medan,582,444,29,28,Hujan,Pagi,Motor,Kondisi Jalan,Jalan Kota,Baik,<40,Lurus,Perempuan,26-45,Tidak,pribadi,tunggal,pengemudi,tidak,tidak_dijamin,tidak_ada,0
12/1/2021,2021,12,Palembang,734,400,23,31,Hujan,Siang,Mobil,Kurang Jarak Aman,Jalan Nasional,Rusak,<40,Tikungan,Perempuan,>50,Ya,pribadi,multi_kendaraan,pengemudi,ya,UU 34/1964,meninggal,21770000000
2/10/2021,2021,2,Makassar,165,287,30,3,Hujan,Siang,Mobil,Kecepatan Berlebih,Jalan Provinsi,Rusak,<40,Simpang 4,Laki-laki,26-45,Tidak,pribadi,multi_kendaraan,pengemudi,ya,UU 34/1964,meninggal,15910000000
3/20/2022,2022,3,Makassar,329,410,20,11,Hujan,Dini Hari,Bus,Pelanggaran Lalu Lintas,Jalan Nasional,Berlubang,40-60,Lurus,Perempuan,17-25,Ya,umum,multi_kendaraan,penumpang,ya,UU 33/1964,meninggal,21720000000
10/7/2023,2023,10,Jakarta Timur,526,118,27,30,Cerah,Siang,Mobil,Kondisi Jalan,Jalan Nasional,Rusak,>60,Tikungan,Perempuan,>50,Tidak,pribadi,multi_kendaraan,pengemudi,ya,UU 34/1964,meninggal,7850000000
8/4/2022,2022,8,Yogyakarta,468,118,25,11,Cerah,Siang,Motor,Pelanggaran Lalu Lintas,Jalan Kota,Baik,<40,Simpang T,Perempuan,26-45,Ya,pribadi,multi_kendaraan,pengemudi,ya,UU 34/1964,meninggal,7370000000
1/9/2024,2024,1,Jakarta Selatan,528,469,30,18,Hujan,Dini Hari,Mobil,Kondisi Jalan,Jalan Kota,Berlubang,>60,Simpang 4,Laki-laki,>50,Tidak,pribadi,multi_kendaraan,pengemudi,ya,UU 34/1964,meninggal,25310000000
2/27/2023,2023,2,Jakarta Selatan,498,265,27,25,Cerah,Dini Hari,Mobil,Kurang Jarak Aman,Jalan Provinsi,Baik,>60,Tikungan,Perempuan,26-45,Ya,pribadi,multi_kendaraan,pengemudi,ya,UU 34/1964,meninggal,15100000000
2/14/2022,2022,2,Jakarta Barat,395,295,24,13,Hujan,Siang,Bus,Kecepatan Berlebih,Jalan Provinsi,Berlubang,>60,Simpang T,Perempuan,>50,Tidak,umum,multi_kendaraan,penumpang,ya,UU 33/1964,meninggal,16210000000
2/28/2021,2021,2,Jakarta Barat,156,475,26,17,Hujan,Siang,Truk,Kurang Jarak Aman,Jalan Kota,Baik,40-60,Simpang 4,Laki-laki,>50,Ya,pribadi,tunggal,pengemudi,tidak,tidak_dijamin,tidak_ada,0
10/4/2023,2023,10,Jakarta Barat,640,293,30,22,Cerah,Malam,Bus,Kecepatan Berlebih,Jalan Nasional,Berlubang,>60,Simpang T,Perempuan,>50,Ya,umum,tunggal,penumpang,ya,UU 33/1964,meninggal,16590000000
4/15/2025,2025,4,Jakarta Barat,702,282,21,22,Cerah,Siang,Bus,Kondisi Jalan,Jalan Kota,Berlubang,>60,Simpang Y,Laki-laki,>50,Ya,umum,tunggal,penumpang,ya,UU 33/1964,meninggal,15590000000
9/22/2022,2022,9,Jakarta Barat,472,140,28,16,Hujan,Dini Hari,Bus,Kelalaian Pengemudi,Jalan Provinsi,Baik,<40,Simpang 4,Laki-laki,17-25,Tidak,umum,multi_kendaraan,penumpang,ya,UU 33/1964,meninggal,8720000000
12/7/2023,2023,12,Jakarta Barat,884,329,28,30,Hujan,Siang,Truk,Kecepatan Berlebih,Jalan Provinsi,Rusak,<40,Simpang Y,Laki-laki,<17,Tidak,pribadi,multi_kendaraan,pengemudi,ya,UU 34/1964,meninggal,18450000000
7/26/2022,2022,7,Jakarta Barat,416,259,24,6,Cerah,Pagi,Motor,Kondisi Jalan,Jalan Kota,Baik,<40,Tikungan,Perempuan,26-45,Tidak,pribadi,tunggal,pengemudi,tidak,tidak_dijamin,tidak_ada,0
7/19/2023,2023,7,Jakarta Barat,481,217,27,74,Hujan,Malam,Bus,Kondisi Jalan,Jalan Kota,Berlubang,>60,Simpang Y,Laki-laki,>50,Ya,umum,tunggal,penumpang,ya,UU 33/1964,meninggal,13680000000
8/5/2022,2022,8,Jakarta Barat,488,478,21,11,Cerah,Siang,Motor,Pelanggaran Lalu Lintas,Jalan Kota,Baik,<40,Simpang Y,Laki-laki,17-25,Tidak,pribadi,multi_kendaraan,pengemudi,ya,UU 34/1964,meninggal,25170000000
12/5/2021,2021,12,Jakarta Barat,536,272,26,24,Cerah,Malam,Motor,Kecepatan Berlebih,Jalan Kota,Berlubang,<40,Simpang 4,Laki-laki,>50,Ya,pribadi,tunggal,pengemudi,tidak,tidak_dijamin,tidak_ada,0
10/8/2021,2021,10,Jakarta Barat,420,350,21,54,Cerah,Siang,Truk,Pelanggaran Lalu Lintas,Jalan Kota,Baik,>60,Simpang Y,Laki-laki,>50,Tidak,pribadi,tunggal,pengemudi,tidak,tidak_dijamin,tidak_ada,0
5/20/2025,2025,5,Jakarta Barat,762,102,20,1,Hujan,Dini Hari,Mobil,Pelanggaran Lalu Lintas,Jalan Nasional,Berlubang,<40,Lurus,Laki-laki,26-45,Tidak,pribadi,tunggal,pengemudi,tidak,tidak_dijamin,tidak_ada,0
9/14/2022,2022,9,Jakarta Barat,508,197,25,46,Cerah,Pagi,Motor,Kecepatan Berlebih,Jalan Provinsi,Baik,>60,Simpang T,Laki-laki,<17,Tidak,pribadi,tunggal,pengemudi,tidak,tidak_dijamin,tidak_ada,0
9/17/2022,2022,9,Jakarta Barat,492,312,20,7,Cerah,Malam,Truk,Kelalaian Pengemudi,Jalan Kota,Baik,<40,Lurus,Perempuan,26-45,Ya,pribadi,multi_kendaraan,pengemudi,ya,UU 34/1964,meninggal,16740000000
11/6/2021,2021,11,Jakarta Barat,295,373,21,32,Hujan,Siang,Bus,Rem Blong,Jalan Kota,Baik,40-60,Lurus,Laki-laki,26-45,Ya,umum,multi_kendaraan,penumpang,ya,UU 33/1964,meninggal,20340000000
9/1/2021,2021,9,Jakarta Barat,308,450,30,12,Cerah,Siang,Truk,Kecepatan Berlebih,Jalan Nasional,Rusak,40-60,Simpang T,Laki-laki,26-45,Tidak,pribadi,tunggal,pengemudi,tidak,tidak_dijamin,tidak_ada,0
5/23/2022,2022,5,Jakarta Barat,344,191,23,4,Cerah,Malam,Mobil,Kecepatan Berlebih,Jalan Kota,Baik,>60,Simpang T,Laki-laki,17-25,Ya,pribadi,tunggal,pengemudi,tidak,tidak_dijamin,tidak_ada,0
10/14/2022,2022,10,Jakarta Barat,537,291,28,14,Cerah,Dini Hari,Bus,Kurang Jarak Aman,Jalan Provinsi,Berlubang,40-60,Simpang Y,Laki-laki,17-25,Ya,umum,multi_kendaraan,penumpang,ya,UU 33/1964,meninggal,16230000000
1/31/2022,2022,1,Jakarta Barat,323,332,23,12,Cerah,Siang,Motor,Kecepatan Berlebih,Jalan Provinsi,Baik,>60,Simpang 4,Laki-laki,17-25,Tidak,pribadi,multi_kendaraan,pengemudi,ya,UU 34/1964,meninggal,17990000000
3/10/2023,2023,3,Jakarta Barat,416,398,21,13,Cerah,Pagi,Truk,Rem Blong,Jalan Provinsi,Rusak,40-60,Tikungan,Laki-laki,>50,Tidak,pribadi,multi_kendaraan,pengemudi,ya,UU 34/1964,meninggal,21210000000
11/17/2021,2021,11,Jakarta Barat,327,449,30,12,Cerah,Pagi,Motor,Kelalaian Pengemudi,Jalan Kota,Baik,<40,Simpang Y,Perempuan,17-25,Ya,pribadi,tunggal,pengemudi,tidak,tidak_dijamin,tidak_ada,0
4/13/2025,2025,4,Jakarta Barat,721,235,20,27,Cerah,Pagi,Mobil,Rem Blong,Jalan Provinsi,Baik,40-60,Lurus,Laki-laki,>50,Ya,pribadi,tunggal,pengemudi,tidak,tidak_dijamin,tidak_ada,0
6/17/2025,2025,6,Jakarta Barat,977,439,24,30,Hujan,Siang,Truk,Kurang Jarak Aman,Jalan Provinsi,Rusak,40-60,Tikungan,Laki-laki,<17,Tidak,pribadi,multi_kendaraan,pengemudi,ya,UU 34/1964,meninggal,23750000000
7/27/2024,2024,7,Jakarta Barat,606,386,23,4,Hujan,Dini Hari,Truk,Kecepatan Berlebih,Jalan Kota,Rusak,>60,Tikungan,Perempuan,17-25,Ya,pribadi,multi_kendaraan,pengemudi,ya,UU 34/1964,meninggal,20530000000
10/14/2025,2025,10,Jakarta Barat,766,431,30,4,Cerah,Dini Hari,Mobil,Kelalaian Pengemudi,Jalan Kota,Baik,>60,Lurus,Laki-laki,>50,Ya,pribadi,multi_kendaraan,pengemudi,ya,UU 34/1964,meninggal,23130000000
3/18/2021,2021,3,Jakarta Barat,313,427,30,12,Cerah,Siang,Bus,Pelanggaran Lalu Lintas,Jalan Provinsi,Rusak,40-60,Simpang Y,Perempuan,17-25,Tidak,umum,tunggal,penumpang,ya,UU 33/1964,meninggal,23090000000
7/26/2023,2023,7,Jakarta Barat,518,245,23,18,Hujan,Malam,Truk,Kondisi Jalan,Jalan Nasional,Baik,>60,Simpang T,Perempuan,>50,Tidak,pribadi,tunggal,pengemudi,tidak,tidak_dijamin,tidak_ada,0
6/5/2022,2022,6,Jakarta Barat,510,404,24,35,Cerah,Pagi,Bus,Kecepatan Berlebih,Jalan Provinsi,Baik,40-60,Simpang T,Laki-laki,17-25,Tidak,umum,tunggal,penumpang,ya,UU 33/1964,meninggal,22100000000
10/3/2025,2025,10,Jakarta Barat,781,325,22,38,Hujan,Dini Hari,Mobil,Kecepatan Berlebih,Jalan Kota,Baik,<40,Tikungan,Perempuan,>50,Ya,pribadi,multi_kendaraan,pengemudi,ya,UU 34/1964,meninggal,18110000000
3/6/2025,2025,3,Jakarta Barat,788,271,28,14,Cerah,Pagi,Mobil,Pelanggaran Lalu Lintas,Jalan Provinsi,Berlubang,40-60,Simpang Y,Laki-laki,>50,Tidak,pribadi,multi_kendaraan,pengemudi,ya,UU 34/1964,meninggal,15230000000
11/6/2022,2022,11,Jakarta Barat,558,146,29,13,Hujan,Malam,Truk,Kecepatan Berlebih,Jalan Kota,Rusak,<40,Simpang T,Perempuan,>50,Tidak,pribadi,multi_kendaraan,pengemudi,ya,UU 34/1964,meninggal,9010000000
8/23/2022,2022,8,Jakarta Barat,368,433,29,8,Cerah,Malam,Mobil,Pelanggaran Lalu Lintas,Jalan Provinsi,Baik,<40,Simpang Y,Perempuan,26-45,Ya,pribadi,multi_kendaraan,pengemudi,ya,UU 34/1964,meninggal,23260000000
9/17/2025,2025,9,Jakarta Barat,795,464,29,10,Hujan,Malam,Mobil,Kelalaian Pengemudi,Jalan Kota,Rusak,>60,Lurus,Laki-laki,26-45,Ya,pribadi,tunggal,pengemudi,tidak,tidak_dijamin,tidak_ada,0
7/3/2022,2022,7,Jakarta Barat,430,233,23,65,Cerah,Siang,Truk,Kecepatan Berlebih,Jalan Kota,Berlubang,40-60,Lurus,Perempuan,26-45,Tidak,pribadi,tunggal,pengemudi,tidak,tidak_dijamin,tidak_ada,0
4/18/2024,2024,4,Jakarta Barat,556,431,28,60,Hujan,Siang,Motor,Kondisi Jalan,Jalan Kota,Berlubang,>60,Simpang 4,Perempuan,<17,Ya,pribadi,tunggal,pengemudi,tidak,tidak_dijamin,tidak_ada,0
9/25/2023,2023,9,Jakarta Barat,650,257,26,19,Cerah,Siang,Mobil,Kondisi Jalan,Jalan Kota,Berlubang,40-60,Lurus,Laki-laki,>50,Ya,pribadi,tunggal,pengemudi,tidak,tidak_dijamin,tidak_ada,0
6/21/2022,2022,6,Jakarta Barat,593,101,25,34,Cerah,Siang,Bus,Rem Blong,Jalan Nasional,Rusak,>60,Simpang T,Perempuan,>50,Ya,umum,multi_kendaraan,penumpang,ya,UU 33/1964,meninggal,6980000000
8/8/2025,2025,8,Jakarta Barat,765,210,27,13,Cerah,Malam,Motor,Kecepatan Berlebih,Jalan Provinsi,Berlubang,40-60,Simpang 4,Perempuan,>50,Ya,pribadi,tunggal,pengemudi,tidak,tidak_dijamin,tidak_ada,0
9/27/2021,2021,9,Jakarta Barat,410,371,24,52,Hujan,Siang,Motor,Kurang Jarak Aman,Jalan Kota,Baik,40-60,Tikungan,Perempuan,>50,Ya,pribadi,tunggal,pengemudi,tidak,tidak_dijamin,tidak_ada,0
11/16/2022,2022,11,Jakarta Barat,499,250,24,42,Hujan,Siang,Bus,Rem Blong,Jalan Nasional,Rusak,>60,Simpang 4,Perempuan,26-45,Tidak,umum,tunggal,penumpang,ya,UU 33/1964,meninggal,14540000000
7/18/2025,2025,7,Jakarta Barat,758,490,29,47,Cerah,Dini Hari,Motor,Kurang Jarak Aman,Jalan Nasional,Rusak,<40,Simpang 4,Laki-laki,<17,Tidak,pribadi,multi_kendaraan,pengemudi,ya,UU 34/1964,meninggal,26890000000
6/4/2024,2024,6,Jakarta Barat,827,284,28,20,Cerah,Malam,Motor,Pelanggaran Lalu Lintas,Jalan Provinsi,Berlubang,<40,Simpang 4,Perempuan,26-45,Tidak,pribadi,multi_kendaraan,pengemudi,ya,UU 34/1964,meninggal,16000000000
11/30/2024,2024,11,Jakarta Barat,747,123,23,6,Hujan,Malam,Bus,Rem Blong,Jalan Nasional,Rusak,<40,Simpang 4,Perempuan,<17,Ya,umum,multi_kendaraan,penumpang,ya,UU 33/1964,meninggal,7420000000
10/29/2024,2024,10,Jakarta Barat,773,488,28,13,Hujan,Dini Hari,Motor,Kondisi Jalan,Jalan Kota,Berlubang,40-60,Tikungan,Laki-laki,<17,Ya,pribadi,tunggal,pengemudi,tidak,tidak_dijamin,tidak_ada,0
8/24/2024,2024,8,Jakarta Barat,677,290,28,26,Cerah,Siang,Truk,Rem Blong,Jalan Provinsi,Baik,40-60,Simpang 4,Perempuan,>50,Ya,pribadi,multi_kendaraan,pengemudi,ya,UU 34/1964,meninggal,16420000000
10/1/2021,2021,10,Jakarta Barat,366,493,23,3,Hujan,Siang,Bus,Kondisi Jalan,Jalan Kota,Berlubang,<40,Simpang Y,Perempuan,>50,Tidak,umum,multi_kendaraan,penumpang,ya,UU 33/1964,meninggal,25860000000
6/17/2023,2023,6,Jakarta Barat,671,212,28,37,Hujan,Dini Hari,Motor,Rem Blong,Jalan Kota,Rusak,>60,Lurus,Perempuan,<17,Tidak,pribadi,tunggal,pengemudi,tidak,tidak_dijamin,tidak_ada,0
12/11/2022,2022,12,Jakarta Barat,825,459,29,3,Cerah,Siang,Motor,Kecepatan Berlebih,Jalan Nasional,Berlubang,40-60,Simpang 4,Perempuan,17-25,Tidak,pribadi,multi_kendaraan,pengemudi,ya,UU 34/1964,meninggal,24460000000
9/8/2023,2023,9,Jakarta Barat,639,242,24,16,Cerah,Dini Hari,Motor,Rem Blong,Jalan Nasional,Rusak,>60,Tikungan,Laki-laki,17-25,Ya,pribadi,multi_kendaraan,pengemudi,ya,UU 34/1964,meninggal,13620000000
7/30/2021,2021,7,Jakarta Barat,310,456,23,2,Hujan,Dini Hari,Bus,Pelanggaran Lalu Lintas,Jalan Nasional,Baik,>60,Lurus,Perempuan,>50,Ya,umum,multi_kendaraan,penumpang,ya,UU 33/1964,meninggal,23990000000
2/21/2024,2024,2,Jakarta Barat,523,439,29,7,Hujan,Dini Hari,Motor,Kondisi Jalan,Jalan Kota,Rusak,40-60,Simpang Y,Laki-laki,17-25,Tidak,pribadi,tunggal,pengemudi,tidak,tidak_dijamin,tidak_ada,0
9/12/2023,2023,9,Jakarta Barat,621,246,26,13,Hujan,Dini Hari,Motor,Pelanggaran Lalu Lintas,Jalan Kota,Berlubang,40-60,Lurus,Perempuan,17-25,Tidak,pribadi,multi_kendaraan,pengemudi,ya,UU 34/1964,meninggal,13860000000
11/12/2024,2024,11,Jakarta Barat,707,143,20,51,Cerah,Malam,Bus,Kondisi Jalan,Jalan Nasional,Baik,>60,Simpang Y,Laki-laki,<17,Ya,umum,tunggal,penumpang,ya,UU 33/1964,meninggal,9170000000
9/28/2023,2023,9,Jakarta Barat,643,228,24,12,Hujan,Dini Hari,Bus,Kelalaian Pengemudi,Jalan Nasional,Rusak,40-60,Tikungan,Perempuan,17-25,Ya,umum,multi_kendaraan,penumpang,ya,UU 33/1964,meninggal,12840000000
10/12/2025,2025,10,Jakarta Barat,821,493,27,57,Hujan,Pagi,Mobil,Kurang Jarak Aman,Jalan Kota,Rusak,>60,Simpang 4,Laki-laki,<17,Tidak,pribadi,tunggal,pengemudi,tidak,tidak_dijamin,tidak_ada,0
5/4/2025,2025,5,Jakarta Barat,704,470,30,1,Hujan,Dini Hari,Mobil,Pelanggaran Lalu Lintas,Jalan Nasional,Berlubang,<40,Simpang Y,Perempuan,26-45,Tidak,pribadi,multi_kendaraan,pengemudi,ya,UU 34/1964,meninggal,25020000000
12/22/2025,2025,12,Jakarta Barat,1111,296,22,13,Hujan,Pagi,Bus,Pelanggaran Lalu Lintas,Jalan Provinsi,Rusak,<40,Tikungan,Perempuan,<17,Ya,umum,multi_kendaraan,penumpang,ya,UU 33/1964,meninggal,16160000000
4/28/2025,2025,4,Jakarta Barat,717,129,23,48,Hujan,Pagi,Bus,Pelanggaran Lalu Lintas,Jalan Nasional,Baik,40-60,Lurus,Laki-laki,<17,Tidak,umum,tunggal,penumpang,ya,UU 33/1964,meninggal,8560000000
10/22/2024,2024,10,Jakarta Barat,652,338,26,49,Cerah,Dini Hari,Truk,Kecepatan Berlebih,Jalan Nasional,Berlubang,40-60,Tikungan,Laki-laki,<17,Tidak,pribadi,multi_kendaraan,pengemudi,ya,UU 34/1964,meninggal,19180000000
6/5/2023,2023,6,Jakarta Barat,720,412,26,19,Hujan,Pagi,Motor,Pelanggaran Lalu Lintas,Jalan Kota,Baik,>60,Simpang 4,Laki-laki,26-45,Ya,pribadi,multi_kendaraan,pengemudi,ya,UU 34/1964,meninggal,22280000000
4/8/2025,2025,4,Jakarta Barat,749,377,23,33,Cerah,Malam,Truk,Kondisi Jalan,Jalan Provinsi,Berlubang,40-60,Simpang T,Laki-laki,<17,Tidak,pribadi,multi_kendaraan,pengemudi,ya,UU 34/1964,meninggal,20660000000
7/27/2022,2022,7,Jakarta Barat,428,170,28,9,Cerah,Pagi,Motor,Kondisi Jalan,Jalan Provinsi,Rusak,>60,Lurus,Perempuan,>50,Ya,pribadi,tunggal,pengemudi,tidak,tidak_dijamin,tidak_ada,0
1/26/2023,2023,1,Jakarta Barat,475,258,21,49,Hujan,Pagi,Motor,Pelanggaran Lalu Lintas,Jalan Kota,Baik,>60,Simpang T,Perempuan,<17,Tidak,pribadi,multi_kendaraan,pengemudi,ya,UU 34/1964,meninggal,14930000000
10/5/2021,2021,10,Jakarta Barat,272,344,21,11,Hujan,Siang,Motor,Kurang Jarak Aman,Jalan Nasional,Rusak,40-60,Simpang T,Laki-laki,<17,Tidak,pribadi,tunggal,pengemudi,tidak,tidak_dijamin,tidak_ada,0
9/17/2025,2025,9,Jakarta Barat,766,236,24,12,Hujan,Siang,Mobil,Kecepatan Berlebih,Jalan Nasional,Berlubang,40-60,Lurus,Perempuan,17-25,Ya,pribadi,multi_kendaraan,pengemudi,ya,UU 34/1964,meninggal,13240000000
5/6/2025,2025,5,Jakarta Barat,712,415,21,68,Cerah,Dini Hari,Truk,Kecepatan Berlebih,Jalan Nasional,Rusak,<40,Simpang T,Perempuan,17-25,Ya,pribadi,multi_kendaraan,pengemudi,ya,UU 34/1964,meninggal,23160000000
6/2/2021,2021,6,Jakarta Barat,519,183,22,14,Hujan,Malam,Truk,Kurang Jarak Aman,Jalan Nasional,Rusak,<40,Simpang T,Laki-laki,<17,Tidak,pribadi,multi_kendaraan,pengemudi,ya,UU 34/1964,meninggal,10530000000
9/11/2023,2023,9,Jakarta Barat,595,244,24,9,Hujan,Pagi,Truk,Kelalaian Pengemudi,Jalan Provinsi,Rusak,40-60,Simpang T,Laki-laki,>50,Tidak,pribadi,multi_kendaraan,pengemudi,ya,UU 34/1964,meninggal,13580000000
7/1/2024,2024,7,Jakarta Barat,723,312,24,25,Cerah,Pagi,Bus,Kurang Jarak Aman,Jalan Provinsi,Rusak,<40,Simpang T,Laki-laki,<17,Tidak,umum,multi_kendaraan,penumpang,ya,UU 33/1964,meninggal,17300000000
9/26/2021,2021,9,Jakarta Barat,345,140,25,7,Hujan,Malam,Bus,Rem Blong,Jalan Nasional,Rusak,40-60,Simpang 4,Perempuan,17-25,Tidak,umum,multi_kendaraan,penumpang,ya,UU 33/1964,meninggal,8390000000
5/17/2022,2022,5,Jakarta Barat,318,426,28,20,Cerah,Dini Hari,Bus,Pelanggaran Lalu Lintas,Jalan Kota,Rusak,40-60,Simpang Y,Perempuan,26-45,Ya,umum,multi_kendaraan,penumpang,ya,UU 33/1964,meninggal,23100000000
5/25/2024,2024,5,Jakarta Barat,707,447,22,17,Cerah,Pagi,Motor,Rem Blong,Jalan Kota,Baik,40-60,Simpang 4,Laki-laki,26-45,Tidak,pribadi,tunggal,pengemudi,tidak,tidak_dijamin,tidak_ada,0
4/6/2022,2022,4,Jakarta Barat,426,495,24,7,Hujan,Pagi,Bus,Kurang Jarak Aman,Jalan Kota,Rusak,40-60,Simpang T,Perempuan,17-25,Ya,umum,multi_kendaraan,penumpang,ya,UU 33/1964,meninggal,26090000000
7/1/2023,2023,7,Jakarta Barat,592,423,25,14,Cerah,Dini Hari,Motor,Kondisi Jalan,Jalan Nasional,Baik,40-60,Tikungan,Perempuan,26-45,Tidak,pribadi,multi_kendaraan,pengemudi,ya,UU 34/1964,meninggal,22680000000
12/1/2023,2023,12,Jakarta Barat,814,441,21,30,Hujan,Siang,Truk,Kecepatan Berlebih,Jalan Provinsi,Rusak,>60,Simpang Y,Perempuan,>50,Tidak,pribadi,tunggal,pengemudi,tidak,tidak_dijamin,tidak_ada,0
3/4/2025,2025,3,Jakarta Barat,758,438,29,36,Hujan,Siang,Bus,Kelalaian Pengemudi,Jalan Provinsi,Rusak,<40,Simpang Y,Perempuan,26-45,Ya,umum,multi_kendaraan,penumpang,ya,UU 33/1964,meninggal,24070000000
9/7/2024,2024,9,Jakarta Barat,745,127,25,2,Hujan,Dini Hari,Truk,Kelalaian Pengemudi,Jalan Nasional,Berlubang,>60,Tikungan,Perempuan,26-45,Ya,pribadi,multi_kendaraan,pengemudi,ya,UU 34/1964,meninggal,7640000000
5/31/2023,2023,5,Jakarta Barat,479,370,30,31,Hujan,Pagi,Mobil,Kelalaian Pengemudi,Jalan Kota,Baik,>60,Tikungan,Laki-laki,>50,Tidak,pribadi,tunggal,pengemudi,tidak,tidak_dijamin,tidak_ada,0
6/17/2022,2022,6,Jakarta Barat,656,495,20,66,Hujan,Pagi,Mobil,Kurang Jarak Aman,Jalan Provinsi,Rusak,40-60,Simpang Y,Laki-laki,>50,Ya,pribadi,tunggal,pengemudi,tidak,tidak_dijamin,tidak_ada,0
3/22/2025,2025,3,Jakarta Barat,721,228,24,4,Cerah,Pagi,Truk,Rem Blong,Jalan Nasional,Rusak,<40,Simpang 4,Perempuan,17-25,Ya,pribadi,multi_kendaraan,pengemudi,ya,UU 34/1964,meninggal,12680000000
6/18/2023,2023,6,Jakarta Barat,846,213,25,3,Hujan,Malam,Mobil,Kelalaian Pengemudi,Jalan Kota,Baik,>60,Tikungan,Perempuan,26-45,Ya,pribadi,tunggal,pengemudi,tidak,tidak_dijamin,tidak_ada,0
12/18/2022,2022,12,Jakarta Barat,751,481,28,8,Hujan,Dini Hari,Truk,Rem Blong,Jalan Provinsi,Rusak,<40,Tikungan,Perempuan,26-45,Tidak,pribadi,multi_kendaraan,pengemudi,ya,UU 34/1964,meninggal,25610000000
3/21/2023,2023,3,Jakarta Barat,505,417,22,23,Hujan,Dini Hari,Mobil,Kurang Jarak Aman,Jalan Kota,Rusak,>60,Tikungan,Laki-laki,26-45,Tidak,pribadi,multi_kendaraan,pengemudi,ya,UU 34/1964,meninggal,22410000000
10/21/2022,2022,10,Jakarta Barat,463,301,26,41,Cerah,Malam,Truk,Kurang Jarak Aman,Jalan Kota,Rusak,>60,Lurus,Perempuan,17-25,Ya,pribadi,multi_kendaraan,pengemudi,ya,UU 34/1964,meninggal,17170000000
8/9/2022,2022,8,Jakarta Barat,462,232,20,57,Cerah,Siang,Mobil,Kondisi Jalan,Jalan Kota,Baik,40-60,Simpang 4,Perempuan,17-25,Ya,pribadi,tunggal,pengemudi,tidak,tidak_dijamin,tidak_ada,0
6/17/2021,2021,6,Jakarta Barat,378,207,25,45,Cerah,Siang,Mobil,Kondisi Jalan,Jalan Nasional,Rusak,>60,Simpang 4,Perempuan,>50,Tidak,pribadi,multi_kendaraan,pengemudi,ya,UU 34/1964,meninggal,12500000000
9/11/2024,2024,9,Jakarta Barat,741,284,30,3,Hujan,Siang,Motor,Kecepatan Berlebih,Jalan Provinsi,Rusak,40-60,Lurus,Laki-laki,26-45,Tidak,pribadi,multi_kendaraan,pengemudi,ya,UU 34/1964,meninggal,15760000000
1/15/2021,2021,1,Jakarta Barat,239,410,28,24,Hujan,Pagi,Bus,Kurang Jarak Aman,Jalan Kota,Berlubang,<40,Lurus,Laki-laki,26-45,Ya,umum,multi_kendaraan,penumpang,ya,UU 33/1964,meninggal,22380000000
6/21/2023,2023,6,Jakarta Barat,786,364,20,27,Hujan,Malam,Truk,Pelanggaran Lalu Lintas,Jalan Provinsi,Rusak,40-60,Simpang 4,Laki-laki,>50,Ya,pribadi,multi_kendaraan,pengemudi,ya,UU 34/1964,meninggal,19740000000
11/22/2024,2024,11,Jakarta Barat,755,129,30,5,Hujan,Malam,Truk,Kondisi Jalan,Jalan Nasional,Berlubang,<40,Simpang T,Laki-laki,>50,Ya,pribadi,multi_kendaraan,pengemudi,ya,UU 34/1964,meninggal,8050000000
2/16/2022,2022,2,Jakarta Barat,367,163,25,34,Hujan,Siang,Bus,Kecepatan Berlebih,Jalan Provinsi,Rusak,40-60,Simpang 4,Perempuan,<17,Ya,umum,multi_kendaraan,penumpang,ya,UU 33/1964,meninggal,10080000000
3/21/2024,2024,3,Jakarta Barat,677,194,28,38,Cerah,Pagi,Truk,Kondisi Jalan,Jalan Nasional,Berlubang,<40,Tikungan,Laki-laki,<17,Tidak,pribadi,multi_kendaraan,pengemudi,ya,UU 34/1964,meninggal,11860000000
3/1/2025,2025,3,Jakarta Barat,696,428,25,25,Cerah,Siang,Motor,Rem Blong,Jalan Provinsi,Baik,40-60,Lurus,Perempuan,17-25,Tidak,pribadi,multi_kendaraan,pengemudi,ya,UU 34/1964,meninggal,23150000000
5/9/2025,2025,5,Jakarta Barat,714,350,24,3,Hujan,Siang,Mobil,Kurang Jarak Aman,Jalan Kota,Berlubang,>60,Simpang T,Perempuan,>50,Tidak,pribadi,multi_kendaraan,pengemudi,ya,UU 34/1964,meninggal,18760000000
2/7/2021,2021,2,Jakarta Barat,273,428,24,43,Cerah,Siang,Mobil,Kecepatan Berlebih,Jalan Provinsi,Berlubang,<40,Lurus,Laki-laki,17-25,Ya,pribadi,multi_kendaraan,pengemudi,ya,UU 34/1964,meninggal,23460000000
2/6/2022,2022,2,Jakarta Barat,363,268,27,17,Hujan,Pagi,Truk,Pelanggaran Lalu Lintas,Jalan Provinsi,Rusak,>60,Simpang 4,Perempuan,17-25,Tidak,pribadi,multi_kendaraan,pengemudi,ya,UU 34/1964,meninggal,15090000000
1/28/2025,2025,1,Jakarta Barat,615,438,27,39,Hujan,Pagi,Truk,Kecepatan Berlebih,Jalan Nasional,Rusak,<40,Simpang T,Perempuan,17-25,Tidak,pribadi,multi_kendaraan,pengemudi,ya,UU 34/1964,meninggal,24030000000
8/13/2025,2025,8,Jakarta Barat,827,436,20,3,Hujan,Malam,Truk,Kondisi Jalan,Jalan Provinsi,Rusak,40-60,Tikungan,Laki-laki,>50,Ya,pribadi,tunggal,pengemudi,tidak,tidak_dijamin,tidak_ada,0
6/29/2023,2023,6,Jakarta Barat,686,250,22,7,Cerah,Siang,Bus,Kondisi Jalan,Jalan Kota,Rusak,<40,Simpang T,Perempuan,26-45,Ya,umum,multi_kendaraan,penumpang,ya,UU 33/1964,meninggal,13740000000
9/21/2025,2025,9,Jakarta Barat,818,265,25,27,Hujan,Dini Hari,Bus,Rem Blong,Jalan Nasional,Rusak,40-60,Tikungan,Laki-laki,26-45,Ya,umum,tunggal,penumpang,ya,UU 33/1964,meninggal,15040000000
8/20/2021,2021,8,Jakarta Barat,366,134,28,25,Cerah,Pagi,Truk,Kurang Jarak Aman,Jalan Nasional,Berlubang,40-60,Lurus,Perempuan,17-25,Ya,pribadi,multi_kendaraan,pengemudi,ya,UU 34/1964,meninggal,8600000000
2/19/2021,2021,2,Jakarta Barat,266,487,29,17,Cerah,Malam,Mobil,Kurang Jarak Aman,Jalan Provinsi,Rusak,>60,Simpang Y,Laki-laki,>50,Ya,pribadi,multi_kendaraan,pengemudi,ya,UU 34/1964,meninggal,26140000000
12/21/2021,2021,12,Jakarta Barat,614,408,20,3,Hujan,Malam,Bus,Pelanggaran Lalu Lintas,Jalan Kota,Baik,<40,Simpang 4,Perempuan,<17,Ya,umum,multi_kendaraan,penumpang,ya,UU 33/1964,meninggal,21460000000
12/7/2025,2025,12,Jakarta Barat,966,266,29,33,Hujan,Malam,Bus,Kondisi Jalan,Jalan Provinsi,Berlubang,40-60,Tikungan,Perempuan,17-25,Tidak,umum,multi_kendaraan,penumpang,ya,UU 33/1964,meninggal,15410000000
3/1/2022,2022,3,Jakarta Barat,375,391,22,20,Hujan,Dini Hari,Truk,Pelanggaran Lalu Lintas,Jalan Nasional,Berlubang,>60,Lurus,Laki-laki,17-25,Ya,pribadi,multi_kendaraan,pengemudi,ya,UU 34/1964,meninggal,21050000000
7/18/2023,2023,7,Jakarta Barat,620,245,25,15,Hujan,Pagi,Bus,Rem Blong,Jalan Nasional,Rusak,>60,Lurus,Laki-laki,26-45,Ya,umum,multi_kendaraan,penumpang,ya,UU 33/1964,meninggal,13800000000
4/13/2023,2023,4,Jakarta Barat,443,219,25,14,Cerah,Siang,Mobil,Kelalaian Pengemudi,Jalan Nasional,Rusak,<40,Simpang T,Perempuan,17-25,Tidak,pribadi,multi_kendaraan,pengemudi,ya,UU 34/1964,meninggal,12480000000
10/11/2025,2025,10,Jakarta Barat,872,137,26,11,Cerah,Dini Hari,Mobil,Kelalaian Pengemudi,Jalan Nasional,Baik,<40,Simpang Y,Laki-laki,17-25,Ya,pribadi,multi_kendaraan,pengemudi,ya,UU 34/1964,meninggal,8370000000
8/16/2021,2021,8,Jakarta Barat,385,494,20,45,Cerah,Pagi,Mobil,Kecepatan Berlebih,Jalan Provinsi,Berlubang,40-60,Simpang T,Perempuan,26-45,Tidak,pribadi,multi_kendaraan,pengemudi,ya,UU 34/1964,meninggal,26600000000
2/18/2022,2022,2,Jakarta Barat,324,250,30,24,Hujan,Malam,Truk,Kurang Jarak Aman,Jalan Provinsi,Rusak,40-60,Simpang Y,Laki-laki,>50,Ya,pribadi,multi_kendaraan,pengemudi,ya,UU 34/1964,meninggal,14480000000
9/9/2025,2025,9,Jakarta Barat,802,403,22,19,Cerah,Pagi,Mobil,Pelanggaran Lalu Lintas,Jalan Kota,Rusak,<40,Simpang Y,Laki-laki,>50,Ya,pribadi,multi_kendaraan,pengemudi,ya,UU 34/1964,meninggal,21630000000
4/10/2025,2025,4,Jakarta Barat,695,155,24,38,Hujan,Malam,Truk,Rem Blong,Jalan Kota,Rusak,>60,Simpang T,Laki-laki,26-45,Ya,pribadi,multi_kendaraan,pengemudi,ya,UU 34/1964,meninggal,9710000000
1/8/2022,2022,1,Jakarta Barat,337,238,26,5,Cerah,Siang,Truk,Kondisi Jalan,Jalan Nasional,Berlubang,>60,Simpang T,Perempuan,<17,Tidak,pribadi,tunggal,pengemudi,tidak,tidak_dijamin,tidak_ada,0
11/2/2023,2023,11,Jakarta Barat,669,331,29,15,Cerah,Malam,Motor,Rem Blong,Jalan Kota,Berlubang,>60,Lurus,Perempuan,<17,Tidak,pribadi,multi_kendaraan,pengemudi,ya,UU 34/1964,meninggal,18300000000
10/6/2024,2024,10,Jakarta Barat,659,396,29,15,Hujan,Dini Hari,Bus,Rem Blong,Jalan Nasional,Baik,<40,Tikungan,Perempuan,>50,Tidak,umum,tunggal,penumpang,ya,UU 33/1964,meninggal,21550000000
7/21/2025,2025,7,Jakarta Barat,721,286,26,8,Cerah,Pagi,Truk,Kelalaian Pengemudi,Jalan Kota,Berlubang,<40,Tikungan,Perempuan,17-25,Tidak,pribadi,multi_kendaraan,pengemudi,ya,UU 34/1964,meninggal,15760000000
6/22/2024,2024,6,Jakarta Barat,966,386,24,37,Cerah,Siang,Truk,Rem Blong,Jalan Kota,Rusak,<40,Lurus,Perempuan,26-45,Tidak,pribadi,multi_kendaraan,pengemudi,ya,UU 34/1964,meninggal,21240000000
4/13/2025,2025,4,Jakarta Barat,723,157,25,33,Cerah,Malam,Motor,Kurang Jarak Aman,Jalan Provinsi,Berlubang,>60,Lurus,Laki-laki,17-25,Ya,pribadi,tunggal,pengemudi,tidak,tidak_dijamin,tidak_ada,0
9/22/2022,2022,9,Jakarta Barat,459,155,22,20,Cerah,Siang,Motor,Kecepatan Berlebih,Jalan Kota,Baik,<40,Lurus,Laki-laki,26-45,Ya,pribadi,tunggal,pengemudi,tidak,tidak_dijamin,tidak_ada,0
5/1/2023,2023,5,Jakarta Barat,550,389,26,34,Cerah,Malam,Motor,Pelanggaran Lalu Lintas,Jalan Provinsi,Rusak,>60,Simpang T,Laki-laki,<17,Ya,pribadi,multi_kendaraan,pengemudi,ya,UU 34/1964,meninggal,21430000000
6/12/2022,2022,6,Jakarta Barat,728,204,28,9,Cerah,Malam,Motor,Kelalaian Pengemudi,Jalan Kota,Berlubang,>60,Simpang Y,Laki-laki,17-25,Tidak,pribadi,multi_kendaraan,pengemudi,ya,UU 34/1964,meninggal,11780000000
7/25/2022,2022,7,Jakarta Barat,396,388,25,65,Cerah,Siang,Truk,Kecepatan Berlebih,Jalan Kota,Berlubang,40-60,Lurus,Perempuan,17-25,Ya,pribadi,tunggal,pengemudi,tidak,tidak_dijamin,tidak_ada,0
4/3/2024,2024,4,Jakarta Barat,666,430,22,6,Hujan,Malam,Mobil,Rem Blong,Jalan Kota,Rusak,<40,Tikungan,Laki-laki,17-25,Tidak,pribadi,tunggal,pengemudi,tidak,tidak_dijamin,tidak_ada,0
7/30/2023,2023,7,Palembang,593,431,27,14,Cerah,Dini Hari,Motor,Kondisi Jalan,Jalan Nasional,Baik,>60,Simpang 4,Perempuan,<17,Tidak,pribadi,multi_kendaraan,pengemudi,ya,UU 34/1964,meninggal,23180000000
2/5/2025,2025,2,Semarang,681,183,23,17,Hujan,Dini Hari,Truk,Kondisi Jalan,Jalan Nasional,Baik,40-60,Tikungan,Laki-laki,<17,Tidak,pribadi,multi_kendaraan,pengemudi,ya,UU 34/1964,meninggal,10640000000
12/6/2025,2025,12,Bekasi,1100,331,23,43,Cerah,Pagi,Mobil,Kondisi Jalan,Jalan Kota,Baik,>60,Simpang T,Laki-laki,26-45,Ya,pribadi,multi_kendaraan,pengemudi,ya,UU 34/1964,meninggal,18560000000
1/5/2021,2021,1,Yogyakarta,181,366,29,45,Hujan,Dini Hari,Mobil,Rem Blong,Jalan Provinsi,Rusak,<40,Lurus,Laki-laki,26-45,Ya,pribadi,multi_kendaraan,pengemudi,ya,UU 34/1964,meninggal,20650000000
5/6/2023,2023,5,Surabaya,435,444,25,22,Cerah,Dini Hari,Truk,Kurang Jarak Aman,Jalan Nasional,Rusak,>60,Tikungan,Perempuan,>50,Tidak,pribadi,multi_kendaraan,pengemudi,ya,UU 34/1964,meninggal,23890000000
7/12/2024,2024,7,Medan,717,189,24,48,Hujan,Dini Hari,Motor,Kondisi Jalan,Jalan Kota,Baik,>60,Lurus,Laki-laki,<17,Tidak,pribadi,multi_kendaraan,pengemudi,ya,UU 34/1964,meninggal,11610000000
6/15/2024,2024,6,Semarang,867,333,25,32,Hujan,Siang,Mobil,Pelanggaran Lalu Lintas,Jalan Kota,Berlubang,40-60,Tikungan,Perempuan,17-25,Ya,pribadi,multi_kendaraan,pengemudi,ya,UU 34/1964,meninggal,18540000000
6/30/2025,2025,6,Bekasi,1050,443,30,5,Cerah,Siang,Bus,Kondisi Jalan,Jalan Provinsi,Baik,40-60,Simpang 4,Laki-laki,26-45,Tidak,umum,tunggal,penumpang,ya,UU 33/1964,meninggal,23750000000
4/9/2022,2022,4,Yogyakarta,415,481,29,54,Hujan,Dini Hari,Truk,Kondisi Jalan,Jalan Nasional,Baik,>60,Tikungan,Perempuan,17-25,Ya,pribadi,multi_kendaraan,pengemudi,ya,UU 34/1964,meninggal,26580000000
10/28/2023,2023,10,Bandung,566,250,21,13,Hujan,Siang,Truk,Kurang Jarak Aman,Jalan Provinsi,Berlubang,>60,Simpang T,Perempuan,>50,Tidak,pribadi,multi_kendaraan,pengemudi,ya,UU 34/1964,meninggal,13810000000
12/29/2022,2022,12,Semarang,653,477,21,15,Hujan,Malam,Bus,Rem Blong,Jalan Provinsi,Baik,>60,Lurus,Laki-laki,26-45,Ya,umum,tunggal,penumpang,ya,UU 33/1964,meninggal,25200000000
3/26/2024,2024,3,Yogyakarta,542,112,28,56,Hujan,Malam,Motor,Kurang Jarak Aman,Jalan Nasional,Berlubang,>60,Lurus,Laki-laki,17-25,Tidak,pribadi,tunggal,pengemudi,tidak,tidak_dijamin,tidak_ada,0
11/7/2021,2021,11,Yogyakarta,445,244,24,12,Cerah,Malam,Truk,Kecepatan Berlebih,Jalan Provinsi,Berlubang,>60,Tikungan,Perempuan,17-25,Tidak,pribadi,multi_kendaraan,pengemudi,ya,UU 34/1964,meninggal,13640000000
11/9/2023,2023,11,Medan,681,378,26,17,Hujan,Dini Hari,Mobil,Kecepatan Berlebih,Jalan Provinsi,Rusak,40-60,Simpang T,Laki-laki,26-45,Ya,pribadi,multi_kendaraan,pengemudi,ya,UU 34/1964,meninggal,20540000000
2/13/2022,2022,2,Jakarta Timur,279,293,28,24,Hujan,Malam,Truk,Kurang Jarak Aman,Jalan Provinsi,Rusak,>60,Simpang 4,Laki-laki,17-25,Tidak,pribadi,multi_kendaraan,pengemudi,ya,UU 34/1964,meninggal,16530000000
1/1/2023,2023,1,Makassar,493,191,25,5,Hujan,Malam,Bus,Kurang Jarak Aman,Jalan Nasional,Rusak,>60,Lurus,Perempuan,17-25,Ya,umum,multi_kendaraan,penumpang,ya,UU 33/1964,meninggal,10900000000
8/19/2021,2021,8,Jakarta Selatan,367,399,26,18,Hujan,Malam,Bus,Pelanggaran Lalu Lintas,Jalan Provinsi,Rusak,40-60,Simpang 4,Perempuan,17-25,Ya,umum,multi_kendaraan,penumpang,ya,UU 33/1964,meninggal,21610000000
1/20/2022,2022,1,Semarang,401,170,21,10,Hujan,Malam,Mobil,Pelanggaran Lalu Lintas,Jalan Nasional,Berlubang,<40,Lurus,Perempuan,26-45,Ya,pribadi,multi_kendaraan,pengemudi,ya,UU 34/1964,meninggal,9750000000
9/19/2025,2025,9,Surabaya,854,142,22,15,Hujan,Dini Hari,Truk,Pelanggaran Lalu Lintas,Jalan Kota,Berlubang,40-60,Lurus,Perempuan,<17,Tidak,pribadi,multi_kendaraan,pengemudi,ya,UU 34/1964,meninggal,8500000000
5/22/2024,2024,5,Palembang,581,213,29,12,Cerah,Siang,Truk,Kondisi Jalan,Jalan Nasional,Rusak,>60,Simpang T,Perempuan,17-25,Ya,pribadi,multi_kendaraan,pengemudi,ya,UU 34/1964,meninggal,12340000000
6/22/2023,2023,6,Makassar,840,471,25,37,Hujan,Dini Hari,Motor,Rem Blong,Jalan Kota,Rusak,<40,Tikungan,Perempuan,17-25,Ya,pribadi,multi_kendaraan,pengemudi,ya,UU 34/1964,meninggal,25540000000
8/20/2021,2021,8,Jakarta Selatan,355,215,27,7,Cerah,Pagi,Motor,Pelanggaran Lalu Lintas,Jalan Kota,Baik,>60,Simpang Y,Perempuan,<17,Tidak,pribadi,multi_kendaraan,pengemudi,ya,UU 34/1964,meninggal,12240000000
10/27/2024,2024,10,Yogyakarta,746,439,22,18,Cerah,Malam,Mobil,Kurang Jarak Aman,Jalan Kota,Baik,<40,Tikungan,Perempuan,>50,Tidak,pribadi,multi_kendaraan,pengemudi,ya,UU 34/1964,meninggal,23410000000
2/12/2021,2021,2,Bandung,248,489,29,54,Cerah,Malam,Bus,Kecepatan Berlebih,Jalan Nasional,Berlubang,<40,Lurus,Laki-laki,>50,Tidak,umum,multi_kendaraan,penumpang,ya,UU 33/1964,meninggal,26980000000
5/29/2021,2021,5,Medan,225,489,24,35,Hujan,Malam,Bus,Pelanggaran Lalu Lintas,Jalan Provinsi,Rusak,>60,Simpang 4,Perempuan,17-25,Tidak,umum,multi_kendaraan,penumpang,ya,UU 33/1964,meninggal,26350000000
10/26/2024,2024,10,Medan,779,141,29,59,Hujan,Dini Hari,Bus,Pelanggaran Lalu Lintas,Jalan Kota,Berlubang,40-60,Simpang 4,Perempuan,>50,Ya,umum,tunggal,penumpang,ya,UU 33/1964,meninggal,9680000000
10/12/2023,2023,10,Bandung,620,149,22,5,Cerah,Malam,Mobil,Kurang Jarak Aman,Jalan Nasional,Berlubang,<40,Simpang T,Laki-laki,<17,Tidak,pribadi,multi_kendaraan,pengemudi,ya,UU 34/1964,meninggal,8650000000
1/19/2022,2022,1,Makassar,360,464,25,69,Hujan,Pagi,Bus,Kecepatan Berlebih,Jalan Kota,Berlubang,40-60,Simpang Y,Laki-laki,26-45,Tidak,umum,tunggal,penumpang,ya,UU 33/1964,meninggal,25830000000
4/26/2025,2025,4,Jakarta Selatan,755,280,27,57,Hujan,Siang,Mobil,Kelalaian Pengemudi,Jalan Nasional,Baik,40-60,Tikungan,Laki-laki,>50,Ya,pribadi,tunggal,pengemudi,tidak,tidak_dijamin,tidak_ada,0
4/14/2022,2022,4,Bekasi,356,330,23,9,Hujan,Malam,Motor,Kurang Jarak Aman,Jalan Nasional,Rusak,>60,Tikungan,Laki-laki,17-25,Tidak,pribadi,multi_kendaraan,pengemudi,ya,UU 34/1964,meninggal,17830000000
2/25/2023,2023,2,Surabaya,486,385,26,7,Hujan,Pagi,Bus,Kondisi Jalan,Jalan Provinsi,Rusak,>60,Simpang Y,Perempuan,<17,Tidak,umum,multi_kendaraan,penumpang,ya,UU 33/1964,meninggal,20690000000
3/23/2021,2021,3,Surabaya,247,182,29,49,Cerah,Dini Hari,Truk,Kecepatan Berlebih,Jalan Kota,Baik,<40,Lurus,Laki-laki,>50,Tidak,pribadi,multi_kendaraan,pengemudi,ya,UU 34/1964,meninggal,11530000000
4/27/2022,2022,4,Makassar,322,168,22,11,Hujan,Dini Hari,Truk,Kelalaian Pengemudi,Jalan Nasional,Berlubang,>60,Simpang Y,Perempuan,26-45,Ya,pribadi,multi_kendaraan,pengemudi,ya,UU 34/1964,meninggal,9720000000
10/31/2025,2025,10,Surabaya,878,197,27,33,Cerah,Dini Hari,Bus,Kondisi Jalan,Jalan Nasional,Baik,>60,Simpang Y,Perempuan,<17,Ya,umum,tunggal,penumpang,ya,UU 33/1964,meninggal,11860000000
10/18/2025,2025,10,Palembang,767,139,29,21,Hujan,Malam,Truk,Pelanggaran Lalu Lintas,Jalan Nasional,Berlubang,40-60,Simpang 4,Perempuan,<17,Tidak,pribadi,multi_kendaraan,pengemudi,ya,UU 34/1964,meninggal,8820000000
8/19/2021,2021,8,Jakarta Selatan,304,384,28,7,Cerah,Pagi,Motor,Pelanggaran Lalu Lintas,Jalan Kota,Baik,<40,Tikungan,Laki-laki,<17,Tidak,pribadi,multi_kendaraan,pengemudi,ya,UU 34/1964,meninggal,20740000000
9/21/2025,2025,9,Semarang,801,215,29,43,Cerah,Pagi,Truk,Kurang Jarak Aman,Jalan Provinsi,Berlubang,>60,Lurus,Laki-laki,<17,Tidak,pribadi,multi_kendaraan,pengemudi,ya,UU 34/1964,meninggal,13060000000
7/10/2025,2025,7,Palembang,847,174,29,7,Hujan,Malam,Motor,Rem Blong,Jalan Nasional,Baik,40-60,Simpang T,Laki-laki,17-25,Tidak,pribadi,multi_kendaraan,pengemudi,ya,UU 34/1964,meninggal,10290000000
6/3/2025,2025,6,Medan,896,208,22,42,Hujan,Dini Hari,Mobil,Rem Blong,Jalan Provinsi,Berlubang,>60,Simpang Y,Perempuan,26-45,Tidak,pribadi,multi_kendaraan,pengemudi,ya,UU 34/1964,meninggal,12340000000
4/30/2023,2023,4,Surabaya,479,412,22,32,Hujan,Dini Hari,Mobil,Kondisi Jalan,Jalan Nasional,Berlubang,<40,Lurus,Perempuan,<17,Tidak,pribadi,multi_kendaraan,pengemudi,ya,UU 34/1964,meninggal,22340000000
11/17/2025,2025,11,Yogyakarta,781,175,20,3,Cerah,Pagi,Motor,Kurang Jarak Aman,Jalan Kota,Berlubang,<40,Tikungan,Perempuan,>50,Ya,pribadi,multi_kendaraan,pengemudi,ya,UU 34/1964,meninggal,9810000000
10/11/2022,2022,10,Jakarta Timur,429,290,29,38,Cerah,Pagi,Bus,Kelalaian Pengemudi,Jalan Kota,Baik,40-60,Lurus,Laki-laki,>50,Ya,umum,tunggal,penumpang,ya,UU 33/1964,meninggal,16710000000
12/8/2024,2024,12,Medan,1052,223,28,28,Hujan,Siang,Bus,Kondisi Jalan,Jalan Nasional,Berlubang,40-60,Simpang T,Laki-laki,<17,Ya,umum,multi_kendaraan,penumpang,ya,UU 33/1964,meninggal,13110000000
8/15/2022,2022,8,Bandung,364,306,27,9,Hujan,Dini Hari,Motor,Kurang Jarak Aman,Jalan Kota,Rusak,40-60,Tikungan,Laki-laki,<17,Ya,pribadi,multi_kendaraan,pengemudi,ya,UU 34/1964,meninggal,16830000000
4/7/2024,2024,4,Semarang,549,355,29,3,Cerah,Pagi,Motor,Kurang Jarak Aman,Jalan Kota,Berlubang,<40,Lurus,Perempuan,>50,Tidak,pribadi,multi_kendaraan,pengemudi,ya,UU 34/1964,meninggal,19260000000
8/11/2022,2022,8,Bekasi,505,253,26,27,Cerah,Dini Hari,Truk,Pelanggaran Lalu Lintas,Jalan Provinsi,Rusak,40-60,Simpang T,Laki-laki,>50,Tidak,pribadi,multi_kendaraan,pengemudi,ya,UU 34/1964,meninggal,14490000000
10/3/2022,2022,10,Makassar,470,475,25,22,Hujan,Siang,Mobil,Kecepatan Berlebih,Jalan Provinsi,Rusak,<40,Simpang 4,Perempuan,17-25,Tidak,pribadi,multi_kendaraan,pengemudi,ya,UU 34/1964,meninggal,25440000000
7/27/2025,2025,7,Semarang,815,450,20,15,Cerah,Dini Hari,Mobil,Kurang Jarak Aman,Jalan Provinsi,Rusak,>60,Lurus,Perempuan,<17,Ya,pribadi,multi_kendaraan,pengemudi,ya,UU 34/1964,meninggal,23800000000
9/28/2024,2024,9,Palembang,624,129,27,24,Cerah,Dini Hari,Bus,Rem Blong,Jalan Nasional,Berlubang,<40,Simpang T,Perempuan,>50,Tidak,umum,multi_kendaraan,penumpang,ya,UU 33/1964,meninggal,8280000000
12/20/2021,2021,12,Bekasi,672,482,28,24,Cerah,Malam,Motor,Kecepatan Berlebih,Jalan Kota,Berlubang,<40,Tikungan,Laki-laki,17-25,Ya,pribadi,multi_kendaraan,pengemudi,ya,UU 34/1964,meninggal,25980000000
9/2/2022,2022,9,Makassar,410,180,29,31,Hujan,Malam,Mobil,Kecepatan Berlebih,Jalan Kota,Rusak,40-60,Tikungan,Perempuan,<17,Ya,pribadi,multi_kendaraan,pengemudi,ya,UU 34/1964,meninggal,11070000000
11/22/2025,2025,11,Palembang,847,265,25,35,Cerah,Pagi,Mobil,Pelanggaran Lalu Lintas,Jalan Nasional,Rusak,40-60,Tikungan,Laki-laki,>50,Ya,pribadi,tunggal,pengemudi,tidak,tidak_dijamin,tidak_ada,0
11/1/2022,2022,11,Surabaya,496,445,21,24,Hujan,Dini Hari,Truk,Kurang Jarak Aman,Jalan Provinsi,Berlubang,>60,Simpang T,Laki-laki,>50,Ya,pribadi,multi_kendaraan,pengemudi,ya,UU 34/1964,meninggal,23780000000
2/24/2022,2022,2,Jakarta Timur,390,488,22,8,Hujan,Dini Hari,Truk,Rem Blong,Jalan Kota,Berlubang,40-60,Tikungan,Perempuan,>50,Ya,pribadi,multi_kendaraan,pengemudi,ya,UU 34/1964,meninggal,25660000000
5/4/2021,2021,5,Jakarta Selatan,274,222,23,39,Hujan,Siang,Mobil,Kondisi Jalan,Jalan Provinsi,Baik,40-60,Simpang 4,Perempuan,17-25,Ya,pribadi,multi_kendaraan,pengemudi,ya,UU 34/1964,meninggal,13030000000
2/6/2025,2025,2,Surabaya,641,204,23,47,Cerah,Dini Hari,Mobil,Kurang Jarak Aman,Jalan Kota,Rusak,>60,Lurus,Laki-laki,17-25,Ya,pribadi,tunggal,pengemudi,tidak,tidak_dijamin,tidak_ada,0
2/25/2022,2022,2,Surabaya,400,328,28,18,Hujan,Dini Hari,Truk,Kecepatan Berlebih,Jalan Provinsi,Baik,>60,Simpang Y,Laki-laki,>50,Ya,pribadi,multi_kendaraan,pengemudi,ya,UU 34/1964,meninggal,18160000000
1/10/2025,2025,1,Jakarta Selatan,691,253,22,45,Hujan,Dini Hari,Mobil,Kurang Jarak Aman,Jalan Provinsi,Baik,>60,Simpang Y,Laki-laki,26-45,Ya,pribadi,multi_kendaraan,pengemudi,ya,UU 34/1964,meninggal,14650000000
9/23/2025,2025,9,Bandung,845,285,26,19,Cerah,Dini Hari,Bus,Kelalaian Pengemudi,Jalan Nasional,Baik,40-60,Tikungan,Laki-laki,<17,Tidak,umum,tunggal,penumpang,ya,UU 33/1964,meninggal,15930000000
10/13/2025,2025,10,Semarang,829,105,21,7,Hujan,Dini Hari,Truk,Pelanggaran Lalu Lintas,Jalan Provinsi,Baik,<40,Simpang 4,Laki-laki,<17,Ya,pribadi,tunggal,pengemudi,tidak,tidak_dijamin,tidak_ada,0
6/19/2022,2022,6,Bandung,589,276,21,27,Cerah,Siang,Motor,Pelanggaran Lalu Lintas,Jalan Kota,Baik,<40,Simpang Y,Laki-laki,17-25,Tidak,pribadi,tunggal,pengemudi,tidak,tidak_dijamin,tidak_ada,0
11/26/2024,2024,11,Surabaya,770,103,20,15,Hujan,Siang,Mobil,Rem Blong,Jalan Nasional,Rusak,>60,Tikungan,Laki-laki,26-45,Ya,pribadi,multi_kendaraan,pengemudi,ya,UU 34/1964,meninggal,6450000000
7/18/2025,2025,7,Jakarta Timur,805,105,26,35,Cerah,Siang,Truk,Kondisi Jalan,Jalan Provinsi,Rusak,<40,Simpang T,Perempuan,26-45,Tidak,pribadi,multi_kendaraan,pengemudi,ya,UU 34/1964,meninggal,7250000000
5/13/2023,2023,5,Bekasi,527,199,30,22,Hujan,Dini Hari,Bus,Kurang Jarak Aman,Jalan Nasional,Rusak,40-60,Simpang T,Laki-laki,26-45,Tidak,umum,tunggal,penumpang,ya,UU 33/1964,meninggal,11890000000
10/12/2022,2022,10,Medan,484,466,21,29,Hujan,Dini Hari,Truk,Kondisi Jalan,Jalan Provinsi,Baik,<40,Lurus,Perempuan,>50,Tidak,pribadi,tunggal,pengemudi,tidak,tidak_dijamin,tidak_ada,0
7/26/2023,2023,7,Yogyakarta,610,340,30,40,Hujan,Dini Hari,Mobil,Pelanggaran Lalu Lintas,Jalan Kota,Berlubang,40-60,Simpang 4,Perempuan,17-25,Tidak,pribadi,multi_kendaraan,pengemudi,ya,UU 34/1964,meninggal,19300000000
10/10/2022,2022,10,Yogyakarta,420,403,21,41,Cerah,Malam,Truk,Kurang Jarak Aman,Jalan Kota,Rusak,>60,Simpang 4,Laki-laki,26-45,Tidak,pribadi,multi_kendaraan,pengemudi,ya,UU 34/1964,meninggal,22020000000
5/19/2024,2024,5,Yogyakarta,677,168,29,9,Hujan,Siang,Mobil,Kurang Jarak Aman,Jalan Kota,Berlubang,40-60,Simpang Y,Laki-laki,>50,Ya,pribadi,multi_kendaraan,pengemudi,ya,UU 34/1964,meninggal,10030000000
2/14/2023,2023,2,Makassar,446,360,28,39,Cerah,Siang,Truk,Kondisi Jalan,Jalan Provinsi,Baik,>60,Lurus,Laki-laki,17-25,Tidak,pribadi,tunggal,pengemudi,tidak,tidak_dijamin,tidak_ada,0
7/8/2025,2025,7,Medan,799,335,27,29,Cerah,Pagi,Bus,Pelanggaran Lalu Lintas,Jalan Nasional,Baik,40-60,Tikungan,Perempuan,<17,Tidak,umum,multi_kendaraan,penumpang,ya,UU 33/1964,meninggal,18680000000
5/11/2025,2025,5,Jakarta Selatan,743,317,21,17,Hujan,Dini Hari,Bus,Kurang Jarak Aman,Jalan Provinsi,Baik,<40,Simpang 4,Laki-laki,26-45,Ya,umum,multi_kendaraan,penumpang,ya,UU 33/1964,meninggal,17240000000
1/2/2025,2025,1,Makassar,696,431,20,32,Hujan,Siang,Truk,Kelalaian Pengemudi,Jalan Nasional,Rusak,<40,Tikungan,Laki-laki,<17,Tidak,pribadi,multi_kendaraan,pengemudi,ya,UU 34/1964,meninggal,23190000000
11/30/2022,2022,11,Jakarta Timur,456,330,27,24,Cerah,Malam,Mobil,Kondisi Jalan,Jalan Provinsi,Berlubang,>60,Simpang 4,Perempuan,<17,Ya,pribadi,multi_kendaraan,pengemudi,ya,UU 34/1964,meninggal,18330000000
5/7/2023,2023,5,Bekasi,479,323,28,15,Hujan,Dini Hari,Truk,Kurang Jarak Aman,Jalan Nasional,Baik,<40,Simpang Y,Perempuan,<17,Tidak,pribadi,multi_kendaraan,pengemudi,ya,UU 34/1964,meninggal,17850000000
3/24/2024,2024,3,Jakarta Selatan,592,345,23,12,Cerah,Malam,Motor,Rem Blong,Jalan Provinsi,Baik,>60,Lurus,Laki-laki,26-45,Tidak,pribadi,multi_kendaraan,pengemudi,ya,UU 34/1964,meninggal,18640000000
11/21/2025,2025,11,Makassar,788,200,30,26,Cerah,Siang,Motor,Rem Blong,Jalan Provinsi,Rusak,40-60,Lurus,Laki-laki,>50,Tidak,pribadi,multi_kendaraan,pengemudi,ya,UU 34/1964,meninggal,12020000000
3/10/2023,2023,3,Surabaya,497,243,23,13,Cerah,Pagi,Mobil,Rem Blong,Jalan Provinsi,Berlubang,40-60,Simpang T,Perempuan,<17,Ya,pribadi,multi_kendaraan,pengemudi,ya,UU 34/1964,meninggal,13560000000
8/22/2024,2024,8,Palembang,698,129,21,23,Hujan,Dini Hari,Truk,Kurang Jarak Aman,Jalan Provinsi,Berlubang,40-60,Lurus,Perempuan,>50,Ya,pribadi,multi_kendaraan,pengemudi,ya,UU 34/1964,meninggal,7960000000
4/17/2023,2023,4,Palembang,515,449,27,33,Cerah,Siang,Bus,Kecepatan Berlebih,Jalan Kota,Baik,>60,Simpang Y,Laki-laki,17-25,Tidak,umum,multi_kendaraan,penumpang,ya,UU 33/1964,meninggal,24460000000
2/14/2023,2023,2,Surabaya,448,490,23,2,Hujan,Malam,Motor,Rem Blong,Jalan Nasional,Baik,>60,Lurus,Perempuan,>50,Ya,pribadi,multi_kendaraan,pengemudi,ya,UU 34/1964,meninggal,25690000000
10/16/2023,2023,10,Makassar,554,249,29,16,Cerah,Malam,Motor,Kelalaian Pengemudi,Jalan Provinsi,Baik,40-60,Simpang 4,Perempuan,26-45,Tidak,pribadi,multi_kendaraan,pengemudi,ya,UU 34/1964,meninggal,14220000000
1/14/2023,2023,1,Makassar,382,382,21,5,Hujan,Malam,Bus,Kurang Jarak Aman,Jalan Nasional,Rusak,<40,Tikungan,Perempuan,17-25,Ya,umum,multi_kendaraan,penumpang,ya,UU 33/1964,meninggal,20250000000
10/22/2021,2021,10,Jakarta Selatan,294,255,25,9,Cerah,Malam,Motor,Kelalaian Pengemudi,Jalan Nasional,Baik,40-60,Simpang T,Perempuan,<17,Tidak,pribadi,multi_kendaraan,pengemudi,ya,UU 34/1964,meninggal,14180000000
7/26/2023,2023,7,Medan,568,191,28,33,Cerah,Malam,Motor,Kondisi Jalan,Jalan Provinsi,Baik,40-60,Tikungan,Laki-laki,17-25,Ya,pribadi,multi_kendaraan,pengemudi,ya,UU 34/1964,meninggal,11610000000
10/11/2021,2021,10,Jakarta Timur,275,143,23,55,Cerah,Siang,Motor,Kelalaian Pengemudi,Jalan Kota,Rusak,>60,Simpang 4,Perempuan,>50,Ya,pribadi,multi_kendaraan,pengemudi,ya,UU 34/1964,meninggal,9400000000
4/12/2021,2021,4,Medan,270,157,20,0,Cerah,Dini Hari,Bus,Kecepatan Berlebih,Jalan Nasional,Berlubang,40-60,Simpang 4,Laki-laki,17-25,Ya,umum,tunggal,penumpang,ya,UU 33/1964,meninggal,8850000000
1/29/2023,2023,1,Jakarta Timur,381,340,20,9,Hujan,Dini Hari,Bus,Pelanggaran Lalu Lintas,Jalan Provinsi,Rusak,40-60,Lurus,Laki-laki,26-45,Ya,umum,multi_kendaraan,penumpang,ya,UU 33/1964,meninggal,18180000000
9/2/2022,2022,9,Makassar,463,324,29,12,Cerah,Pagi,Mobil,Kurang Jarak Aman,Jalan Nasional,Rusak,>60,Lurus,Perempuan,26-45,Ya,pribadi,tunggal,pengemudi,tidak,tidak_dijamin,tidak_ada,0
10/9/2023,2023,10,Bekasi,541,388,27,25,Hujan,Dini Hari,Motor,Kelalaian Pengemudi,Jalan Kota,Rusak,<40,Simpang T,Laki-laki,>50,Tidak,pribadi,multi_kendaraan,pengemudi,ya,UU 34/1964,meninggal,21250000000
10/11/2025,2025,10,Surabaya,893,206,21,32,Hujan,Dini Hari,Motor,Rem Blong,Jalan Provinsi,Baik,>60,Tikungan,Perempuan,<17,Tidak,pribadi,tunggal,pengemudi,tidak,tidak_dijamin,tidak_ada,0
10/20/2023,2023,10,Jakarta Timur,666,274,23,30,Cerah,Siang,Mobil,Kondisi Jalan,Jalan Nasional,Rusak,<40,Lurus,Laki-laki,<17,Ya,pribadi,tunggal,pengemudi,tidak,tidak_dijamin,tidak_ada,0
10/29/2024,2024,10,Yogyakarta,712,118,28,18,Cerah,Malam,Mobil,Kurang Jarak Aman,Jalan Kota,Baik,40-60,Simpang 4,Laki-laki,<17,Tidak,pribadi,multi_kendaraan,pengemudi,ya,UU 34/1964,meninggal,7660000000
6/24/2025,2025,6,Surabaya,874,495,29,10,Hujan,Siang,Truk,Kecepatan Berlebih,Jalan Provinsi,Berlubang,40-60,Simpang 4,Perempuan,26-45,Ya,pribadi,multi_kendaraan,pengemudi,ya,UU 34/1964,meninggal,26400000000
10/9/2022,2022,10,Palembang,425,275,23,19,Hujan,Siang,Mobil,Kondisi Jalan,Jalan Nasional,Baik,>60,Lurus,Laki-laki,17-25,Tidak,pribadi,multi_kendaraan,pengemudi,ya,UU 34/1964,meninggal,15280000000
5/3/2024,2024,5,Yogyakarta,596,497,30,41,Cerah,Siang,Bus,Kurang Jarak Aman,Jalan Provinsi,Berlubang,40-60,Simpang Y,Perempuan,26-45,Ya,umum,multi_kendaraan,penumpang,ya,UU 33/1964,meninggal,27170000000
2/21/2021,2021,2,Surabaya,258,205,27,11,Hujan,Dini Hari,Bus,Kondisi Jalan,Jalan Nasional,Rusak,40-60,Simpang Y,Laki-laki,<17,Tidak,umum,tunggal,penumpang,ya,UU 33/1964,meninggal,11820000000
1/11/2022,2022,1,Palembang,323,397,28,16,Hujan,Pagi,Bus,Kelalaian Pengemudi,Jalan Kota,Berlubang,>60,Lurus,Laki-laki,26-45,Ya,umum,tunggal,penumpang,ya,UU 33/1964,meninggal,21570000000
11/14/2023,2023,11,Bekasi,647,364,23,45,Cerah,Malam,Mobil,Rem Blong,Jalan Kota,Baik,>60,Tikungan,Laki-laki,<17,Ya,pribadi,tunggal,pengemudi,tidak,tidak_dijamin,tidak_ada,0
1/9/2021,2021,1,Medan,266,381,24,13,Hujan,Pagi,Mobil,Rem Blong,Jalan Nasional,Berlubang,<40,Simpang Y,Perempuan,17-25,Ya,pribadi,multi_kendaraan,pengemudi,ya,UU 34/1964,meninggal,20510000000
11/3/2025,2025,11,Bandung,765,369,29,14,Cerah,Dini Hari,Mobil,Rem Blong,Jalan Provinsi,Baik,40-60,Simpang T,Perempuan,17-25,Ya,pribadi,tunggal,pengemudi,tidak,tidak_dijamin,tidak_ada,0
3/29/2021,2021,3,Makassar,176,414,22,9,Cerah,Malam,Truk,Kurang Jarak Aman,Jalan Provinsi,Berlubang,>60,Lurus,Laki-laki,<17,Tidak,pribadi,tunggal,pengemudi,tidak,tidak_dijamin,tidak_ada,0
12/5/2021,2021,12,Medan,676,335,30,41,Hujan,Pagi,Truk,Kurang Jarak Aman,Jalan Provinsi,Baik,40-60,Lurus,Perempuan,17-25,Tidak,pribadi,multi_kendaraan,pengemudi,ya,UU 34/1964,meninggal,19070000000
2/28/2022,2022,2,Semarang,285,306,22,34,Hujan,Siang,Bus,Kecepatan Berlebih,Jalan Provinsi,Rusak,<40,Simpang Y,Laki-laki,>50,Tidak,umum,multi_kendaraan,penumpang,ya,UU 33/1964,meninggal,17080000000
11/11/2022,2022,11,Semarang,435,289,28,13,Hujan,Malam,Truk,Kecepatan Berlebih,Jalan Kota,Rusak,<40,Simpang T,Perempuan,26-45,Ya,pribadi,tunggal,pengemudi,tidak,tidak_dijamin,tidak_ada,0
8/4/2022,2022,8,Yogyakarta,435,183,28,11,Cerah,Siang,Motor,Pelanggaran Lalu Lintas,Jalan Kota,Baik,<40,Simpang Y,Laki-laki,>50,Tidak,pribadi,multi_kendaraan,pengemudi,ya,UU 34/1964,meninggal,10770000000
7/8/2023,2023,7,Medan,471,481,24,19,Hujan,Dini Hari,Truk,Kelalaian Pengemudi,Jalan Provinsi,Berlubang,<40,Simpang 4,Perempuan,26-45,Tidak,pribadi,tunggal,pengemudi,tidak,tidak_dijamin,tidak_ada,0
11/14/2024,2024,11,Jakarta Timur,793,366,20,1,Hujan,Pagi,Bus,Kurang Jarak Aman,Jalan Nasional,Rusak,>60,Lurus,Perempuan,17-25,Tidak,umum,multi_kendaraan,penumpang,ya,UU 33/1964,meninggal,19320000000
9/16/2021,2021,9,Bandung,337,143,28,28,Hujan,Pagi,Truk,Pelanggaran Lalu Lintas,Jalan Provinsi,Berlubang,>60,Simpang Y,Perempuan,>50,Ya,pribadi,tunggal,pengemudi,tidak,tidak_dijamin,tidak_ada,0
3/12/2022,2022,3,Makassar,319,187,26,44,Hujan,Malam,Mobil,Rem Blong,Jalan Provinsi,Baik,>60,Simpang 4,Laki-laki,<17,Ya,pribadi,multi_kendaraan,pengemudi,ya,UU 34/1964,meninggal,11530000000
5/16/2022,2022,5,Jakarta Selatan,454,194,21,8,Hujan,Malam,Mobil,Kurang Jarak Aman,Jalan Nasional,Baik,>60,Simpang Y,Perempuan,<17,Ya,pribadi,multi_kendaraan,pengemudi,ya,UU 34/1964,meninggal,10910000000
2/6/2023,2023,2,Bekasi,510,183,30,9,Cerah,Siang,Mobil,Kondisi Jalan,Jalan Nasional,Berlubang,>60,Lurus,Perempuan,17-25,Tidak,pribadi,multi_kendaraan,pengemudi,ya,UU 34/1964,meninggal,10830000000
12/9/2023,2023,12,Medan,904,174,22,9,Cerah,Pagi,Motor,Kecepatan Berlebih,Jalan Nasional,Rusak,<40,Simpang Y,Laki-laki,>50,Ya,pribadi,tunggal,pengemudi,tidak,tidak_dijamin,tidak_ada,0
9/11/2025,2025,9,Jakarta Timur,808,353,30,12,Hujan,Dini Hari,Bus,Kondisi Jalan,Jalan Kota,Rusak,>60,Simpang Y,Laki-laki,17-25,Ya,umum,tunggal,penumpang,ya,UU 33/1964,meninggal,19390000000
9/16/2024,2024,9,Yogyakarta,632,406,25,16,Hujan,Pagi,Mobil,Kelalaian Pengemudi,Jalan Kota,Berlubang,<40,Simpang Y,Perempuan,26-45,Ya,pribadi,multi_kendaraan,pengemudi,ya,UU 34/1964,meninggal,21870000000
1/13/2024,2024,1,Surabaya,640,138,22,61,Hujan,Siang,Truk,Kecepatan Berlebih,Jalan Nasional,Baik,<40,Simpang T,Perempuan,26-45,Tidak,pribadi,multi_kendaraan,pengemudi,ya,UU 34/1964,meninggal,9220000000
9/4/2024,2024,9,Jakarta Selatan,671,472,28,26,Cerah,Malam,Bus,Pelanggaran Lalu Lintas,Jalan Nasional,Baik,40-60,Tikungan,Perempuan,26-45,Ya,umum,tunggal,penumpang,ya,UU 33/1964,meninggal,25520000000
4/29/2021,2021,4,Bekasi,302,496,25,16,Cerah,Malam,Bus,Rem Blong,Jalan Kota,Berlubang,<40,Lurus,Perempuan,<17,Tidak,umum,multi_kendaraan,penumpang,ya,UU 33/1964,meninggal,26370000000
10/5/2021,2021,10,Jakarta Selatan,419,481,25,32,Cerah,Dini Hari,Truk,Kondisi Jalan,Jalan Kota,Baik,40-60,Lurus,Perempuan,<17,Tidak,pribadi,tunggal,pengemudi,tidak,tidak_dijamin,tidak_ada,0
11/14/2022,2022,11,Jakarta Selatan,447,219,22,11,Cerah,Dini Hari,Truk,Kurang Jarak Aman,Jalan Provinsi,Rusak,40-60,Tikungan,Perempuan,17-25,Tidak,pribadi,multi_kendaraan,pengemudi,ya,UU 34/1964,meninggal,12270000000
5/21/2023,2023,5,Jakarta Timur,591,110,25,61,Cerah,Siang,Motor,Kondisi Jalan,Jalan Provinsi,Berlubang,>60,Simpang Y,Laki-laki,<17,Tidak,pribadi,multi_kendaraan,pengemudi,ya,UU 34/1964,meninggal,7970000000
3/5/2022,2022,3,Palembang,353,219,29,48,Hujan,Dini Hari,Motor,Rem Blong,Jalan Nasional,Rusak,40-60,Simpang 4,Laki-laki,26-45,Tidak,pribadi,multi_kendaraan,pengemudi,ya,UU 34/1964,meninggal,13360000000
5/24/2022,2022,5,Medan,389,109,29,8,Cerah,Pagi,Mobil,Rem Blong,Jalan Kota,Berlubang,>60,Lurus,Laki-laki,17-25,Tidak,pribadi,multi_kendaraan,pengemudi,ya,UU 34/1964,meninggal,7060000000
5/12/2022,2022,5,Medan,449,207,20,22,Hujan,Pagi,Motor,Kurang Jarak Aman,Jalan Provinsi,Rusak,40-60,Simpang T,Laki-laki,26-45,Tidak,pribadi,tunggal,pengemudi,tidak,tidak_dijamin,tidak_ada,0
9/7/2022,2022,9,Medan,467,268,23,18,Hujan,Pagi,Mobil,Rem Blong,Jalan Provinsi,Rusak,>60,Lurus,Laki-laki,26-45,Ya,pribadi,multi_kendaraan,pengemudi,ya,UU 34/1964,meninggal,14910000000
3/5/2021,2021,3,Bandung,192,347,30,13,Cerah,Siang,Mobil,Pelanggaran Lalu Lintas,Jalan Nasional,Berlubang,>60,Simpang Y,Laki-laki,<17,Tidak,pribadi,multi_kendaraan,pengemudi,ya,UU 34/1964,meninggal,19110000000
3/23/2024,2024,3,Semarang,652,234,24,25,Hujan,Dini Hari,Motor,Kelalaian Pengemudi,Jalan Kota,Baik,>60,Tikungan,Laki-laki,17-25,Tidak,pribadi,tunggal,pengemudi,tidak,tidak_dijamin,tidak_ada,0
1/31/2022,2022,1,Bekasi,344,136,20,27,Hujan,Dini Hari,Truk,Kondisi Jalan,Jalan Provinsi,Berlubang,>60,Lurus,Perempuan,17-25,Ya,pribadi,multi_kendaraan,pengemudi,ya,UU 34/1964,meninggal,8340000000
2/16/2025,2025,2,Medan,772,323,30,48,Hujan,Dini Hari,Bus,Kecepatan Berlebih,Jalan Nasional,Rusak,<40,Lurus,Perempuan,17-25,Tidak,umum,multi_kendaraan,penumpang,ya,UU 33/1964,meninggal,18610000000
5/9/2024,2024,5,Medan,711,146,29,1,Cerah,Malam,Truk,Kelalaian Pengemudi,Jalan Provinsi,Berlubang,>60,Simpang 4,Perempuan,26-45,Ya,pribadi,tunggal,pengemudi,tidak,tidak_dijamin,tidak_ada,0
10/2/2023,2023,10,Palembang,607,354,26,34,Hujan,Pagi,Mobil,Rem Blong,Jalan Nasional,Berlubang,<40,Simpang 4,Laki-laki,<17,Tidak,pribadi,multi_kendaraan,pengemudi,ya,UU 34/1964,meninggal,19680000000
3/22/2022,2022,3,Yogyakarta,285,174,27,41,Cerah,Malam,Mobil,Pelanggaran Lalu Lintas,Jalan Provinsi,Berlubang,<40,Simpang Y,Perempuan,<17,Ya,pribadi,multi_kendaraan,pengemudi,ya,UU 34/1964,meninggal,10870000000
10/27/2022,2022,10,Bandung,401,277,23,18,Cerah,Siang,Truk,Kelalaian Pengemudi,Jalan Nasional,Baik,40-60,Simpang 4,Laki-laki,<17,Tidak,pribadi,tunggal,pengemudi,tidak,tidak_dijamin,tidak_ada,0
2/20/2021,2021,2,Bekasi,298,113,28,59,Hujan,Dini Hari,Truk,Kelalaian Pengemudi,Jalan Nasional,Baik,<40,Simpang 4,Laki-laki,17-25,Tidak,pribadi,multi_kendaraan,pengemudi,ya,UU 34/1964,meninggal,8230000000
6/15/2025,2025,6,Yogyakarta,992,173,25,16,Hujan,Malam,Bus,Rem Blong,Jalan Nasional,Rusak,<40,Simpang T,Perempuan,<17,Tidak,umum,multi_kendaraan,penumpang,ya,UU 33/1964,meninggal,10220000000
12/30/2025,2025,12,Palembang,1201,335,25,15,Cerah,Pagi,Mobil,Kurang Jarak Aman,Jalan Provinsi,Baik,>60,Simpang Y,Perempuan,>50,Tidak,pribadi,multi_kendaraan,pengemudi,ya,UU 34/1964,meninggal,18300000000
4/23/2021,2021,4,Semarang,320,499,30,38,Hujan,Siang,Truk,Kondisi Jalan,Jalan Kota,Baik,>60,Tikungan,Laki-laki,17-25,Tidak,pribadi,tunggal,pengemudi,tidak,tidak_dijamin,tidak_ada,0
4/22/2025,2025,4,Semarang,721,324,21,10,Hujan,Siang,Mobil,Kelalaian Pengemudi,Jalan Nasional,Baik,40-60,Simpang Y,Perempuan,<17,Tidak,pribadi,multi_kendaraan,pengemudi,ya,UU 34/1964,meninggal,17450000000
11/15/2022,2022,11,Medan,462,430,26,7,Hujan,Pagi,Bus,Pelanggaran Lalu Lintas,Jalan Provinsi,Berlubang,40-60,Simpang Y,Perempuan,17-25,Tidak,umum,multi_kendaraan,penumpang,ya,UU 33/1964,meninggal,22940000000
8/13/2023,2023,8,Jakarta Selatan,615,185,29,37,Cerah,Siang,Mobil,Kecepatan Berlebih,Jalan Nasional,Rusak,<40,Simpang Y,Laki-laki,26-45,Ya,pribadi,tunggal,pengemudi,tidak,tidak_dijamin,tidak_ada,0
11/14/2022,2022,11,Yogyakarta,423,310,25,54,Hujan,Pagi,Mobil,Kurang Jarak Aman,Jalan Provinsi,Rusak,>60,Simpang 4,Laki-laki,>50,Tidak,pribadi,tunggal,pengemudi,tidak,tidak_dijamin,tidak_ada,0
7/31/2023,2023,7,Medan,601,161,30,28,Hujan,Pagi,Motor,Kondisi Jalan,Jalan Kota,Baik,>60,Simpang 4,Perempuan,>50,Ya,pribadi,multi_kendaraan,pengemudi,ya,UU 34/1964,meninggal,10110000000
5/1/2023,2023,5,Semarang,437,457,20,29,Cerah,Malam,Mobil,Kecepatan Berlebih,Jalan Provinsi,Baik,40-60,Simpang T,Perempuan,17-25,Ya,pribadi,multi_kendaraan,pengemudi,ya,UU 34/1964,meninggal,24430000000
3/14/2024,2024,3,Bekasi,670,181,26,60,Hujan,Siang,Mobil,Pelanggaran Lalu Lintas,Jalan Provinsi,Baik,>60,Tikungan,Perempuan,<17,Tidak,pribadi,multi_kendaraan,pengemudi,ya,UU 34/1964,meninggal,11550000000
11/16/2022,2022,11,Palembang,425,285,30,18,Cerah,Dini Hari,Mobil,Kecepatan Berlebih,Jalan Kota,Baik,<40,Lurus,Laki-laki,>50,Tidak,pribadi,tunggal,pengemudi,tidak,tidak_dijamin,tidak_ada,0
5/27/2023,2023,5,Surabaya,569,283,30,16,Cerah,Pagi,Bus,Kelalaian Pengemudi,Jalan Provinsi,Baik,40-60,Tikungan,Laki-laki,<17,Ya,umum,multi_kendaraan,penumpang,ya,UU 33/1964,meninggal,15970000000
10/29/2022,2022,10,Jakarta Timur,513,416,28,41,Cerah,Malam,Mobil,Pelanggaran Lalu Lintas,Jalan Nasional,Berlubang,<40,Simpang 4,Perempuan,17-25,Tidak,pribadi,multi_kendaraan,pengemudi,ya,UU 34/1964,meninggal,23020000000
2/19/2023,2023,2,Semarang,471,157,23,12,Cerah,Pagi,Mobil,Pelanggaran Lalu Lintas,Jalan Provinsi,Berlubang,<40,Tikungan,Laki-laki,>50,Tidak,pribadi,tunggal,pengemudi,tidak,tidak_dijamin,tidak_ada,0
2/24/2025,2025,2,Surabaya,684,495,20,23,Hujan,Malam,Mobil,Kondisi Jalan,Jalan Provinsi,Rusak,40-60,Simpang Y,Laki-laki,<17,Tidak,pribadi,tunggal,pengemudi,tidak,tidak_dijamin,tidak_ada,0
9/20/2021,2021,9,Surabaya,308,286,22,10,Hujan,Dini Hari,Mobil,Kondisi Jalan,Jalan Provinsi,Baik,>60,Simpang T,Perempuan,17-25,Ya,pribadi,multi_kendaraan,pengemudi,ya,UU 34/1964,meninggal,15600000000
8/18/2025,2025,8,Bandung,832,498,23,0,Cerah,Dini Hari,Truk,Kecepatan Berlebih,Jalan Kota,Berlubang,<40,Simpang 4,Perempuan,26-45,Ya,pribadi,tunggal,pengemudi,tidak,tidak_dijamin,tidak_ada,0
7/11/2022,2022,7,Palembang,475,351,20,26,Cerah,Dini Hari,Motor,Kelalaian Pengemudi,Jalan Provinsi,Rusak,<40,Lurus,Perempuan,<17,Tidak,pribadi,multi_kendaraan,pengemudi,ya,UU 34/1964,meninggal,19070000000
1/30/2023,2023,1,Yogyakarta,435,404,24,10,Hujan,Dini Hari,Bus,Kelalaian Pengemudi,Jalan Provinsi,Berlubang,40-60,Simpang 4,Laki-laki,>50,Tidak,umum,tunggal,penumpang,ya,UU 33/1964,meninggal,21600000000
4/16/2025,2025,4,Jakarta Selatan,793,280,22,24,Cerah,Dini Hari,Bus,Kelalaian Pengemudi,Jalan Provinsi,Baik,<40,Lurus,Perempuan,>50,Ya,umum,multi_kendaraan,penumpang,ya,UU 33/1964,meninggal,15580000000
4/9/2025,2025,4,Palembang,803,233,20,64,Cerah,Malam,Truk,Kondisi Jalan,Jalan Nasional,Rusak,40-60,Tikungan,Perempuan,>50,Tidak,pribadi,multi_kendaraan,pengemudi,ya,UU 34/1964,meninggal,13930000000
6/9/2022,2022,6,Surabaya,722,256,29,47,Hujan,Dini Hari,Bus,Rem Blong,Jalan Nasional,Berlubang,40-60,Tikungan,Perempuan,<17,Ya,umum,tunggal,penumpang,ya,UU 33/1964,meninggal,15190000000
7/4/2021,2021,7,Bekasi,308,480,21,6,Cerah,Malam,Motor,Pelanggaran Lalu Lintas,Jalan Kota,Baik,40-60,Simpang 4,Laki-laki,17-25,Ya,pribadi,multi_kendaraan,pengemudi,ya,UU 34/1964,meninggal,25170000000
8/27/2025,2025,8,Bandung,774,258,29,4,Hujan,Dini Hari,Motor,Kondisi Jalan,Jalan Kota,Baik,>60,Simpang 4,Laki-laki,26-45,Ya,pribadi,multi_kendaraan,pengemudi,ya,UU 34/1964,meninggal,14430000000
1/12/2022,2022,1,Jakarta Selatan,274,153,26,43,Hujan,Siang,Motor,Kondisi Jalan,Jalan Kota,Berlubang,<40,Tikungan,Perempuan,17-25,Tidak,pribadi,tunggal,pengemudi,tidak,tidak_dijamin,tidak_ada,0
7/3/2021,2021,7,Yogyakarta,307,388,20,20,Hujan,Siang,Mobil,Kecepatan Berlebih,Jalan Kota,Berlubang,>60,Simpang T,Laki-laki,>50,Tidak,pribadi,tunggal,pengemudi,tidak,tidak_dijamin,tidak_ada,0
7/12/2022,2022,7,Medan,450,391,23,34,Cerah,Pagi,Truk,Kurang Jarak Aman,Jalan Nasional,Berlubang,40-60,Simpang 4,Laki-laki,17-25,Ya,pribadi,multi_kendaraan,pengemudi,ya,UU 34/1964,meninggal,21380000000
9/16/2022,2022,9,Medan,460,116,24,22,Cerah,Siang,Motor,Kelalaian Pengemudi,Jalan Kota,Rusak,40-60,Simpang Y,Perempuan,>50,Ya,pribadi,tunggal,pengemudi,tidak,tidak_dijamin,tidak_ada,0
2/4/2023,2023,2,Jakarta Selatan,494,313,29,51,Cerah,Siang,Truk,Kecepatan Berlebih,Jalan Provinsi,Baik,<40,Lurus,Laki-laki,<17,Tidak,pribadi,multi_kendaraan,pengemudi,ya,UU 34/1964,meninggal,18120000000
2/24/2025,2025,2,Palembang,684,380,30,12,Hujan,Pagi,Truk,Kelalaian Pengemudi,Jalan Nasional,Berlubang,>60,Tikungan,Laki-laki,>50,Tidak,pribadi,multi_kendaraan,pengemudi,ya,UU 34/1964,meninggal,20740000000
2/8/2021,2021,2,Surabaya,247,114,21,43,Cerah,Siang,Mobil,Kecepatan Berlebih,Jalan Provinsi,Berlubang,>60,Simpang 4,Laki-laki,<17,Tidak,pribadi,multi_kendaraan,pengemudi,ya,UU 34/1964,meninggal,7610000000
3/11/2025,2025,3,Bekasi,793,240,26,36,Cerah,Malam,Motor,Pelanggaran Lalu Lintas,Jalan Provinsi,Berlubang,40-60,Tikungan,Laki-laki,>50,Tidak,pribadi,multi_kendaraan,pengemudi,ya,UU 34/1964,meninggal,14020000000
12/29/2025,2025,12,Jakarta Selatan,1086,259,28,22,Hujan,Malam,Bus,Kondisi Jalan,Jalan Nasional,Berlubang,<40,Lurus,Perempuan,26-45,Tidak,umum,tunggal,penumpang,ya,UU 33/1964,meninggal,14790000000
10/31/2021,2021,10,Yogyakarta,345,191,28,20,Hujan,Siang,Bus,Kondisi Jalan,Jalan Kota,Berlubang,>60,Simpang T,Perempuan,>50,Ya,umum,multi_kendaraan,penumpang,ya,UU 33/1964,meninggal,11350000000
4/17/2025,2025,4,Jakarta Selatan,694,465,28,13,Hujan,Malam,Mobil,Pelanggaran Lalu Lintas,Jalan Provinsi,Baik,40-60,Simpang T,Perempuan,>50,Ya,pribadi,multi_kendaraan,pengemudi,ya,UU 34/1964,meninggal,24910000000
4/25/2022,2022,4,Yogyakarta,459,425,27,21,Cerah,Dini Hari,Motor,Kecepatan Berlebih,Jalan Kota,Rusak,<40,Simpang Y,Perempuan,17-25,Ya,pribadi,multi_kendaraan,pengemudi,ya,UU 34/1964,meninggal,23020000000
1/19/2021,2021,1,Medan,285,450,25,11,Hujan,Dini Hari,Truk,Pelanggaran Lalu Lintas,Jalan Kota,Rusak,>60,Simpang 4,Perempuan,17-25,Tidak,pribadi,tunggal,pengemudi,tidak,tidak_dijamin,tidak_ada,0
2/26/2022,2022,2,Bandung,314,293,27,33,Cerah,Malam,Motor,Kecepatan Berlebih,Jalan Provinsi,Rusak,>60,Lurus,Perempuan,>50,Ya,pribadi,multi_kendaraan,pengemudi,ya,UU 34/1964,meninggal,16660000000
12/19/2023,2023,12,Semarang,889,417,21,24,Hujan,Malam,Motor,Kondisi Jalan,Jalan Provinsi,Baik,>60,Simpang Y,Laki-laki,17-25,Ya,pribadi,multi_kendaraan,pengemudi,ya,UU 34/1964,meninggal,22380000000
11/16/2024,2024,11,Yogyakarta,692,247,28,26,Cerah,Dini Hari,Motor,Kurang Jarak Aman,Jalan Nasional,Berlubang,>60,Simpang 4,Perempuan,<17,Ya,pribadi,multi_kendaraan,pengemudi,ya,UU 34/1964,meninggal,14270000000
8/17/2025,2025,8,Jakarta Selatan,720,139,23,2,Cerah,Dini Hari,Mobil,Kelalaian Pengemudi,Jalan Nasional,Rusak,40-60,Simpang T,Laki-laki,>50,Tidak,pribadi,multi_kendaraan,pengemudi,ya,UU 34/1964,meninggal,8140000000
11/11/2025,2025,11,Yogyakarta,909,209,25,10,Hujan,Siang,Mobil,Kelalaian Pengemudi,Jalan Provinsi,Berlubang,<40,Simpang T,Laki-laki,<17,Tidak,pribadi,multi_kendaraan,pengemudi,ya,UU 34/1964,meninggal,11900000000
11/17/2022,2022,11,Bandung,544,242,23,56,Cerah,Dini Hari,Truk,Kecepatan Berlebih,Jalan Nasional,Rusak,<40,Tikungan,Laki-laki,<17,Ya,pribadi,tunggal,pengemudi,tidak,tidak_dijamin,tidak_ada,0
5/7/2022,2022,5,Medan,350,400,29,8,Cerah,Pagi,Mobil,Rem Blong,Jalan Kota,Berlubang,>60,Simpang T,Perempuan,26-45,Ya,pribadi,tunggal,pengemudi,tidak,tidak_dijamin,tidak_ada,0
2/15/2024,2024,2,Bandung,525,329,23,13,Hujan,Siang,Bus,Kecepatan Berlebih,Jalan Kota,Berlubang,>60,Lurus,Laki-laki,17-25,Tidak,umum,multi_kendaraan,penumpang,ya,UU 33/1964,meninggal,17860000000
10/1/2024,2024,10,Palembang,653,284,20,7,Cerah,Malam,Motor,Kondisi Jalan,Jalan Kota,Baik,<40,Simpang T,Perempuan,>50,Tidak,pribadi,tunggal,pengemudi,tidak,tidak_dijamin,tidak_ada,0
4/5/2025,2025,4,Jakarta Selatan,677,131,22,13,Hujan,Malam,Mobil,Pelanggaran Lalu Lintas,Jalan Provinsi,Baik,<40,Lurus,Perempuan,>50,Ya,pribadi,tunggal,pengemudi,tidak,tidak_dijamin,tidak_ada,0
4/29/2025,2025,4,Bekasi,710,423,28,39,Hujan,Dini Hari,Motor,Kecepatan Berlebih,Jalan Nasional,Rusak,<40,Lurus,Laki-laki,>50,Tidak,pribadi,tunggal,pengemudi,tidak,tidak_dijamin,tidak_ada,0
5/5/2022,2022,5,Yogyakarta,357,211,20,27,Hujan,Siang,Truk,Kondisi Jalan,Jalan Provinsi,Berlubang,<40,Simpang 4,Perempuan,17-25,Ya,pribadi,multi_kendaraan,pengemudi,ya,UU 34/1964,meninggal,12090000000
7/12/2025,2025,7,Jakarta Selatan,842,393,22,21,Cerah,Malam,Mobil,Pelanggaran Lalu Lintas,Jalan Kota,Baik,>60,Lurus,Perempuan,<17,Ya,pribadi,multi_kendaraan,pengemudi,ya,UU 34/1964,meninggal,21170000000
6/14/2023,2023,6,Jakarta Selatan,698,143,25,15,Cerah,Pagi,Bus,Kecepatan Berlebih,Jalan Provinsi,Baik,>60,Simpang Y,Perempuan,26-45,Ya,umum,multi_kendaraan,penumpang,ya,UU 33/1964,meninggal,8700000000
7/6/2021,2021,7,Makassar,249,135,24,8,Hujan,Siang,Mobil,Kondisi Jalan,Jalan Provinsi,Rusak,<40,Simpang 4,Laki-laki,>50,Ya,pribadi,multi_kendaraan,pengemudi,ya,UU 34/1964,meninggal,8110000000
6/6/2023,2023,6,Yogyakarta,809,328,26,3,Cerah,Siang,Mobil,Kurang Jarak Aman,Jalan Kota,Rusak,40-60,Lurus,Laki-laki,17-25,Tidak,pribadi,tunggal,pengemudi,tidak,tidak_dijamin,tidak_ada,0
6/2/2025,2025,6,Yogyakarta,1103,415,29,3,Hujan,Pagi,Bus,Kecepatan Berlebih,Jalan Provinsi,Berlubang,>60,Simpang Y,Perempuan,>50,Ya,umum,tunggal,penumpang,ya,UU 33/1964,meninggal,22260000000
5/3/2021,2021,5,Semarang,260,296,29,29,Cerah,Siang,Motor,Kecepatan Berlebih,Jalan Provinsi,Baik,40-60,Tikungan,Laki-laki,17-25,Ya,pribadi,tunggal,pengemudi,tidak,tidak_dijamin,tidak_ada,0
1/13/2022,2022,1,Medan,403,490,29,24,Cerah,Pagi,Bus,Kondisi Jalan,Jalan Provinsi,Rusak,>60,Lurus,Laki-laki,17-25,Tidak,umum,multi_kendaraan,penumpang,ya,UU 33/1964,meninggal,26430000000
10/9/2023,2023,10,Yogyakarta,540,376,27,21,Hujan,Dini Hari,Bus,Kurang Jarak Aman,Jalan Nasional,Rusak,<40,Simpang 4,Laki-laki,17-25,Ya,umum,multi_kendaraan,penumpang,ya,UU 33/1964,meninggal,20570000000
12/17/2023,2023,12,Semarang,819,450,23,9,Hujan,Pagi,Motor,Kecepatan Berlebih,Jalan Nasional,Rusak,<40,Simpang 4,Laki-laki,>50,Ya,pribadi,tunggal,pengemudi,tidak,tidak_dijamin,tidak_ada,0
10/11/2024,2024,10,Yogyakarta,720,250,24,49,Cerah,Pagi,Bus,Kondisi Jalan,Jalan Kota,Berlubang,>60,Simpang T,Perempuan,17-25,Ya,umum,tunggal,penumpang,ya,UU 33/1964,meninggal,14680000000
1/1/2021,2021,1,Bandung,238,290,27,44,Cerah,Siang,Mobil,Kondisi Jalan,Jalan Nasional,Rusak,40-60,Tikungan,Laki-laki,>50,Tidak,pribadi,multi_kendaraan,pengemudi,ya,UU 34/1964,meninggal,16730000000
5/4/2025,2025,5,Semarang,727,199,21,36,Hujan,Pagi,Mobil,Kondisi Jalan,Jalan Nasional,Rusak,>60,Tikungan,Laki-laki,26-45,Ya,pribadi,tunggal,pengemudi,tidak,tidak_dijamin,tidak_ada,0
3/12/2022,2022,3,Bekasi,413,133,27,16,Hujan,Siang,Mobil,Kecepatan Berlebih,Jalan Kota,Rusak,>60,Simpang Y,Laki-laki,<17,Tidak,pribadi,tunggal,pengemudi,tidak,tidak_dijamin,tidak_ada,0
4/21/2022,2022,4,Medan,321,475,28,19,Hujan,Dini Hari,Mobil,Kelalaian Pengemudi,Jalan Nasional,Baik,40-60,Tikungan,Perempuan,<17,Tidak,pribadi,multi_kendaraan,pengemudi,ya,UU 34/1964,meninggal,25530000000
7/10/2022,2022,7,Yogyakarta,473,151,20,14,Cerah,Dini Hari,Motor,Rem Blong,Jalan Nasional,Rusak,<40,Tikungan,Laki-laki,17-25,Tidak,pribadi,multi_kendaraan,pengemudi,ya,UU 34/1964,meninggal,8830000000
11/19/2025,2025,11,Jakarta Timur,836,419,26,18,Hujan,Siang,Mobil,Kurang Jarak Aman,Jalan Kota,Berlubang,40-60,Simpang Y,Perempuan,>50,Tidak,pribadi,multi_kendaraan,pengemudi,ya,UU 34/1964,meninggal,22610000000
7/15/2022,2022,7,Surabaya,417,474,23,9,Cerah,Pagi,Motor,Kondisi Jalan,Jalan Provinsi,Rusak,>60,Simpang Y,Perempuan,>50,Ya,pribadi,multi_kendaraan,pengemudi,ya,UU 34/1964,meninggal,25030000000
10/9/2023,2023,10,Bekasi,665,439,24,22,Hujan,Malam,Motor,Kondisi Jalan,Jalan Kota,Baik,>60,Simpang Y,Laki-laki,26-45,Ya,pribadi,multi_kendaraan,pengemudi,ya,UU 34/1964,meninggal,23590000000
7/30/2021,2021,7,Yogyakarta,358,377,20,35,Hujan,Dini Hari,Motor,Rem Blong,Jalan Kota,Berlubang,<40,Simpang 4,Perempuan,<17,Tidak,pribadi,tunggal,pengemudi,tidak,tidak_dijamin,tidak_ada,0
10/4/2025,2025,10,Bekasi,792,448,22,32,Cerah,Malam,Mobil,Pelanggaran Lalu Lintas,Jalan Kota,Rusak,40-60,Tikungan,Laki-laki,>50,Tidak,pribadi,multi_kendaraan,pengemudi,ya,UU 34/1964,meninggal,24140000000
5/19/2024,2024,5,Bandung,672,233,25,10,Hujan,Dini Hari,Truk,Pelanggaran Lalu Lintas,Jalan Provinsi,Rusak,40-60,Simpang 4,Laki-laki,17-25,Ya,pribadi,multi_kendaraan,pengemudi,ya,UU 34/1964,meninggal,13100000000
4/9/2021,2021,4,Palembang,189,454,27,18,Hujan,Malam,Motor,Pelanggaran Lalu Lintas,Jalan Kota,Baik,<40,Lurus,Laki-laki,>50,Tidak,pribadi,multi_kendaraan,pengemudi,ya,UU 34/1964,meninggal,24410000000
11/3/2022,2022,11,Makassar,518,231,25,46,Hujan,Pagi,Bus,Pelanggaran Lalu Lintas,Jalan Provinsi,Baik,40-60,Tikungan,Perempuan,<17,Tidak,umum,multi_kendaraan,penumpang,ya,UU 33/1964,meninggal,13720000000
5/10/2024,2024,5,Palembang,619,367,23,12,Cerah,Siang,Truk,Kondisi Jalan,Jalan Nasional,Rusak,40-60,Tikungan,Perempuan,>50,Tidak,pribadi,tunggal,pengemudi,tidak,tidak_dijamin,tidak_ada,0
9/15/2023,2023,9,Makassar,584,418,30,12,Cerah,Malam,Motor,Kelalaian Pengemudi,Jalan Nasional,Berlubang,40-60,Simpang T,Perempuan,>50,Ya,pribadi,multi_kendaraan,pengemudi,ya,UU 34/1964,meninggal,22640000000
4/29/2022,2022,4,Bekasi,418,173,28,14,Cerah,Dini Hari,Bus,Pelanggaran Lalu Lintas,Jalan Provinsi,Berlubang,>60,Simpang T,Perempuan,26-45,Ya,umum,multi_kendaraan,penumpang,ya,UU 33/1964,meninggal,10330000000
2/13/2021,2021,2,Jakarta Selatan,245,268,30,16,Cerah,Malam,Bus,Kelalaian Pengemudi,Jalan Kota,Baik,40-60,Tikungan,Laki-laki,<17,Ya,umum,tunggal,penumpang,ya,UU 33/1964,meninggal,15220000000
11/17/2022,2022,11,Semarang,492,222,26,49,Cerah,Malam,Truk,Kelalaian Pengemudi,Jalan Nasional,Baik,40-60,Tikungan,Perempuan,17-25,Ya,pribadi,multi_kendaraan,pengemudi,ya,UU 34/1964,meninggal,13380000000
5/29/2025,2025,5,Semarang,758,188,26,21,Cerah,Malam,Bus,Kurang Jarak Aman,Jalan Kota,Baik,40-60,Simpang Y,Perempuan,26-45,Tidak,umum,multi_kendaraan,penumpang,ya,UU 33/1964,meninggal,11120000000
5/22/2025,2025,5,Jakarta Selatan,745,388,25,17,Hujan,Dini Hari,Bus,Kurang Jarak Aman,Jalan Provinsi,Baik,<40,Tikungan,Perempuan,17-25,Tidak,umum,multi_kendaraan,penumpang,ya,UU 33/1964,meninggal,20990000000
1/26/2022,2022,1,Bekasi,262,320,23,17,Cerah,Dini Hari,Motor,Kondisi Jalan,Jalan Kota,Berlubang,>60,Lurus,Perempuan,<17,Ya,pribadi,multi_kendaraan,pengemudi,ya,UU 34/1964,meninggal,17490000000
4/29/2023,2023,4,Bandung,440,311,29,52,Cerah,Malam,Mobil,Kondisi Jalan,Jalan Nasional,Rusak,>60,Simpang 4,Laki-laki,26-45,Ya,pribadi,multi_kendaraan,pengemudi,ya,UU 34/1964,meninggal,18040000000
6/24/2023,2023,6,Makassar,813,353,21,11,Hujan,Pagi,Truk,Kondisi Jalan,Jalan Provinsi,Berlubang,<40,Simpang Y,Perempuan,26-45,Ya,pribadi,multi_kendaraan,pengemudi,ya,UU 34/1964,meninggal,18920000000
4/27/2024,2024,4,Surabaya,551,116,23,13,Hujan,Pagi,Truk,Pelanggaran Lalu Lintas,Jalan Kota,Berlubang,>60,Lurus,Perempuan,>50,Tidak,pribadi,multi_kendaraan,pengemudi,ya,UU 34/1964,meninggal,7210000000
10/6/2025,2025,10,Palembang,790,185,22,21,Hujan,Malam,Truk,Pelanggaran Lalu Lintas,Jalan Nasional,Berlubang,40-60,Lurus,Laki-laki,>50,Tidak,pribadi,tunggal,pengemudi,tidak,tidak_dijamin,tidak_ada,0
10/31/2021,2021,10,Jakarta Timur,281,317,20,55,Cerah,Siang,Motor,Kelalaian Pengemudi,Jalan Kota,Rusak,40-60,Simpang 4,Perempuan,26-45,Tidak,pribadi,multi_kendaraan,pengemudi,ya,UU 34/1964,meninggal,17950000000
7/28/2021,2021,7,Palembang,288,453,22,11,Cerah,Siang,Mobil,Kondisi Jalan,Jalan Provinsi,Rusak,>60,Simpang Y,Laki-laki,<17,Tidak,pribadi,multi_kendaraan,pengemudi,ya,UU 34/1964,meninggal,23970000000
8/26/2021,2021,8,Bandung,353,490,22,31,Cerah,Siang,Truk,Rem Blong,Jalan Nasional,Berlubang,<40,Simpang 4,Laki-laki,26-45,Ya,pribadi,multi_kendaraan,pengemudi,ya,UU 34/1964,meninggal,26220000000
5/30/2025,2025,5,Semarang,766,287,29,8,Cerah,Pagi,Mobil,Rem Blong,Jalan Kota,Berlubang,>60,Tikungan,Laki-laki,26-45,Ya,pribadi,multi_kendaraan,pengemudi,ya,UU 34/1964,meninggal,15960000000
10/6/2021,2021,10,Bandung,400,309,25,9,Cerah,Pagi,Bus,Kurang Jarak Aman,Jalan Provinsi,Baik,<40,Tikungan,Perempuan,>50,Ya,umum,tunggal,penumpang,ya,UU 33/1964,meninggal,16880000000
9/1/2021,2021,9,Semarang,336,137,23,9,Cerah,Siang,Truk,Kondisi Jalan,Jalan Nasional,Baik,>60,Tikungan,Laki-laki,17-25,Ya,pribadi,multi_kendaraan,pengemudi,ya,UU 34/1964,meninggal,8180000000
1/20/2024,2024,1,Semarang,575,177,29,14,Hujan,Malam,Mobil,Kurang Jarak Aman,Jalan Provinsi,Baik,<40,Simpang 4,Perempuan,>50,Tidak,pribadi,tunggal,pengemudi,tidak,tidak_dijamin,tidak_ada,0
3/22/2025,2025,3,Semarang,682,465,27,30,Hujan,Malam,Mobil,Kecepatan Berlebih,Jalan Kota,Baik,<40,Lurus,Laki-laki,>50,Ya,pribadi,multi_kendaraan,pengemudi,ya,UU 34/1964,meninggal,25200000000
7/30/2023,2023,7,Semarang,495,277,26,29,Cerah,Siang,Motor,Rem Blong,Jalan Provinsi,Baik,<40,Tikungan,Perempuan,>50,Ya,pribadi,multi_kendaraan,pengemudi,ya,UU 34/1964,meninggal,15730000000
11/18/2023,2023,11,Yogyakarta,650,444,21,11,Cerah,Dini Hari,Bus,Kelalaian Pengemudi,Jalan Nasional,Berlubang,>60,Tikungan,Perempuan,26-45,Tidak,umum,multi_kendaraan,penumpang,ya,UU 33/1964,meninggal,23470000000
4/25/2025,2025,4,Yogyakarta,788,238,23,9,Hujan,Siang,Mobil,Kurang Jarak Aman,Jalan Provinsi,Baik,<40,Simpang 4,Laki-laki,26-45,Tidak,pribadi,tunggal,pengemudi,tidak,tidak_dijamin,tidak_ada,0
3/23/2023,2023,3,Medan,407,204,29,11,Cerah,Dini Hari,Bus,Pelanggaran Lalu Lintas,Jalan Nasional,Berlubang,40-60,Simpang T,Laki-laki,17-25,Tidak,umum,multi_kendaraan,penumpang,ya,UU 33/1964,meninggal,11870000000
9/4/2025,2025,9,Semarang,805,296,29,3,Hujan,Malam,Motor,Rem Blong,Jalan Kota,Rusak,>60,Simpang T,Laki-laki,<17,Tidak,pribadi,multi_kendaraan,pengemudi,ya,UU 34/1964,meninggal,16310000000
8/31/2025,2025,8,Yogyakarta,751,403,29,1,Hujan,Dini Hari,Bus,Kecepatan Berlebih,Jalan Provinsi,Baik,40-60,Lurus,Laki-laki,<17,Ya,umum,multi_kendaraan,penumpang,ya,UU 33/1964,meninggal,21620000000
2/27/2025,2025,2,Palembang,670,353,26,63,Hujan,Malam,Bus,Kurang Jarak Aman,Jalan Kota,Rusak,>60,Simpang T,Perempuan,>50,Tidak,umum,tunggal,penumpang,ya,UU 33/1964,meninggal,20210000000
1/31/2022,2022,1,Palembang,354,251,28,16,Hujan,Pagi,Bus,Kelalaian Pengemudi,Jalan Kota,Berlubang,40-60,Simpang 4,Laki-laki,>50,Tidak,umum,multi_kendaraan,penumpang,ya,UU 33/1964,meninggal,14270000000
2/18/2021,2021,2,Bekasi,225,360,23,33,Cerah,Pagi,Mobil,Rem Blong,Jalan Provinsi,Baik,40-60,Simpang Y,Perempuan,>50,Tidak,pribadi,tunggal,pengemudi,tidak,tidak_dijamin,tidak_ada,0
10/15/2022,2022,10,Jakarta Timur,501,447,30,29,Cerah,Malam,Bus,Kelalaian Pengemudi,Jalan Provinsi,Rusak,<40,Simpang 4,Perempuan,<17,Tidak,umum,multi_kendaraan,penumpang,ya,UU 33/1964,meninggal,24430000000
10/1/2025,2025,10,Yogyakarta,765,255,22,4,Cerah,Pagi,Motor,Kondisi Jalan,Jalan Kota,Rusak,40-60,Simpang T,Perempuan,26-45,Tidak,pribadi,multi_kendaraan,pengemudi,ya,UU 34/1964,meninggal,13930000000
10/7/2025,2025,10,Semarang,780,459,29,34,Cerah,Malam,Truk,Rem Blong,Jalan Provinsi,Baik,<40,Simpang T,Perempuan,<17,Ya,pribadi,multi_kendaraan,pengemudi,ya,UU 34/1964,meninggal,25080000000
10/24/2024,2024,10,Palembang,711,424,30,15,Hujan,Dini Hari,Bus,Rem Blong,Jalan Nasional,Baik,>60,Lurus,Perempuan,>50,Ya,umum,multi_kendaraan,penumpang,ya,UU 33/1964,meninggal,23000000000
11/11/2023,2023,11,Medan,552,294,27,6,Cerah,Malam,Bus,Kondisi Jalan,Jalan Nasional,Berlubang,40-60,Tikungan,Laki-laki,17-25,Tidak,umum,multi_kendaraan,penumpang,ya,UU 33/1964,meninggal,16170000000
2/14/2024,2024,2,Semarang,578,294,30,36,Hujan,Dini Hari,Truk,Kondisi Jalan,Jalan Kota,Berlubang,40-60,Simpang 4,Laki-laki,26-45,Ya,pribadi,multi_kendaraan,pengemudi,ya,UU 34/1964,meninggal,16920000000
1/23/2021,2021,1,Palembang,168,268,25,23,Cerah,Malam,Truk,Rem Blong,Jalan Kota,Rusak,40-60,Tikungan,Laki-laki,>50,Ya,pribadi,tunggal,pengemudi,tidak,tidak_dijamin,tidak_ada,0
1/2/2022,2022,1,Bekasi,373,309,25,27,Hujan,Dini Hari,Truk,Kondisi Jalan,Jalan Provinsi,Berlubang,>60,Lurus,Laki-laki,17-25,Tidak,pribadi,multi_kendaraan,pengemudi,ya,UU 34/1964,meninggal,17240000000
1/16/2022,2022,1,Palembang,319,290,29,3,Hujan,Pagi,Mobil,Rem Blong,Jalan Kota,Rusak,40-60,Lurus,Perempuan,17-25,Ya,pribadi,multi_kendaraan,pengemudi,ya,UU 34/1964,meninggal,16010000000
3/24/2023,2023,3,Makassar,487,175,29,15,Cerah,Malam,Motor,Rem Blong,Jalan Provinsi,Berlubang,>60,Simpang 4,Laki-laki,26-45,Ya,pribadi,multi_kendaraan,pengemudi,ya,UU 34/1964,meninggal,10500000000
9/17/2021,2021,9,Jakarta Selatan,263,296,21,9,Cerah,Siang,Bus,Kelalaian Pengemudi,Jalan Provinsi,Baik,40-60,Simpang T,Perempuan,<17,Ya,umum,multi_kendaraan,penumpang,ya,UU 33/1964,meninggal,16030000000
4/8/2022,2022,4,Palembang,319,232,27,0,Hujan,Siang,Truk,Kondisi Jalan,Jalan Provinsi,Berlubang,<40,Simpang T,Perempuan,>50,Ya,pribadi,multi_kendaraan,pengemudi,ya,UU 34/1964,meninggal,12950000000
9/7/2021,2021,9,Medan,300,298,20,12,Cerah,Siang,Truk,Kecepatan Berlebih,Jalan Nasional,Rusak,<40,Simpang Y,Perempuan,>50,Tidak,pribadi,multi_kendaraan,pengemudi,ya,UU 34/1964,meninggal,16140000000
10/17/2023,2023,10,Bandung,643,204,27,53,Cerah,Dini Hari,Mobil,Kondisi Jalan,Jalan Provinsi,Baik,<40,Simpang T,Perempuan,17-25,Tidak,pribadi,multi_kendaraan,pengemudi,ya,UU 34/1964,meninggal,12610000000
3/19/2024,2024,3,Jakarta Timur,563,243,21,1,Hujan,Pagi,Bus,Rem Blong,Jalan Provinsi,Baik,40-60,Lurus,Laki-laki,<17,Ya,umum,tunggal,penumpang,ya,UU 33/1964,meninggal,13220000000
4/3/2024,2024,4,Bandung,550,106,30,44,Cerah,Pagi,Motor,Kelalaian Pengemudi,Jalan Kota,Baik,40-60,Simpang Y,Laki-laki,>50,Tidak,pribadi,tunggal,pengemudi,tidak,tidak_dijamin,tidak_ada,0
10/14/2025,2025,10,Surabaya,876,341,20,58,Hujan,Dini Hari,Motor,Kurang Jarak Aman,Jalan Nasional,Berlubang,>60,Tikungan,Perempuan,26-45,Tidak,pribadi,multi_kendaraan,pengemudi,ya,UU 34/1964,meninggal,19210000000
5/1/2023,2023,5,Palembang,519,298,24,71,Cerah,Pagi,Motor,Kurang Jarak Aman,Jalan Nasional,Rusak,>60,Simpang Y,Perempuan,17-25,Ya,pribadi,multi_kendaraan,pengemudi,ya,UU 34/1964,meninggal,17520000000
5/2/2024,2024,5,Bekasi,649,369,22,20,Cerah,Pagi,Truk,Kelalaian Pengemudi,Jalan Nasional,Rusak,<40,Lurus,Laki-laki,26-45,Tidak,pribadi,multi_kendaraan,pengemudi,ya,UU 34/1964,meninggal,19950000000
5/27/2021,2021,5,Surabaya,257,271,25,40,Cerah,Malam,Mobil,Kelalaian Pengemudi,Jalan Kota,Baik,40-60,Simpang 4,Perempuan,<17,Tidak,pribadi,multi_kendaraan,pengemudi,ya,UU 34/1964,meninggal,15600000000
1/24/2022,2022,1,Jakarta Timur,344,232,22,21,Hujan,Dini Hari,Motor,Pelanggaran Lalu Lintas,Jalan Provinsi,Berlubang,40-60,Simpang 4,Perempuan,>50,Ya,pribadi,multi_kendaraan,pengemudi,ya,UU 34/1964,meninggal,13120000000
8/1/2021,2021,8,Palembang,395,310,21,23,Hujan,Pagi,Mobil,Kecepatan Berlebih,Jalan Provinsi,Baik,40-60,Simpang T,Laki-laki,17-25,Tidak,pribadi,multi_kendaraan,pengemudi,ya,UU 34/1964,meninggal,17010000000
4/15/2024,2024,4,Yogyakarta,574,464,23,11,Hujan,Malam,Mobil,Kecepatan Berlebih,Jalan Nasional,Rusak,<40,Simpang T,Laki-laki,17-25,Ya,pribadi,tunggal,pengemudi,tidak,tidak_dijamin,tidak_ada,0
2/7/2022,2022,2,Palembang,317,257,23,37,Cerah,Pagi,Bus,Pelanggaran Lalu Lintas,Jalan Provinsi,Berlubang,40-60,Simpang T,Laki-laki,>50,Ya,umum,tunggal,penumpang,ya,UU 33/1964,meninggal,14740000000
5/26/2021,2021,5,Medan,241,222,20,32,Cerah,Siang,Truk,Kecepatan Berlebih,Jalan Kota,Berlubang,40-60,Simpang Y,Laki-laki,>50,Ya,pribadi,multi_kendaraan,pengemudi,ya,UU 34/1964,meninggal,12740000000
1/14/2024,2024,1,Bandung,536,495,27,14,Cerah,Siang,Bus,Kurang Jarak Aman,Jalan Kota,Baik,>60,Simpang Y,Perempuan,>50,Tidak,umum,multi_kendaraan,penumpang,ya,UU 33/1964,meninggal,26380000000
8/20/2022,2022,8,Semarang,426,273,30,9,Cerah,Dini Hari,Motor,Kecepatan Berlebih,Jalan Kota,Baik,<40,Tikungan,Perempuan,17-25,Ya,pribadi,multi_kendaraan,pengemudi,ya,UU 34/1964,meninggal,15330000000
5/11/2021,2021,5,Jakarta Timur,355,417,20,37,Hujan,Dini Hari,Bus,Kondisi Jalan,Jalan Nasional,Rusak,<40,Tikungan,Laki-laki,<17,Tidak,umum,tunggal,penumpang,ya,UU 33/1964,meninggal,22590000000
7/23/2021,2021,7,Makassar,234,309,27,14,Hujan,Malam,Truk,Kondisi Jalan,Jalan Nasional,Berlubang,40-60,Tikungan,Perempuan,26-45,Ya,pribadi,multi_kendaraan,pengemudi,ya,UU 34/1964,meninggal,17080000000
8/8/2025,2025,8,Semarang,764,392,26,21,Cerah,Malam,Truk,Kelalaian Pengemudi,Jalan Nasional,Berlubang,>60,Simpang Y,Perempuan,26-45,Ya,pribadi,multi_kendaraan,pengemudi,ya,UU 34/1964,meninggal,21320000000
2/11/2022,2022,2,Yogyakarta,301,252,20,33,Hujan,Malam,Truk,Kecepatan Berlebih,Jalan Kota,Rusak,<40,Simpang T,Perempuan,<17,Tidak,pribadi,tunggal,pengemudi,tidak,tidak_dijamin,tidak_ada,0
10/13/2023,2023,10,Palembang,653,108,30,22,Cerah,Malam,Bus,Kelalaian Pengemudi,Jalan Provinsi,Berlubang,<40,Lurus,Perempuan,<17,Tidak,umum,multi_kendaraan,penumpang,ya,UU 33/1964,meninggal,7340000000
9/9/2024,2024,9,Palembang,623,111,27,50,Cerah,Dini Hari,Bus,Kurang Jarak Aman,Jalan Kota,Rusak,40-60,Simpang T,Laki-laki,<17,Tidak,umum,tunggal,penumpang,ya,UU 33/1964,meninggal,7900000000
12/12/2021,2021,12,Bandung,470,306,22,15,Cerah,Pagi,Mobil,Kondisi Jalan,Jalan Provinsi,Berlubang,40-60,Simpang Y,Perempuan,17-25,Ya,pribadi,multi_kendaraan,pengemudi,ya,UU 34/1964,meninggal,16700000000
4/25/2025,2025,4,Semarang,725,149,26,18,Hujan,Malam,Bus,Kelalaian Pengemudi,Jalan Provinsi,Berlubang,<40,Simpang T,Perempuan,<17,Tidak,umum,multi_kendaraan,penumpang,ya,UU 33/1964,meninggal,9110000000
7/24/2025,2025,7,Bandung,747,269,24,40,Hujan,Malam,Mobil,Rem Blong,Jalan Nasional,Rusak,40-60,Simpang Y,Laki-laki,>50,Ya,pribadi,multi_kendaraan,pengemudi,ya,UU 34/1964,meninggal,15450000000
12/20/2025,2025,12,Medan,1079,268,29,35,Cerah,Siang,Motor,Kelalaian Pengemudi,Jalan Nasional,Berlubang,40-60,Lurus,Laki-laki,>50,Ya,pribadi,tunggal,pengemudi,tidak,tidak_dijamin,tidak_ada,0
11/26/2022,2022,11,Medan,459,192,30,7,Hujan,Pagi,Bus,Pelanggaran Lalu Lintas,Jalan Provinsi,Berlubang,40-60,Tikungan,Laki-laki,17-25,Tidak,umum,tunggal,penumpang,ya,UU 33/1964,meninggal,11240000000
6/14/2025,2025,6,Jakarta Selatan,1052,390,27,68,Cerah,Dini Hari,Motor,Pelanggaran Lalu Lintas,Jalan Nasional,Baik,<40,Tikungan,Perempuan,26-45,Ya,pribadi,tunggal,pengemudi,tidak,tidak_dijamin,tidak_ada,0
11/22/2021,2021,11,Bekasi,326,314,22,13,Hujan,Dini Hari,Mobil,Rem Blong,Jalan Nasional,Rusak,40-60,Lurus,Perempuan,17-25,Tidak,pribadi,multi_kendaraan,pengemudi,ya,UU 34/1964,meninggal,17060000000
3/4/2024,2024,3,Palembang,623,295,23,27,Hujan,Pagi,Mobil,Rem Blong,Jalan Kota,Baik,40-60,Simpang Y,Perempuan,<17,Ya,pribadi,tunggal,pengemudi,tidak,tidak_dijamin,tidak_ada,0
8/3/2021,2021,8,Palembang,269,424,25,23,Cerah,Malam,Mobil,Kurang Jarak Aman,Jalan Nasional,Rusak,40-60,Lurus,Perempuan,>50,Tidak,pribadi,multi_kendaraan,pengemudi,ya,UU 34/1964,meninggal,22910000000
4/9/2024,2024,4,Surabaya,636,311,25,8,Hujan,Malam,Motor,Kurang Jarak Aman,Jalan Kota,Rusak,40-60,Simpang Y,Perempuan,<17,Ya,pribadi,multi_kendaraan,pengemudi,ya,UU 34/1964,meninggal,16960000000
2/15/2022,2022,2,Yogyakarta,331,496,28,20,Hujan,Malam,Motor,Kecepatan Berlebih,Jalan Nasional,Baik,>60,Simpang T,Perempuan,<17,Tidak,pribadi,tunggal,pengemudi,tidak,tidak_dijamin,tidak_ada,0
4/13/2025,2025,4,Jakarta Timur,671,274,23,31,Cerah,Malam,Truk,Kecepatan Berlebih,Jalan Kota,Baik,>60,Simpang Y,Laki-laki,>50,Ya,pribadi,multi_kendaraan,pengemudi,ya,UU 34/1964,meninggal,15470000000
5/20/2025,2025,5,Bandung,679,322,24,2,Hujan,Dini Hari,Truk,Kelalaian Pengemudi,Jalan Provinsi,Berlubang,40-60,Tikungan,Laki-laki,<17,Tidak,pribadi,multi_kendaraan,pengemudi,ya,UU 34/1964,meninggal,17340000000
1/8/2023,2023,1,Bandung,497,135,25,9,Cerah,Dini Hari,Motor,Kecepatan Berlebih,Jalan Nasional,Baik,>60,Tikungan,Laki-laki,<17,Ya,pribadi,multi_kendaraan,pengemudi,ya,UU 34/1964,meninggal,8180000000
4/29/2024,2024,4,Bekasi,601,488,25,20,Cerah,Malam,Mobil,Kecepatan Berlebih,Jalan Kota,Rusak,40-60,Lurus,Perempuan,17-25,Tidak,pribadi,multi_kendaraan,pengemudi,ya,UU 34/1964,meninggal,26050000000
5/18/2025,2025,5,Jakarta Timur,797,260,21,16,Cerah,Dini Hari,Bus,Kondisi Jalan,Jalan Kota,Baik,>60,Simpang 4,Perempuan,17-25,Tidak,umum,multi_kendaraan,penumpang,ya,UU 33/1964,meninggal,14370000000
1/8/2023,2023,1,Palembang,419,312,26,31,Hujan,Malam,Bus,Pelanggaran Lalu Lintas,Jalan Nasional,Berlubang,>60,Simpang T,Laki-laki,>50,Tidak,umum,multi_kendaraan,penumpang,ya,UU 33/1964,meninggal,17520000000
6/21/2025,2025,6,Jakarta Timur,1063,105,30,10,Cerah,Malam,Mobil,Kecepatan Berlebih,Jalan Provinsi,Rusak,40-60,Tikungan,Perempuan,<17,Ya,pribadi,multi_kendaraan,pengemudi,ya,UU 34/1964,meninggal,6950000000
10/31/2024,2024,10,Surabaya,678,373,26,13,Hujan,Malam,Mobil,Kelalaian Pengemudi,Jalan Provinsi,Rusak,<40,Simpang T,Laki-laki,17-25,Tidak,pribadi,tunggal,pengemudi,tidak,tidak_dijamin,tidak_ada,0
9/29/2021,2021,9,Jakarta Selatan,284,387,22,18,Hujan,Pagi,Motor,Rem Blong,Jalan Nasional,Berlubang,<40,Tikungan,Perempuan,>50,Tidak,pribadi,tunggal,pengemudi,tidak,tidak_dijamin,tidak_ada,0
1/16/2024,2024,1,Palembang,613,286,20,14,Cerah,Pagi,Bus,Rem Blong,Jalan Kota,Berlubang,<40,Simpang T,Perempuan,<17,Ya,umum,multi_kendaraan,penumpang,ya,UU 33/1964,meninggal,15580000000
1/5/2023,2023,1,Bandung,454,483,27,25,Cerah,Malam,Motor,Kecepatan Berlebih,Jalan Kota,Rusak,>60,Tikungan,Laki-laki,26-45,Tidak,pribadi,multi_kendaraan,pengemudi,ya,UU 34/1964,meninggal,26000000000
5/19/2021,2021,5,Surabaya,235,194,28,3,Hujan,Siang,Truk,Kondisi Jalan,Jalan Nasional,Baik,>60,Simpang T,Perempuan,26-45,Ya,pribadi,multi_kendaraan,pengemudi,ya,UU 34/1964,meninggal,11160000000
3/9/2021,2021,3,Palembang,214,346,28,13,Hujan,Malam,Bus,Kurang Jarak Aman,Jalan Provinsi,Berlubang,<40,Simpang Y,Laki-laki,26-45,Tidak,umum,multi_kendaraan,penumpang,ya,UU 33/1964,meninggal,18960000000
8/12/2025,2025,8,Surabaya,856,495,23,28,Hujan,Malam,Bus,Kondisi Jalan,Jalan Nasional,Rusak,<40,Tikungan,Laki-laki,<17,Tidak,umum,multi_kendaraan,penumpang,ya,UU 33/1964,meninggal,26460000000
1/5/2023,2023,1,Palembang,443,119,23,31,Hujan,Malam,Bus,Pelanggaran Lalu Lintas,Jalan Nasional,Berlubang,40-60,Lurus,Perempuan,17-25,Ya,umum,multi_kendaraan,penumpang,ya,UU 33/1964,meninggal,7720000000
7/17/2022,2022,7,Semarang,436,293,27,2,Hujan,Malam,Motor,Pelanggaran Lalu Lintas,Jalan Nasional,Rusak,>60,Lurus,Perempuan,<17,Ya,pribadi,multi_kendaraan,pengemudi,ya,UU 34/1964,meninggal,16040000000
10/29/2021,2021,10,Yogyakarta,352,198,25,19,Cerah,Malam,Bus,Pelanggaran Lalu Lintas,Jalan Provinsi,Rusak,40-60,Tikungan,Laki-laki,<17,Ya,umum,multi_kendaraan,penumpang,ya,UU 33/1964,meninggal,11530000000
2/10/2022,2022,2,Yogyakarta,341,152,29,25,Hujan,Siang,Mobil,Pelanggaran Lalu Lintas,Jalan Provinsi,Baik,>60,Simpang Y,Laki-laki,26-45,Tidak,pribadi,multi_kendaraan,pengemudi,ya,UU 34/1964,meninggal,9550000000
10/2/2025,2025,10,Makassar,781,436,30,14,Cerah,Malam,Motor,Kecepatan Berlebih,Jalan Nasional,Rusak,<40,Lurus,Laki-laki,>50,Tidak,pribadi,multi_kendaraan,pengemudi,ya,UU 34/1964,meninggal,23580000000
3/8/2024,2024,3,Makassar,645,441,29,54,Hujan,Malam,Bus,Pelanggaran Lalu Lintas,Jalan Nasional,Berlubang,<40,Lurus,Laki-laki,>50,Tidak,umum,tunggal,penumpang,ya,UU 33/1964,meninggal,24580000000
5/25/2024,2024,5,Jakarta Selatan,606,376,28,17,Hujan,Siang,Truk,Kondisi Jalan,Jalan Provinsi,Baik,>60,Simpang T,Perempuan,>50,Tidak,pribadi,tunggal,pengemudi,tidak,tidak_dijamin,tidak_ada,0
3/9/2022,2022,3,Bekasi,308,231,28,34,Hujan,Pagi,Motor,Rem Blong,Jalan Provinsi,Rusak,>60,Simpang T,Perempuan,17-25,Tidak,pribadi,multi_kendaraan,pengemudi,ya,UU 34/1964,meninggal,13630000000
6/29/2025,2025,6,Makassar,1005,376,28,58,Hujan,Pagi,Bus,Kondisi Jalan,Jalan Provinsi,Berlubang,>60,Simpang T,Perempuan,26-45,Ya,umum,tunggal,penumpang,ya,UU 33/1964,meninggal,21360000000
3/18/2021,2021,3,Bekasi,322,475,22,3,Cerah,Malam,Mobil,Kecepatan Berlebih,Jalan Nasional,Baik,>60,Simpang T,Laki-laki,17-25,Tidak,pribadi,multi_kendaraan,pengemudi,ya,UU 34/1964,meninggal,24910000000
5/31/2024,2024,5,Makassar,608,229,26,16,Hujan,Dini Hari,Mobil,Kecepatan Berlebih,Jalan Provinsi,Berlubang,>60,Tikungan,Laki-laki,<17,Tidak,pribadi,tunggal,pengemudi,tidak,tidak_dijamin,tidak_ada,0
1/13/2023,2023,1,Yogyakarta,502,339,30,10,Hujan,Dini Hari,Bus,Kelalaian Pengemudi,Jalan Provinsi,Berlubang,>60,Simpang Y,Perempuan,>50,Tidak,umum,tunggal,penumpang,ya,UU 33/1964,meninggal,18650000000
4/19/2025,2025,4,Makassar,742,462,30,31,Cerah,Siang,Bus,Kurang Jarak Aman,Jalan Provinsi,Rusak,>60,Simpang T,Perempuan,<17,Tidak,umum,multi_kendaraan,penumpang,ya,UU 33/1964,meninggal,25220000000
11/15/2023,2023,11,Bandung,659,340,21,29,Hujan,Malam,Bus,Kelalaian Pengemudi,Jalan Provinsi,Baik,>60,Simpang T,Perempuan,17-25,Ya,umum,multi_kendaraan,penumpang,ya,UU 33/1964,meninggal,18630000000
8/23/2025,2025,8,Surabaya,835,346,29,28,Hujan,Malam,Bus,Kondisi Jalan,Jalan Nasional,Rusak,<40,Lurus,Laki-laki,26-45,Tidak,umum,multi_kendaraan,penumpang,ya,UU 33/1964,meninggal,19310000000
2/23/2021,2021,2,Jakarta Timur,153,375,26,4,Hujan,Siang,Mobil,Pelanggaran Lalu Lintas,Jalan Provinsi,Berlubang,>60,Tikungan,Perempuan,17-25,Tidak,pribadi,multi_kendaraan,pengemudi,ya,UU 34/1964,meninggal,20130000000
12/13/2024,2024,12,Bekasi,906,336,30,6,Cerah,Malam,Bus,Pelanggaran Lalu Lintas,Jalan Kota,Rusak,>60,Simpang Y,Laki-laki,17-25,Tidak,umum,multi_kendaraan,penumpang,ya,UU 33/1964,meninggal,18420000000
3/8/2024,2024,3,Semarang,634,210,29,10,Hujan,Malam,Bus,Rem Blong,Jalan Kota,Baik,40-60,Tikungan,Perempuan,>50,Tidak,umum,multi_kendaraan,penumpang,ya,UU 33/1964,meninggal,12150000000
4/13/2023,2023,4,Jakarta Selatan,467,105,23,20,Hujan,Dini Hari,Mobil,Kelalaian Pengemudi,Jalan Kota,Rusak,40-60,Tikungan,Perempuan,26-45,Tidak,pribadi,multi_kendaraan,pengemudi,ya,UU 34/1964,meninggal,6800000000
4/17/2021,2021,4,Semarang,275,237,27,30,Hujan,Pagi,Motor,Kondisi Jalan,Jalan Provinsi,Berlubang,>60,Simpang 4,Perempuan,26-45,Ya,pribadi,tunggal,pengemudi,tidak,tidak_dijamin,tidak_ada,0
4/1/2024,2024,4,Palembang,698,143,28,2,Hujan,Dini Hari,Motor,Kondisi Jalan,Jalan Kota,Baik,<40,Lurus,Perempuan,>50,Ya,pribadi,tunggal,pengemudi,tidak,tidak_dijamin,tidak_ada,0
1/13/2021,2021,1,Medan,282,316,30,11,Cerah,Dini Hari,Bus,Kurang Jarak Aman,Jalan Nasional,Rusak,<40,Simpang T,Laki-laki,17-25,Tidak,umum,multi_kendaraan,penumpang,ya,UU 33/1964,meninggal,17520000000
11/4/2023,2023,11,Palembang,674,189,20,56,Hujan,Dini Hari,Mobil,Kurang Jarak Aman,Jalan Nasional,Rusak,40-60,Tikungan,Laki-laki,<17,Tidak,pribadi,multi_kendaraan,pengemudi,ya,UU 34/1964,meninggal,11570000000
4/27/2024,2024,4,Semarang,631,133,21,46,Hujan,Pagi,Motor,Kelalaian Pengemudi,Jalan Nasional,Berlubang,>60,Simpang 4,Perempuan,17-25,Tidak,pribadi,multi_kendaraan,pengemudi,ya,UU 34/1964,meninggal,8620000000
2/17/2022,2022,2,Yogyakarta,406,410,28,50,Cerah,Siang,Mobil,Kondisi Jalan,Jalan Provinsi,Rusak,>60,Simpang 4,Laki-laki,26-45,Tidak,pribadi,multi_kendaraan,pengemudi,ya,UU 34/1964,meninggal,22900000000
12/19/2025,2025,12,Bandung,1078,302,29,14,Cerah,Dini Hari,Mobil,Kecepatan Berlebih,Jalan Nasional,Baik,>60,Simpang Y,Perempuan,<17,Ya,pribadi,tunggal,pengemudi,tidak,tidak_dijamin,tidak_ada,0
5/28/2025,2025,5,Makassar,817,167,29,31,Cerah,Siang,Mobil,Kecepatan Berlebih,Jalan Provinsi,Berlubang,<40,Simpang Y,Perempuan,<17,Ya,pribadi,multi_kendaraan,pengemudi,ya,UU 34/1964,meninggal,10420000000
4/29/2024,2024,4,Bandung,600,395,21,44,Cerah,Pagi,Motor,Kelalaian Pengemudi,Jalan Kota,Baik,>60,Lurus,Laki-laki,17-25,Ya,pribadi,multi_kendaraan,pengemudi,ya,UU 34/1964,meninggal,21680000000
1/29/2024,2024,1,Surabaya,551,317,24,38,Hujan,Dini Hari,Mobil,Kurang Jarak Aman,Jalan Provinsi,Baik,40-60,Simpang Y,Perempuan,<17,Tidak,pribadi,multi_kendaraan,pengemudi,ya,UU 34/1964,meninggal,17810000000
12/13/2023,2023,12,Bekasi,810,176,20,9,Cerah,Dini Hari,Truk,Kelalaian Pengemudi,Jalan Nasional,Berlubang,40-60,Simpang 4,Laki-laki,26-45,Tidak,pribadi,multi_kendaraan,pengemudi,ya,UU 34/1964,meninggal,9980000000
5/1/2022,2022,5,Jakarta Timur,420,345,22,45,Cerah,Siang,Motor,Kondisi Jalan,Jalan Provinsi,Rusak,40-60,Lurus,Perempuan,17-25,Tidak,pribadi,tunggal,pengemudi,tidak,tidak_dijamin,tidak_ada,0
7/17/2021,2021,7,Bekasi,289,432,25,32,Cerah,Pagi,Mobil,Kecepatan Berlebih,Jalan Kota,Baik,>60,Simpang Y,Laki-laki,<17,Tidak,pribadi,tunggal,pengemudi,tidak,tidak_dijamin,tidak_ada,0
6/11/2025,2025,6,Makassar,1132,259,24,58,Hujan,Pagi,Bus,Kondisi Jalan,Jalan Provinsi,Berlubang,40-60,Simpang T,Laki-laki,26-45,Tidak,umum,multi_kendaraan,penumpang,ya,UU 33/1964,meninggal,15310000000
8/11/2023,2023,8,Bekasi,557,372,24,15,Hujan,Malam,Motor,Rem Blong,Jalan Nasional,Rusak,>60,Tikungan,Laki-laki,26-45,Ya,pribadi,multi_kendaraan,pengemudi,ya,UU 34/1964,meninggal,20100000000
6/13/2021,2021,6,Jakarta Selatan,399,446,26,13,Cerah,Siang,Mobil,Kurang Jarak Aman,Jalan Provinsi,Rusak,>60,Lurus,Perempuan,>50,Ya,pribadi,multi_kendaraan,pengemudi,ya,UU 34/1964,meninggal,23860000000
12/9/2025,2025,12,Surabaya,1035,355,29,9,Cerah,Dini Hari,Bus,Kecepatan Berlebih,Jalan Provinsi,Berlubang,40-60,Tikungan,Perempuan,17-25,Tidak,umum,tunggal,penumpang,ya,UU 33/1964,meninggal,19380000000
11/16/2023,2023,11,Semarang,664,184,23,19,Cerah,Malam,Mobil,Rem Blong,Jalan Nasional,Baik,>60,Simpang T,Perempuan,>50,Tidak,pribadi,tunggal,pengemudi,tidak,tidak_dijamin,tidak_ada,0
12/30/2025,2025,12,Surabaya,1212,211,26,9,Cerah,Dini Hari,Bus,Kecepatan Berlebih,Jalan Provinsi,Berlubang,>60,Simpang 4,Perempuan,<17,Tidak,umum,multi_kendaraan,penumpang,ya,UU 33/1964,meninggal,12030000000
12/20/2021,2021,12,Makassar,573,116,20,17,Cerah,Pagi,Truk,Kurang Jarak Aman,Jalan Kota,Baik,40-60,Tikungan,Laki-laki,17-25,Ya,pribadi,multi_kendaraan,pengemudi,ya,UU 34/1964,meninggal,7140000000
2/26/2021,2021,2,Semarang,162,304,20,28,Hujan,Malam,Truk,Rem Blong,Jalan Provinsi,Baik,<40,Simpang 4,Perempuan,>50,Tidak,pribadi,tunggal,pengemudi,tidak,tidak_dijamin,tidak_ada,0
1/13/2022,2022,1,Jakarta Selatan,359,401,24,7,Hujan,Pagi,Truk,Kecepatan Berlebih,Jalan Nasional,Berlubang,<40,Tikungan,Perempuan,<17,Tidak,pribadi,multi_kendaraan,pengemudi,ya,UU 34/1964,meninggal,21390000000
12/23/2023,2023,12,Makassar,817,281,25,32,Cerah,Dini Hari,Motor,Kondisi Jalan,Jalan Provinsi,Rusak,>60,Simpang Y,Perempuan,26-45,Tidak,pribadi,tunggal,pengemudi,tidak,tidak_dijamin,tidak_ada,0
2/8/2021,2021,2,Jakarta Selatan,275,111,28,16,Cerah,Siang,Motor,Kondisi Jalan,Jalan Nasional,Rusak,40-60,Tikungan,Perempuan,26-45,Ya,pribadi,multi_kendaraan,pengemudi,ya,UU 34/1964,meninggal,7270000000
1/10/2025,2025,1,Makassar,688,389,22,32,Hujan,Siang,Truk,Kelalaian Pengemudi,Jalan Nasional,Rusak,<40,Simpang Y,Laki-laki,>50,Ya,pribadi,multi_kendaraan,pengemudi,ya,UU 34/1964,meninggal,21190000000
10/9/2025,2025,10,Jakarta Selatan,841,377,24,26,Cerah,Dini Hari,Motor,Kondisi Jalan,Jalan Provinsi,Rusak,>60,Lurus,Laki-laki,26-45,Tidak,pribadi,multi_kendaraan,pengemudi,ya,UU 34/1964,meninggal,20570000000
7/16/2022,2022,7,Yogyakarta,404,268,27,14,Cerah,Dini Hari,Motor,Rem Blong,Jalan Nasional,Rusak,>60,Simpang Y,Laki-laki,<17,Ya,pribadi,multi_kendaraan,pengemudi,ya,UU 34/1964,meninggal,15030000000
4/10/2023,2023,4,Bekasi,503,240,28,11,Cerah,Siang,Bus,Kondisi Jalan,Jalan Kota,Rusak,40-60,Lurus,Perempuan,17-25,Ya,umum,multi_kendaraan,penumpang,ya,UU 33/1964,meninggal,13620000000
11/16/2021,2021,11,Palembang,386,164,24,32,Cerah,Siang,Mobil,Pelanggaran Lalu Lintas,Jalan Provinsi,Berlubang,>60,Simpang Y,Laki-laki,26-45,Ya,pribadi,tunggal,pengemudi,tidak,tidak_dijamin,tidak_ada,0
1/18/2022,2022,1,Bandung,322,330,25,11,Hujan,Malam,Truk,Kelalaian Pengemudi,Jalan Kota,Baik,40-60,Tikungan,Laki-laki,17-25,Ya,pribadi,multi_kendaraan,pengemudi,ya,UU 34/1964,meninggal,17970000000
12/7/2024,2024,12,Jakarta Timur,888,248,21,13,Hujan,Siang,Mobil,Kelalaian Pengemudi,Jalan Provinsi,Baik,40-60,Simpang T,Laki-laki,>50,Tidak,pribadi,multi_kendaraan,pengemudi,ya,UU 34/1964,meninggal,13710000000
3/10/2023,2023,3,Jakarta Timur,562,288,25,6,Cerah,Siang,Motor,Pelanggaran Lalu Lintas,Jalan Nasional,Berlubang,>60,Tikungan,Laki-laki,26-45,Tidak,pribadi,multi_kendaraan,pengemudi,ya,UU 34/1964,meninggal,15770000000
5/12/2025,2025,5,Medan,700,376,26,48,Hujan,Malam,Bus,Kelalaian Pengemudi,Jalan Nasional,Berlubang,>60,Tikungan,Laki-laki,26-45,Ya,umum,multi_kendaraan,penumpang,ya,UU 33/1964,meninggal,21060000000
2/18/2025,2025,2,Bandung,660,344,23,20,Hujan,Malam,Motor,Kelalaian Pengemudi,Jalan Nasional,Baik,>60,Simpang 4,Laki-laki,17-25,Ya,pribadi,multi_kendaraan,pengemudi,ya,UU 34/1964,meninggal,18750000000
6/15/2024,2024,6,Palembang,734,297,30,52,Hujan,Malam,Bus,Kurang Jarak Aman,Jalan Provinsi,Berlubang,>60,Simpang 4,Laki-laki,26-45,Ya,umum,multi_kendaraan,penumpang,ya,UU 33/1964,meninggal,17390000000
10/25/2021,2021,10,Bekasi,408,231,22,34,Hujan,Pagi,Mobil,Kecepatan Berlebih,Jalan Provinsi,Berlubang,40-60,Simpang T,Perempuan,17-25,Ya,pribadi,tunggal,pengemudi,tidak,tidak_dijamin,tidak_ada,0
8/13/2024,2024,8,Makassar,726,300,30,14,Hujan,Pagi,Motor,Kecepatan Berlebih,Jalan Nasional,Rusak,40-60,Tikungan,Laki-laki,<17,Tidak,pribadi,multi_kendaraan,pengemudi,ya,UU 34/1964,meninggal,16780000000
9/1/2025,2025,9,Makassar,746,347,26,18,Hujan,Dini Hari,Mobil,Kelalaian Pengemudi,Jalan Kota,Baik,40-60,Simpang 4,Laki-laki,17-25,Tidak,pribadi,multi_kendaraan,pengemudi,ya,UU 34/1964,meninggal,19010000000
12/9/2024,2024,12,Bekasi,972,261,30,6,Cerah,Malam,Bus,Pelanggaran Lalu Lintas,Jalan Kota,Rusak,40-60,Simpang 4,Laki-laki,26-45,Ya,umum,multi_kendaraan,penumpang,ya,UU 33/1964,meninggal,14670000000
12/13/2023,2023,12,Makassar,729,464,20,15,Hujan,Pagi,Truk,Pelanggaran Lalu Lintas,Jalan Kota,Baik,>60,Simpang T,Laki-laki,17-25,Tidak,pribadi,tunggal,pengemudi,tidak,tidak_dijamin,tidak_ada,0
8/27/2022,2022,8,Makassar,510,213,23,21,Cerah,Dini Hari,Truk,Kelalaian Pengemudi,Jalan Kota,Rusak,>60,Simpang Y,Laki-laki,>50,Tidak,pribadi,tunggal,pengemudi,tidak,tidak_dijamin,tidak_ada,0
8/15/2023,2023,8,Makassar,617,170,20,42,Cerah,Siang,Bus,Rem Blong,Jalan Kota,Berlubang,<40,Lurus,Laki-laki,>50,Tidak,umum,tunggal,penumpang,ya,UU 33/1964,meninggal,10340000000
10/18/2023,2023,10,Semarang,512,433,26,12,Cerah,Dini Hari,Motor,Rem Blong,Jalan Provinsi,Rusak,>60,Tikungan,Perempuan,>50,Tidak,pribadi,multi_kendaraan,pengemudi,ya,UU 34/1964,meninggal,23190000000
10/4/2025,2025,10,Surabaya,840,274,20,15,Hujan,Siang,Motor,Kecepatan Berlebih,Jalan Kota,Rusak,>60,Tikungan,Perempuan,>50,Tidak,pribadi,multi_kendaraan,pengemudi,ya,UU 34/1964,meninggal,15000000000
5/6/2025,2025,5,Jakarta Selatan,797,355,23,14,Hujan,Dini Hari,Bus,Kelalaian Pengemudi,Jalan Provinsi,Rusak,<40,Tikungan,Laki-laki,<17,Tidak,umum,multi_kendaraan,penumpang,ya,UU 33/1964,meninggal,19180000000
7/15/2024,2024,7,Jakarta Timur,647,408,27,27,Cerah,Malam,Motor,Kurang Jarak Aman,Jalan Nasional,Rusak,<40,Simpang Y,Perempuan,26-45,Ya,pribadi,multi_kendaraan,pengemudi,ya,UU 34/1964,meninggal,22290000000
3/30/2024,2024,3,Bekasi,568,394,25,60,Hujan,Siang,Mobil,Pelanggaran Lalu Lintas,Jalan Provinsi,Baik,<40,Simpang Y,Laki-laki,<17,Ya,pribadi,multi_kendaraan,pengemudi,ya,UU 34/1964,meninggal,22150000000
9/5/2022,2022,9,Medan,401,110,22,8,Hujan,Siang,Truk,Kurang Jarak Aman,Jalan Nasional,Berlubang,40-60,Simpang T,Perempuan,17-25,Ya,pribadi,multi_kendaraan,pengemudi,ya,UU 34/1964,meninggal,6760000000
6/22/2024,2024,6,Surabaya,738,159,30,38,Hujan,Siang,Bus,Kurang Jarak Aman,Jalan Provinsi,Berlubang,<40,Simpang T,Laki-laki,26-45,Ya,umum,multi_kendaraan,penumpang,ya,UU 33/1964,meninggal,10210000000
7/28/2024,2024,7,Jakarta Selatan,631,421,29,0,Cerah,Malam,Motor,Kondisi Jalan,Jalan Nasional,Berlubang,>60,Simpang T,Laki-laki,<17,Tidak,pribadi,multi_kendaraan,pengemudi,ya,UU 34/1964,meninggal,22500000000
8/23/2022,2022,8,Yogyakarta,510,258,27,12,Hujan,Dini Hari,Bus,Kelalaian Pengemudi,Jalan Nasional,Rusak,40-60,Tikungan,Perempuan,17-25,Ya,umum,tunggal,penumpang,ya,UU 33/1964,meninggal,14490000000
9/14/2024,2024,9,Jakarta Selatan,706,420,20,33,Hujan,Dini Hari,Truk,Kurang Jarak Aman,Jalan Provinsi,Berlubang,40-60,Lurus,Perempuan,26-45,Ya,pribadi,multi_kendaraan,pengemudi,ya,UU 34/1964,meninggal,22660000000
2/20/2021,2021,2,Medan,307,292,30,19,Cerah,Dini Hari,Motor,Kecepatan Berlebih,Jalan Kota,Rusak,>60,Simpang 4,Laki-laki,>50,Ya,pribadi,multi_kendaraan,pengemudi,ya,UU 34/1964,meninggal,16480000000
5/2/2025,2025,5,Yogyakarta,791,222,22,8,Cerah,Dini Hari,Motor,Rem Blong,Jalan Nasional,Baik,>60,Lurus,Perempuan,<17,Ya,pribadi,tunggal,pengemudi,tidak,tidak_dijamin,tidak_ada,0
1/13/2021,2021,1,Palembang,146,470,29,10,Cerah,Siang,Motor,Rem Blong,Jalan Provinsi,Rusak,>60,Simpang 4,Laki-laki,<17,Ya,pribadi,multi_kendaraan,pengemudi,ya,UU 34/1964,meninggal,25150000000
6/13/2021,2021,6,Makassar,477,125,30,38,Hujan,Siang,Mobil,Kelalaian Pengemudi,Jalan Nasional,Berlubang,<40,Simpang Y,Laki-laki,26-45,Tidak,pribadi,tunggal,pengemudi,tidak,tidak_dijamin,tidak_ada,0
8/3/2022,2022,8,Jakarta Selatan,406,236,30,22,Hujan,Pagi,Bus,Pelanggaran Lalu Lintas,Jalan Provinsi,Berlubang,>60,Tikungan,Laki-laki,>50,Tidak,umum,multi_kendaraan,penumpang,ya,UU 33/1964,meninggal,13740000000
5/9/2025,2025,5,Bandung,764,246,28,42,Hujan,Malam,Bus,Kecepatan Berlebih,Jalan Kota,Berlubang,<40,Simpang 4,Laki-laki,>50,Ya,umum,multi_kendaraan,penumpang,ya,UU 33/1964,meninggal,14540000000
12/22/2022,2022,12,Bekasi,703,110,28,37,Hujan,Pagi,Mobil,Pelanggaran Lalu Lintas,Jalan Provinsi,Baik,40-60,Simpang Y,Laki-laki,>50,Tidak,pribadi,tunggal,pengemudi,tidak,tidak_dijamin,tidak_ada,0
2/14/2024,2024,2,Yogyakarta,666,319,22,21,Hujan,Malam,Bus,Pelanggaran Lalu Lintas,Jalan Provinsi,Baik,>60,Tikungan,Laki-laki,26-45,Ya,umum,tunggal,penumpang,ya,UU 33/1964,meninggal,17470000000
12/20/2021,2021,12,Bandung,594,241,27,37,Hujan,Malam,Bus,Kelalaian Pengemudi,Jalan Provinsi,Baik,40-60,Simpang T,Laki-laki,26-45,Ya,umum,tunggal,penumpang,ya,UU 33/1964,meninggal,14140000000
11/19/2023,2023,11,Semarang,592,390,26,33,Cerah,Siang,Truk,Kelalaian Pengemudi,Jalan Kota,Baik,>60,Simpang T,Laki-laki,<17,Tidak,pribadi,multi_kendaraan,pengemudi,ya,UU 34/1964,meninggal,21460000000
12/17/2022,2022,12,Bandung,609,193,29,3,Hujan,Pagi,Bus,Kelalaian Pengemudi,Jalan Nasional,Rusak,>60,Simpang T,Perempuan,<17,Ya,umum,multi_kendaraan,penumpang,ya,UU 33/1964,meninggal,11160000000
8/18/2023,2023,8,Bandung,505,209,23,50,Cerah,Malam,Truk,Rem Blong,Jalan Nasional,Berlubang,40-60,Simpang T,Perempuan,17-25,Tidak,pribadi,multi_kendaraan,pengemudi,ya,UU 34/1964,meninggal,12600000000
3/4/2025,2025,3,Medan,664,366,21,2,Hujan,Pagi,Bus,Pelanggaran Lalu Lintas,Jalan Kota,Berlubang,<40,Tikungan,Laki-laki,26-45,Ya,umum,multi_kendaraan,penumpang,ya,UU 33/1964,meninggal,19390000000
6/1/2021,2021,6,Bekasi,518,378,25,13,Hujan,Siang,Mobil,Rem Blong,Jalan Nasional,Rusak,40-60,Simpang Y,Perempuan,<17,Tidak,pribadi,tunggal,pengemudi,tidak,tidak_dijamin,tidak_ada,0
12/15/2021,2021,12,Surabaya,649,234,30,43,Cerah,Pagi,Mobil,Kelalaian Pengemudi,Jalan Nasional,Berlubang,<40,Lurus,Perempuan,>50,Ya,pribadi,multi_kendaraan,pengemudi,ya,UU 34/1964,meninggal,14060000000
1/11/2021,2021,1,Makassar,154,378,20,34,Cerah,Siang,Motor,Kelalaian Pengemudi,Jalan Kota,Baik,40-60,Simpang Y,Perempuan,<17,Tidak,pribadi,tunggal,pengemudi,tidak,tidak_dijamin,tidak_ada,0
2/1/2022,2022,2,Jakarta Selatan,382,283,23,8,Hujan,Malam,Truk,Rem Blong,Jalan Kota,Berlubang,>60,Tikungan,Laki-laki,26-45,Tidak,pribadi,multi_kendaraan,pengemudi,ya,UU 34/1964,meninggal,15460000000
10/27/2021,2021,10,Surabaya,279,237,24,4,Cerah,Pagi,Motor,Kondisi Jalan,Jalan Nasional,Rusak,40-60,Simpang 4,Perempuan,17-25,Ya,pribadi,multi_kendaraan,pengemudi,ya,UU 34/1964,meninggal,13130000000
9/14/2021,2021,9,Semarang,387,349,20,8,Hujan,Siang,Motor,Kecepatan Berlebih,Jalan Kota,Rusak,<40,Simpang 4,Perempuan,26-45,Ya,pribadi,multi_kendaraan,pengemudi,ya,UU 34/1964,meninggal,18610000000
1/21/2021,2021,1,Semarang,193,133,20,37,Cerah,Dini Hari,Motor,Pelanggaran Lalu Lintas,Jalan Provinsi,Rusak,40-60,Simpang Y,Perempuan,17-25,Ya,pribadi,tunggal,pengemudi,tidak,tidak_dijamin,tidak_ada,0
3/11/2024,2024,3,Palembang,548,325,26,42,Hujan,Malam,Motor,Kecepatan Berlebih,Jalan Nasional,Rusak,<40,Lurus,Laki-laki,26-45,Ya,pribadi,tunggal,pengemudi,tidak,tidak_dijamin,tidak_ada,0
12/2/2025,2025,12,Makassar,1009,297,29,10,Cerah,Siang,Truk,Kurang Jarak Aman,Jalan Nasional,Rusak,>60,Simpang T,Perempuan,17-25,Ya,pribadi,tunggal,pengemudi,tidak,tidak_dijamin,tidak_ada,0
7/11/2021,2021,7,Surabaya,344,399,24,29,Cerah,Malam,Bus,Kondisi Jalan,Jalan Provinsi,Rusak,<40,Simpang T,Laki-laki,>50,Tidak,umum,tunggal,penumpang,ya,UU 33/1964,meninggal,21730000000
2/10/2025,2025,2,Yogyakarta,715,426,27,2,Cerah,Siang,Motor,Kondisi Jalan,Jalan Kota,Baik,>60,Simpang Y,Perempuan,26-45,Tidak,pribadi,tunggal,pengemudi,tidak,tidak_dijamin,tidak_ada,0
10/19/2021,2021,10,Surabaya,341,288,22,4,Cerah,Pagi,Motor,Kondisi Jalan,Jalan Nasional,Rusak,>60,Tikungan,Laki-laki,>50,Tidak,pribadi,tunggal,pengemudi,tidak,tidak_dijamin,tidak_ada,0
3/7/2025,2025,3,Bekasi,780,369,26,22,Cerah,Siang,Bus,Kondisi Jalan,Jalan Kota,Baik,<40,Simpang T,Laki-laki,17-25,Tidak,umum,multi_kendaraan,penumpang,ya,UU 33/1964,meninggal,20190000000
1/9/2023,2023,1,Bekasi,380,139,24,27,Cerah,Siang,Truk,Rem Blong,Jalan Provinsi,Rusak,>60,Simpang T,Laki-laki,>50,Tidak,pribadi,multi_kendaraan,pengemudi,ya,UU 34/1964,meninggal,8690000000
4/27/2022,2022,4,Palembang,348,411,23,11,Cerah,Dini Hari,Motor,Kecepatan Berlebih,Jalan Kota,Berlubang,>60,Simpang T,Perempuan,17-25,Tidak,pribadi,multi_kendaraan,pengemudi,ya,UU 34/1964,meninggal,21920000000
7/16/2022,2022,7,Yogyakarta,505,211,20,31,Hujan,Malam,Bus,Kondisi Jalan,Jalan Kota,Baik,<40,Simpang T,Perempuan,17-25,Tidak,umum,tunggal,penumpang,ya,UU 33/1964,meninggal,12170000000
7/17/2022,2022,7,Yogyakarta,421,190,30,4,Cerah,Siang,Bus,Kelalaian Pengemudi,Jalan Nasional,Rusak,40-60,Simpang 4,Laki-laki,17-25,Tidak,umum,tunggal,penumpang,ya,UU 33/1964,meninggal,11080000000
7/12/2023,2023,7,Jakarta Timur,518,493,20,35,Hujan,Siang,Mobil,Kecepatan Berlebih,Jalan Nasional,Baik,<40,Tikungan,Laki-laki,>50,Tidak,pribadi,multi_kendaraan,pengemudi,ya,UU 34/1964,meninggal,26350000000
5/26/2022,2022,5,Semarang,410,500,24,3,Hujan,Siang,Truk,Kelalaian Pengemudi,Jalan Nasional,Baik,40-60,Lurus,Perempuan,<17,Tidak,pribadi,tunggal,pengemudi,tidak,tidak_dijamin,tidak_ada,0
4/6/2025,2025,4,Bandung,721,118,24,9,Hujan,Dini Hari,Bus,Kecepatan Berlebih,Jalan Nasional,Rusak,>60,Lurus,Laki-laki,>50,Ya,umum,tunggal,penumpang,ya,UU 33/1964,meninggal,7280000000
9/18/2024,2024,9,Bandung,739,444,24,8,Hujan,Pagi,Truk,Kondisi Jalan,Jalan Provinsi,Berlubang,<40,Tikungan,Perempuan,17-25,Ya,pribadi,multi_kendaraan,pengemudi,ya,UU 34/1964,meninggal,23560000000
9/14/2023,2023,9,Bekasi,556,303,29,36,Hujan,Dini Hari,Motor,Kelalaian Pengemudi,Jalan Kota,Rusak,<40,Simpang Y,Laki-laki,26-45,Ya,pribadi,multi_kendaraan,pengemudi,ya,UU 34/1964,meninggal,17320000000
5/14/2023,2023,5,Jakarta Timur,447,338,21,61,Cerah,Siang,Motor,Kondisi Jalan,Jalan Provinsi,Berlubang,<40,Simpang Y,Perempuan,17-25,Ya,pribadi,tunggal,pengemudi,tidak,tidak_dijamin,tidak_ada,0
5/5/2025,2025,5,Bandung,827,311,29,2,Hujan,Dini Hari,Truk,Kelalaian Pengemudi,Jalan Provinsi,Berlubang,40-60,Simpang 4,Laki-laki,17-25,Ya,pribadi,multi_kendaraan,pengemudi,ya,UU 34/1964,meninggal,17040000000
4/13/2025,2025,4,Jakarta Timur,791,241,22,33,Cerah,Malam,Motor,Kurang Jarak Aman,Jalan Provinsi,Berlubang,40-60,Simpang T,Laki-laki,17-25,Tidak,pribadi,tunggal,pengemudi,tidak,tidak_dijamin,tidak_ada,0
11/23/2023,2023,11,Palembang,641,459,30,56,Hujan,Dini Hari,Mobil,Kurang Jarak Aman,Jalan Nasional,Rusak,<40,Lurus,Perempuan,<17,Ya,pribadi,multi_kendaraan,pengemudi,ya,UU 34/1964,meninggal,25570000000
9/8/2025,2025,9,Surabaya,849,442,28,27,Hujan,Pagi,Mobil,Kondisi Jalan,Jalan Provinsi,Berlubang,<40,Tikungan,Laki-laki,17-25,Ya,pribadi,tunggal,pengemudi,tidak,tidak_dijamin,tidak_ada,0
11/13/2022,2022,11,Jakarta Selatan,527,366,21,46,Cerah,Dini Hari,Motor,Kelalaian Pengemudi,Jalan Provinsi,Rusak,>60,Simpang T,Laki-laki,17-25,Tidak,pribadi,tunggal,pengemudi,tidak,tidak_dijamin,tidak_ada,0
7/20/2023,2023,7,Bekasi,505,147,29,52,Cerah,Pagi,Bus,Kondisi Jalan,Jalan Provinsi,Rusak,<40,Tikungan,Laki-laki,>50,Ya,umum,tunggal,penumpang,ya,UU 33/1964,meninggal,9840000000
9/5/2021,2021,9,Medan,299,320,27,24,Hujan,Malam,Mobil,Rem Blong,Jalan Provinsi,Rusak,<40,Simpang 4,Perempuan,<17,Tidak,pribadi,multi_kendaraan,pengemudi,ya,UU 34/1964,meninggal,17830000000
3/29/2024,2024,3,Jakarta Selatan,563,382,24,58,Hujan,Dini Hari,Motor,Kecepatan Berlebih,Jalan Kota,Rusak,40-60,Simpang T,Laki-laki,17-25,Tidak,pribadi,tunggal,pengemudi,tidak,tidak_dijamin,tidak_ada,0
1/3/2022,2022,1,Palembang,306,490,22,16,Hujan,Pagi,Bus,Kelalaian Pengemudi,Jalan Kota,Berlubang,<40,Lurus,Perempuan,<17,Ya,umum,tunggal,penumpang,ya,UU 33/1964,meninggal,25920000000
8/14/2022,2022,8,Bandung,404,214,22,9,Hujan,Dini Hari,Motor,Kurang Jarak Aman,Jalan Kota,Rusak,>60,Tikungan,Laki-laki,17-25,Ya,pribadi,multi_kendaraan,pengemudi,ya,UU 34/1964,meninggal,11980000000
1/9/2024,2024,1,Jakarta Timur,557,220,26,43,Hujan,Pagi,Bus,Kurang Jarak Aman,Jalan Provinsi,Berlubang,<40,Simpang Y,Perempuan,<17,Tidak,umum,tunggal,penumpang,ya,UU 33/1964,meninggal,13160000000
12/16/2022,2022,12,Semarang,713,311,20,15,Hujan,Malam,Bus,Rem Blong,Jalan Provinsi,Baik,<40,Simpang Y,Perempuan,26-45,Tidak,umum,multi_kendaraan,penumpang,ya,UU 33/1964,meninggal,16850000000
11/30/2022,2022,11,Medan,440,429,29,56,Cerah,Pagi,Truk,Kondisi Jalan,Jalan Provinsi,Rusak,>60,Tikungan,Laki-laki,17-25,Tidak,pribadi,multi_kendaraan,pengemudi,ya,UU 34/1964,meninggal,24020000000
4/13/2024,2024,4,Jakarta Selatan,625,306,25,62,Hujan,Pagi,Motor,Kurang Jarak Aman,Jalan Kota,Rusak,>60,Simpang 4,Perempuan,>50,Ya,pribadi,multi_kendaraan,pengemudi,ya,UU 34/1964,meninggal,17790000000
3/30/2021,2021,3,Jakarta Selatan,313,496,23,36,Hujan,Siang,Truk,Kurang Jarak Aman,Jalan Nasional,Rusak,40-60,Simpang Y,Perempuan,>50,Ya,pribadi,multi_kendaraan,pengemudi,ya,UU 34/1964,meninggal,26670000000
5/16/2025,2025,5,Bekasi,721,426,24,23,Hujan,Malam,Motor,Rem Blong,Jalan Kota,Berlubang,40-60,Simpang T,Perempuan,17-25,Ya,pribadi,multi_kendaraan,pengemudi,ya,UU 34/1964,meninggal,22960000000
10/5/2021,2021,10,Yogyakarta,298,103,21,12,Cerah,Siang,Mobil,Kecepatan Berlebih,Jalan Provinsi,Baik,40-60,Simpang 4,Perempuan,26-45,Ya,pribadi,tunggal,pengemudi,tidak,tidak_dijamin,tidak_ada,0
5/23/2024,2024,5,Bandung,679,190,21,39,Hujan,Malam,Mobil,Pelanggaran Lalu Lintas,Jalan Nasional,Berlubang,>60,Simpang Y,Perempuan,>50,Ya,pribadi,multi_kendaraan,pengemudi,ya,UU 34/1964,meninggal,11330000000
12/27/2025,2025,12,Palembang,1074,207,27,17,Hujan,Pagi,Motor,Kelalaian Pengemudi,Jalan Provinsi,Rusak,<40,Simpang Y,Laki-laki,17-25,Tidak,pribadi,tunggal,pengemudi,tidak,tidak_dijamin,tidak_ada,0
3/6/2024,2024,3,Jakarta Selatan,602,324,21,40,Cerah,Dini Hari,Truk,Kondisi Jalan,Jalan Nasional,Berlubang,>60,Simpang Y,Laki-laki,26-45,Tidak,pribadi,multi_kendaraan,pengemudi,ya,UU 34/1964,meninggal,18050000000
6/3/2023,2023,6,Bekasi,683,338,28,35,Hujan,Dini Hari,Bus,Kecepatan Berlebih,Jalan Nasional,Baik,<40,Lurus,Laki-laki,>50,Tidak,umum,multi_kendaraan,penumpang,ya,UU 33/1964,meninggal,19000000000
2/26/2021,2021,2,Jakarta Timur,227,382,22,21,Cerah,Siang,Truk,Rem Blong,Jalan Nasional,Rusak,<40,Simpang 4,Laki-laki,>50,Ya,pribadi,multi_kendaraan,pengemudi,ya,UU 34/1964,meninggal,20620000000
5/21/2021,2021,5,Jakarta Selatan,312,190,21,35,Hujan,Malam,Motor,Pelanggaran Lalu Lintas,Jalan Nasional,Berlubang,<40,Simpang T,Perempuan,>50,Ya,pribadi,tunggal,pengemudi,tidak,tidak_dijamin,tidak_ada,0
4/24/2024,2024,4,Semarang,562,493,20,3,Cerah,Pagi,Motor,Kurang Jarak Aman,Jalan Kota,Berlubang,>60,Simpang Y,Laki-laki,<17,Ya,pribadi,multi_kendaraan,pengemudi,ya,UU 34/1964,meninggal,25710000000
10/8/2022,2022,10,Bandung,461,164,22,66,Hujan,Malam,Mobil,Pelanggaran Lalu Lintas,Jalan Kota,Berlubang,>60,Simpang T,Perempuan,17-25,Ya,pribadi,multi_kendaraan,pengemudi,ya,UU 34/1964,meninggal,10620000000
4/26/2024,2024,4,Semarang,646,480,27,46,Hujan,Pagi,Motor,Kelalaian Pengemudi,Jalan Nasional,Berlubang,40-60,Lurus,Laki-laki,<17,Ya,pribadi,tunggal,pengemudi,tidak,tidak_dijamin,tidak_ada,0
6/1/2024,2024,6,Medan,940,174,24,21,Cerah,Dini Hari,Bus,Kurang Jarak Aman,Jalan Nasional,Baik,<40,Simpang 4,Perempuan,17-25,Ya,umum,multi_kendaraan,penumpang,ya,UU 33/1964,meninggal,10320000000
2/8/2021,2021,2,Medan,255,343,20,47,Cerah,Dini Hari,Bus,Rem Blong,Jalan Kota,Rusak,40-60,Lurus,Laki-laki,17-25,Ya,umum,multi_kendaraan,penumpang,ya,UU 33/1964,meninggal,19090000000
4/8/2023,2023,4,Surabaya,462,161,28,2,Cerah,Siang,Motor,Kurang Jarak Aman,Jalan Nasional,Baik,>60,Simpang Y,Laki-laki,>50,Tidak,pribadi,multi_kendaraan,pengemudi,ya,UU 34/1964,meninggal,9490000000
3/18/2024,2024,3,Jakarta Timur,640,259,25,1,Hujan,Pagi,Bus,Rem Blong,Jalan Provinsi,Baik,40-60,Simpang 4,Laki-laki,<17,Tidak,umum,tunggal,penumpang,ya,UU 33/1964,meninggal,14220000000
12/1/2021,2021,12,Jakarta Timur,509,493,23,13,Cerah,Pagi,Bus,Kurang Jarak Aman,Jalan Kota,Rusak,<40,Simpang Y,Laki-laki,<17,Ya,umum,multi_kendaraan,penumpang,ya,UU 33/1964,meninggal,26060000000
4/28/2025,2025,4,Bandung,731,459,20,23,Hujan,Malam,Motor,Kelalaian Pengemudi,Jalan Provinsi,Rusak,>60,Lurus,Laki-laki,<17,Tidak,pribadi,tunggal,pengemudi,tidak,tidak_dijamin,tidak_ada,0
1/13/2025,2025,1,Bandung,772,357,21,10,Cerah,Malam,Mobil,Kurang Jarak Aman,Jalan Nasional,Rusak,>60,Simpang 4,Perempuan,>50,Ya,pribadi,multi_kendaraan,pengemudi,ya,UU 34/1964,meninggal,19100000000
10/15/2024,2024,10,Bandung,730,168,27,37,Hujan,Pagi,Bus,Kelalaian Pengemudi,Jalan Nasional,Rusak,<40,Simpang 4,Laki-laki,17-25,Ya,umum,tunggal,penumpang,ya,UU 33/1964,meninggal,10490000000
1/10/2025,2025,1,Semarang,774,293,26,44,Cerah,Pagi,Mobil,Rem Blong,Jalan Nasional,Berlubang,40-60,Lurus,Perempuan,<17,Tidak,pribadi,tunggal,pengemudi,tidak,tidak_dijamin,tidak_ada,0
5/12/2023,2023,5,Bekasi,499,475,29,49,Cerah,Dini Hari,Motor,Kecepatan Berlebih,Jalan Provinsi,Berlubang,40-60,Simpang 4,Perempuan,26-45,Tidak,pribadi,tunggal,pengemudi,tidak,tidak_dijamin,tidak_ada,0
3/2/2025,2025,3,Jakarta Timur,782,440,24,23,Hujan,Siang,Motor,Kurang Jarak Aman,Jalan Provinsi,Berlubang,>60,Simpang Y,Laki-laki,17-25,Tidak,pribadi,multi_kendaraan,pengemudi,ya,UU 34/1964,meninggal,23660000000
12/26/2022,2022,12,Medan,689,395,24,19,Cerah,Dini Hari,Motor,Kondisi Jalan,Jalan Kota,Baik,>60,Lurus,Laki-laki,<17,Tidak,pribadi,tunggal,pengemudi,tidak,tidak_dijamin,tidak_ada,0
9/17/2023,2023,9,Jakarta Timur,550,321,30,26,Hujan,Siang,Mobil,Pelanggaran Lalu Lintas,Jalan Kota,Baik,40-60,Simpang Y,Perempuan,17-25,Ya,pribadi,multi_kendaraan,pengemudi,ya,UU 34/1964,meninggal,18070000000
1/29/2024,2024,1,Jakarta Selatan,566,119,27,37,Cerah,Dini Hari,Mobil,Pelanggaran Lalu Lintas,Jalan Provinsi,Berlubang,>60,Simpang 4,Laki-laki,<17,Tidak,pribadi,multi_kendaraan,pengemudi,ya,UU 34/1964,meninggal,8040000000
8/5/2024,2024,8,Surabaya,703,149,28,38,Hujan,Dini Hari,Motor,Kurang Jarak Aman,Jalan Kota,Baik,<40,Simpang 4,Laki-laki,<17,Ya,pribadi,multi_kendaraan,pengemudi,ya,UU 34/1964,meninggal,9610000000
4/12/2022,2022,4,Medan,356,488,26,19,Hujan,Dini Hari,Mobil,Kelalaian Pengemudi,Jalan Nasional,Baik,40-60,Simpang Y,Laki-laki,<17,Tidak,pribadi,tunggal,pengemudi,tidak,tidak_dijamin,tidak_ada,0
1/27/2024,2024,1,Bekasi,577,148,23,4,Cerah,Malam,Bus,Pelanggaran Lalu Lintas,Jalan Provinsi,Berlubang,<40,Simpang Y,Laki-laki,26-45,Tidak,umum,tunggal,penumpang,ya,UU 33/1964,meninggal,8630000000
12/6/2022,2022,12,Makassar,721,143,22,3,Cerah,Siang,Motor,Kecepatan Berlebih,Jalan Nasional,Berlubang,>60,Simpang T,Laki-laki,<17,Ya,pribadi,tunggal,pengemudi,tidak,tidak_dijamin,tidak_ada,0
3/2/2023,2023,3,Medan,416,153,22,11,Cerah,Dini Hari,Bus,Pelanggaran Lalu Lintas,Jalan Nasional,Berlubang,>60,Tikungan,Laki-laki,<17,Tidak,umum,multi_kendaraan,penumpang,ya,UU 33/1964,meninggal,8970000000
2/13/2025,2025,2,Semarang,655,358,28,15,Hujan,Malam,Motor,Kecepatan Berlebih,Jalan Provinsi,Rusak,40-60,Simpang 4,Perempuan,17-25,Tidak,pribadi,multi_kendaraan,pengemudi,ya,UU 34/1964,meninggal,19600000000
7/12/2024,2024,7,Yogyakarta,661,318,29,21,Cerah,Malam,Bus,Kecepatan Berlebih,Jalan Provinsi,Berlubang,<40,Tikungan,Laki-laki,>50,Tidak,umum,tunggal,penumpang,ya,UU 33/1964,meninggal,17770000000
8/18/2023,2023,8,Semarang,483,174,25,3,Cerah,Siang,Bus,Kurang Jarak Aman,Jalan Nasional,Rusak,<40,Simpang T,Laki-laki,>50,Ya,umum,multi_kendaraan,penumpang,ya,UU 33/1964,meninggal,10010000000
6/10/2023,2023,6,Surabaya,717,433,20,8,Cerah,Siang,Bus,Rem Blong,Jalan Nasional,Baik,40-60,Lurus,Laki-laki,>50,Tidak,umum,multi_kendaraan,penumpang,ya,UU 33/1964,meninggal,22810000000
5/11/2023,2023,5,Jakarta Selatan,587,107,21,17,Hujan,Pagi,Mobil,Kecepatan Berlebih,Jalan Kota,Rusak,40-60,Tikungan,Perempuan,<17,Ya,pribadi,multi_kendaraan,pengemudi,ya,UU 34/1964,meninggal,6740000000
1/16/2025,2025,1,Medan,631,128,28,24,Hujan,Malam,Mobil,Pelanggaran Lalu Lintas,Jalan Nasional,Baik,<40,Tikungan,Perempuan,26-45,Ya,pribadi,multi_kendaraan,pengemudi,ya,UU 34/1964,meninggal,8280000000
11/18/2024,2024,11,Palembang,683,282,24,23,Hujan,Malam,Mobil,Kecepatan Berlebih,Jalan Nasional,Rusak,40-60,Tikungan,Perempuan,17-25,Tidak,pribadi,multi_kendaraan,pengemudi,ya,UU 34/1964,meninggal,15760000000
5/12/2025,2025,5,Palembang,717,479,29,11,Hujan,Dini Hari,Bus,Pelanggaran Lalu Lintas,Jalan Nasional,Rusak,>60,Tikungan,Perempuan,<17,Tidak,umum,multi_kendaraan,penumpang,ya,UU 33/1964,meninggal,25620000000
9/27/2024,2024,9,Jakarta Selatan,651,366,25,33,Hujan,Dini Hari,Truk,Kurang Jarak Aman,Jalan Provinsi,Berlubang,<40,Simpang T,Laki-laki,26-45,Tidak,pribadi,multi_kendaraan,pengemudi,ya,UU 34/1964,meninggal,20210000000
6/8/2023,2023,6,Palembang,746,319,27,27,Hujan,Malam,Truk,Pelanggaran Lalu Lintas,Jalan Provinsi,Rusak,<40,Simpang Y,Laki-laki,<17,Ya,pribadi,multi_kendaraan,pengemudi,ya,UU 34/1964,meninggal,17840000000
5/16/2025,2025,5,Semarang,834,278,23,8,Cerah,Pagi,Mobil,Rem Blong,Jalan Kota,Berlubang,<40,Lurus,Laki-laki,>50,Ya,pribadi,tunggal,pengemudi,tidak,tidak_dijamin,tidak_ada,0
10/4/2022,2022,10,Jakarta Selatan,394,484,25,39,Hujan,Dini Hari,Motor,Kurang Jarak Aman,Jalan Kota,Rusak,>60,Simpang Y,Perempuan,26-45,Ya,pribadi,multi_kendaraan,pengemudi,ya,UU 34/1964,meninggal,26230000000
2/28/2022,2022,2,Yogyakarta,335,214,25,25,Hujan,Siang,Mobil,Pelanggaran Lalu Lintas,Jalan Provinsi,Baik,40-60,Lurus,Laki-laki,26-45,Ya,pribadi,multi_kendaraan,pengemudi,ya,UU 34/1964,meninggal,12450000000
6/26/2025,2025,6,Palembang,1012,303,23,24,Cerah,Pagi,Truk,Pelanggaran Lalu Lintas,Jalan Kota,Berlubang,>60,Simpang Y,Perempuan,17-25,Tidak,pribadi,tunggal,pengemudi,tidak,tidak_dijamin,tidak_ada,0
5/21/2021,2021,5,Bandung,258,142,20,10,Hujan,Malam,Truk,Pelanggaran Lalu Lintas,Jalan Provinsi,Rusak,>60,Simpang T,Perempuan,26-45,Tidak,pribadi,multi_kendaraan,pengemudi,ya,UU 34/1964,meninggal,8300000000
12/8/2024,2024,12,Bandung,1016,174,22,30,Cerah,Pagi,Mobil,Kondisi Jalan,Jalan Nasional,Rusak,>60,Simpang T,Laki-laki,26-45,Tidak,pribadi,tunggal,pengemudi,tidak,tidak_dijamin,tidak_ada,0
8/29/2022,2022,8,Bandung,480,144,27,31,Cerah,Malam,Motor,Rem Blong,Jalan Kota,Rusak,<40,Simpang Y,Perempuan,26-45,Tidak,pribadi,tunggal,pengemudi,tidak,tidak_dijamin,tidak_ada,0
4/14/2021,2021,4,Makassar,306,427,24,13,Cerah,Malam,Motor,Kondisi Jalan,Jalan Provinsi,Berlubang,<40,Simpang 4,Perempuan,26-45,Ya,pribadi,multi_kendaraan,pengemudi,ya,UU 34/1964,meninggal,22810000000
12/22/2024,2024,12,Surabaya,917,484,21,39,Cerah,Malam,Motor,Rem Blong,Jalan Kota,Rusak,40-60,Tikungan,Laki-laki,<17,Ya,pribadi,multi_kendaraan,pengemudi,ya,UU 34/1964,meninggal,26030000000
5/25/2022,2022,5,Semarang,377,487,27,20,Hujan,Malam,Truk,Kecepatan Berlebih,Jalan Provinsi,Baik,<40,Lurus,Laki-laki,<17,Tidak,pribadi,tunggal,pengemudi,tidak,tidak_dijamin,tidak_ada,0
11/4/2022,2022,11,Yogyakarta,499,402,29,42,Cerah,Malam,Mobil,Rem Blong,Jalan Kota,Berlubang,<40,Tikungan,Laki-laki,<17,Tidak,pribadi,tunggal,pengemudi,tidak,tidak_dijamin,tidak_ada,0
1/30/2021,2021,1,Jakarta Timur,166,447,27,64,Hujan,Malam,Mobil,Kecepatan Berlebih,Jalan Provinsi,Rusak,40-60,Tikungan,Laki-laki,<17,Ya,pribadi,multi_kendaraan,pengemudi,ya,UU 34/1964,meninggal,24980000000
9/1/2021,2021,9,Surabaya,257,330,26,8,Hujan,Dini Hari,Bus,Kecepatan Berlebih,Jalan Provinsi,Berlubang,40-60,Simpang T,Laki-laki,17-25,Tidak,umum,multi_kendaraan,penumpang,ya,UU 33/1964,meninggal,17960000000
9/26/2023,2023,9,Jakarta Selatan,500,363,24,61,Hujan,Dini Hari,Motor,Kondisi Jalan,Jalan Nasional,Baik,40-60,Simpang T,Laki-laki,>50,Ya,pribadi,multi_kendaraan,pengemudi,ya,UU 34/1964,meninggal,20570000000
2/13/2021,2021,2,Bandung,289,423,25,33,Hujan,Pagi,Mobil,Pelanggaran Lalu Lintas,Jalan Nasional,Baik,<40,Simpang T,Laki-laki,<17,Ya,pribadi,tunggal,pengemudi,tidak,tidak_dijamin,tidak_ada,0
1/10/2021,2021,1,Jakarta Selatan,144,171,28,17,Cerah,Pagi,Motor,Kecepatan Berlebih,Jalan Provinsi,Baik,<40,Lurus,Perempuan,26-45,Tidak,pribadi,multi_kendaraan,pengemudi,ya,UU 34/1964,meninggal,10290000000
11/12/2023,2023,11,Jakarta Timur,671,219,21,26,Hujan,Dini Hari,Bus,Kelalaian Pengemudi,Jalan Kota,Baik,<40,Tikungan,Perempuan,17-25,Tidak,umum,tunggal,penumpang,ya,UU 33/1964,meninggal,12520000000
12/9/2021,2021,12,Semarang,580,176,27,32,Cerah,Siang,Mobil,Pelanggaran Lalu Lintas,Jalan Nasional,Baik,>60,Simpang 4,Laki-laki,<17,Ya,pribadi,multi_kendaraan,pengemudi,ya,UU 34/1964,meninggal,10790000000
2/7/2021,2021,2,Makassar,218,467,26,7,Cerah,Dini Hari,Mobil,Pelanggaran Lalu Lintas,Jalan Provinsi,Baik,<40,Lurus,Perempuan,17-25,Ya,pribadi,multi_kendaraan,pengemudi,ya,UU 34/1964,meninggal,24790000000
6/13/2025,2025,6,Semarang,1045,222,27,9,Cerah,Dini Hari,Truk,Kurang Jarak Aman,Jalan Provinsi,Berlubang,40-60,Lurus,Perempuan,17-25,Ya,pribadi,multi_kendaraan,pengemudi,ya,UU 34/1964,meninggal,12630000000
6/27/2023,2023,6,Palembang,839,301,30,10,Hujan,Siang,Motor,Kelalaian Pengemudi,Jalan Kota,Berlubang,>60,Lurus,Laki-laki,26-45,Ya,pribadi,multi_kendaraan,pengemudi,ya,UU 34/1964,meninggal,16750000000
11/4/2024,2024,11,Yogyakarta,717,187,24,41,Cerah,Pagi,Bus,Kondisi Jalan,Jalan Provinsi,Baik,>60,Tikungan,Perempuan,26-45,Tidak,umum,multi_kendaraan,penumpang,ya,UU 33/1964,meninggal,11370000000
1/19/2024,2024,1,Palembang,606,410,25,10,Cerah,Malam,Truk,Pelanggaran Lalu Lintas,Jalan Nasional,Berlubang,>60,Simpang T,Laki-laki,26-45,Tidak,pribadi,multi_kendaraan,pengemudi,ya,UU 34/1964,meninggal,21950000000
6/30/2022,2022,6,Jakarta Timur,610,177,24,37,Cerah,Siang,Mobil,Rem Blong,Jalan Kota,Berlubang,>60,Simpang Y,Perempuan,17-25,Ya,pribadi,multi_kendaraan,pengemudi,ya,UU 34/1964,meninggal,10790000000
12/15/2024,2024,12,Palembang,1067,456,20,51,Cerah,Pagi,Bus,Rem Blong,Jalan Kota,Baik,<40,Simpang Y,Laki-laki,>50,Ya,umum,tunggal,penumpang,ya,UU 33/1964,meninggal,24820000000
3/3/2023,2023,3,Palembang,464,212,20,10,Cerah,Malam,Bus,Rem Blong,Jalan Kota,Baik,>60,Simpang Y,Perempuan,<17,Ya,umum,multi_kendaraan,penumpang,ya,UU 33/1964,meninggal,11800000000
4/11/2021,2021,4,Bekasi,338,454,22,9,Cerah,Dini Hari,Motor,Pelanggaran Lalu Lintas,Jalan Kota,Baik,<40,Tikungan,Perempuan,>50,Tidak,pribadi,multi_kendaraan,pengemudi,ya,UU 34/1964,meninggal,23980000000
4/14/2022,2022,4,Bandung,387,214,29,30,Hujan,Malam,Bus,Rem Blong,Jalan Nasional,Baik,40-60,Simpang 4,Laki-laki,>50,Ya,umum,tunggal,penumpang,ya,UU 33/1964,meninggal,12750000000
3/10/2025,2025,3,Yogyakarta,778,191,30,10,Hujan,Siang,Bus,Kondisi Jalan,Jalan Provinsi,Rusak,<40,Simpang T,Perempuan,26-45,Tidak,umum,tunggal,penumpang,ya,UU 33/1964,meninggal,11250000000
2/3/2023,2023,2,Makassar,486,460,21,25,Cerah,Malam,Motor,Kecepatan Berlebih,Jalan Kota,Berlubang,<40,Simpang T,Laki-laki,17-25,Ya,pribadi,tunggal,pengemudi,tidak,tidak_dijamin,tidak_ada,0
9/5/2025,2025,9,Yogyakarta,754,355,25,23,Cerah,Siang,Motor,Pelanggaran Lalu Lintas,Jalan Nasional,Baik,<40,Simpang T,Laki-laki,17-25,Ya,pribadi,tunggal,pengemudi,tidak,tidak_dijamin,tidak_ada,0
3/24/2023,2023,3,Medan,407,414,28,26,Hujan,Malam,Mobil,Kondisi Jalan,Jalan Provinsi,Baik,<40,Simpang Y,Laki-laki,17-25,Tidak,pribadi,multi_kendaraan,pengemudi,ya,UU 34/1964,meninggal,22620000000
5/26/2024,2024,5,Medan,658,187,29,1,Cerah,Malam,Truk,Kelalaian Pengemudi,Jalan Provinsi,Berlubang,>60,Simpang Y,Laki-laki,26-45,Tidak,pribadi,multi_kendaraan,pengemudi,ya,UU 34/1964,meninggal,10820000000
7/11/2023,2023,7,Semarang,586,337,20,29,Cerah,Siang,Motor,Rem Blong,Jalan Provinsi,Baik,>60,Simpang 4,Laki-laki,<17,Tidak,pribadi,tunggal,pengemudi,tidak,tidak_dijamin,tidak_ada,0
8/23/2024,2024,8,Semarang,601,223,24,42,Hujan,Malam,Mobil,Rem Blong,Jalan Kota,Rusak,>60,Lurus,Laki-laki,>50,Ya,pribadi,tunggal,pengemudi,tidak,tidak_dijamin,tidak_ada,0
3/21/2023,2023,3,Bandung,415,404,23,23,Cerah,Dini Hari,Mobil,Kelalaian Pengemudi,Jalan Nasional,Rusak,40-60,Simpang 4,Perempuan,>50,Ya,pribadi,multi_kendaraan,pengemudi,ya,UU 34/1964,meninggal,21810000000
9/3/2022,2022,9,Medan,386,126,28,7,Cerah,Malam,Truk,Kelalaian Pengemudi,Jalan Kota,Baik,>60,Simpang T,Perempuan,26-45,Ya,pribadi,tunggal,pengemudi,tidak,tidak_dijamin,tidak_ada,0
5/20/2025,2025,5,Medan,806,342,28,15,Hujan,Pagi,Motor,Rem Blong,Jalan Nasional,Rusak,40-60,Lurus,Perempuan,17-25,Ya,pribadi,multi_kendaraan,pengemudi,ya,UU 34/1964,meninggal,18800000000
10/5/2023,2023,10,Jakarta Timur,587,355,25,30,Cerah,Siang,Mobil,Kondisi Jalan,Jalan Nasional,Rusak,<40,Simpang 4,Laki-laki,17-25,Tidak,pribadi,multi_kendaraan,pengemudi,ya,UU 34/1964,meninggal,19600000000
1/23/2022,2022,1,Makassar,284,488,20,26,Cerah,Pagi,Bus,Kecepatan Berlebih,Jalan Kota,Rusak,>60,Lurus,Laki-laki,>50,Ya,umum,multi_kendaraan,penumpang,ya,UU 33/1964,meninggal,25920000000
4/18/2021,2021,4,Makassar,292,232,30,46,Hujan,Malam,Bus,Kurang Jarak Aman,Jalan Nasional,Rusak,40-60,Simpang 4,Laki-laki,<17,Tidak,umum,multi_kendaraan,penumpang,ya,UU 33/1964,meninggal,14020000000
10/6/2021,2021,10,Semarang,362,458,22,28,Cerah,Malam,Mobil,Kurang Jarak Aman,Jalan Nasional,Rusak,<40,Simpang Y,Laki-laki,17-25,Ya,pribadi,multi_kendaraan,pengemudi,ya,UU 34/1964,meninggal,24560000000
2/13/2021,2021,2,Palembang,233,303,25,7,Cerah,Pagi,Mobil,Kurang Jarak Aman,Jalan Kota,Rusak,<40,Lurus,Laki-laki,17-25,Ya,pribadi,multi_kendaraan,pengemudi,ya,UU 34/1964,meninggal,16540000000
5/20/2024,2024,5,Jakarta Timur,701,347,24,12,Cerah,Dini Hari,Motor,Kelalaian Pengemudi,Jalan Nasional,Rusak,>60,Simpang T,Perempuan,17-25,Tidak,pribadi,tunggal,pengemudi,tidak,tidak_dijamin,tidak_ada,0
11/19/2021,2021,11,Jakarta Selatan,329,288,25,13,Cerah,Siang,Bus,Kecepatan Berlebih,Jalan Provinsi,Berlubang,<40,Simpang Y,Laki-laki,<17,Ya,umum,multi_kendaraan,penumpang,ya,UU 33/1964,meninggal,15910000000
2/26/2024,2024,2,Semarang,667,122,23,36,Hujan,Dini Hari,Truk,Kondisi Jalan,Jalan Kota,Berlubang,<40,Tikungan,Laki-laki,<17,Ya,pribadi,multi_kendaraan,pengemudi,ya,UU 34/1964,meninggal,7970000000
4/15/2024,2024,4,Jakarta Timur,630,380,29,25,Cerah,Malam,Bus,Kurang Jarak Aman,Jalan Provinsi,Rusak,<40,Simpang T,Laki-laki,26-45,Tidak,umum,tunggal,penumpang,ya,UU 33/1964,meninggal,20950000000
12/18/2021,2021,12,Medan,614,280,21,3,Hujan,Malam,Bus,Kondisi Jalan,Jalan Provinsi,Berlubang,<40,Simpang 4,Laki-laki,26-45,Ya,umum,tunggal,penumpang,ya,UU 33/1964,meninggal,15110000000
6/29/2021,2021,6,Yogyakarta,599,372,23,16,Cerah,Siang,Mobil,Kelalaian Pengemudi,Jalan Nasional,Baik,>60,Simpang 4,Perempuan,<17,Ya,pribadi,tunggal,pengemudi,tidak,tidak_dijamin,tidak_ada,0
5/11/2023,2023,5,Palembang,538,196,29,25,Cerah,Malam,Truk,Kecepatan Berlebih,Jalan Provinsi,Berlubang,40-60,Lurus,Laki-laki,17-25,Ya,pribadi,tunggal,pengemudi,tidak,tidak_dijamin,tidak_ada,0
10/6/2023,2023,10,Surabaya,625,444,20,13,Hujan,Pagi,Bus,Kurang Jarak Aman,Jalan Nasional,Rusak,40-60,Lurus,Perempuan,17-25,Ya,umum,tunggal,penumpang,ya,UU 33/1964,meninggal,23460000000
12/2/2023,2023,12,Jakarta Selatan,890,393,22,39,Cerah,Pagi,Mobil,Kurang Jarak Aman,Jalan Kota,Rusak,40-60,Tikungan,Laki-laki,26-45,Tidak,pribadi,multi_kendaraan,pengemudi,ya,UU 34/1964,meninggal,21530000000
3/10/2021,2021,3,Bekasi,210,399,21,49,Cerah,Malam,Truk,Kurang Jarak Aman,Jalan Nasional,Baik,<40,Simpang 4,Laki-laki,26-45,Ya,pribadi,multi_kendaraan,pengemudi,ya,UU 34/1964,meninggal,21980000000
5/29/2025,2025,5,Palembang,801,432,30,11,Cerah,Malam,Bus,Pelanggaran Lalu Lintas,Jalan Kota,Baik,<40,Tikungan,Laki-laki,26-45,Tidak,umum,multi_kendaraan,penumpang,ya,UU 33/1964,meninggal,23320000000
2/16/2024,2024,2,Jakarta Selatan,567,394,20,28,Cerah,Malam,Truk,Kelalaian Pengemudi,Jalan Nasional,Baik,<40,Lurus,Laki-laki,17-25,Tidak,pribadi,multi_kendaraan,pengemudi,ya,UU 34/1964,meninggal,21260000000
7/11/2024,2024,7,Bekasi,665,455,23,7,Cerah,Siang,Bus,Pelanggaran Lalu Lintas,Jalan Provinsi,Baik,40-60,Lurus,Perempuan,26-45,Tidak,umum,multi_kendaraan,penumpang,ya,UU 33/1964,meninggal,24040000000
5/27/2022,2022,5,Bandung,362,194,29,7,Cerah,Siang,Motor,Kecepatan Berlebih,Jalan Nasional,Rusak,40-60,Simpang T,Laki-laki,26-45,Tidak,pribadi,tunggal,pengemudi,tidak,tidak_dijamin,tidak_ada,0
1/21/2022,2022,1,Bekasi,404,237,24,34,Cerah,Dini Hari,Bus,Kondisi Jalan,Jalan Kota,Rusak,40-60,Simpang T,Laki-laki,26-45,Tidak,umum,multi_kendaraan,penumpang,ya,UU 33/1964,meninggal,13730000000
2/4/2024,2024,2,Bekasi,533,131,23,12,Cerah,Dini Hari,Motor,Kelalaian Pengemudi,Jalan Nasional,Baik,>60,Simpang T,Perempuan,26-45,Ya,pribadi,multi_kendaraan,pengemudi,ya,UU 34/1964,meninggal,7940000000
1/15/2021,2021,1,Bandung,199,376,28,44,Cerah,Siang,Mobil,Kondisi Jalan,Jalan Nasional,Rusak,40-60,Lurus,Laki-laki,>50,Tidak,pribadi,multi_kendaraan,pengemudi,ya,UU 34/1964,meninggal,21080000000
5/8/2021,2021,5,Yogyakarta,215,412,24,13,Cerah,Pagi,Truk,Kondisi Jalan,Jalan Nasional,Berlubang,>60,Simpang 4,Laki-laki,17-25,Ya,pribadi,tunggal,pengemudi,tidak,tidak_dijamin,tidak_ada,0
12/22/2023,2023,12,Surabaya,906,244,30,14,Hujan,Malam,Bus,Kelalaian Pengemudi,Jalan Nasional,Berlubang,>60,Simpang Y,Laki-laki,26-45,Ya,umum,multi_kendaraan,penumpang,ya,UU 33/1964,meninggal,13980000000
7/8/2023,2023,7,Yogyakarta,560,132,20,16,Cerah,Pagi,Mobil,Kondisi Jalan,Jalan Nasional,Baik,>60,Simpang T,Perempuan,17-25,Ya,pribadi,tunggal,pengemudi,tidak,tidak_dijamin,tidak_ada,0
5/8/2024,2024,5,Yogyakarta,583,374,22,45,Hujan,Pagi,Mobil,Pelanggaran Lalu Lintas,Jalan Kota,Baik,<40,Tikungan,Laki-laki,17-25,Ya,pribadi,multi_kendaraan,pengemudi,ya,UU 34/1964,meninggal,20700000000
6/30/2025,2025,6,Palembang,985,190,30,29,Cerah,Pagi,Mobil,Kurang Jarak Aman,Jalan Nasional,Baik,40-60,Simpang T,Perempuan,26-45,Ya,pribadi,multi_kendaraan,pengemudi,ya,UU 34/1964,meninggal,11580000000
2/18/2024,2024,2,Medan,577,298,29,26,Cerah,Dini Hari,Mobil,Kurang Jarak Aman,Jalan Nasional,Berlubang,40-60,Tikungan,Perempuan,17-25,Tidak,pribadi,multi_kendaraan,pengemudi,ya,UU 34/1964,meninggal,16870000000
10/2/2022,2022,10,Yogyakarta,463,500,23,41,Cerah,Malam,Truk,Kurang Jarak Aman,Jalan Kota,Rusak,40-60,Simpang Y,Perempuan,>50,Tidak,pribadi,tunggal,pengemudi,tidak,tidak_dijamin,tidak_ada,0
6/8/2023,2023,6,Yogyakarta,713,484,29,3,Cerah,Malam,Bus,Kelalaian Pengemudi,Jalan Provinsi,Berlubang,40-60,Lurus,Perempuan,17-25,Tidak,umum,multi_kendaraan,penumpang,ya,UU 33/1964,meninggal,25710000000
6/20/2021,2021,6,Medan,512,324,23,63,Cerah,Malam,Bus,Rem Blong,Jalan Kota,Berlubang,40-60,Lurus,Laki-laki,17-25,Tidak,umum,tunggal,penumpang,ya,UU 33/1964,meninggal,18610000000
1/9/2023,2023,1,Semarang,501,304,30,13,Hujan,Siang,Bus,Kurang Jarak Aman,Jalan Nasional,Baik,<40,Lurus,Perempuan,26-45,Ya,umum,multi_kendaraan,penumpang,ya,UU 33/1964,meninggal,16960000000
6/4/2023,2023,6,Makassar,785,162,28,3,Hujan,Malam,Mobil,Kelalaian Pengemudi,Jalan Kota,Baik,40-60,Tikungan,Perempuan,<17,Ya,pribadi,multi_kendaraan,pengemudi,ya,UU 34/1964,meninggal,9560000000
8/10/2024,2024,8,Yogyakarta,701,178,20,36,Cerah,Pagi,Bus,Kelalaian Pengemudi,Jalan Nasional,Berlubang,>60,Simpang 4,Perempuan,26-45,Tidak,umum,tunggal,penumpang,ya,UU 33/1964,meninggal,10620000000
4/9/2025,2025,4,Makassar,783,476,27,31,Cerah,Siang,Bus,Kurang Jarak Aman,Jalan Provinsi,Rusak,40-60,Lurus,Laki-laki,17-25,Tidak,umum,tunggal,penumpang,ya,UU 33/1964,meninggal,25770000000
4/26/2025,2025,4,Medan,782,220,23,10,Hujan,Dini Hari,Truk,Rem Blong,Jalan Nasional,Rusak,<40,Lurus,Perempuan,26-45,Ya,pribadi,tunggal,pengemudi,tidak,tidak_dijamin,tidak_ada,0
1/4/2024,2024,1,Surabaya,642,320,28,38,Hujan,Dini Hari,Mobil,Kurang Jarak Aman,Jalan Provinsi,Baik,40-60,Simpang 4,Laki-laki,>50,Ya,pribadi,tunggal,pengemudi,tidak,tidak_dijamin,tidak_ada,0
7/9/2025,2025,7,Jakarta Timur,815,252,29,5,Hujan,Pagi,Bus,Rem Blong,Jalan Kota,Rusak,>60,Tikungan,Perempuan,17-25,Tidak,umum,tunggal,penumpang,ya,UU 33/1964,meninggal,14150000000
12/23/2023,2023,12,Semarang,701,251,20,30,Hujan,Siang,Motor,Pelanggaran Lalu Lintas,Jalan Kota,Baik,<40,Simpang 4,Laki-laki,17-25,Ya,pribadi,tunggal,pengemudi,tidak,tidak_dijamin,tidak_ada,0
2/19/2024,2024,2,Bandung,514,386,28,11,Cerah,Malam,Motor,Kecepatan Berlebih,Jalan Nasional,Berlubang,>60,Simpang Y,Perempuan,>50,Tidak,pribadi,tunggal,pengemudi,tidak,tidak_dijamin,tidak_ada,0
9/13/2022,2022,9,Bekasi,380,375,25,37,Hujan,Siang,Bus,Kelalaian Pengemudi,Jalan Provinsi,Berlubang,>60,Simpang Y,Laki-laki,<17,Tidak,umum,tunggal,penumpang,ya,UU 33/1964,meninggal,20740000000
6/16/2023,2023,6,Surabaya,769,457,24,17,Hujan,Dini Hari,Motor,Kondisi Jalan,Jalan Nasional,Berlubang,40-60,Tikungan,Perempuan,26-45,Tidak,pribadi,tunggal,pengemudi,tidak,tidak_dijamin,tidak_ada,0
8/2/2024,2024,8,Surabaya,728,118,20,38,Cerah,Malam,Mobil,Kurang Jarak Aman,Jalan Provinsi,Baik,>60,Simpang 4,Perempuan,26-45,Ya,pribadi,multi_kendaraan,pengemudi,ya,UU 34/1964,meninggal,7660000000
5/9/2021,2021,5,Jakarta Timur,342,456,21,37,Hujan,Dini Hari,Bus,Kondisi Jalan,Jalan Nasional,Rusak,<40,Tikungan,Perempuan,26-45,Ya,umum,tunggal,penumpang,ya,UU 33/1964,meninggal,24590000000
12/26/2023,2023,12,Makassar,797,168,23,32,Cerah,Dini Hari,Motor,Kondisi Jalan,Jalan Provinsi,Rusak,<40,Lurus,Laki-laki,>50,Ya,pribadi,multi_kendaraan,pengemudi,ya,UU 34/1964,meninggal,10190000000
6/5/2021,2021,6,Makassar,561,108,24,22,Cerah,Malam,Truk,Kurang Jarak Aman,Jalan Kota,Rusak,40-60,Simpang 4,Laki-laki,<17,Tidak,pribadi,tunggal,pengemudi,tidak,tidak_dijamin,tidak_ada,0
11/16/2023,2023,11,Palembang,617,341,25,27,Cerah,Malam,Mobil,Kecepatan Berlebih,Jalan Nasional,Berlubang,>60,Tikungan,Laki-laki,17-25,Ya,pribadi,tunggal,pengemudi,tidak,tidak_dijamin,tidak_ada,0
7/4/2021,2021,7,Yogyakarta,291,467,23,22,Cerah,Pagi,Bus,Kurang Jarak Aman,Jalan Nasional,Rusak,40-60,Simpang Y,Perempuan,26-45,Tidak,umum,multi_kendaraan,penumpang,ya,UU 33/1964,meninggal,24940000000
10/23/2022,2022,10,Jakarta Selatan,492,272,26,39,Hujan,Dini Hari,Motor,Kurang Jarak Aman,Jalan Kota,Rusak,<40,Tikungan,Perempuan,17-25,Ya,pribadi,tunggal,pengemudi,tidak,tidak_dijamin,tidak_ada,0
1/16/2025,2025,1,Jakarta Selatan,675,257,29,45,Hujan,Dini Hari,Mobil,Kurang Jarak Aman,Jalan Provinsi,Baik,>60,Lurus,Perempuan,>50,Ya,pribadi,multi_kendaraan,pengemudi,ya,UU 34/1964,meninggal,15200000000
5/17/2023,2023,5,Medan,452,372,22,29,Hujan,Siang,Truk,Rem Blong,Jalan Kota,Rusak,<40,Simpang 4,Laki-laki,>50,Tidak,pribadi,multi_kendaraan,pengemudi,ya,UU 34/1964,meninggal,20280000000
11/2/2024,2024,11,Palembang,778,408,21,18,Hujan,Pagi,Motor,Kurang Jarak Aman,Jalan Provinsi,Baik,40-60,Tikungan,Laki-laki,17-25,Tidak,pribadi,tunggal,pengemudi,tidak,tidak_dijamin,tidak_ada,0
1/11/2023,2023,1,Jakarta Selatan,519,477,22,3,Cerah,Malam,Truk,Kondisi Jalan,Jalan Provinsi,Baik,>60,Simpang Y,Laki-laki,>50,Tidak,pribadi,multi_kendaraan,pengemudi,ya,UU 34/1964,meninggal,25010000000
7/17/2025,2025,7,Bandung,845,311,29,25,Cerah,Pagi,Motor,Rem Blong,Jalan Nasional,Berlubang,40-60,Simpang Y,Laki-laki,<17,Tidak,pribadi,tunggal,pengemudi,tidak,tidak_dijamin,tidak_ada,0
10/18/2023,2023,10,Makassar,609,287,20,18,Cerah,Malam,Truk,Pelanggaran Lalu Lintas,Jalan Nasional,Rusak,>60,Lurus,Perempuan,<17,Ya,pribadi,tunggal,pengemudi,tidak,tidak_dijamin,tidak_ada,0
2/15/2023,2023,2,Jakarta Timur,533,277,20,51,Cerah,Malam,Mobil,Pelanggaran Lalu Lintas,Jalan Nasional,Baik,<40,Tikungan,Laki-laki,17-25,Tidak,pribadi,multi_kendaraan,pengemudi,ya,UU 34/1964,meninggal,15870000000
4/8/2022,2022,4,Yogyakarta,388,145,21,54,Hujan,Dini Hari,Truk,Kondisi Jalan,Jalan Nasional,Baik,>60,Lurus,Perempuan,>50,Tidak,pribadi,multi_kendaraan,pengemudi,ya,UU 34/1964,meninggal,9380000000
11/25/2022,2022,11,Medan,452,204,20,7,Hujan,Pagi,Bus,Pelanggaran Lalu Lintas,Jalan Provinsi,Berlubang,>60,Simpang T,Perempuan,>50,Ya,umum,multi_kendaraan,penumpang,ya,UU 33/1964,meninggal,11340000000
7/26/2024,2024,7,Semarang,745,487,21,14,Hujan,Dini Hari,Mobil,Pelanggaran Lalu Lintas,Jalan Provinsi,Baik,<40,Lurus,Laki-laki,>50,Ya,pribadi,multi_kendaraan,pengemudi,ya,UU 34/1964,meninggal,25680000000
10/25/2023,2023,10,Palembang,627,179,21,48,Hujan,Pagi,Mobil,Kondisi Jalan,Jalan Nasional,Berlubang,40-60,Lurus,Perempuan,>50,Tidak,pribadi,tunggal,pengemudi,tidak,tidak_dijamin,tidak_ada,0
5/14/2025,2025,5,Jakarta Timur,713,301,20,16,Cerah,Dini Hari,Bus,Kondisi Jalan,Jalan Kota,Baik,<40,Simpang T,Perempuan,17-25,Tidak,umum,multi_kendaraan,penumpang,ya,UU 33/1964,meninggal,16370000000
12/24/2022,2022,12,Makassar,674,149,28,44,Hujan,Siang,Motor,Kurang Jarak Aman,Jalan Kota,Baik,40-60,Simpang T,Perempuan,>50,Ya,pribadi,multi_kendaraan,pengemudi,ya,UU 34/1964,meninggal,9730000000
2/11/2022,2022,2,Jakarta Selatan,375,233,26,16,Hujan,Siang,Bus,Pelanggaran Lalu Lintas,Jalan Provinsi,Berlubang,>60,Simpang 4,Laki-laki,17-25,Tidak,umum,multi_kendaraan,penumpang,ya,UU 33/1964,meninggal,13270000000
11/24/2025,2025,11,Makassar,843,103,26,26,Cerah,Siang,Motor,Rem Blong,Jalan Provinsi,Rusak,<40,Simpang 4,Laki-laki,17-25,Ya,pribadi,multi_kendaraan,pengemudi,ya,UU 34/1964,meninggal,6970000000
2/20/2024,2024,2,Yogyakarta,560,215,20,50,Cerah,Pagi,Motor,Rem Blong,Jalan Nasional,Berlubang,40-60,Simpang T,Laki-laki,26-45,Tidak,pribadi,tunggal,pengemudi,tidak,tidak_dijamin,tidak_ada,0
5/5/2025,2025,5,Makassar,713,221,20,21,Cerah,Siang,Mobil,Kecepatan Berlebih,Jalan Nasional,Baik,<40,Tikungan,Perempuan,17-25,Tidak,pribadi,multi_kendaraan,pengemudi,ya,UU 34/1964,meninggal,12470000000
2/27/2021,2021,2,Bandung,309,280,20,10,Hujan,Pagi,Bus,Kecepatan Berlebih,Jalan Provinsi,Baik,>60,Simpang 4,Laki-laki,26-45,Tidak,umum,tunggal,penumpang,ya,UU 33/1964,meninggal,15200000000
12/11/2024,2024,12,Palembang,970,380,20,51,Cerah,Pagi,Bus,Rem Blong,Jalan Kota,Baik,<40,Lurus,Laki-laki,>50,Tidak,umum,multi_kendaraan,penumpang,ya,UU 33/1964,meninggal,21020000000
3/21/2021,2021,3,Jakarta Timur,314,121,26,42,Hujan,Dini Hari,Bus,Kelalaian Pengemudi,Jalan Nasional,Berlubang,<40,Simpang T,Laki-laki,>50,Tidak,umum,tunggal,penumpang,ya,UU 33/1964,meninggal,8190000000
11/27/2021,2021,11,Medan,382,464,25,17,Hujan,Siang,Mobil,Kecepatan Berlebih,Jalan Nasional,Rusak,>60,Lurus,Laki-laki,17-25,Ya,pribadi,multi_kendaraan,pengemudi,ya,UU 34/1964,meninggal,24790000000
9/20/2023,2023,9,Bekasi,514,314,30,23,Cerah,Pagi,Motor,Kelalaian Pengemudi,Jalan Kota,Berlubang,<40,Simpang 4,Laki-laki,>50,Ya,pribadi,multi_kendaraan,pengemudi,ya,UU 34/1964,meninggal,17660000000
8/4/2022,2022,8,Bekasi,419,202,24,27,Cerah,Dini Hari,Truk,Pelanggaran Lalu Lintas,Jalan Provinsi,Rusak,>60,Lurus,Laki-laki,<17,Tidak,pribadi,tunggal,pengemudi,tidak,tidak_dijamin,tidak_ada,0
4/20/2024,2024,4,Jakarta Timur,632,278,28,8,Hujan,Siang,Mobil,Pelanggaran Lalu Lintas,Jalan Kota,Rusak,<40,Tikungan,Laki-laki,>50,Ya,pribadi,multi_kendaraan,pengemudi,ya,UU 34/1964,meninggal,15460000000
9/13/2024,2024,9,Makassar,705,367,29,20,Cerah,Dini Hari,Truk,Kecepatan Berlebih,Jalan Nasional,Berlubang,<40,Simpang Y,Perempuan,<17,Tidak,pribadi,tunggal,pengemudi,tidak,tidak_dijamin,tidak_ada,0
8/25/2024,2024,8,Jakarta Selatan,646,460,20,27,Cerah,Pagi,Mobil,Pelanggaran Lalu Lintas,Jalan Kota,Baik,40-60,Simpang 4,Perempuan,26-45,Ya,pribadi,tunggal,pengemudi,tidak,tidak_dijamin,tidak_ada,0
11/26/2023,2023,11,Jakarta Selatan,673,243,30,18,Cerah,Pagi,Truk,Kecepatan Berlebih,Jalan Kota,Baik,<40,Simpang Y,Laki-laki,<17,Ya,pribadi,multi_kendaraan,pengemudi,ya,UU 34/1964,meninggal,14010000000
1/17/2023,2023,1,Jakarta Selatan,434,111,25,54,Hujan,Pagi,Truk,Kelalaian Pengemudi,Jalan Provinsi,Baik,>60,Lurus,Laki-laki,<17,Tidak,pribadi,multi_kendaraan,pengemudi,ya,UU 34/1964,meninggal,7880000000
12/17/2021,2021,12,Jakarta Selatan,577,306,27,10,Cerah,Pagi,Truk,Kondisi Jalan,Jalan Provinsi,Berlubang,>60,Simpang Y,Perempuan,>50,Tidak,pribadi,tunggal,pengemudi,tidak,tidak_dijamin,tidak_ada,0
5/27/2025,2025,5,Jakarta Timur,731,483,27,33,Cerah,Dini Hari,Truk,Kecepatan Berlebih,Jalan Nasional,Rusak,<40,Tikungan,Perempuan,17-25,Tidak,pribadi,multi_kendaraan,pengemudi,ya,UU 34/1964,meninggal,26160000000
10/6/2024,2024,10,Bandung,744,246,22,46,Hujan,Pagi,Truk,Pelanggaran Lalu Lintas,Jalan Nasional,Rusak,>60,Tikungan,Laki-laki,26-45,Ya,pribadi,multi_kendaraan,pengemudi,ya,UU 34/1964,meninggal,14320000000
11/18/2023,2023,11,Semarang,583,242,30,34,Cerah,Pagi,Motor,Kondisi Jalan,Jalan Nasional,Berlubang,<40,Simpang T,Perempuan,>50,Ya,pribadi,multi_kendaraan,pengemudi,ya,UU 34/1964,meninggal,14280000000
8/9/2022,2022,8,Jakarta Selatan,419,301,28,13,Cerah,Siang,Truk,Kelalaian Pengemudi,Jalan Provinsi,Baik,>60,Lurus,Perempuan,<17,Tidak,pribadi,multi_kendaraan,pengemudi,ya,UU 34/1964,meninggal,16710000000
11/15/2021,2021,11,Bandung,295,454,26,59,Hujan,Dini Hari,Mobil,Kecepatan Berlebih,Jalan Nasional,Rusak,<40,Simpang T,Perempuan,26-45,Tidak,pribadi,multi_kendaraan,pengemudi,ya,UU 34/1964,meninggal,25180000000
5/11/2024,2024,5,Bandung,580,487,30,53,Cerah,Malam,Mobil,Rem Blong,Jalan Provinsi,Rusak,40-60,Tikungan,Laki-laki,<17,Tidak,pribadi,tunggal,pengemudi,tidak,tidak_dijamin,tidak_ada,0
6/1/2022,2022,6,Palembang,649,182,25,29,Cerah,Pagi,Mobil,Kelalaian Pengemudi,Jalan Provinsi,Rusak,>60,Lurus,Laki-laki,26-45,Tidak,pribadi,tunggal,pengemudi,tidak,tidak_dijamin,tidak_ada,0
2/3/2025,2025,2,Yogyakarta,644,257,20,31,Cerah,Malam,Truk,Rem Blong,Jalan Provinsi,Baik,<40,Tikungan,Perempuan,26-45,Ya,pribadi,tunggal,pengemudi,tidak,tidak_dijamin,tidak_ada,0
5/19/2024,2024,5,Bandung,604,498,27,39,Hujan,Malam,Mobil,Pelanggaran Lalu Lintas,Jalan Nasional,Berlubang,>60,Lurus,Perempuan,<17,Ya,pribadi,tunggal,pengemudi,tidak,tidak_dijamin,tidak_ada,0
11/1/2022,2022,11,Yogyakarta,523,263,26,46,Cerah,Pagi,Motor,Kondisi Jalan,Jalan Kota,Baik,<40,Simpang 4,Laki-laki,<17,Tidak,pribadi,multi_kendaraan,pengemudi,ya,UU 34/1964,meninggal,15370000000
8/21/2025,2025,8,Palembang,818,435,23,14,Hujan,Siang,Bus,Kelalaian Pengemudi,Jalan Kota,Berlubang,>60,Simpang Y,Perempuan,<17,Ya,umum,tunggal,penumpang,ya,UU 33/1964,meninggal,23180000000
10/2/2021,2021,10,Jakarta Selatan,270,360,30,24,Cerah,Pagi,Bus,Kurang Jarak Aman,Jalan Nasional,Rusak,<40,Simpang T,Laki-laki,>50,Ya,umum,multi_kendaraan,penumpang,ya,UU 33/1964,meninggal,19980000000
1/20/2024,2024,1,Surabaya,559,359,20,4,Hujan,Siang,Motor,Rem Blong,Jalan Provinsi,Baik,<40,Tikungan,Perempuan,26-45,Tidak,pribadi,multi_kendaraan,pengemudi,ya,UU 34/1964,meninggal,19030000000
3/17/2022,2022,3,Medan,389,375,24,24,Hujan,Siang,Mobil,Kondisi Jalan,Jalan Nasional,Rusak,>60,Tikungan,Laki-laki,>50,Tidak,pribadi,multi_kendaraan,pengemudi,ya,UU 34/1964,meninggal,20430000000
4/1/2024,2024,4,Surabaya,580,448,28,13,Hujan,Siang,Motor,Kelalaian Pengemudi,Jalan Provinsi,Baik,40-60,Simpang T,Perempuan,17-25,Tidak,pribadi,multi_kendaraan,pengemudi,ya,UU 34/1964,meninggal,24060000000
9/22/2025,2025,9,Medan,869,348,22,11,Cerah,Pagi,Truk,Rem Blong,Jalan Nasional,Berlubang,>60,Tikungan,Perempuan,17-25,Ya,pribadi,tunggal,pengemudi,tidak,tidak_dijamin,tidak_ada,0
12/3/2023,2023,12,Makassar,826,250,30,5,Cerah,Siang,Mobil,Kecepatan Berlebih,Jalan Nasional,Baik,>60,Simpang 4,Perempuan,<17,Tidak,pribadi,tunggal,pengemudi,tidak,tidak_dijamin,tidak_ada,0
4/30/2021,2021,4,Surabaya,250,371,26,40,Cerah,Malam,Bus,Kurang Jarak Aman,Jalan Kota,Baik,40-60,Simpang 4,Laki-laki,<17,Tidak,umum,multi_kendaraan,penumpang,ya,UU 33/1964,meninggal,20650000000
7/15/2023,2023,7,Semarang,565,330,24,0,Cerah,Pagi,Motor,Rem Blong,Jalan Nasional,Berlubang,40-60,Lurus,Laki-laki,17-25,Ya,pribadi,multi_kendaraan,pengemudi,ya,UU 34/1964,meninggal,17700000000
12/19/2024,2024,12,Makassar,1009,500,26,20,Hujan,Siang,Mobil,Kelalaian Pengemudi,Jalan Nasional,Berlubang,40-60,Simpang Y,Laki-laki,<17,Tidak,pribadi,tunggal,pengemudi,tidak,tidak_dijamin,tidak_ada,0
9/2/2024,2024,9,Medan,734,325,21,9,Hujan,Malam,Motor,Pelanggaran Lalu Lintas,Jalan Nasional,Berlubang,<40,Lurus,Laki-laki,>50,Tidak,pribadi,multi_kendaraan,pengemudi,ya,UU 34/1964,meninggal,17480000000
10/26/2022,2022,10,Medan,405,335,30,2,Hujan,Siang,Bus,Kecepatan Berlebih,Jalan Provinsi,Baik,40-60,Lurus,Laki-laki,>50,Tidak,umum,multi_kendaraan,penumpang,ya,UU 33/1964,meninggal,18290000000
12/22/2024,2024,12,Semarang,1006,428,20,30,Hujan,Dini Hari,Truk,Kecepatan Berlebih,Jalan Nasional,Baik,>60,Simpang 4,Laki-laki,26-45,Ya,pribadi,multi_kendaraan,pengemudi,ya,UU 34/1964,meninggal,23000000000
3/17/2023,2023,3,Makassar,460,299,28,17,Cerah,Pagi,Truk,Pelanggaran Lalu Lintas,Jalan Nasional,Berlubang,<40,Simpang T,Laki-laki,>50,Ya,pribadi,tunggal,pengemudi,tidak,tidak_dijamin,tidak_ada,0
9/28/2025,2025,9,Surabaya,802,474,25,27,Hujan,Pagi,Mobil,Kondisi Jalan,Jalan Provinsi,Berlubang,40-60,Simpang Y,Laki-laki,<17,Ya,pribadi,tunggal,pengemudi,tidak,tidak_dijamin,tidak_ada,0
7/4/2023,2023,7,Jakarta Timur,568,428,29,35,Hujan,Siang,Mobil,Kecepatan Berlebih,Jalan Nasional,Baik,<40,Tikungan,Perempuan,26-45,Ya,pribadi,multi_kendaraan,pengemudi,ya,UU 34/1964,meninggal,23550000000
7/9/2023,2023,7,Makassar,564,410,28,49,Cerah,Siang,Mobil,Kelalaian Pengemudi,Jalan Nasional,Berlubang,<40,Lurus,Perempuan,26-45,Tidak,pribadi,multi_kendaraan,pengemudi,ya,UU 34/1964,meninggal,22880000000
12/24/2022,2022,12,Makassar,689,244,26,3,Cerah,Siang,Motor,Kecepatan Berlebih,Jalan Nasional,Berlubang,>60,Tikungan,Perempuan,26-45,Tidak,pribadi,tunggal,pengemudi,tidak,tidak_dijamin,tidak_ada,0
2/11/2024,2024,2,Bandung,644,179,21,17,Hujan,Malam,Bus,Kecepatan Berlebih,Jalan Nasional,Berlubang,>60,Tikungan,Perempuan,<17,Tidak,umum,tunggal,penumpang,ya,UU 33/1964,meninggal,10340000000
9/27/2021,2021,9,Yogyakarta,329,351,20,29,Hujan,Dini Hari,Motor,Rem Blong,Jalan Provinsi,Berlubang,40-60,Simpang T,Perempuan,17-25,Ya,pribadi,multi_kendaraan,pengemudi,ya,UU 34/1964,meninggal,19130000000
11/4/2022,2022,11,Medan,537,375,29,56,Cerah,Pagi,Truk,Kondisi Jalan,Jalan Provinsi,Rusak,40-60,Simpang Y,Laki-laki,>50,Tidak,pribadi,tunggal,pengemudi,tidak,tidak_dijamin,tidak_ada,0
5/13/2022,2022,5,Yogyakarta,400,280,20,5,Hujan,Pagi,Motor,Kecepatan Berlebih,Jalan Nasional,Baik,<40,Simpang T,Laki-laki,<17,Ya,pribadi,multi_kendaraan,pengemudi,ya,UU 34/1964,meninggal,15100000000
8/29/2021,2021,8,Semarang,365,223,28,10,Hujan,Dini Hari,Bus,Kondisi Jalan,Jalan Provinsi,Berlubang,>60,Simpang Y,Laki-laki,26-45,Tidak,umum,multi_kendaraan,penumpang,ya,UU 33/1964,meninggal,12750000000
5/19/2024,2024,5,Surabaya,595,118,20,33,Cerah,Malam,Motor,Pelanggaran Lalu Lintas,Jalan Nasional,Berlubang,<40,Lurus,Perempuan,26-45,Ya,pribadi,tunggal,pengemudi,tidak,tidak_dijamin,tidak_ada,0
12/14/2024,2024,12,Surabaya,924,167,28,34,Cerah,Pagi,Bus,Rem Blong,Jalan Provinsi,Rusak,>60,Simpang Y,Perempuan,17-25,Ya,umum,multi_kendaraan,penumpang,ya,UU 33/1964,meninggal,10430000000
9/10/2022,2022,9,Bekasi,528,286,23,68,Hujan,Pagi,Truk,Kondisi Jalan,Jalan Kota,Rusak,>60,Simpang Y,Perempuan,>50,Tidak,pribadi,multi_kendaraan,pengemudi,ya,UU 34/1964,meninggal,16810000000
9/28/2025,2025,9,Jakarta Selatan,800,150,22,19,Cerah,Pagi,Mobil,Pelanggaran Lalu Lintas,Jalan Kota,Rusak,<40,Lurus,Laki-laki,>50,Ya,pribadi,multi_kendaraan,pengemudi,ya,UU 34/1964,meninggal,8980000000
8/8/2025,2025,8,Yogyakarta,880,465,22,1,Hujan,Dini Hari,Bus,Kecepatan Berlebih,Jalan Provinsi,Baik,<40,Simpang Y,Laki-laki,<17,Ya,umum,multi_kendaraan,penumpang,ya,UU 33/1964,meninggal,24370000000
6/1/2022,2022,6,Jakarta Timur,682,233,30,20,Cerah,Siang,Motor,Rem Blong,Jalan Provinsi,Berlubang,<40,Simpang Y,Perempuan,17-25,Tidak,pribadi,tunggal,pengemudi,tidak,tidak_dijamin,tidak_ada,0
7/29/2024,2024,7,Palembang,722,284,21,15,Cerah,Pagi,Mobil,Kondisi Jalan,Jalan Nasional,Baik,40-60,Lurus,Laki-laki,>50,Ya,pribadi,multi_kendaraan,pengemudi,ya,UU 34/1964,meninggal,15550000000
12/28/2022,2022,12,Bandung,715,434,25,34,Hujan,Siang,Mobil,Kurang Jarak Aman,Jalan Provinsi,Rusak,40-60,Tikungan,Laki-laki,26-45,Ya,pribadi,tunggal,pengemudi,tidak,tidak_dijamin,tidak_ada,0
6/12/2024,2024,6,Jakarta Timur,946,381,23,51,Hujan,Siang,Mobil,Rem Blong,Jalan Provinsi,Berlubang,40-60,Simpang Y,Laki-laki,17-25,Ya,pribadi,multi_kendaraan,pengemudi,ya,UU 34/1964,meninggal,21220000000
1/15/2025,2025,1,Bandung,691,301,27,16,Cerah,Dini Hari,Truk,Kurang Jarak Aman,Jalan Nasional,Berlubang,<40,Simpang T,Laki-laki,>50,Ya,pribadi,multi_kendaraan,pengemudi,ya,UU 34/1964,meninggal,16720000000
10/29/2023,2023,10,Makassar,595,138,28,45,Hujan,Pagi,Motor,Kecepatan Berlebih,Jalan Nasional,Berlubang,40-60,Simpang Y,Perempuan,26-45,Ya,pribadi,multi_kendaraan,pengemudi,ya,UU 34/1964,meninggal,9200000000
10/7/2021,2021,10,Bandung,344,419,22,30,Hujan,Siang,Truk,Kondisi Jalan,Jalan Kota,Baik,40-60,Simpang T,Laki-laki,17-25,Ya,pribadi,tunggal,pengemudi,tidak,tidak_dijamin,tidak_ada,0
7/2/2023,2023,7,Surabaya,505,273,20,3,Cerah,Dini Hari,Mobil,Kondisi Jalan,Jalan Provinsi,Baik,<40,Tikungan,Laki-laki,<17,Tidak,pribadi,multi_kendaraan,pengemudi,ya,UU 34/1964,meninggal,14710000000
11/7/2023,2023,11,Jakarta Timur,593,168,29,26,Hujan,Pagi,Mobil,Kecepatan Berlebih,Jalan Nasional,Rusak,<40,Simpang 4,Perempuan,26-45,Tidak,pribadi,tunggal,pengemudi,tidak,tidak_dijamin,tidak_ada,0
6/14/2025,2025,6,Bandung,953,240,21,6,Cerah,Siang,Motor,Kecepatan Berlebih,Jalan Provinsi,Berlubang,40-60,Simpang T,Laki-laki,>50,Tidak,pribadi,multi_kendaraan,pengemudi,ya,UU 34/1964,meninggal,13170000000
9/24/2022,2022,9,Medan,488,402,21,7,Cerah,Malam,Truk,Kelalaian Pengemudi,Jalan Kota,Baik,<40,Simpang Y,Perempuan,>50,Tidak,pribadi,tunggal,pengemudi,tidak,tidak_dijamin,tidak_ada,0
5/11/2025,2025,5,Bandung,737,168,21,2,Hujan,Dini Hari,Truk,Kelalaian Pengemudi,Jalan Provinsi,Berlubang,40-60,Lurus,Laki-laki,>50,Ya,pribadi,multi_kendaraan,pengemudi,ya,UU 34/1964,meninggal,9490000000
12/11/2023,2023,12,Bekasi,950,134,22,53,Cerah,Dini Hari,Motor,Rem Blong,Jalan Nasional,Baik,40-60,Tikungan,Perempuan,>50,Ya,pribadi,tunggal,pengemudi,tidak,tidak_dijamin,tidak_ada,0
11/29/2025,2025,11,Palembang,782,167,21,27,Hujan,Dini Hari,Bus,Kelalaian Pengemudi,Jalan Nasional,Baik,>60,Simpang T,Laki-laki,>50,Ya,umum,tunggal,penumpang,ya,UU 33/1964,meninggal,9940000000
3/26/2022,2022,3,Yogyakarta,423,127,26,41,Cerah,Malam,Mobil,Pelanggaran Lalu Lintas,Jalan Provinsi,Berlubang,40-60,Simpang 4,Laki-laki,17-25,Ya,pribadi,tunggal,pengemudi,tidak,tidak_dijamin,tidak_ada,0
6/27/2024,2024,6,Medan,916,320,27,21,Cerah,Dini Hari,Bus,Kurang Jarak Aman,Jalan Nasional,Baik,40-60,Simpang T,Laki-laki,<17,Tidak,umum,tunggal,penumpang,ya,UU 33/1964,meninggal,17770000000
11/3/2023,2023,11,Medan,683,252,24,9,Hujan,Dini Hari,Motor,Kondisi Jalan,Jalan Provinsi,Rusak,<40,Lurus,Laki-laki,<17,Tidak,pribadi,tunggal,pengemudi,tidak,tidak_dijamin,tidak_ada,0
6/21/2024,2024,6,Semarang,956,364,26,10,Hujan,Pagi,Truk,Kurang Jarak Aman,Jalan Provinsi,Berlubang,<40,Simpang T,Perempuan,17-25,Ya,pribadi,multi_kendaraan,pengemudi,ya,UU 34/1964,meninggal,19700000000
7/26/2025,2025,7,Palembang,847,449,29,7,Hujan,Malam,Motor,Rem Blong,Jalan Nasional,Baik,40-60,Simpang 4,Laki-laki,26-45,Ya,pribadi,multi_kendaraan,pengemudi,ya,UU 34/1964,meninggal,24040000000
2/27/2024,2024,2,Palembang,606,474,23,45,Cerah,Malam,Bus,Kelalaian Pengemudi,Jalan Kota,Rusak,<40,Simpang 4,Laki-laki,26-45,Ya,umum,multi_kendaraan,penumpang,ya,UU 33/1964,meninggal,25750000000
11/23/2025,2025,11,Medan,869,267,22,25,Hujan,Malam,Mobil,Kecepatan Berlebih,Jalan Nasional,Baik,>60,Simpang 4,Laki-laki,17-25,Tidak,pribadi,tunggal,pengemudi,tidak,tidak_dijamin,tidak_ada,0
11/21/2025,2025,11,Medan,775,428,25,25,Hujan,Malam,Mobil,Kecepatan Berlebih,Jalan Nasional,Baik,<40,Simpang 4,Perempuan,>50,Ya,pribadi,multi_kendaraan,pengemudi,ya,UU 34/1964,meninggal,23150000000
3/30/2024,2024,3,Bekasi,584,232,30,60,Hujan,Siang,Mobil,Pelanggaran Lalu Lintas,Jalan Provinsi,Baik,40-60,Simpang T,Perempuan,<17,Tidak,pribadi,tunggal,pengemudi,tidak,tidak_dijamin,tidak_ada,0
8/23/2024,2024,8,Semarang,610,299,24,10,Hujan,Malam,Truk,Kondisi Jalan,Jalan Provinsi,Rusak,<40,Tikungan,Laki-laki,<17,Tidak,pribadi,multi_kendaraan,pengemudi,ya,UU 34/1964,meninggal,16350000000
5/3/2025,2025,5,Palembang,823,472,25,36,Hujan,Dini Hari,Bus,Kecepatan Berlebih,Jalan Kota,Rusak,<40,Simpang T,Laki-laki,>50,Ya,umum,multi_kendaraan,penumpang,ya,UU 33/1964,meninggal,25570000000
3/23/2021,2021,3,Jakarta Timur,286,460,29,15,Hujan,Dini Hari,Mobil,Rem Blong,Jalan Nasional,Baik,<40,Tikungan,Perempuan,26-45,Tidak,pribadi,multi_kendaraan,pengemudi,ya,UU 34/1964,meninggal,24750000000
2/9/2021,2021,2,Semarang,231,324,27,14,Hujan,Pagi,Motor,Kelalaian Pengemudi,Jalan Kota,Berlubang,40-60,Lurus,Laki-laki,26-45,Ya,pribadi,tunggal,pengemudi,tidak,tidak_dijamin,tidak_ada,0
1/25/2025,2025,1,Palembang,672,486,25,36,Hujan,Siang,Mobil,Kelalaian Pengemudi,Jalan Nasional,Rusak,<40,Lurus,Laki-laki,>50,Ya,pribadi,multi_kendaraan,pengemudi,ya,UU 34/1964,meninggal,26270000000
4/23/2025,2025,4,Surabaya,799,164,21,40,Hujan,Pagi,Truk,Kecepatan Berlebih,Jalan Provinsi,Baik,40-60,Simpang T,Perempuan,>50,Tidak,pribadi,multi_kendaraan,pengemudi,ya,UU 34/1964,meninggal,10050000000
12/3/2023,2023,12,Medan,866,127,21,40,Cerah,Malam,Mobil,Rem Blong,Jalan Kota,Baik,40-60,Simpang T,Perempuan,17-25,Tidak,pribadi,multi_kendaraan,pengemudi,ya,UU 34/1964,meninggal,8200000000
3/1/2022,2022,3,Bekasi,429,472,27,49,Hujan,Dini Hari,Bus,Pelanggaran Lalu Lintas,Jalan Nasional,Berlubang,>60,Simpang T,Laki-laki,>50,Ya,umum,multi_kendaraan,penumpang,ya,UU 33/1964,meninggal,25930000000
10/14/2023,2023,10,Semarang,624,103,20,35,Cerah,Siang,Bus,Rem Blong,Jalan Kota,Baik,<40,Simpang 4,Laki-laki,26-45,Ya,umum,multi_kendaraan,penumpang,ya,UU 33/1964,meninggal,6850000000
3/2/2024,2024,3,Medan,563,265,20,33,Hujan,Dini Hari,Bus,Kecepatan Berlebih,Jalan Kota,Baik,40-60,Lurus,Laki-laki,<17,Tidak,umum,multi_kendaraan,penumpang,ya,UU 33/1964,meninggal,14910000000
7/27/2023,2023,7,Medan,502,424,27,19,Hujan,Dini Hari,Truk,Kelalaian Pengemudi,Jalan Provinsi,Berlubang,>60,Simpang Y,Laki-laki,>50,Tidak,pribadi,tunggal,pengemudi,tidak,tidak_dijamin,tidak_ada,0
1/20/2021,2021,1,Bandung,143,163,26,8,Cerah,Dini Hari,Mobil,Kondisi Jalan,Jalan Nasional,Berlubang,<40,Lurus,Laki-laki,>50,Ya,pribadi,multi_kendaraan,pengemudi,ya,UU 34/1964,meninggal,9610000000
11/24/2023,2023,11,Jakarta Timur,655,251,20,26,Hujan,Pagi,Mobil,Kecepatan Berlebih,Jalan Nasional,Rusak,>60,Tikungan,Laki-laki,17-25,Tidak,pribadi,multi_kendaraan,pengemudi,ya,UU 34/1964,meninggal,14070000000
6/18/2025,2025,6,Bekasi,1010,484,24,14,Hujan,Pagi,Motor,Rem Blong,Jalan Provinsi,Berlubang,<40,Tikungan,Laki-laki,17-25,Tidak,pribadi,multi_kendaraan,pengemudi,ya,UU 34/1964,meninggal,25680000000
12/31/2024,2024,12,Surabaya,1075,170,29,34,Cerah,Pagi,Bus,Rem Blong,Jalan Provinsi,Rusak,40-60,Simpang 4,Perempuan,>50,Ya,umum,multi_kendaraan,penumpang,ya,UU 33/1964,meninggal,10630000000
11/26/2025,2025,11,Surabaya,826,169,25,12,Hujan,Pagi,Truk,Rem Blong,Jalan Provinsi,Rusak,40-60,Lurus,Laki-laki,>50,Tidak,pribadi,multi_kendaraan,pengemudi,ya,UU 34/1964,meninggal,9940000000
1/16/2022,2022,1,Medan,263,377,30,23,Cerah,Siang,Motor,Kondisi Jalan,Jalan Nasional,Baik,>60,Lurus,Perempuan,>50,Tidak,pribadi,multi_kendaraan,pengemudi,ya,UU 34/1964,meninggal,20810000000
2/27/2024,2024,2,Makassar,593,393,27,7,Hujan,Dini Hari,Motor,Kondisi Jalan,Jalan Kota,Rusak,>60,Tikungan,Laki-laki,<17,Ya,pribadi,multi_kendaraan,pengemudi,ya,UU 34/1964,meninggal,21140000000
3/10/2022,2022,3,Yogyakarta,403,289,29,41,Cerah,Malam,Mobil,Pelanggaran Lalu Lintas,Jalan Provinsi,Berlubang,40-60,Tikungan,Laki-laki,17-25,Tidak,pribadi,multi_kendaraan,pengemudi,ya,UU 34/1964,meninggal,16720000000
7/16/2021,2021,7,Jakarta Timur,319,234,22,33,Cerah,Pagi,Mobil,Kondisi Jalan,Jalan Kota,Baik,>60,Simpang 4,Laki-laki,26-45,Ya,pribadi,tunggal,pengemudi,tidak,tidak_dijamin,tidak_ada,0
8/6/2024,2024,8,Jakarta Timur,705,397,22,17,Hujan,Siang,Mobil,Kondisi Jalan,Jalan Kota,Rusak,>60,Simpang 4,Perempuan,>50,Ya,pribadi,tunggal,pengemudi,tidak,tidak_dijamin,tidak_ada,0
7/20/2021,2021,7,Surabaya,253,285,28,26,Hujan,Pagi,Truk,Pelanggaran Lalu Lintas,Jalan Nasional,Baik,>60,Simpang Y,Laki-laki,17-25,Ya,pribadi,tunggal,pengemudi,tidak,tidak_dijamin,tidak_ada,0
9/14/2024,2024,9,Palembang,765,199,20,10,Hujan,Siang,Truk,Kurang Jarak Aman,Jalan Nasional,Rusak,>60,Simpang T,Perempuan,26-45,Ya,pribadi,multi_kendaraan,pengemudi,ya,UU 34/1964,meninggal,11150000000
6/1/2024,2024,6,Semarang,1024,373,23,20,Cerah,Malam,Motor,Pelanggaran Lalu Lintas,Jalan Provinsi,Berlubang,40-60,Simpang Y,Perempuan,26-45,Ya,pribadi,multi_kendaraan,pengemudi,ya,UU 34/1964,meninggal,20200000000
5/20/2024,2024,5,Jakarta Timur,602,216,27,36,Hujan,Dini Hari,Truk,Kecepatan Berlebih,Jalan Nasional,Baik,<40,Simpang 4,Laki-laki,17-25,Tidak,pribadi,multi_kendaraan,pengemudi,ya,UU 34/1964,meninggal,12870000000
8/5/2025,2025,8,Jakarta Selatan,800,318,29,8,Hujan,Siang,Truk,Pelanggaran Lalu Lintas,Jalan Nasional,Rusak,>60,Lurus,Perempuan,<17,Ya,pribadi,multi_kendaraan,pengemudi,ya,UU 34/1964,meninggal,17510000000
12/8/2025,2025,12,Palembang,1126,222,24,17,Cerah,Siang,Mobil,Kelalaian Pengemudi,Jalan Provinsi,Baik,<40,Tikungan,Perempuan,17-25,Tidak,pribadi,tunggal,pengemudi,tidak,tidak_dijamin,tidak_ada,0
6/5/2022,2022,6,Medan,552,379,20,23,Hujan,Dini Hari,Motor,Kecepatan Berlebih,Jalan Kota,Baik,40-60,Simpang T,Perempuan,<17,Tidak,pribadi,multi_kendaraan,pengemudi,ya,UU 34/1964,meninggal,20410000000
8/30/2025,2025,8,Yogyakarta,775,323,22,19,Cerah,Siang,Truk,Kecepatan Berlebih,Jalan Nasional,Rusak,>60,Lurus,Laki-laki,26-45,Ya,pribadi,multi_kendaraan,pengemudi,ya,UU 34/1964,meninggal,17630000000
7/21/2023,2023,7,Jakarta Selatan,585,492,25,48,Cerah,Malam,Truk,Kecepatan Berlebih,Jalan Kota,Berlubang,<40,Simpang T,Laki-laki,<17,Tidak,pribadi,multi_kendaraan,pengemudi,ya,UU 34/1964,meninggal,26810000000
3/8/2022,2022,3,Makassar,354,204,27,54,Hujan,Dini Hari,Truk,Kondisi Jalan,Jalan Provinsi,Rusak,<40,Lurus,Laki-laki,<17,Tidak,pribadi,tunggal,pengemudi,tidak,tidak_dijamin,tidak_ada,0
2/24/2025,2025,2,Makassar,784,211,30,36,Hujan,Pagi,Bus,Kurang Jarak Aman,Jalan Kota,Baik,<40,Simpang Y,Laki-laki,>50,Tidak,umum,multi_kendaraan,penumpang,ya,UU 33/1964,meninggal,12770000000
8/1/2025,2025,8,Palembang,773,283,25,16,Cerah,Siang,Truk,Kelalaian Pengemudi,Jalan Kota,Rusak,>60,Lurus,Perempuan,<17,Ya,pribadi,multi_kendaraan,pengemudi,ya,UU 34/1964,meninggal,15720000000
7/21/2021,2021,7,Bandung,360,445,30,12,Cerah,Siang,Bus,Kondisi Jalan,Jalan Provinsi,Rusak,<40,Lurus,Perempuan,<17,Tidak,umum,multi_kendaraan,penumpang,ya,UU 33/1964,meninggal,23990000000
8/24/2025,2025,8,Palembang,781,169,20,24,Hujan,Dini Hari,Truk,Kondisi Jalan,Jalan Nasional,Rusak,<40,Lurus,Laki-laki,26-45,Tidak,pribadi,multi_kendaraan,pengemudi,ya,UU 34/1964,meninggal,9930000000
1/21/2023,2023,1,Semarang,484,414,26,43,Cerah,Dini Hari,Truk,Rem Blong,Jalan Provinsi,Rusak,40-60,Lurus,Laki-laki,17-25,Ya,pribadi,multi_kendaraan,pengemudi,ya,UU 34/1964,meninggal,22860000000
11/11/2025,2025,11,Surabaya,849,216,29,28,Cerah,Pagi,Motor,Kondisi Jalan,Jalan Provinsi,Baik,40-60,Tikungan,Laki-laki,>50,Ya,pribadi,multi_kendaraan,pengemudi,ya,UU 34/1964,meninggal,12810000000
6/19/2025,2025,6,Medan,1095,148,21,35,Hujan,Malam,Motor,Kondisi Jalan,Jalan Provinsi,Rusak,>60,Simpang T,Laki-laki,17-25,Tidak,pribadi,multi_kendaraan,pengemudi,ya,UU 34/1964,meninggal,9150000000
11/22/2023,2023,11,Jakarta Selatan,548,492,27,18,Cerah,Pagi,Truk,Kecepatan Berlebih,Jalan Kota,Baik,40-60,Lurus,Perempuan,>50,Ya,pribadi,multi_kendaraan,pengemudi,ya,UU 34/1964,meninggal,26310000000
3/19/2021,2021,3,Jakarta Selatan,320,373,27,9,Hujan,Dini Hari,Truk,Kelalaian Pengemudi,Jalan Provinsi,Baik,<40,Tikungan,Laki-laki,<17,Ya,pribadi,multi_kendaraan,pengemudi,ya,UU 34/1964,meninggal,20180000000
10/15/2025,2025,10,Makassar,843,170,24,14,Cerah,Malam,Motor,Kecepatan Berlebih,Jalan Nasional,Rusak,<40,Simpang T,Laki-laki,<17,Ya,pribadi,multi_kendaraan,pengemudi,ya,UU 34/1964,meninggal,9980000000
8/2/2025,2025,8,Palembang,759,244,25,30,Cerah,Malam,Mobil,Kondisi Jalan,Jalan Provinsi,Baik,>60,Simpang 4,Laki-laki,17-25,Ya,pribadi,multi_kendaraan,pengemudi,ya,UU 34/1964,meninggal,14050000000
11/13/2021,2021,11,Palembang,430,487,25,32,Cerah,Siang,Mobil,Pelanggaran Lalu Lintas,Jalan Provinsi,Berlubang,<40,Tikungan,Laki-laki,<17,Ya,pribadi,tunggal,pengemudi,tidak,tidak_dijamin,tidak_ada,0
12/10/2023,2023,12,Bandung,787,411,25,5,Hujan,Siang,Mobil,Kurang Jarak Aman,Jalan Kota,Berlubang,40-60,Simpang Y,Perempuan,26-45,Tidak,pribadi,tunggal,pengemudi,tidak,tidak_dijamin,tidak_ada,0
7/7/2022,2022,7,Bekasi,392,482,23,19,Hujan,Siang,Mobil,Kurang Jarak Aman,Jalan Kota,Berlubang,>60,Tikungan,Perempuan,26-45,Tidak,pribadi,multi_kendaraan,pengemudi,ya,UU 34/1964,meninggal,25630000000
1/2/2021,2021,1,Palembang,249,104,20,23,Cerah,Malam,Truk,Rem Blong,Jalan Kota,Rusak,<40,Simpang 4,Perempuan,>50,Ya,pribadi,multi_kendaraan,pengemudi,ya,UU 34/1964,meninggal,6660000000
9/26/2025,2025,9,Yogyakarta,873,358,23,14,Cerah,Pagi,Motor,Kelalaian Pengemudi,Jalan Provinsi,Berlubang,40-60,Simpang T,Perempuan,<17,Ya,pribadi,multi_kendaraan,pengemudi,ya,UU 34/1964,meninggal,19330000000
4/16/2025,2025,4,Medan,762,412,29,37,Cerah,Dini Hari,Truk,Kondisi Jalan,Jalan Provinsi,Rusak,>60,Simpang 4,Laki-laki,17-25,Ya,pribadi,multi_kendaraan,pengemudi,ya,UU 34/1964,meninggal,22790000000
3/31/2023,2023,3,Bandung,485,315,30,29,Hujan,Pagi,Truk,Rem Blong,Jalan Nasional,Baik,40-60,Tikungan,Perempuan,17-25,Ya,pribadi,tunggal,pengemudi,tidak,tidak_dijamin,tidak_ada,0
9/20/2023,2023,9,Medan,503,215,27,4,Hujan,Pagi,Truk,Rem Blong,Jalan Kota,Berlubang,<40,Lurus,Laki-laki,<17,Ya,pribadi,multi_kendaraan,pengemudi,ya,UU 34/1964,meninggal,12180000000
5/12/2025,2025,5,Bekasi,714,421,20,44,Hujan,Pagi,Truk,Kondisi Jalan,Jalan Provinsi,Berlubang,>60,Simpang 4,Laki-laki,26-45,Ya,pribadi,tunggal,pengemudi,tidak,tidak_dijamin,tidak_ada,0
6/13/2023,2023,6,Makassar,692,161,23,3,Hujan,Malam,Mobil,Kelalaian Pengemudi,Jalan Kota,Baik,<40,Simpang Y,Laki-laki,<17,Tidak,pribadi,multi_kendaraan,pengemudi,ya,UU 34/1964,meninggal,9260000000
7/23/2023,2023,7,Jakarta Timur,476,475,25,17,Cerah,Pagi,Motor,Kelalaian Pengemudi,Jalan Provinsi,Baik,>60,Lurus,Perempuan,17-25,Ya,pribadi,multi_kendaraan,pengemudi,ya,UU 34/1964,meninggal,25340000000
10/19/2024,2024,10,Bandung,719,330,26,12,Cerah,Dini Hari,Motor,Kurang Jarak Aman,Jalan Provinsi,Berlubang,<40,Simpang 4,Laki-laki,17-25,Tidak,pribadi,tunggal,pengemudi,tidak,tidak_dijamin,tidak_ada,0
10/28/2022,2022,10,Palembang,456,126,21,19,Hujan,Siang,Mobil,Kondisi Jalan,Jalan Nasional,Baik,<40,Simpang Y,Laki-laki,<17,Ya,pribadi,tunggal,pengemudi,tidak,tidak_dijamin,tidak_ada,0
8/17/2025,2025,8,Surabaya,725,247,29,37,Hujan,Malam,Mobil,Rem Blong,Jalan Nasional,Rusak,40-60,Simpang T,Laki-laki,<17,Tidak,pribadi,tunggal,pengemudi,tidak,tidak_dijamin,tidak_ada,0
5/19/2025,2025,5,Semarang,681,373,25,3,Hujan,Malam,Mobil,Kecepatan Berlebih,Jalan Nasional,Rusak,>60,Simpang Y,Perempuan,<17,Ya,pribadi,tunggal,pengemudi,tidak,tidak_dijamin,tidak_ada,0
9/26/2025,2025,9,Jakarta Timur,842,482,22,12,Hujan,Dini Hari,Bus,Kondisi Jalan,Jalan Kota,Rusak,>60,Lurus,Perempuan,17-25,Ya,umum,multi_kendaraan,penumpang,ya,UU 33/1964,meninggal,25440000000
10/4/2023,2023,10,Makassar,578,307,30,7,Hujan,Dini Hari,Motor,Pelanggaran Lalu Lintas,Jalan Kota,Baik,<40,Lurus,Laki-laki,26-45,Ya,pribadi,tunggal,pengemudi,tidak,tidak_dijamin,tidak_ada,0
11/1/2021,2021,11,Jakarta Timur,345,258,27,1,Hujan,Pagi,Bus,Rem Blong,Jalan Provinsi,Baik,>60,Simpang T,Perempuan,26-45,Ya,umum,multi_kendaraan,penumpang,ya,UU 33/1964,meninggal,14270000000
9/19/2024,2024,9,Bekasi,633,347,24,42,Hujan,Siang,Truk,Kondisi Jalan,Jalan Kota,Rusak,40-60,Lurus,Laki-laki,>50,Tidak,pribadi,tunggal,pengemudi,tidak,tidak_dijamin,tidak_ada,0
5/8/2022,2022,5,Palembang,363,478,24,23,Cerah,Pagi,Motor,Pelanggaran Lalu Lintas,Jalan Provinsi,Rusak,>60,Simpang 4,Perempuan,>50,Tidak,pribadi,multi_kendaraan,pengemudi,ya,UU 34/1964,meninggal,25560000000
12/15/2023,2023,12,Bekasi,884,367,27,13,Cerah,Pagi,Motor,Rem Blong,Jalan Provinsi,Baik,<40,Simpang T,Laki-laki,26-45,Tidak,pribadi,tunggal,pengemudi,tidak,tidak_dijamin,tidak_ada,0
2/19/2025,2025,2,Semarang,706,451,21,24,Cerah,Pagi,Bus,Kelalaian Pengemudi,Jalan Provinsi,Berlubang,<40,Simpang Y,Perempuan,26-45,Ya,umum,multi_kendaraan,penumpang,ya,UU 33/1964,meninggal,24080000000
8/20/2025,2025,8,Bandung,842,337,22,3,Cerah,Siang,Mobil,Pelanggaran Lalu Lintas,Jalan Kota,Berlubang,<40,Simpang T,Laki-laki,26-45,Ya,pribadi,multi_kendaraan,pengemudi,ya,UU 34/1964,meninggal,18010000000
1/20/2023,2023,1,Bandung,507,344,23,7,Hujan,Pagi,Bus,Rem Blong,Jalan Nasional,Berlubang,>60,Tikungan,Laki-laki,17-25,Tidak,umum,multi_kendaraan,penumpang,ya,UU 33/1964,meninggal,18490000000
11/14/2025,2025,11,Surabaya,792,490,30,16,Cerah,Malam,Mobil,Kelalaian Pengemudi,Jalan Nasional,Rusak,<40,Simpang 4,Perempuan,<17,Ya,pribadi,tunggal,pengemudi,tidak,tidak_dijamin,tidak_ada,0
4/25/2021,2021,4,Semarang,232,118,24,34,Cerah,Siang,Motor,Rem Blong,Jalan Nasional,Baik,>60,Simpang Y,Perempuan,17-25,Ya,pribadi,multi_kendaraan,pengemudi,ya,UU 34/1964,meninggal,7780000000
8/4/2024,2024,8,Bekasi,672,230,22,4,Hujan,Dini Hari,Truk,Rem Blong,Jalan Kota,Rusak,40-60,Tikungan,Laki-laki,26-45,Tidak,pribadi,multi_kendaraan,pengemudi,ya,UU 34/1964,meninggal,12680000000
2/22/2021,2021,2,Palembang,252,454,29,17,Hujan,Siang,Truk,Kurang Jarak Aman,Jalan Kota,Baik,>60,Simpang 4,Laki-laki,17-25,Ya,pribadi,multi_kendaraan,pengemudi,ya,UU 34/1964,meninggal,24490000000
5/30/2022,2022,5,Palembang,445,395,21,12,Cerah,Pagi,Mobil,Kecepatan Berlebih,Jalan Provinsi,Berlubang,40-60,Simpang 4,Perempuan,>50,Tidak,pribadi,multi_kendaraan,pengemudi,ya,UU 34/1964,meninggal,21040000000
11/19/2021,2021,11,Bandung,293,107,22,59,Hujan,Dini Hari,Mobil,Kecepatan Berlebih,Jalan Nasional,Rusak,40-60,Tikungan,Perempuan,26-45,Tidak,pribadi,tunggal,pengemudi,tidak,tidak_dijamin,tidak_ada,0
7/2/2024,2024,7,Jakarta Selatan,590,108,23,9,Cerah,Dini Hari,Motor,Pelanggaran Lalu Lintas,Jalan Kota,Berlubang,>60,Simpang Y,Laki-laki,>50,Tidak,pribadi,multi_kendaraan,pengemudi,ya,UU 34/1964,meninggal,6730000000
10/9/2021,2021,10,Yogyakarta,295,150,20,12,Cerah,Siang,Mobil,Kecepatan Berlebih,Jalan Provinsi,Baik,<40,Simpang 4,Perempuan,<17,Tidak,pribadi,tunggal,pengemudi,tidak,tidak_dijamin,tidak_ada,0
6/7/2023,2023,6,Medan,683,192,22,7,Cerah,Siang,Bus,Kondisi Jalan,Jalan Kota,Rusak,>60,Simpang Y,Laki-laki,>50,Ya,umum,multi_kendaraan,penumpang,ya,UU 33/1964,meninggal,10840000000
3/18/2024,2024,3,Palembang,574,251,27,27,Hujan,Pagi,Mobil,Rem Blong,Jalan Kota,Baik,<40,Simpang 4,Perempuan,26-45,Ya,pribadi,multi_kendaraan,pengemudi,ya,UU 34/1964,meninggal,14440000000
7/21/2021,2021,7,Palembang,344,234,26,8,Hujan,Malam,Truk,Kurang Jarak Aman,Jalan Nasional,Rusak,40-60,Tikungan,Perempuan,<17,Tidak,pribadi,tunggal,pengemudi,tidak,tidak_dijamin,tidak_ada,0
12/29/2025,2025,12,Palembang,992,500,24,17,Cerah,Siang,Mobil,Kelalaian Pengemudi,Jalan Provinsi,Baik,<40,Lurus,Laki-laki,>50,Ya,pribadi,tunggal,pengemudi,tidak,tidak_dijamin,tidak_ada,0
9/13/2021,2021,9,Semarang,290,242,27,45,Hujan,Siang,Motor,Kurang Jarak Aman,Jalan Provinsi,Baik,40-60,Simpang Y,Laki-laki,>50,Tidak,pribadi,multi_kendaraan,pengemudi,ya,UU 34/1964,meninggal,14350000000
8/21/2021,2021,8,Surabaya,275,228,22,25,Cerah,Pagi,Truk,Kurang Jarak Aman,Jalan Nasional,Berlubang,40-60,Simpang 4,Perempuan,<17,Ya,pribadi,multi_kendaraan,pengemudi,ya,UU 34/1964,meninggal,13000000000
8/2/2024,2024,8,Makassar,743,143,29,41,Hujan,Dini Hari,Truk,Pelanggaran Lalu Lintas,Jalan Provinsi,Berlubang,>60,Lurus,Perempuan,<17,Ya,pribadi,tunggal,pengemudi,tidak,tidak_dijamin,tidak_ada,0
2/23/2025,2025,2,Jakarta Timur,674,415,23,23,Cerah,Malam,Truk,Kurang Jarak Aman,Jalan Kota,Berlubang,40-60,Simpang T,Laki-laki,<17,Tidak,pribadi,multi_kendaraan,pengemudi,ya,UU 34/1964,meninggal,22360000000
5/21/2022,2022,5,Makassar,460,259,21,38,Hujan,Malam,Truk,Pelanggaran Lalu Lintas,Jalan Nasional,Rusak,>60,Simpang 4,Perempuan,<17,Ya,pribadi,tunggal,pengemudi,tidak,tidak_dijamin,tidak_ada,0
6/7/2022,2022,6,Bandung,593,473,26,68,Cerah,Siang,Bus,Kecepatan Berlebih,Jalan Provinsi,Berlubang,<40,Simpang Y,Laki-laki,>50,Ya,umum,tunggal,penumpang,ya,UU 33/1964,meninggal,26310000000
4/17/2022,2022,4,Medan,452,132,29,27,Cerah,Pagi,Motor,Pelanggaran Lalu Lintas,Jalan Kota,Rusak,40-60,Tikungan,Laki-laki,17-25,Tidak,pribadi,tunggal,pengemudi,tidak,tidak_dijamin,tidak_ada,0
2/28/2022,2022,2,Yogyakarta,405,370,23,33,Hujan,Malam,Truk,Kecepatan Berlebih,Jalan Kota,Rusak,<40,Simpang T,Perempuan,26-45,Ya,pribadi,multi_kendaraan,pengemudi,ya,UU 34/1964,meninggal,20310000000
10/22/2022,2022,10,Medan,455,451,22,2,Hujan,Siang,Bus,Kecepatan Berlebih,Jalan Provinsi,Baik,40-60,Simpang 4,Laki-laki,<17,Ya,umum,tunggal,penumpang,ya,UU 33/1964,meninggal,23690000000
10/30/2022,2022,10,Palembang,458,494,27,19,Hujan,Siang,Mobil,Kondisi Jalan,Jalan Nasional,Baik,40-60,Lurus,Laki-laki,>50,Ya,pribadi,multi_kendaraan,pengemudi,ya,UU 34/1964,meninggal,26430000000
12/6/2021,2021,12,Makassar,540,275,22,4,Hujan,Siang,Mobil,Kurang Jarak Aman,Jalan Provinsi,Berlubang,40-60,Lurus,Perempuan,<17,Tidak,pribadi,multi_kendaraan,pengemudi,ya,UU 34/1964,meninggal,14930000000
1/12/2021,2021,1,Surabaya,244,193,20,8,Cerah,Dini Hari,Motor,Rem Blong,Jalan Nasional,Berlubang,<40,Tikungan,Laki-laki,>50,Tidak,pribadi,multi_kendaraan,pengemudi,ya,UU 34/1964,meninggal,10810000000
1/18/2024,2024,1,Bekasi,612,308,24,26,Hujan,Dini Hari,Truk,Rem Blong,Jalan Nasional,Rusak,<40,Tikungan,Laki-laki,26-45,Tidak,pribadi,multi_kendaraan,pengemudi,ya,UU 34/1964,meninggal,17120000000
10/18/2022,2022,10,Palembang,473,102,22,9,Cerah,Pagi,Motor,Pelanggaran Lalu Lintas,Jalan Provinsi,Rusak,<40,Tikungan,Perempuan,26-45,Ya,pribadi,tunggal,pengemudi,tidak,tidak_dijamin,tidak_ada,0
1/27/2022,2022,1,Medan,361,178,21,8,Hujan,Malam,Mobil,Kondisi Jalan,Jalan Nasional,Baik,40-60,Simpang Y,Perempuan,>50,Ya,pribadi,tunggal,pengemudi,tidak,tidak_dijamin,tidak_ada,0
11/22/2023,2023,11,Bekasi,666,213,24,25,Hujan,Siang,Mobil,Pelanggaran Lalu Lintas,Jalan Kota,Rusak,<40,Tikungan,Perempuan,17-25,Ya,pribadi,tunggal,pengemudi,tidak,tidak_dijamin,tidak_ada,0
10/16/2022,2022,10,Surabaya,513,110,23,7,Cerah,Malam,Motor,Rem Blong,Jalan Nasional,Berlubang,40-60,Tikungan,Perempuan,26-45,Ya,pribadi,multi_kendaraan,pengemudi,ya,UU 34/1964,meninggal,6790000000
5/3/2024,2024,5,Palembang,565,273,30,12,Cerah,Siang,Truk,Kondisi Jalan,Jalan Nasional,Rusak,<40,Simpang T,Perempuan,>50,Tidak,pribadi,multi_kendaraan,pengemudi,ya,UU 34/1964,meninggal,15390000000
6/26/2021,2021,6,Jakarta Selatan,598,172,21,45,Cerah,Siang,Mobil,Kondisi Jalan,Jalan Nasional,Rusak,40-60,Simpang T,Laki-laki,17-25,Ya,pribadi,multi_kendaraan,pengemudi,ya,UU 34/1964,meninggal,10550000000
2/18/2021,2021,2,Jakarta Selatan,220,337,21,16,Cerah,Malam,Bus,Kelalaian Pengemudi,Jalan Kota,Baik,<40,Simpang T,Laki-laki,17-25,Tidak,umum,tunggal,penumpang,ya,UU 33/1964,meninggal,18220000000
7/8/2022,2022,7,Jakarta Timur,380,161,29,15,Hujan,Pagi,Mobil,Kecepatan Berlebih,Jalan Nasional,Baik,>60,Tikungan,Perempuan,26-45,Tidak,pribadi,multi_kendaraan,pengemudi,ya,UU 34/1964,meninggal,9800000000
12/10/2021,2021,12,Palembang,600,227,30,27,Hujan,Siang,Mobil,Kelalaian Pengemudi,Jalan Nasional,Baik,40-60,Lurus,Perempuan,<17,Ya,pribadi,tunggal,pengemudi,tidak,tidak_dijamin,tidak_ada,0
2/19/2025,2025,2,Yogyakarta,716,121,28,2,Cerah,Siang,Motor,Kondisi Jalan,Jalan Kota,Baik,40-60,Simpang Y,Perempuan,>50,Tidak,pribadi,multi_kendaraan,pengemudi,ya,UU 34/1964,meninggal,7490000000
5/5/2024,2024,5,Surabaya,689,496,22,10,Hujan,Pagi,Motor,Kurang Jarak Aman,Jalan Provinsi,Rusak,40-60,Tikungan,Perempuan,17-25,Ya,pribadi,multi_kendaraan,pengemudi,ya,UU 34/1964,meninggal,26100000000
4/9/2023,2023,4,Surabaya,482,198,22,32,Hujan,Dini Hari,Mobil,Kondisi Jalan,Jalan Nasional,Berlubang,40-60,Lurus,Perempuan,>50,Ya,pribadi,tunggal,pengemudi,tidak,tidak_dijamin,tidak_ada,0
10/21/2025,2025,10,Jakarta Selatan,889,443,23,40,Cerah,Pagi,Truk,Kurang Jarak Aman,Jalan Provinsi,Berlubang,40-60,Lurus,Laki-laki,>50,Ya,pribadi,multi_kendaraan,pengemudi,ya,UU 34/1964,meninggal,24100000000
6/29/2022,2022,6,Surabaya,537,152,21,42,Cerah,Dini Hari,Truk,Kecepatan Berlebih,Jalan Provinsi,Rusak,<40,Simpang Y,Laki-laki,<17,Tidak,pribadi,tunggal,pengemudi,tidak,tidak_dijamin,tidak_ada,0
4/13/2022,2022,4,Bandung,436,160,29,39,Cerah,Pagi,Truk,Rem Blong,Jalan Kota,Berlubang,>60,Simpang Y,Perempuan,<17,Tidak,pribadi,tunggal,pengemudi,tidak,tidak_dijamin,tidak_ada,0
9/6/2022,2022,9,Jakarta Selatan,377,304,25,35,Cerah,Pagi,Motor,Kecepatan Berlebih,Jalan Kota,Berlubang,40-60,Simpang T,Perempuan,26-45,Ya,pribadi,multi_kendaraan,pengemudi,ya,UU 34/1964,meninggal,17150000000
1/28/2022,2022,1,Bekasi,326,292,22,17,Cerah,Dini Hari,Motor,Kondisi Jalan,Jalan Kota,Berlubang,<40,Lurus,Perempuan,26-45,Tidak,pribadi,multi_kendaraan,pengemudi,ya,UU 34/1964,meninggal,16040000000
3/8/2021,2021,3,Semarang,248,421,26,54,Hujan,Dini Hari,Mobil,Kondisi Jalan,Jalan Provinsi,Baik,<40,Tikungan,Perempuan,<17,Ya,pribadi,multi_kendaraan,pengemudi,ya,UU 34/1964,meninggal,23430000000
7/2/2021,2021,7,Jakarta Selatan,294,233,25,19,Hujan,Malam,Bus,Kelalaian Pengemudi,Jalan Nasional,Rusak,>60,Simpang T,Perempuan,<17,Ya,umum,tunggal,penumpang,ya,UU 33/1964,meninggal,13280000000
11/5/2024,2024,11,Jakarta Timur,716,498,22,1,Hujan,Pagi,Bus,Kurang Jarak Aman,Jalan Nasional,Rusak,<40,Simpang T,Laki-laki,17-25,Ya,umum,multi_kendaraan,penumpang,ya,UU 33/1964,meninggal,26020000000
8/20/2022,2022,8,Medan,395,312,28,30,Cerah,Malam,Motor,Kondisi Jalan,Jalan Nasional,Rusak,<40,Simpang T,Perempuan,26-45,Tidak,pribadi,multi_kendaraan,pengemudi,ya,UU 34/1964,meninggal,17600000000
8/8/2023,2023,8,Surabaya,627,270,25,30,Cerah,Malam,Motor,Kecepatan Berlebih,Jalan Provinsi,Berlubang,40-60,Tikungan,Laki-laki,<17,Ya,pribadi,multi_kendaraan,pengemudi,ya,UU 34/1964,meninggal,15350000000
2/14/2023,2023,2,Bekasi,452,480,21,14,Hujan,Siang,Bus,Kondisi Jalan,Jalan Kota,Rusak,>60,Tikungan,Laki-laki,<17,Ya,umum,tunggal,penumpang,ya,UU 33/1964,meninggal,25330000000
12/18/2024,2024,12,Yogyakarta,1081,105,27,6,Cerah,Dini Hari,Motor,Kurang Jarak Aman,Jalan Provinsi,Baik,40-60,Simpang 4,Laki-laki,26-45,Ya,pribadi,multi_kendaraan,pengemudi,ya,UU 34/1964,meninggal,6720000000
6/4/2021,2021,6,Medan,510,271,22,25,Cerah,Pagi,Motor,Kondisi Jalan,Jalan Kota,Berlubang,40-60,Lurus,Laki-laki,26-45,Tidak,pribadi,tunggal,pengemudi,tidak,tidak_dijamin,tidak_ada,0
9/16/2023,2023,9,Medan,651,114,29,4,Hujan,Pagi,Truk,Rem Blong,Jalan Kota,Berlubang,40-60,Lurus,Perempuan,17-25,Tidak,pribadi,tunggal,pengemudi,tidak,tidak_dijamin,tidak_ada,0
9/12/2023,2023,9,Jakarta Selatan,564,178,27,26,Hujan,Siang,Mobil,Kondisi Jalan,Jalan Provinsi,Berlubang,40-60,Lurus,Laki-laki,17-25,Ya,pribadi,multi_kendaraan,pengemudi,ya,UU 34/1964,meninggal,10770000000
11/6/2025,2025,11,Semarang,903,203,25,18,Cerah,Malam,Bus,Kecepatan Berlebih,Jalan Nasional,Berlubang,<40,Simpang T,Laki-laki,17-25,Tidak,umum,multi_kendaraan,penumpang,ya,UU 33/1964,meninggal,11760000000
6/20/2022,2022,6,Palembang,710,403,25,9,Cerah,Siang,Bus,Kondisi Jalan,Jalan Nasional,Baik,<40,Lurus,Perempuan,17-25,Tidak,umum,tunggal,penumpang,ya,UU 33/1964,meninggal,21580000000
6/13/2024,2024,6,Semarang,926,211,25,52,Hujan,Dini Hari,Mobil,Rem Blong,Jalan Kota,Baik,40-60,Simpang Y,Laki-laki,26-45,Tidak,pribadi,multi_kendaraan,pengemudi,ya,UU 34/1964,meninggal,12840000000
10/4/2024,2024,10,Surabaya,763,191,29,13,Hujan,Malam,Mobil,Kelalaian Pengemudi,Jalan Provinsi,Rusak,<40,Tikungan,Laki-laki,17-25,Tidak,pribadi,tunggal,pengemudi,tidak,tidak_dijamin,tidak_ada,0
6/11/2022,2022,6,Jakarta Timur,668,327,20,56,Hujan,Siang,Motor,Pelanggaran Lalu Lintas,Jalan Nasional,Berlubang,40-60,Lurus,Perempuan,26-45,Tidak,pribadi,multi_kendaraan,pengemudi,ya,UU 34/1964,meninggal,18470000000
1/23/2022,2022,1,Makassar,411,102,30,20,Hujan,Pagi,Truk,Kondisi Jalan,Jalan Nasional,Berlubang,<40,Tikungan,Perempuan,>50,Tidak,pribadi,multi_kendaraan,pengemudi,ya,UU 34/1964,meninggal,7000000000
3/7/2024,2024,3,Jakarta Timur,619,348,28,12,Cerah,Siang,Bus,Rem Blong,Jalan Kota,Baik,40-60,Simpang 4,Laki-laki,<17,Ya,umum,tunggal,penumpang,ya,UU 33/1964,meninggal,19040000000
2/13/2025,2025,2,Medan,658,362,22,23,Cerah,Malam,Bus,Pelanggaran Lalu Lintas,Jalan Nasional,Rusak,<40,Simpang Y,Perempuan,17-25,Tidak,umum,multi_kendaraan,penumpang,ya,UU 33/1964,meninggal,19660000000
7/21/2024,2024,7,Palembang,649,417,24,53,Cerah,Siang,Truk,Kurang Jarak Aman,Jalan Nasional,Berlubang,40-60,Simpang T,Laki-laki,26-45,Ya,pribadi,multi_kendaraan,pengemudi,ya,UU 34/1964,meninggal,23110000000
8/8/2021,2021,8,Yogyakarta,252,287,24,10,Cerah,Siang,Truk,Kecepatan Berlebih,Jalan Provinsi,Berlubang,40-60,Tikungan,Perempuan,<17,Tidak,pribadi,multi_kendaraan,pengemudi,ya,UU 34/1964,meninggal,15750000000
4/2/2023,2023,4,Semarang,452,279,20,5,Hujan,Siang,Bus,Pelanggaran Lalu Lintas,Jalan Nasional,Baik,40-60,Simpang 4,Laki-laki,>50,Ya,umum,multi_kendaraan,penumpang,ya,UU 33/1964,meninggal,15050000000
6/3/2021,2021,6,Jakarta Timur,515,109,21,17,Cerah,Dini Hari,Bus,Kondisi Jalan,Jalan Provinsi,Baik,>60,Simpang T,Perempuan,26-45,Ya,umum,multi_kendaraan,penumpang,ya,UU 33/1964,meninggal,6840000000
11/7/2025,2025,11,Semarang,899,443,25,40,Cerah,Dini Hari,Motor,Kecepatan Berlebih,Jalan Kota,Rusak,<40,Tikungan,Perempuan,26-45,Tidak,pribadi,multi_kendaraan,pengemudi,ya,UU 34/1964,meninggal,24200000000
9/20/2025,2025,9,Surabaya,830,358,26,15,Hujan,Dini Hari,Truk,Pelanggaran Lalu Lintas,Jalan Kota,Berlubang,<40,Simpang Y,Laki-laki,26-45,Ya,pribadi,tunggal,pengemudi,tidak,tidak_dijamin,tidak_ada,0
2/29/2024,2024,2,Palembang,620,441,28,32,Cerah,Dini Hari,Mobil,Rem Blong,Jalan Provinsi,Berlubang,<40,Lurus,Perempuan,26-45,Tidak,pribadi,multi_kendaraan,pengemudi,ya,UU 34/1964,meninggal,24090000000
2/25/2022,2022,2,Medan,414,232,24,35,Cerah,Pagi,Motor,Pelanggaran Lalu Lintas,Jalan Nasional,Rusak,<40,Tikungan,Laki-laki,17-25,Tidak,pribadi,tunggal,pengemudi,tidak,tidak_dijamin,tidak_ada,0
1/8/2025,2025,1,Jakarta Timur,718,106,23,7,Hujan,Siang,Mobil,Kecepatan Berlebih,Jalan Kota,Berlubang,<40,Simpang 4,Perempuan,>50,Tidak,pribadi,multi_kendaraan,pengemudi,ya,UU 34/1964,meninggal,6590000000
2/27/2023,2023,2,Semarang,407,189,20,5,Cerah,Pagi,Bus,Kurang Jarak Aman,Jalan Nasional,Rusak,40-60,Simpang T,Laki-laki,17-25,Ya,umum,tunggal,penumpang,ya,UU 33/1964,meninggal,10550000000
12/11/2025,2025,12,Jakarta Selatan,1211,283,21,57,Hujan,Malam,Truk,Kondisi Jalan,Jalan Kota,Rusak,>60,Lurus,Laki-laki,<17,Ya,pribadi,multi_kendaraan,pengemudi,ya,UU 34/1964,meninggal,16340000000
8/26/2025,2025,8,Palembang,844,185,30,6,Cerah,Pagi,Motor,Kurang Jarak Aman,Jalan Nasional,Baik,>60,Simpang Y,Perempuan,17-25,Ya,pribadi,tunggal,pengemudi,tidak,tidak_dijamin,tidak_ada,0
4/24/2021,2021,4,Bekasi,336,258,24,9,Cerah,Dini Hari,Motor,Pelanggaran Lalu Lintas,Jalan Kota,Baik,<40,Tikungan,Perempuan,17-25,Tidak,pribadi,multi_kendaraan,pengemudi,ya,UU 34/1964,meninggal,14280000000
11/21/2024,2024,11,Yogyakarta,661,203,30,26,Cerah,Dini Hari,Motor,Kurang Jarak Aman,Jalan Nasional,Berlubang,<40,Simpang T,Perempuan,26-45,Ya,pribadi,multi_kendaraan,pengemudi,ya,UU 34/1964,meninggal,12170000000
6/7/2022,2022,6,Palembang,770,274,24,16,Cerah,Siang,Truk,Kecepatan Berlebih,Jalan Provinsi,Baik,40-60,Simpang 4,Laki-laki,<17,Ya,pribadi,multi_kendaraan,pengemudi,ya,UU 34/1964,meninggal,15220000000
9/1/2022,2022,9,Yogyakarta,375,406,24,3,Cerah,Pagi,Motor,Rem Blong,Jalan Kota,Baik,<40,Simpang Y,Laki-laki,17-25,Tidak,pribadi,multi_kendaraan,pengemudi,ya,UU 34/1964,meninggal,21560000000
4/23/2024,2024,4,Yogyakarta,652,310,28,14,Cerah,Siang,Truk,Rem Blong,Jalan Kota,Baik,<40,Simpang Y,Laki-laki,>50,Tidak,pribadi,multi_kendaraan,pengemudi,ya,UU 34/1964,meninggal,17180000000
8/8/2023,2023,8,Jakarta Selatan,554,346,22,45,Hujan,Dini Hari,Motor,Pelanggaran Lalu Lintas,Jalan Kota,Berlubang,>60,Simpang Y,Laki-laki,26-45,Tidak,pribadi,multi_kendaraan,pengemudi,ya,UU 34/1964,meninggal,19300000000
6/23/2022,2022,6,Jakarta Timur,523,321,20,37,Cerah,Siang,Mobil,Rem Blong,Jalan Kota,Berlubang,<40,Simpang T,Perempuan,<17,Tidak,pribadi,tunggal,pengemudi,tidak,tidak_dijamin,tidak_ada,0
3/10/2022,2022,3,Makassar,324,145,28,11,Hujan,Dini Hari,Bus,Pelanggaran Lalu Lintas,Jalan Nasional,Berlubang,>60,Simpang T,Perempuan,<17,Ya,umum,multi_kendaraan,penumpang,ya,UU 33/1964,meninggal,8870000000
12/3/2023,2023,12,Jakarta Selatan,905,432,24,41,Hujan,Dini Hari,Truk,Pelanggaran Lalu Lintas,Jalan Nasional,Rusak,<40,Tikungan,Laki-laki,17-25,Tidak,pribadi,multi_kendaraan,pengemudi,ya,UU 34/1964,meninggal,23620000000
7/10/2025,2025,7,Bekasi,734,285,20,26,Hujan,Malam,Motor,Pelanggaran Lalu Lintas,Jalan Provinsi,Rusak,>60,Simpang Y,Perempuan,>50,Ya,pribadi,multi_kendaraan,pengemudi,ya,UU 34/1964,meninggal,15770000000
1/25/2021,2021,1,Makassar,170,124,29,9,Cerah,Dini Hari,Truk,Kelalaian Pengemudi,Jalan Nasional,Baik,>60,Lurus,Perempuan,26-45,Ya,pribadi,tunggal,pengemudi,tidak,tidak_dijamin,tidak_ada,0
3/30/2022,2022,3,Surabaya,301,335,21,8,Cerah,Siang,Bus,Kelalaian Pengemudi,Jalan Provinsi,Rusak,40-60,Lurus,Laki-laki,<17,Tidak,umum,multi_kendaraan,penumpang,ya,UU 33/1964,meninggal,17960000000
2/16/2022,2022,2,Makassar,374,163,28,9,Cerah,Dini Hari,Bus,Rem Blong,Jalan Provinsi,Baik,<40,Lurus,Laki-laki,17-25,Ya,umum,multi_kendaraan,penumpang,ya,UU 33/1964,meninggal,9730000000
4/6/2023,2023,4,Jakarta Timur,514,422,25,35,Cerah,Dini Hari,Bus,Kecepatan Berlebih,Jalan Nasional,Berlubang,<40,Simpang 4,Laki-laki,<17,Ya,umum,multi_kendaraan,penumpang,ya,UU 33/1964,meninggal,23050000000
11/5/2023,2023,11,Medan,593,436,25,6,Cerah,Malam,Bus,Kondisi Jalan,Jalan Nasional,Berlubang,40-60,Simpang T,Laki-laki,<17,Tidak,umum,tunggal,penumpang,ya,UU 33/1964,meninggal,23170000000
5/10/2024,2024,5,Semarang,617,126,26,22,Hujan,Dini Hari,Truk,Kelalaian Pengemudi,Jalan Nasional,Baik,40-60,Simpang T,Laki-laki,>50,Tidak,pribadi,tunggal,pengemudi,tidak,tidak_dijamin,tidak_ada,0
4/1/2024,2024,4,Jakarta Selatan,670,177,23,2,Hujan,Dini Hari,Mobil,Kelalaian Pengemudi,Jalan Provinsi,Rusak,>60,Tikungan,Laki-laki,17-25,Ya,pribadi,multi_kendaraan,pengemudi,ya,UU 34/1964,meninggal,10040000000
1/19/2021,2021,1,Makassar,274,349,28,9,Cerah,Dini Hari,Truk,Kelalaian Pengemudi,Jalan Nasional,Baik,<40,Tikungan,Perempuan,17-25,Tidak,pribadi,tunggal,pengemudi,tidak,tidak_dijamin,tidak_ada,0
10/4/2023,2023,10,Bandung,543,250,26,53,Cerah,Dini Hari,Mobil,Kondisi Jalan,Jalan Provinsi,Baik,40-60,Simpang Y,Laki-laki,<17,Tidak,pribadi,tunggal,pengemudi,tidak,tidak_dijamin,tidak_ada,0
10/19/2022,2022,10,Medan,409,118,25,5,Cerah,Malam,Truk,Pelanggaran Lalu Lintas,Jalan Nasional,Rusak,40-60,Tikungan,Perempuan,17-25,Ya,pribadi,multi_kendaraan,pengemudi,ya,UU 34/1964,meninggal,7250000000
9/25/2025,2025,9,Bandung,790,454,28,44,Cerah,Dini Hari,Mobil,Kurang Jarak Aman,Jalan Provinsi,Baik,40-60,Tikungan,Laki-laki,<17,Ya,pribadi,tunggal,pengemudi,tidak,tidak_dijamin,tidak_ada,0
4/22/2022,2022,4,Jakarta Selatan,406,180,26,9,Hujan,Pagi,Mobil,Kurang Jarak Aman,Jalan Provinsi,Baik,<40,Tikungan,Perempuan,17-25,Tidak,pribadi,multi_kendaraan,pengemudi,ya,UU 34/1964,meninggal,10480000000
6/25/2021,2021,6,Semarang,665,107,24,38,Cerah,Dini Hari,Motor,Kecepatan Berlebih,Jalan Provinsi,Baik,40-60,Lurus,Laki-laki,17-25,Tidak,pribadi,multi_kendaraan,pengemudi,ya,UU 34/1964,meninggal,7310000000
4/12/2025,2025,4,Surabaya,706,164,26,5,Cerah,Siang,Truk,Rem Blong,Jalan Nasional,Baik,40-60,Tikungan,Laki-laki,<17,Tidak,pribadi,multi_kendaraan,pengemudi,ya,UU 34/1964,meninggal,9600000000
10/26/2023,2023,10,Makassar,665,367,21,23,Hujan,Pagi,Truk,Pelanggaran Lalu Lintas,Jalan Kota,Berlubang,40-60,Simpang Y,Laki-laki,<17,Ya,pribadi,multi_kendaraan,pengemudi,ya,UU 34/1964,meninggal,19860000000
1/21/2024,2024,1,Yogyakarta,630,408,21,18,Cerah,Malam,Motor,Rem Blong,Jalan Kota,Berlubang,>60,Simpang T,Perempuan,>50,Tidak,pribadi,multi_kendaraan,pengemudi,ya,UU 34/1964,meninggal,21810000000
1/13/2024,2024,1,Yogyakarta,606,166,24,3,Cerah,Siang,Bus,Kondisi Jalan,Jalan Kota,Berlubang,>60,Lurus,Perempuan,26-45,Ya,umum,tunggal,penumpang,ya,UU 33/1964,meninggal,9560000000
10/1/2024,2024,10,Semarang,784,474,26,33,Hujan,Malam,Bus,Kondisi Jalan,Jalan Nasional,Rusak,40-60,Lurus,Perempuan,26-45,Ya,umum,multi_kendaraan,penumpang,ya,UU 33/1964,meninggal,25660000000
9/15/2023,2023,9,Medan,593,115,23,8,Cerah,Siang,Motor,Rem Blong,Jalan Provinsi,Rusak,<40,Lurus,Laki-laki,<17,Tidak,pribadi,multi_kendaraan,pengemudi,ya,UU 34/1964,meninggal,7060000000
6/20/2021,2021,6,Palembang,555,130,23,66,Hujan,Malam,Bus,Rem Blong,Jalan Nasional,Rusak,<40,Simpang 4,Perempuan,>50,Ya,umum,multi_kendaraan,penumpang,ya,UU 33/1964,meninggal,8970000000
10/31/2025,2025,10,Jakarta Timur,901,490,24,27,Cerah,Dini Hari,Motor,Kondisi Jalan,Jalan Kota,Berlubang,40-60,Simpang Y,Laki-laki,<17,Ya,pribadi,tunggal,pengemudi,tidak,tidak_dijamin,tidak_ada,0
4/16/2025,2025,4,Surabaya,694,184,21,38,Hujan,Malam,Truk,Rem Blong,Jalan Kota,Rusak,<40,Simpang Y,Perempuan,<17,Ya,pribadi,multi_kendaraan,pengemudi,ya,UU 34/1964,meninggal,11010000000
12/5/2024,2024,12,Makassar,1041,383,23,20,Hujan,Siang,Mobil,Kelalaian Pengemudi,Jalan Nasional,Berlubang,40-60,Lurus,Perempuan,<17,Tidak,pribadi,multi_kendaraan,pengemudi,ya,UU 34/1964,meninggal,20700000000
10/28/2025,2025,10,Jakarta Selatan,897,438,27,26,Cerah,Dini Hari,Motor,Kondisi Jalan,Jalan Provinsi,Rusak,<40,Simpang 4,Laki-laki,<17,Tidak,pribadi,multi_kendaraan,pengemudi,ya,UU 34/1964,meninggal,23770000000
8/11/2025,2025,8,Palembang,799,466,30,14,Hujan,Siang,Bus,Kelalaian Pengemudi,Jalan Kota,Berlubang,>60,Simpang T,Laki-laki,26-45,Ya,umum,multi_kendaraan,penumpang,ya,UU 33/1964,meninggal,25080000000
12/11/2022,2022,12,Surabaya,594,321,29,41,Hujan,Malam,Truk,Kelalaian Pengemudi,Jalan Kota,Rusak,<40,Simpang T,Laki-laki,>50,Ya,pribadi,tunggal,pengemudi,tidak,tidak_dijamin,tidak_ada,0
4/2/2024,2024,4,Bandung,570,358,21,6,Hujan,Malam,Mobil,Rem Blong,Jalan Kota,Rusak,40-60,Simpang 4,Laki-laki,<17,Ya,pribadi,tunggal,pengemudi,tidak,tidak_dijamin,tidak_ada,0
9/14/2022,2022,9,Jakarta Timur,476,270,28,7,Hujan,Pagi,Bus,Kurang Jarak Aman,Jalan Nasional,Baik,40-60,Simpang Y,Perempuan,17-25,Ya,umum,multi_kendaraan,penumpang,ya,UU 33/1964,meninggal,15040000000
10/12/2025,2025,10,Semarang,756,386,20,34,Cerah,Malam,Truk,Rem Blong,Jalan Provinsi,Baik,40-60,Tikungan,Laki-laki,26-45,Tidak,pribadi,tunggal,pengemudi,tidak,tidak_dijamin,tidak_ada,0
12/29/2022,2022,12,Makassar,733,120,22,12,Hujan,Dini Hari,Mobil,Kelalaian Pengemudi,Jalan Nasional,Berlubang,40-60,Simpang Y,Laki-laki,<17,Ya,pribadi,multi_kendaraan,pengemudi,ya,UU 34/1964,meninggal,7340000000
11/2/2025,2025,11,Jakarta Timur,776,404,21,6,Hujan,Dini Hari,Bus,Kelalaian Pengemudi,Jalan Provinsi,Baik,40-60,Tikungan,Perempuan,17-25,Tidak,umum,tunggal,penumpang,ya,UU 33/1964,meninggal,21370000000
5/2/2025,2025,5,Bekasi,753,176,25,44,Hujan,Pagi,Truk,Kondisi Jalan,Jalan Provinsi,Berlubang,<40,Simpang 4,Perempuan,26-45,Tidak,pribadi,multi_kendaraan,pengemudi,ya,UU 34/1964,meninggal,10930000000
11/25/2024,2024,11,Bekasi,657,142,22,18,Cerah,Malam,Truk,Rem Blong,Jalan Kota,Baik,40-60,Simpang 4,Perempuan,<17,Tidak,pribadi,multi_kendaraan,pengemudi,ya,UU 34/1964,meninggal,8560000000
9/19/2021,2021,9,Jakarta Timur,391,134,22,19,Cerah,Dini Hari,Mobil,Pelanggaran Lalu Lintas,Jalan Provinsi,Rusak,>60,Simpang T,Laki-laki,>50,Tidak,pribadi,multi_kendaraan,pengemudi,ya,UU 34/1964,meninggal,8180000000
4/7/2023,2023,4,Makassar,532,427,30,58,Hujan,Malam,Truk,Kecepatan Berlebih,Jalan Kota,Baik,>60,Lurus,Perempuan,17-25,Tidak,pribadi,tunggal,pengemudi,tidak,tidak_dijamin,tidak_ada,0
3/30/2021,2021,3,Palembang,198,119,29,14,Cerah,Siang,Bus,Rem Blong,Jalan Nasional,Rusak,40-60,Tikungan,Perempuan,17-25,Ya,umum,multi_kendaraan,penumpang,ya,UU 33/1964,meninggal,7680000000
4/27/2021,2021,4,Jakarta Timur,333,209,25,2,Hujan,Malam,Bus,Pelanggaran Lalu Lintas,Jalan Nasional,Baik,40-60,Simpang 4,Laki-laki,>50,Tidak,umum,multi_kendaraan,penumpang,ya,UU 33/1964,meninggal,11740000000
11/27/2024,2024,11,Jakarta Selatan,696,416,29,46,Cerah,Dini Hari,Motor,Kurang Jarak Aman,Jalan Nasional,Baik,<40,Simpang Y,Laki-laki,>50,Ya,pribadi,multi_kendaraan,pengemudi,ya,UU 34/1964,meninggal,23170000000
5/6/2022,2022,5,Bekasi,405,264,30,29,Cerah,Dini Hari,Bus,Kurang Jarak Aman,Jalan Provinsi,Rusak,>60,Simpang T,Laki-laki,<17,Tidak,umum,tunggal,penumpang,ya,UU 33/1964,meninggal,15280000000
4/12/2025,2025,4,Jakarta Selatan,765,439,22,57,Hujan,Siang,Mobil,Kelalaian Pengemudi,Jalan Nasional,Baik,40-60,Simpang 4,Perempuan,>50,Tidak,pribadi,multi_kendaraan,pengemudi,ya,UU 34/1964,meninggal,24190000000
3/25/2022,2022,3,Palembang,415,437,26,14,Cerah,Siang,Bus,Kondisi Jalan,Jalan Provinsi,Baik,>60,Simpang T,Laki-laki,>50,Tidak,umum,tunggal,penumpang,ya,UU 33/1964,meninggal,23430000000
6/16/2022,2022,6,Jakarta Selatan,613,484,25,58,Cerah,Pagi,Motor,Kurang Jarak Aman,Jalan Nasional,Berlubang,40-60,Tikungan,Perempuan,<17,Ya,pribadi,tunggal,pengemudi,tidak,tidak_dijamin,tidak_ada,0
1/24/2024,2024,1,Semarang,533,208,28,38,Cerah,Malam,Truk,Kecepatan Berlebih,Jalan Kota,Berlubang,40-60,Simpang T,Perempuan,17-25,Ya,pribadi,multi_kendaraan,pengemudi,ya,UU 34/1964,meninggal,12560000000
2/25/2024,2024,2,Yogyakarta,651,311,24,15,Hujan,Dini Hari,Truk,Kurang Jarak Aman,Jalan Kota,Rusak,40-60,Tikungan,Perempuan,26-45,Tidak,pribadi,tunggal,pengemudi,tidak,tidak_dijamin,tidak_ada,0
6/18/2021,2021,6,Palembang,540,213,22,16,Cerah,Siang,Truk,Pelanggaran Lalu Lintas,Jalan Provinsi,Rusak,<40,Tikungan,Laki-laki,<17,Ya,pribadi,multi_kendaraan,pengemudi,ya,UU 34/1964,meninggal,12070000000
2/13/2022,2022,2,Makassar,346,358,23,23,Hujan,Pagi,Truk,Pelanggaran Lalu Lintas,Jalan Kota,Rusak,40-60,Lurus,Perempuan,17-25,Tidak,pribadi,tunggal,pengemudi,tidak,tidak_dijamin,tidak_ada,0
5/28/2024,2024,5,Bekasi,608,191,30,17,Hujan,Dini Hari,Motor,Kelalaian Pengemudi,Jalan Nasional,Rusak,<40,Simpang Y,Laki-laki,26-45,Ya,pribadi,multi_kendaraan,pengemudi,ya,UU 34/1964,meninggal,11390000000
10/29/2025,2025,10,Yogyakarta,750,111,30,4,Cerah,Pagi,Motor,Kondisi Jalan,Jalan Kota,Rusak,>60,Simpang Y,Laki-laki,26-45,Ya,pribadi,tunggal,pengemudi,tidak,tidak_dijamin,tidak_ada,0
3/8/2021,2021,3,Semarang,298,343,22,20,Hujan,Siang,Mobil,Pelanggaran Lalu Lintas,Jalan Nasional,Berlubang,40-60,Simpang 4,Perempuan,>50,Tidak,pribadi,tunggal,pengemudi,tidak,tidak_dijamin,tidak_ada,0
5/15/2022,2022,5,Surabaya,450,323,27,15,Cerah,Malam,Bus,Pelanggaran Lalu Lintas,Jalan Kota,Berlubang,>60,Simpang T,Perempuan,>50,Ya,umum,tunggal,penumpang,ya,UU 33/1964,meninggal,17800000000
5/14/2023,2023,5,Palembang,510,365,23,34,Cerah,Malam,Motor,Pelanggaran Lalu Lintas,Jalan Provinsi,Rusak,40-60,Simpang Y,Laki-laki,17-25,Ya,pribadi,tunggal,pengemudi,tidak,tidak_dijamin,tidak_ada,0
12/16/2022,2022,12,Palembang,702,296,20,25,Cerah,Siang,Truk,Pelanggaran Lalu Lintas,Jalan Nasional,Rusak,>60,Simpang 4,Laki-laki,>50,Tidak,pribadi,multi_kendaraan,pengemudi,ya,UU 34/1964,meninggal,16300000000
3/2/2025,2025,3,Bekasi,649,334,26,5,Cerah,Malam,Bus,Kondisi Jalan,Jalan Nasional,Baik,<40,Lurus,Perempuan,26-45,Ya,umum,multi_kendaraan,penumpang,ya,UU 33/1964,meninggal,18100000000
2/13/2021,2021,2,Bekasi,176,176,20,11,Hujan,Malam,Motor,Kondisi Jalan,Jalan Provinsi,Baik,<40,Simpang T,Perempuan,>50,Ya,pribadi,tunggal,pengemudi,tidak,tidak_dijamin,tidak_ada,0
10/29/2021,2021,10,Bandung,302,124,25,1,Hujan,Siang,Bus,Pelanggaran Lalu Lintas,Jalan Provinsi,Berlubang,40-60,Simpang Y,Laki-laki,<17,Tidak,umum,multi_kendaraan,penumpang,ya,UU 33/1964,meninggal,7470000000
12/23/2023,2023,12,Jakarta Selatan,819,203,24,41,Hujan,Dini Hari,Truk,Pelanggaran Lalu Lintas,Jalan Nasional,Rusak,<40,Lurus,Perempuan,>50,Tidak,pribadi,multi_kendaraan,pengemudi,ya,UU 34/1964,meninggal,12170000000
5/11/2025,2025,5,Surabaya,716,216,24,11,Hujan,Siang,Motor,Kondisi Jalan,Jalan Nasional,Berlubang,<40,Simpang Y,Laki-laki,26-45,Tidak,pribadi,tunggal,pengemudi,tidak,tidak_dijamin,tidak_ada,0
3/25/2025,2025,3,Semarang,645,196,27,30,Hujan,Malam,Mobil,Kecepatan Berlebih,Jalan Kota,Baik,40-60,Tikungan,Perempuan,>50,Ya,pribadi,tunggal,pengemudi,tidak,tidak_dijamin,tidak_ada,0
12/14/2023,2023,12,Surabaya,749,431,24,28,Hujan,Pagi,Mobil,Kelalaian Pengemudi,Jalan Nasional,Berlubang,>60,Simpang Y,Laki-laki,>50,Ya,pribadi,tunggal,pengemudi,tidak,tidak_dijamin,tidak_ada,0
2/1/2022,2022,2,Surabaya,341,343,25,40,Hujan,Dini Hari,Mobil,Rem Blong,Jalan Provinsi,Berlubang,40-60,Simpang Y,Perempuan,17-25,Tidak,pribadi,multi_kendaraan,pengemudi,ya,UU 34/1964,meninggal,19200000000
9/6/2025,2025,9,Jakarta Selatan,741,437,28,0,Cerah,Siang,Motor,Kecepatan Berlebih,Jalan Kota,Berlubang,<40,Tikungan,Perempuan,17-25,Ya,pribadi,tunggal,pengemudi,tidak,tidak_dijamin,tidak_ada,0
2/2/2023,2023,2,Palembang,431,249,22,68,Cerah,Pagi,Mobil,Kondisi Jalan,Jalan Nasional,Berlubang,>60,Lurus,Laki-laki,<17,Tidak,pribadi,multi_kendaraan,pengemudi,ya,UU 34/1964,meninggal,14910000000
1/23/2022,2022,1,Medan,269,184,23,18,Hujan,Siang,Mobil,Rem Blong,Jalan Nasional,Berlubang,40-60,Simpang Y,Laki-laki,17-25,Ya,pribadi,tunggal,pengemudi,tidak,tidak_dijamin,tidak_ada,0
9/18/2021,2021,9,Surabaya,360,245,24,10,Hujan,Dini Hari,Mobil,Kondisi Jalan,Jalan Provinsi,Baik,>60,Simpang T,Laki-laki,>50,Tidak,pribadi,multi_kendaraan,pengemudi,ya,UU 34/1964,meninggal,13650000000
11/5/2025,2025,11,Jakarta Timur,890,159,26,18,Hujan,Siang,Mobil,Kurang Jarak Aman,Jalan Kota,Berlubang,>60,Lurus,Laki-laki,>50,Ya,pribadi,tunggal,pengemudi,tidak,tidak_dijamin,tidak_ada,0
8/25/2021,2021,8,Jakarta Selatan,393,308,30,7,Cerah,Pagi,Motor,Pelanggaran Lalu Lintas,Jalan Kota,Baik,40-60,Tikungan,Laki-laki,>50,Tidak,pribadi,tunggal,pengemudi,tidak,tidak_dijamin,tidak_ada,0
5/15/2023,2023,5,Semarang,526,470,28,29,Cerah,Malam,Mobil,Kecepatan Berlebih,Jalan Provinsi,Baik,>60,Tikungan,Laki-laki,>50,Tidak,pribadi,multi_kendaraan,pengemudi,ya,UU 34/1964,meninggal,25480000000
7/14/2024,2024,7,Surabaya,712,450,30,8,Hujan,Siang,Bus,Kecepatan Berlebih,Jalan Nasional,Berlubang,>60,Simpang T,Perempuan,<17,Tidak,umum,tunggal,penumpang,ya,UU 33/1964,meninggal,24160000000
3/23/2022,2022,3,Surabaya,289,256,20,44,Hujan,Pagi,Motor,Kondisi Jalan,Jalan Nasional,Rusak,40-60,Tikungan,Laki-laki,>50,Tidak,pribadi,multi_kendaraan,pengemudi,ya,UU 34/1964,meninggal,14680000000
5/9/2022,2022,5,Medan,421,481,27,22,Hujan,Pagi,Motor,Kurang Jarak Aman,Jalan Provinsi,Rusak,<40,Lurus,Perempuan,17-25,Ya,pribadi,tunggal,pengemudi,tidak,tidak_dijamin,tidak_ada,0
12/19/2022,2022,12,Bekasi,714,186,26,8,Hujan,Malam,Truk,Rem Blong,Jalan Nasional,Baik,>60,Simpang 4,Perempuan,>50,Tidak,pribadi,tunggal,pengemudi,tidak,tidak_dijamin,tidak_ada,0
9/26/2023,2023,9,Jakarta Selatan,501,425,22,16,Cerah,Dini Hari,Motor,Rem Blong,Jalan Nasional,Rusak,>60,Tikungan,Perempuan,26-45,Tidak,pribadi,multi_kendaraan,pengemudi,ya,UU 34/1964,meninggal,22670000000
5/16/2022,2022,5,Bandung,458,301,29,11,Cerah,Siang,Motor,Kecepatan Berlebih,Jalan Nasional,Berlubang,40-60,Simpang Y,Laki-laki,>50,Ya,pribadi,tunggal,pengemudi,tidak,tidak_dijamin,tidak_ada,0
8/28/2022,2022,8,Semarang,473,476,23,60,Cerah,Siang,Truk,Rem Blong,Jalan Provinsi,Berlubang,>60,Simpang 4,Laki-laki,17-25,Tidak,pribadi,tunggal,pengemudi,tidak,tidak_dijamin,tidak_ada,0
7/18/2025,2025,7,Yogyakarta,856,331,26,68,Cerah,Pagi,Mobil,Kecepatan Berlebih,Jalan Nasional,Rusak,40-60,Simpang T,Perempuan,>50,Tidak,pribadi,multi_kendaraan,pengemudi,ya,UU 34/1964,meninggal,19210000000
11/11/2023,2023,11,Semarang,577,150,26,33,Cerah,Siang,Truk,Kelalaian Pengemudi,Jalan Kota,Baik,>60,Simpang T,Perempuan,>50,Tidak,pribadi,multi_kendaraan,pengemudi,ya,UU 34/1964,meninggal,9460000000
4/25/2023,2023,4,Makassar,456,185,25,58,Hujan,Malam,Truk,Kecepatan Berlebih,Jalan Kota,Baik,>60,Simpang 4,Perempuan,<17,Tidak,pribadi,tunggal,pengemudi,tidak,tidak_dijamin,tidak_ada,0
6/1/2025,2025,6,Jakarta Selatan,1001,285,27,42,Cerah,Pagi,Truk,Pelanggaran Lalu Lintas,Jalan Nasional,Berlubang,40-60,Simpang Y,Laki-laki,26-45,Tidak,pribadi,tunggal,pengemudi,tidak,tidak_dijamin,tidak_ada,0
2/5/2023,2023,2,Surabaya,527,494,30,10,Cerah,Pagi,Bus,Kondisi Jalan,Jalan Nasional,Berlubang,40-60,Simpang T,Perempuan,26-45,Tidak,umum,tunggal,penumpang,ya,UU 33/1964,meninggal,26400000000
12/23/2022,2022,12,Medan,747,374,25,52,Cerah,Malam,Truk,Kondisi Jalan,Jalan Provinsi,Baik,<40,Tikungan,Laki-laki,>50,Ya,pribadi,tunggal,pengemudi,tidak,tidak_dijamin,tidak_ada,0
11/9/2021,2021,11,Yogyakarta,363,209,22,44,Hujan,Pagi,Mobil,Kurang Jarak Aman,Jalan Kota,Rusak,>60,Simpang T,Laki-laki,26-45,Ya,pribadi,multi_kendaraan,pengemudi,ya,UU 34/1964,meninggal,12430000000
3/20/2025,2025,3,Yogyakarta,787,125,28,0,Cerah,Siang,Truk,Kecepatan Berlebih,Jalan Kota,Baik,>60,Simpang 4,Perempuan,>50,Ya,pribadi,tunggal,pengemudi,tidak,tidak_dijamin,tidak_ada,0
11/24/2025,2025,11,Palembang,789,487,29,31,Cerah,Pagi,Truk,Pelanggaran Lalu Lintas,Jalan Provinsi,Rusak,40-60,Lurus,Laki-laki,<17,Ya,pribadi,multi_kendaraan,pengemudi,ya,UU 34/1964,meninggal,26420000000
1/1/2025,2025,1,Makassar,672,382,23,39,Hujan,Malam,Mobil,Kecepatan Berlebih,Jalan Nasional,Baik,>60,Simpang 4,Laki-laki,>50,Ya,pribadi,multi_kendaraan,pengemudi,ya,UU 34/1964,meninggal,21030000000
3/23/2024,2024,3,Semarang,573,113,21,6,Hujan,Siang,Bus,Kecepatan Berlebih,Jalan Kota,Berlubang,40-60,Simpang T,Perempuan,<17,Tidak,umum,multi_kendaraan,penumpang,ya,UU 33/1964,meninggal,6820000000
3/24/2021,2021,3,Jakarta Timur,209,442,21,15,Hujan,Dini Hari,Truk,Kecepatan Berlebih,Jalan Provinsi,Berlubang,<40,Simpang Y,Laki-laki,>50,Tidak,pribadi,multi_kendaraan,pengemudi,ya,UU 34/1964,meninggal,23450000000
2/12/2022,2022,2,Bandung,394,337,27,37,Cerah,Siang,Truk,Rem Blong,Jalan Kota,Baik,<40,Tikungan,Laki-laki,>50,Ya,pribadi,multi_kendaraan,pengemudi,ya,UU 34/1964,meninggal,18940000000
3/25/2025,2025,3,Medan,698,286,28,28,Cerah,Pagi,Motor,Kecepatan Berlebih,Jalan Provinsi,Baik,<40,Tikungan,Perempuan,>50,Tidak,pribadi,multi_kendaraan,pengemudi,ya,UU 34/1964,meninggal,16260000000
11/3/2025,2025,11,Jakarta Selatan,809,360,29,9,Hujan,Malam,Motor,Kurang Jarak Aman,Jalan Nasional,Baik,>60,Simpang T,Perempuan,<17,Ya,pribadi,tunggal,pengemudi,tidak,tidak_dijamin,tidak_ada,0
12/1/2025,2025,12,Medan,994,306,20,2,Cerah,Pagi,Bus,Kelalaian Pengemudi,Jalan Provinsi,Rusak,<40,Simpang 4,Perempuan,17-25,Tidak,umum,multi_kendaraan,penumpang,ya,UU 33/1964,meninggal,16340000000
12/7/2024,2024,12,Jakarta Selatan,1003,188,30,11,Hujan,Dini Hari,Mobil,Rem Blong,Jalan Provinsi,Berlubang,40-60,Simpang 4,Perempuan,26-45,Tidak,pribadi,multi_kendaraan,pengemudi,ya,UU 34/1964,meninggal,11120000000
10/8/2021,2021,10,Bekasi,338,226,28,42,Cerah,Siang,Bus,Kondisi Jalan,Jalan Provinsi,Berlubang,40-60,Simpang 4,Perempuan,<17,Ya,umum,multi_kendaraan,penumpang,ya,UU 33/1964,meninggal,13540000000
12/1/2024,2024,12,Semarang,851,468,29,8,Hujan,Malam,Mobil,Kecepatan Berlebih,Jalan Provinsi,Rusak,<40,Simpang 4,Perempuan,>50,Ya,pribadi,multi_kendaraan,pengemudi,ya,UU 34/1964,meninggal,25010000000
5/5/2021,2021,5,Jakarta Timur,292,239,23,58,Cerah,Malam,Bus,Pelanggaran Lalu Lintas,Jalan Kota,Berlubang,<40,Lurus,Perempuan,17-25,Ya,umum,multi_kendaraan,penumpang,ya,UU 33/1964,meninggal,14260000000
12/13/2022,2022,12,Medan,701,458,28,21,Cerah,Pagi,Mobil,Kecepatan Berlebih,Jalan Provinsi,Rusak,>60,Simpang T,Laki-laki,<17,Tidak,pribadi,multi_kendaraan,pengemudi,ya,UU 34/1964,meninggal,24720000000
12/7/2025,2025,12,Yogyakarta,1001,348,29,4,Cerah,Malam,Motor,Kurang Jarak Aman,Jalan Nasional,Rusak,40-60,Simpang 4,Perempuan,>50,Ya,pribadi,multi_kendaraan,pengemudi,ya,UU 34/1964,meninggal,18930000000
9/11/2023,2023,9,Semarang,641,158,24,12,Hujan,Dini Hari,Bus,Kelalaian Pengemudi,Jalan Nasional,Rusak,<40,Simpang T,Laki-laki,26-45,Ya,umum,tunggal,penumpang,ya,UU 33/1964,meninggal,9340000000
12/23/2022,2022,12,Yogyakarta,781,101,25,48,Hujan,Pagi,Mobil,Kelalaian Pengemudi,Jalan Provinsi,Baik,<40,Simpang Y,Laki-laki,17-25,Ya,pribadi,multi_kendaraan,pengemudi,ya,UU 34/1964,meninggal,7260000000
11/8/2024,2024,11,Surabaya,795,131,21,16,Cerah,Dini Hari,Motor,Kelalaian Pengemudi,Jalan Kota,Berlubang,40-60,Tikungan,Perempuan,26-45,Ya,pribadi,multi_kendaraan,pengemudi,ya,UU 34/1964,meninggal,7920000000
2/17/2024,2024,2,Semarang,528,230,24,28,Cerah,Pagi,Motor,Kondisi Jalan,Jalan Kota,Berlubang,40-60,Simpang 4,Perempuan,26-45,Tidak,pribadi,multi_kendaraan,pengemudi,ya,UU 34/1964,meninggal,13260000000
2/22/2025,2025,2,Yogyakarta,739,483,29,2,Cerah,Siang,Motor,Kondisi Jalan,Jalan Kota,Baik,>60,Tikungan,Perempuan,>50,Tidak,pribadi,tunggal,pengemudi,tidak,tidak_dijamin,tidak_ada,0
8/24/2021,2021,8,Makassar,259,168,30,7,Hujan,Pagi,Mobil,Kecepatan Berlebih,Jalan Kota,Baik,<40,Simpang Y,Laki-laki,>50,Tidak,pribadi,multi_kendaraan,pengemudi,ya,UU 34/1964,meninggal,10040000000
3/21/2024,2024,3,Jakarta Selatan,625,193,25,12,Cerah,Malam,Motor,Rem Blong,Jalan Provinsi,Baik,>60,Simpang 4,Laki-laki,26-45,Tidak,pribadi,multi_kendaraan,pengemudi,ya,UU 34/1964,meninggal,11140000000
11/11/2025,2025,11,Jakarta Selatan,855,323,22,33,Hujan,Dini Hari,Mobil,Kurang Jarak Aman,Jalan Provinsi,Rusak,40-60,Simpang Y,Perempuan,<17,Tidak,pribadi,multi_kendaraan,pengemudi,ya,UU 34/1964,meninggal,17910000000
1/1/2025,2025,1,Surabaya,687,484,27,7,Hujan,Malam,Truk,Kecepatan Berlebih,Jalan Nasional,Baik,>60,Simpang Y,Perempuan,17-25,Ya,pribadi,multi_kendaraan,pengemudi,ya,UU 34/1964,meninggal,25690000000
3/27/2022,2022,3,Surabaya,359,342,30,44,Hujan,Pagi,Motor,Kondisi Jalan,Jalan Nasional,Rusak,40-60,Lurus,Laki-laki,<17,Tidak,pribadi,multi_kendaraan,pengemudi,ya,UU 34/1964,meninggal,19480000000
2/6/2021,2021,2,Bandung,262,180,20,33,Hujan,Pagi,Mobil,Pelanggaran Lalu Lintas,Jalan Nasional,Baik,>60,Simpang T,Laki-laki,>50,Ya,pribadi,multi_kendaraan,pengemudi,ya,UU 34/1964,meninggal,10660000000
5/3/2025,2025,5,Medan,712,400,22,48,Hujan,Malam,Bus,Kelalaian Pengemudi,Jalan Nasional,Berlubang,<40,Simpang T,Laki-laki,>50,Tidak,umum,multi_kendaraan,penumpang,ya,UU 33/1964,meninggal,22060000000
11/13/2025,2025,11,Yogyakarta,784,430,30,42,Cerah,Pagi,Motor,Pelanggaran Lalu Lintas,Jalan Provinsi,Berlubang,40-60,Lurus,Laki-laki,>50,Tidak,pribadi,multi_kendaraan,pengemudi,ya,UU 34/1964,meninggal,23840000000
4/16/2024,2024,4,Makassar,589,312,23,6,Cerah,Siang,Truk,Kelalaian Pengemudi,Jalan Provinsi,Berlubang,<40,Simpang T,Perempuan,26-45,Ya,pribadi,multi_kendaraan,pengemudi,ya,UU 34/1964,meninggal,16870000000
3/21/2024,2024,3,Bandung,557,305,23,42,Cerah,Siang,Mobil,Kelalaian Pengemudi,Jalan Kota,Berlubang,<40,Tikungan,Perempuan,<17,Tidak,pribadi,tunggal,pengemudi,tidak,tidak_dijamin,tidak_ada,0
2/2/2023,2023,2,Bandung,394,223,24,8,Cerah,Dini Hari,Mobil,Kurang Jarak Aman,Jalan Provinsi,Rusak,>60,Lurus,Perempuan,17-25,Ya,pribadi,tunggal,pengemudi,tidak,tidak_dijamin,tidak_ada,0
1/26/2021,2021,1,Medan,173,488,24,11,Hujan,Dini Hari,Truk,Pelanggaran Lalu Lintas,Jalan Kota,Rusak,40-60,Simpang Y,Perempuan,17-25,Tidak,pribadi,tunggal,pengemudi,tidak,tidak_dijamin,tidak_ada,0
7/28/2025,2025,7,Semarang,709,189,23,50,Hujan,Siang,Bus,Kecepatan Berlebih,Jalan Nasional,Baik,40-60,Lurus,Laki-laki,>50,Ya,umum,tunggal,penumpang,ya,UU 33/1964,meninggal,11600000000
3/19/2024,2024,3,Jakarta Timur,675,159,20,1,Hujan,Pagi,Bus,Rem Blong,Jalan Provinsi,Baik,<40,Tikungan,Perempuan,17-25,Tidak,umum,multi_kendaraan,penumpang,ya,UU 33/1964,meninggal,8970000000
9/22/2025,2025,9,Surabaya,871,401,20,30,Cerah,Siang,Truk,Kurang Jarak Aman,Jalan Nasional,Baik,>60,Lurus,Perempuan,<17,Ya,pribadi,multi_kendaraan,pengemudi,ya,UU 34/1964,meninggal,21650000000
8/7/2023,2023,8,Jakarta Selatan,591,208,24,50,Cerah,Dini Hari,Motor,Kurang Jarak Aman,Jalan Kota,Rusak,>60,Lurus,Perempuan,17-25,Ya,pribadi,multi_kendaraan,pengemudi,ya,UU 34/1964,meninggal,12600000000
11/21/2025,2025,11,Medan,889,394,24,25,Hujan,Pagi,Truk,Kurang Jarak Aman,Jalan Provinsi,Baik,40-60,Simpang T,Perempuan,17-25,Ya,pribadi,multi_kendaraan,pengemudi,ya,UU 34/1964,meninggal,21400000000
8/15/2025,2025,8,Medan,792,186,26,17,Cerah,Siang,Bus,Kelalaian Pengemudi,Jalan Provinsi,Rusak,>60,Lurus,Perempuan,17-25,Tidak,umum,tunggal,penumpang,ya,UU 33/1964,meninggal,10940000000
2/13/2023,2023,2,Yogyakarta,460,202,22,6,Hujan,Dini Hari,Motor,Kurang Jarak Aman,Jalan Kota,Baik,40-60,Simpang 4,Laki-laki,<17,Tidak,pribadi,multi_kendaraan,pengemudi,ya,UU 34/1964,meninggal,11320000000
11/23/2021,2021,11,Surabaya,317,312,30,28,Cerah,Malam,Bus,Kecepatan Berlebih,Jalan Nasional,Baik,40-60,Simpang T,Perempuan,26-45,Ya,umum,tunggal,penumpang,ya,UU 33/1964,meninggal,17660000000
6/1/2023,2023,6,Yogyakarta,698,332,29,25,Hujan,Pagi,Bus,Kurang Jarak Aman,Jalan Provinsi,Baik,<40,Simpang Y,Laki-laki,26-45,Ya,umum,multi_kendaraan,penumpang,ya,UU 33/1964,meninggal,18550000000
7/7/2021,2021,7,Jakarta Selatan,319,436,24,19,Hujan,Malam,Bus,Kelalaian Pengemudi,Jalan Nasional,Rusak,<40,Simpang Y,Laki-laki,17-25,Ya,umum,tunggal,penumpang,ya,UU 33/1964,meninggal,23380000000
3/20/2024,2024,3,Jakarta Selatan,641,244,25,47,Cerah,Malam,Truk,Pelanggaran Lalu Lintas,Jalan Kota,Baik,<40,Lurus,Perempuan,<17,Tidak,pribadi,multi_kendaraan,pengemudi,ya,UU 34/1964,meninggal,14390000000
12/18/2021,2021,12,Semarang,669,132,25,32,Cerah,Siang,Mobil,Pelanggaran Lalu Lintas,Jalan Nasional,Baik,40-60,Lurus,Laki-laki,>50,Tidak,pribadi,multi_kendaraan,pengemudi,ya,UU 34/1964,meninggal,8490000000
2/4/2022,2022,2,Jakarta Timur,327,423,23,62,Hujan,Dini Hari,Motor,Pelanggaran Lalu Lintas,Jalan Nasional,Berlubang,<40,Simpang Y,Laki-laki,17-25,Tidak,pribadi,multi_kendaraan,pengemudi,ya,UU 34/1964,meninggal,23540000000
3/1/2021,2021,3,Palembang,202,372,21,18,Cerah,Pagi,Motor,Kecepatan Berlebih,Jalan Kota,Berlubang,<40,Simpang T,Perempuan,<17,Tidak,pribadi,multi_kendaraan,pengemudi,ya,UU 34/1964,meninggal,20010000000
11/11/2021,2021,11,Makassar,339,172,29,3,Cerah,Siang,Mobil,Kelalaian Pengemudi,Jalan Nasional,Baik,<40,Tikungan,Perempuan,>50,Ya,pribadi,multi_kendaraan,pengemudi,ya,UU 34/1964,meninggal,10110000000
7/29/2024,2024,7,Semarang,685,436,20,28,Cerah,Siang,Bus,Kelalaian Pengemudi,Jalan Provinsi,Baik,40-60,Lurus,Perempuan,>50,Tidak,umum,multi_kendaraan,penumpang,ya,UU 33/1964,meninggal,23360000000
9/5/2023,2023,9,Bekasi,612,146,21,23,Cerah,Pagi,Motor,Kelalaian Pengemudi,Jalan Kota,Berlubang,>60,Simpang T,Perempuan,17-25,Ya,pribadi,tunggal,pengemudi,tidak,tidak_dijamin,tidak_ada,0
2/6/2024,2024,2,Bekasi,521,316,21,22,Hujan,Malam,Truk,Pelanggaran Lalu Lintas,Jalan Nasional,Baik,<40,Tikungan,Perempuan,26-45,Tidak,pribadi,multi_kendaraan,pengemudi,ya,UU 34/1964,meninggal,17290000000
5/29/2025,2025,5,Surabaya,830,300,24,10,Cerah,Dini Hari,Bus,Kurang Jarak Aman,Jalan Provinsi,Baik,<40,Simpang Y,Perempuan,17-25,Tidak,umum,multi_kendaraan,penumpang,ya,UU 33/1964,meninggal,16400000000
9/12/2021,2021,9,Bandung,348,439,30,23,Hujan,Pagi,Motor,Kurang Jarak Aman,Jalan Nasional,Rusak,<40,Simpang T,Laki-laki,26-45,Tidak,pribadi,multi_kendaraan,pengemudi,ya,UU 34/1964,meninggal,23910000000
7/24/2025,2025,7,Jakarta Selatan,803,413,26,22,Hujan,Malam,Bus,Kecepatan Berlebih,Jalan Nasional,Baik,>60,Tikungan,Laki-laki,17-25,Tidak,umum,tunggal,penumpang,ya,UU 33/1964,meninggal,22390000000
8/18/2023,2023,8,Jakarta Timur,589,391,25,7,Hujan,Siang,Bus,Kelalaian Pengemudi,Jalan Kota,Rusak,40-60,Simpang Y,Laki-laki,26-45,Tidak,umum,multi_kendaraan,penumpang,ya,UU 33/1964,meninggal,20940000000
7/24/2025,2025,7,Bekasi,771,467,29,20,Hujan,Dini Hari,Bus,Pelanggaran Lalu Lintas,Jalan Provinsi,Berlubang,<40,Simpang 4,Laki-laki,17-25,Ya,umum,multi_kendaraan,penumpang,ya,UU 33/1964,meninggal,25200000000
8/3/2025,2025,8,Surabaya,733,490,23,33,Hujan,Malam,Truk,Kondisi Jalan,Jalan Provinsi,Baik,40-60,Simpang 4,Laki-laki,17-25,Tidak,pribadi,multi_kendaraan,pengemudi,ya,UU 34/1964,meninggal,26310000000
1/18/2022,2022,1,Semarang,367,484,23,0,Cerah,Pagi,Bus,Kecepatan Berlebih,Jalan Nasional,Berlubang,>60,Simpang 4,Laki-laki,26-45,Tidak,umum,multi_kendaraan,penumpang,ya,UU 33/1964,meninggal,25350000000
1/27/2025,2025,1,Makassar,624,398,24,32,Hujan,Siang,Truk,Kelalaian Pengemudi,Jalan Nasional,Rusak,40-60,Lurus,Laki-laki,>50,Ya,pribadi,tunggal,pengemudi,tidak,tidak_dijamin,tidak_ada,0
6/1/2023,2023,6,Bekasi,691,361,20,24,Cerah,Pagi,Truk,Kurang Jarak Aman,Jalan Nasional,Berlubang,<40,Tikungan,Perempuan,26-45,Ya,pribadi,multi_kendaraan,pengemudi,ya,UU 34/1964,meninggal,19530000000
3/25/2021,2021,3,Jakarta Timur,256,154,26,15,Hujan,Dini Hari,Mobil,Rem Blong,Jalan Nasional,Baik,40-60,Lurus,Laki-laki,26-45,Tidak,pribadi,multi_kendaraan,pengemudi,ya,UU 34/1964,meninggal,9300000000
9/20/2025,2025,9,Jakarta Selatan,825,403,24,5,Hujan,Dini Hari,Truk,Rem Blong,Jalan Provinsi,Baik,>60,Simpang T,Perempuan,>50,Tidak,pribadi,tunggal,pengemudi,tidak,tidak_dijamin,tidak_ada,0
10/24/2023,2023,10,Medan,562,127,24,10,Cerah,Siang,Bus,Kurang Jarak Aman,Jalan Kota,Baik,40-60,Lurus,Perempuan,<17,Ya,umum,multi_kendaraan,penumpang,ya,UU 33/1964,meninggal,7750000000
2/9/2023,2023,2,Surabaya,418,161,20,13,Hujan,Siang,Motor,Kelalaian Pengemudi,Jalan Provinsi,Berlubang,40-60,Simpang 4,Laki-laki,26-45,Ya,pribadi,multi_kendaraan,pengemudi,ya,UU 34/1964,meninggal,9310000000
5/26/2025,2025,5,Surabaya,731,100,22,8,Cerah,Malam,Truk,Kecepatan Berlebih,Jalan Provinsi,Berlubang,40-60,Tikungan,Perempuan,17-25,Ya,pribadi,multi_kendaraan,pengemudi,ya,UU 34/1964,meninggal,6260000000
1/6/2022,2022,1,Surabaya,262,346,20,1,Hujan,Dini Hari,Mobil,Kurang Jarak Aman,Jalan Provinsi,Baik,<40,Simpang Y,Laki-laki,<17,Ya,pribadi,tunggal,pengemudi,tidak,tidak_dijamin,tidak_ada,0
2/13/2023,2023,2,Semarang,450,383,26,5,Cerah,Pagi,Bus,Kurang Jarak Aman,Jalan Nasional,Rusak,>60,Simpang 4,Perempuan,26-45,Ya,umum,multi_kendaraan,penumpang,ya,UU 33/1964,meninggal,20550000000
3/28/2022,2022,3,Bekasi,374,467,27,49,Hujan,Dini Hari,Bus,Pelanggaran Lalu Lintas,Jalan Nasional,Berlubang,<40,Simpang 4,Laki-laki,17-25,Tidak,umum,tunggal,penumpang,ya,UU 33/1964,meninggal,25680000000
1/12/2021,2021,1,Semarang,163,134,26,41,Hujan,Dini Hari,Motor,Kondisi Jalan,Jalan Provinsi,Berlubang,40-60,Simpang 4,Laki-laki,>50,Tidak,pribadi,multi_kendaraan,pengemudi,ya,UU 34/1964,meninggal,8820000000
3/16/2021,2021,3,Semarang,260,432,25,4,Cerah,Pagi,Mobil,Rem Blong,Jalan Nasional,Rusak,<40,Simpang Y,Laki-laki,26-45,Tidak,pribadi,multi_kendaraan,pengemudi,ya,UU 34/1964,meninggal,22930000000
1/11/2023,2023,1,Jakarta Selatan,424,303,23,3,Cerah,Malam,Truk,Kondisi Jalan,Jalan Provinsi,Baik,<40,Simpang T,Laki-laki,17-25,Tidak,pribadi,multi_kendaraan,pengemudi,ya,UU 34/1964,meninggal,16360000000
2/28/2024,2024,2,Medan,658,397,20,7,Hujan,Siang,Mobil,Rem Blong,Jalan Kota,Berlubang,>60,Simpang T,Laki-laki,<17,Ya,pribadi,tunggal,pengemudi,tidak,tidak_dijamin,tidak_ada,0
2/26/2025,2025,2,Palembang,655,231,20,12,Hujan,Pagi,Truk,Kelalaian Pengemudi,Jalan Nasional,Berlubang,40-60,Lurus,Laki-laki,<17,Ya,pribadi,multi_kendaraan,pengemudi,ya,UU 34/1964,meninggal,12790000000
9/2/2022,2022,9,Yogyakarta,534,221,25,3,Cerah,Pagi,Motor,Rem Blong,Jalan Kota,Baik,>60,Simpang 4,Perempuan,17-25,Ya,pribadi,tunggal,pengemudi,tidak,tidak_dijamin,tidak_ada,0
4/22/2021,2021,4,Bandung,325,130,29,14,Cerah,Siang,Bus,Pelanggaran Lalu Lintas,Jalan Kota,Berlubang,<40,Lurus,Laki-laki,>50,Ya,umum,tunggal,penumpang,ya,UU 33/1964,meninggal,8230000000
5/31/2025,2025,5,Bandung,726,469,22,11,Hujan,Malam,Truk,Kecepatan Berlebih,Jalan Kota,Rusak,40-60,Simpang T,Laki-laki,17-25,Tidak,pribadi,multi_kendaraan,pengemudi,ya,UU 34/1964,meninggal,24770000000
4/26/2025,2025,4,Bandung,750,115,23,14,Hujan,Malam,Truk,Kurang Jarak Aman,Jalan Nasional,Rusak,<40,Simpang 4,Laki-laki,17-25,Tidak,pribadi,multi_kendaraan,pengemudi,ya,UU 34/1964,meninggal,7180000000
11/1/2022,2022,11,Yogyakarta,534,114,20,54,Hujan,Pagi,Mobil,Kurang Jarak Aman,Jalan Provinsi,Rusak,>60,Simpang T,Laki-laki,<17,Ya,pribadi,multi_kendaraan,pengemudi,ya,UU 34/1964,meninggal,7780000000
1/24/2023,2023,1,Bekasi,530,201,27,15,Cerah,Siang,Bus,Kurang Jarak Aman,Jalan Nasional,Berlubang,40-60,Simpang T,Perempuan,>50,Ya,umum,multi_kendaraan,penumpang,ya,UU 33/1964,meninggal,11700000000
2/13/2021,2021,2,Semarang,155,227,20,6,Cerah,Malam,Motor,Kelalaian Pengemudi,Jalan Kota,Rusak,>60,Lurus,Perempuan,26-45,Tidak,pribadi,tunggal,pengemudi,tidak,tidak_dijamin,tidak_ada,0
1/13/2021,2021,1,Makassar,259,423,27,9,Cerah,Dini Hari,Truk,Kelalaian Pengemudi,Jalan Nasional,Baik,<40,Simpang 4,Laki-laki,26-45,Tidak,pribadi,tunggal,pengemudi,tidak,tidak_dijamin,tidak_ada,0
1/18/2025,2025,1,Medan,649,166,25,11,Hujan,Pagi,Bus,Kelalaian Pengemudi,Jalan Nasional,Berlubang,>60,Simpang 4,Laki-laki,26-45,Tidak,umum,multi_kendaraan,penumpang,ya,UU 33/1964,meninggal,9770000000
2/5/2025,2025,2,Yogyakarta,692,389,21,29,Cerah,Siang,Motor,Kurang Jarak Aman,Jalan Kota,Rusak,>60,Simpang 4,Perempuan,17-25,Tidak,pribadi,multi_kendaraan,pengemudi,ya,UU 34/1964,meninggal,21080000000
2/8/2022,2022,2,Semarang,277,301,22,14,Hujan,Siang,Mobil,Kelalaian Pengemudi,Jalan Provinsi,Berlubang,<40,Simpang 4,Laki-laki,17-25,Tidak,pribadi,tunggal,pengemudi,tidak,tidak_dijamin,tidak_ada,0
8/14/2021,2021,8,Bandung,345,131,20,23,Cerah,Pagi,Bus,Kondisi Jalan,Jalan Provinsi,Baik,>60,Tikungan,Laki-laki,17-25,Ya,umum,multi_kendaraan,penumpang,ya,UU 33/1964,meninggal,8010000000
3/17/2024,2024,3,Medan,636,306,23,33,Hujan,Dini Hari,Bus,Kecepatan Berlebih,Jalan Kota,Baik,<40,Simpang 4,Perempuan,26-45,Ya,umum,tunggal,penumpang,ya,UU 33/1964,meninggal,17110000000
12/16/2022,2022,12,Makassar,725,406,23,3,Cerah,Siang,Motor,Kecepatan Berlebih,Jalan Nasional,Berlubang,<40,Tikungan,Laki-laki,17-25,Tidak,pribadi,multi_kendaraan,pengemudi,ya,UU 34/1964,meninggal,21510000000
9/16/2023,2023,9,Yogyakarta,652,323,20,13,Hujan,Dini Hari,Motor,Pelanggaran Lalu Lintas,Jalan Kota,Berlubang,>60,Simpang T,Laki-laki,<17,Tidak,pribadi,tunggal,pengemudi,tidak,tidak_dijamin,tidak_ada,0
2/10/2022,2022,2,Surabaya,276,362,22,18,Hujan,Dini Hari,Truk,Kecepatan Berlebih,Jalan Provinsi,Baik,<40,Simpang T,Perempuan,>50,Tidak,pribadi,multi_kendaraan,pengemudi,ya,UU 34/1964,meninggal,19560000000
11/16/2025,2025,11,Yogyakarta,865,341,20,15,Cerah,Dini Hari,Mobil,Kurang Jarak Aman,Jalan Nasional,Rusak,<40,Simpang T,Laki-laki,26-45,Ya,pribadi,multi_kendaraan,pengemudi,ya,UU 34/1964,meninggal,18350000000
9/11/2023,2023,9,Jakarta Timur,582,158,25,9,Hujan,Siang,Truk,Kondisi Jalan,Jalan Nasional,Baik,40-60,Simpang T,Perempuan,>50,Tidak,pribadi,multi_kendaraan,pengemudi,ya,UU 34/1964,meninggal,9330000000
8/24/2025,2025,8,Jakarta Selatan,846,170,22,8,Hujan,Siang,Truk,Pelanggaran Lalu Lintas,Jalan Nasional,Rusak,40-60,Simpang T,Laki-laki,26-45,Tidak,pribadi,multi_kendaraan,pengemudi,ya,UU 34/1964,meninggal,9760000000
7/1/2021,2021,7,Surabaya,317,488,22,29,Cerah,Malam,Bus,Kondisi Jalan,Jalan Provinsi,Rusak,<40,Simpang T,Laki-laki,26-45,Ya,umum,multi_kendaraan,penumpang,ya,UU 33/1964,meninggal,26080000000
2/2/2024,2024,2,Jakarta Selatan,527,320,20,28,Cerah,Malam,Truk,Kelalaian Pengemudi,Jalan Nasional,Baik,40-60,Simpang Y,Perempuan,26-45,Tidak,pribadi,tunggal,pengemudi,tidak,tidak_dijamin,tidak_ada,0
9/9/2021,2021,9,Yogyakarta,326,499,30,24,Hujan,Malam,Mobil,Kondisi Jalan,Jalan Provinsi,Baik,<40,Simpang T,Perempuan,<17,Ya,pribadi,tunggal,pengemudi,tidak,tidak_dijamin,tidak_ada,0
6/9/2024,2024,6,Bandung,785,497,30,27,Cerah,Dini Hari,Truk,Pelanggaran Lalu Lintas,Jalan Kota,Baik,>60,Simpang 4,Laki-laki,26-45,Tidak,pribadi,multi_kendaraan,pengemudi,ya,UU 34/1964,meninggal,26890000000
3/27/2021,2021,3,Yogyakarta,305,428,22,12,Cerah,Siang,Bus,Pelanggaran Lalu Lintas,Jalan Provinsi,Rusak,<40,Simpang T,Perempuan,<17,Ya,umum,multi_kendaraan,penumpang,ya,UU 33/1964,meninggal,22740000000
4/22/2023,2023,4,Makassar,491,186,25,17,Hujan,Siang,Motor,Kondisi Jalan,Jalan Kota,Berlubang,40-60,Lurus,Perempuan,17-25,Tidak,pribadi,multi_kendaraan,pengemudi,ya,UU 34/1964,meninggal,10890000000
3/4/2024,2024,3,Medan,577,430,26,2,Cerah,Pagi,Motor,Kelalaian Pengemudi,Jalan Nasional,Baik,40-60,Simpang T,Perempuan,>50,Ya,pribadi,multi_kendaraan,pengemudi,ya,UU 34/1964,meninggal,22840000000
3/19/2025,2025,3,Yogyakarta,760,469,22,24,Cerah,Malam,Truk,Kecepatan Berlebih,Jalan Kota,Berlubang,40-60,Simpang 4,Laki-laki,<17,Tidak,pribadi,multi_kendaraan,pengemudi,ya,UU 34/1964,meninggal,25030000000
8/3/2024,2024,8,Jakarta Selatan,738,392,29,27,Cerah,Pagi,Mobil,Pelanggaran Lalu Lintas,Jalan Kota,Baik,40-60,Simpang 4,Perempuan,>50,Ya,pribadi,multi_kendaraan,pengemudi,ya,UU 34/1964,meninggal,21590000000
7/10/2022,2022,7,Makassar,469,348,22,14,Hujan,Dini Hari,Motor,Kelalaian Pengemudi,Jalan Kota,Baik,<40,Lurus,Laki-laki,26-45,Ya,pribadi,multi_kendaraan,pengemudi,ya,UU 34/1964,meninggal,18780000000
7/12/2023,2023,7,Surabaya,619,361,21,74,Hujan,Malam,Bus,Kondisi Jalan,Jalan Kota,Berlubang,<40,Lurus,Perempuan,17-25,Ya,umum,multi_kendaraan,penumpang,ya,UU 33/1964,meninggal,20580000000
11/28/2022,2022,11,Semarang,558,492,21,49,Cerah,Malam,Truk,Kelalaian Pengemudi,Jalan Nasional,Baik,>60,Simpang Y,Perempuan,>50,Ya,pribadi,multi_kendaraan,pengemudi,ya,UU 34/1964,meninggal,26630000000
2/13/2021,2021,2,Jakarta Selatan,207,260,30,16,Cerah,Siang,Motor,Kondisi Jalan,Jalan Nasional,Rusak,<40,Simpang Y,Perempuan,26-45,Tidak,pribadi,multi_kendaraan,pengemudi,ya,UU 34/1964,meninggal,14820000000
5/18/2022,2022,5,Makassar,432,428,20,38,Hujan,Malam,Truk,Pelanggaran Lalu Lintas,Jalan Nasional,Rusak,>60,Simpang T,Perempuan,<17,Tidak,pribadi,tunggal,pengemudi,tidak,tidak_dijamin,tidak_ada,0
7/27/2023,2023,7,Jakarta Selatan,524,465,29,48,Cerah,Malam,Truk,Kecepatan Berlebih,Jalan Kota,Berlubang,40-60,Tikungan,Laki-laki,26-45,Tidak,pribadi,multi_kendaraan,pengemudi,ya,UU 34/1964,meninggal,25660000000
3/3/2024,2024,3,Bandung,668,379,24,42,Cerah,Siang,Mobil,Kelalaian Pengemudi,Jalan Kota,Berlubang,>60,Simpang Y,Perempuan,>50,Tidak,pribadi,tunggal,pengemudi,tidak,tidak_dijamin,tidak_ada,0
1/28/2021,2021,1,Surabaya,260,407,20,8,Cerah,Dini Hari,Motor,Rem Blong,Jalan Nasional,Berlubang,>60,Tikungan,Laki-laki,<17,Tidak,pribadi,multi_kendaraan,pengemudi,ya,UU 34/1964,meninggal,21510000000
8/2/2022,2022,8,Bandung,456,127,25,9,Hujan,Dini Hari,Motor,Kurang Jarak Aman,Jalan Kota,Rusak,>60,Simpang Y,Laki-laki,17-25,Tidak,pribadi,multi_kendaraan,pengemudi,ya,UU 34/1964,meninggal,7780000000
3/30/2021,2021,3,Jakarta Timur,310,334,23,40,Hujan,Dini Hari,Truk,Kondisi Jalan,Jalan Provinsi,Berlubang,40-60,Simpang Y,Laki-laki,17-25,Tidak,pribadi,tunggal,pengemudi,tidak,tidak_dijamin,tidak_ada,0
11/4/2022,2022,11,Medan,543,352,24,7,Hujan,Pagi,Bus,Pelanggaran Lalu Lintas,Jalan Provinsi,Berlubang,>60,Simpang Y,Perempuan,>50,Tidak,umum,tunggal,penumpang,ya,UU 33/1964,meninggal,18940000000
2/20/2021,2021,2,Medan,168,225,25,51,Cerah,Siang,Truk,Kelalaian Pengemudi,Jalan Kota,Berlubang,>60,Lurus,Perempuan,<17,Tidak,pribadi,tunggal,pengemudi,tidak,tidak_dijamin,tidak_ada,0
3/23/2021,2021,3,Makassar,232,308,23,10,Hujan,Dini Hari,Truk,Kondisi Jalan,Jalan Provinsi,Baik,>60,Simpang T,Laki-laki,>50,Ya,pribadi,multi_kendaraan,pengemudi,ya,UU 34/1964,meninggal,16750000000
3/4/2023,2023,3,Medan,510,290,21,26,Hujan,Malam,Mobil,Kondisi Jalan,Jalan Provinsi,Baik,<40,Simpang Y,Laki-laki,17-25,Ya,pribadi,multi_kendaraan,pengemudi,ya,UU 34/1964,meninggal,16070000000
2/10/2021,2021,2,Yogyakarta,213,472,30,39,Cerah,Pagi,Mobil,Pelanggaran Lalu Lintas,Jalan Provinsi,Baik,40-60,Tikungan,Laki-laki,<17,Tidak,pribadi,tunggal,pengemudi,tidak,tidak_dijamin,tidak_ada,0
6/22/2025,2025,6,Bandung,855,103,30,28,Hujan,Malam,Truk,Kecepatan Berlebih,Jalan Nasional,Baik,<40,Simpang Y,Perempuan,26-45,Ya,pribadi,multi_kendaraan,pengemudi,ya,UU 34/1964,meninggal,7210000000
11/6/2024,2024,11,Makassar,727,194,23,40,Cerah,Pagi,Mobil,Pelanggaran Lalu Lintas,Jalan Kota,Rusak,>60,Simpang T,Perempuan,17-25,Ya,pribadi,multi_kendaraan,pengemudi,ya,UU 34/1964,meninggal,11650000000
7/18/2024,2024,7,Yogyakarta,611,332,29,24,Hujan,Dini Hari,Bus,Kelalaian Pengemudi,Jalan Provinsi,Berlubang,<40,Lurus,Laki-laki,17-25,Tidak,umum,multi_kendaraan,penumpang,ya,UU 33/1964,meninggal,18530000000
6/6/2023,2023,6,Makassar,672,456,23,3,Hujan,Malam,Mobil,Kelalaian Pengemudi,Jalan Kota,Baik,40-60,Simpang 4,Perempuan,26-45,Ya,pribadi,multi_kendaraan,pengemudi,ya,UU 34/1964,meninggal,24010000000
9/10/2025,2025,9,Makassar,864,365,20,18,Cerah,Dini Hari,Bus,Kondisi Jalan,Jalan Kota,Rusak,40-60,Simpang 4,Perempuan,>50,Ya,umum,tunggal,penumpang,ya,UU 33/1964,meninggal,19610000000
5/23/2025,2025,5,Surabaya,779,128,21,43,Hujan,Pagi,Mobil,Kondisi Jalan,Jalan Nasional,Rusak,>60,Lurus,Laki-laki,<17,Tidak,pribadi,multi_kendaraan,pengemudi,ya,UU 34/1964,meninggal,8310000000
8/23/2025,2025,8,Jakarta Selatan,837,107,24,10,Hujan,Dini Hari,Truk,Kondisi Jalan,Jalan Kota,Baik,>60,Tikungan,Perempuan,>50,Tidak,pribadi,multi_kendaraan,pengemudi,ya,UU 34/1964,meninggal,6750000000
7/7/2022,2022,7,Makassar,441,408,21,14,Hujan,Dini Hari,Motor,Kelalaian Pengemudi,Jalan Kota,Baik,<40,Tikungan,Laki-laki,17-25,Tidak,pribadi,multi_kendaraan,pengemudi,ya,UU 34/1964,meninggal,21730000000
6/10/2021,2021,6,Palembang,518,459,26,16,Cerah,Siang,Truk,Pelanggaran Lalu Lintas,Jalan Provinsi,Rusak,>60,Simpang Y,Perempuan,<17,Ya,pribadi,multi_kendaraan,pengemudi,ya,UU 34/1964,meninggal,24570000000
4/23/2023,2023,4,Palembang,462,425,27,38,Cerah,Dini Hari,Mobil,Rem Blong,Jalan Kota,Berlubang,>60,Simpang 4,Perempuan,17-25,Tidak,pribadi,multi_kendaraan,pengemudi,ya,UU 34/1964,meninggal,23360000000
1/17/2021,2021,1,Bandung,285,144,24,24,Hujan,Pagi,Bus,Kurang Jarak Aman,Jalan Kota,Berlubang,<40,Simpang T,Perempuan,17-25,Tidak,umum,multi_kendaraan,penumpang,ya,UU 33/1964,meninggal,8880000000
1/16/2023,2023,1,Surabaya,485,446,22,41,Hujan,Dini Hari,Mobil,Kurang Jarak Aman,Jalan Kota,Berlubang,>60,Simpang Y,Perempuan,26-45,Ya,pribadi,multi_kendaraan,pengemudi,ya,UU 34/1964,meninggal,24220000000
4/7/2021,2021,4,Medan,315,341,27,65,Cerah,Siang,Motor,Kondisi Jalan,Jalan Nasional,Rusak,40-60,Simpang 4,Laki-laki,17-25,Ya,pribadi,tunggal,pengemudi,tidak,tidak_dijamin,tidak_ada,0
7/14/2021,2021,7,Jakarta Selatan,313,428,27,31,Cerah,Siang,Motor,Kelalaian Pengemudi,Jalan Nasional,Rusak,40-60,Simpang Y,Laki-laki,>50,Ya,pribadi,multi_kendaraan,pengemudi,ya,UU 34/1964,meninggal,23370000000
9/24/2023,2023,9,Makassar,567,358,20,11,Cerah,Malam,Truk,Kecepatan Berlebih,Jalan Nasional,Berlubang,>60,Simpang 4,Perempuan,<17,Ya,pribadi,multi_kendaraan,pengemudi,ya,UU 34/1964,meninggal,19120000000
2/11/2025,2025,2,Semarang,738,268,24,24,Cerah,Pagi,Bus,Kelalaian Pengemudi,Jalan Provinsi,Berlubang,>60,Simpang Y,Laki-laki,17-25,Ya,umum,tunggal,penumpang,ya,UU 33/1964,meninggal,15080000000
10/31/2025,2025,10,Yogyakarta,866,439,30,19,Hujan,Dini Hari,Mobil,Pelanggaran Lalu Lintas,Jalan Kota,Berlubang,>60,Simpang 4,Perempuan,17-25,Ya,pribadi,tunggal,pengemudi,tidak,tidak_dijamin,tidak_ada,0
8/6/2023,2023,8,Makassar,597,411,23,4,Hujan,Siang,Mobil,Kelalaian Pengemudi,Jalan Nasional,Rusak,40-60,Tikungan,Laki-laki,26-45,Ya,pribadi,multi_kendaraan,pengemudi,ya,UU 34/1964,meninggal,21780000000
4/21/2023,2023,4,Yogyakarta,485,290,22,2,Hujan,Siang,Truk,Rem Blong,Jalan Provinsi,Berlubang,<40,Simpang T,Perempuan,<17,Ya,pribadi,multi_kendaraan,pengemudi,ya,UU 34/1964,meninggal,15640000000
9/28/2024,2024,9,Surabaya,623,356,30,5,Hujan,Siang,Truk,Kelalaian Pengemudi,Jalan Provinsi,Berlubang,>60,Simpang Y,Laki-laki,17-25,Ya,pribadi,multi_kendaraan,pengemudi,ya,UU 34/1964,meninggal,19400000000
8/10/2025,2025,8,Bekasi,824,376,29,19,Cerah,Siang,Bus,Rem Blong,Jalan Nasional,Berlubang,<40,Simpang Y,Laki-laki,>50,Tidak,umum,tunggal,penumpang,ya,UU 33/1964,meninggal,20630000000
1/3/2022,2022,1,Medan,269,264,22,8,Hujan,Malam,Mobil,Kondisi Jalan,Jalan Nasional,Baik,<40,Simpang 4,Laki-laki,17-25,Ya,pribadi,tunggal,pengemudi,tidak,tidak_dijamin,tidak_ada,0
11/23/2022,2022,11,Bandung,431,433,28,25,Hujan,Malam,Bus,Kecepatan Berlebih,Jalan Nasional,Berlubang,<40,Simpang Y,Laki-laki,17-25,Ya,umum,tunggal,penumpang,ya,UU 33/1964,meninggal,23550000000
10/17/2024,2024,10,Makassar,667,496,23,46,Cerah,Pagi,Mobil,Rem Blong,Jalan Kota,Berlubang,>60,Tikungan,Laki-laki,<17,Tidak,pribadi,multi_kendaraan,pengemudi,ya,UU 34/1964,meninggal,26870000000
9/2/2022,2022,9,Jakarta Timur,486,147,27,12,Hujan,Pagi,Motor,Pelanggaran Lalu Lintas,Jalan Kota,Berlubang,<40,Simpang T,Perempuan,26-45,Ya,pribadi,tunggal,pengemudi,tidak,tidak_dijamin,tidak_ada,0
12/12/2022,2022,12,Semarang,638,210,25,8,Hujan,Dini Hari,Truk,Rem Blong,Jalan Provinsi,Rusak,40-60,Simpang Y,Perempuan,17-25,Ya,pribadi,multi_kendaraan,pengemudi,ya,UU 34/1964,meninggal,11910000000
9/9/2021,2021,9,Medan,289,221,22,1,Hujan,Malam,Truk,Kondisi Jalan,Jalan Kota,Rusak,<40,Simpang 4,Perempuan,<17,Tidak,pribadi,multi_kendaraan,pengemudi,ya,UU 34/1964,meninggal,12170000000
5/23/2023,2023,5,Yogyakarta,468,481,29,5,Hujan,Malam,Mobil,Kondisi Jalan,Jalan Kota,Rusak,>60,Tikungan,Laki-laki,17-25,Tidak,pribadi,multi_kendaraan,pengemudi,ya,UU 34/1964,meninggal,25600000000
1/29/2021,2021,1,Palembang,240,490,22,12,Hujan,Dini Hari,Truk,Rem Blong,Jalan Provinsi,Baik,<40,Simpang 4,Perempuan,17-25,Tidak,pribadi,tunggal,pengemudi,tidak,tidak_dijamin,tidak_ada,0
2/28/2022,2022,2,Makassar,308,258,22,9,Cerah,Dini Hari,Bus,Rem Blong,Jalan Provinsi,Baik,40-60,Simpang T,Perempuan,<17,Ya,umum,multi_kendaraan,penumpang,ya,UU 33/1964,meninggal,14180000000
7/19/2022,2022,7,Makassar,469,454,27,7,Hujan,Siang,Mobil,Kecepatan Berlebih,Jalan Provinsi,Baik,40-60,Tikungan,Perempuan,>50,Tidak,pribadi,tunggal,pengemudi,tidak,tidak_dijamin,tidak_ada,0
1/9/2022,2022,1,Medan,346,281,24,1,Cerah,Siang,Mobil,Pelanggaran Lalu Lintas,Jalan Nasional,Rusak,<40,Simpang T,Laki-laki,>50,Tidak,pribadi,multi_kendaraan,pengemudi,ya,UU 34/1964,meninggal,15270000000
8/17/2021,2021,8,Jakarta Timur,337,393,23,16,Hujan,Malam,Motor,Kondisi Jalan,Jalan Nasional,Baik,40-60,Lurus,Laki-laki,17-25,Tidak,pribadi,multi_kendaraan,pengemudi,ya,UU 34/1964,meninggal,21120000000
10/3/2023,2023,10,Bandung,561,268,28,8,Hujan,Dini Hari,Mobil,Rem Blong,Jalan Provinsi,Baik,40-60,Tikungan,Perempuan,26-45,Tidak,pribadi,multi_kendaraan,pengemudi,ya,UU 34/1964,meninggal,14960000000
8/23/2025,2025,8,Surabaya,757,276,27,33,Hujan,Malam,Truk,Kondisi Jalan,Jalan Provinsi,Baik,>60,Simpang Y,Perempuan,<17,Tidak,pribadi,multi_kendaraan,pengemudi,ya,UU 34/1964,meninggal,15810000000
10/6/2025,2025,10,Yogyakarta,859,481,23,38,Hujan,Dini Hari,Mobil,Kecepatan Berlebih,Jalan Kota,Baik,40-60,Tikungan,Perempuan,>50,Ya,pribadi,tunggal,pengemudi,tidak,tidak_dijamin,tidak_ada,0
5/11/2021,2021,5,Surabaya,330,423,29,40,Cerah,Malam,Mobil,Kelalaian Pengemudi,Jalan Kota,Baik,40-60,Simpang 4,Laki-laki,>50,Tidak,pribadi,multi_kendaraan,pengemudi,ya,UU 34/1964,meninggal,23400000000
7/28/2021,2021,7,Makassar,353,408,29,51,Hujan,Malam,Bus,Kurang Jarak Aman,Jalan Nasional,Rusak,<40,Simpang T,Perempuan,17-25,Tidak,umum,tunggal,penumpang,ya,UU 33/1964,meninggal,22870000000
6/14/2021,2021,6,Makassar,496,140,29,67,Cerah,Malam,Motor,Kecepatan Berlebih,Jalan Provinsi,Rusak,40-60,Tikungan,Perempuan,<17,Ya,pribadi,tunggal,pengemudi,tidak,tidak_dijamin,tidak_ada,0
12/19/2021,2021,12,Bekasi,496,387,22,15,Cerah,Pagi,Truk,Kelalaian Pengemudi,Jalan Kota,Berlubang,>60,Tikungan,Perempuan,17-25,Ya,pribadi,tunggal,pengemudi,tidak,tidak_dijamin,tidak_ada,0
3/12/2021,2021,3,Bandung,273,200,28,5,Cerah,Dini Hari,Mobil,Kurang Jarak Aman,Jalan Provinsi,Berlubang,>60,Simpang T,Perempuan,26-45,Ya,pribadi,multi_kendaraan,pengemudi,ya,UU 34/1964,meninggal,11500000000
6/19/2025,2025,6,Yogyakarta,873,129,30,3,Hujan,Pagi,Bus,Kecepatan Berlebih,Jalan Provinsi,Berlubang,>60,Simpang T,Perempuan,<17,Tidak,umum,multi_kendaraan,penumpang,ya,UU 33/1964,meninggal,8010000000
3/29/2025,2025,3,Jakarta Selatan,658,482,30,12,Hujan,Dini Hari,Motor,Rem Blong,Jalan Nasional,Berlubang,40-60,Simpang T,Perempuan,26-45,Ya,pribadi,multi_kendaraan,pengemudi,ya,UU 34/1964,meninggal,25840000000
4/23/2023,2023,4,Makassar,435,141,27,7,Cerah,Malam,Mobil,Kelalaian Pengemudi,Jalan Kota,Rusak,>60,Simpang Y,Perempuan,<17,Ya,pribadi,tunggal,pengemudi,tidak,tidak_dijamin,tidak_ada,0
3/19/2022,2022,3,Makassar,329,422,28,15,Cerah,Siang,Motor,Kelalaian Pengemudi,Jalan Provinsi,Berlubang,>60,Simpang 4,Perempuan,17-25,Ya,pribadi,tunggal,pengemudi,tidak,tidak_dijamin,tidak_ada,0
2/5/2022,2022,2,Jakarta Selatan,281,338,28,68,Cerah,Malam,Truk,Kecepatan Berlebih,Jalan Kota,Berlubang,40-60,Simpang 4,Perempuan,<17,Tidak,pribadi,multi_kendaraan,pengemudi,ya,UU 34/1964,meninggal,19660000000
4/28/2023,2023,4,Semarang,457,202,21,5,Hujan,Siang,Bus,Pelanggaran Lalu Lintas,Jalan Nasional,Baik,<40,Simpang T,Perempuan,26-45,Tidak,umum,tunggal,penumpang,ya,UU 33/1964,meninggal,11250000000
1/18/2025,2025,1,Jakarta Timur,670,245,29,11,Hujan,Dini Hari,Mobil,Kecepatan Berlebih,Jalan Nasional,Rusak,>60,Lurus,Laki-laki,26-45,Ya,pribadi,multi_kendaraan,pengemudi,ya,UU 34/1964,meninggal,13920000000
6/18/2022,2022,6,Palembang,671,352,24,9,Cerah,Siang,Bus,Kondisi Jalan,Jalan Nasional,Baik,>60,Simpang T,Laki-laki,>50,Ya,umum,multi_kendaraan,penumpang,ya,UU 33/1964,meninggal,18980000000
9/20/2024,2024,9,Surabaya,636,107,27,23,Hujan,Siang,Motor,Kecepatan Berlebih,Jalan Kota,Berlubang,>60,Simpang 4,Perempuan,<17,Ya,pribadi,multi_kendaraan,pengemudi,ya,UU 34/1964,meninggal,7160000000
5/30/2022,2022,5,Palembang,438,216,20,9,Hujan,Siang,Bus,Rem Blong,Jalan Kota,Rusak,>60,Lurus,Laki-laki,>50,Ya,umum,tunggal,penumpang,ya,UU 33/1964,meninggal,11980000000
8/11/2025,2025,8,Yogyakarta,781,172,20,57,Hujan,Pagi,Motor,Kelalaian Pengemudi,Jalan Nasional,Berlubang,40-60,Lurus,Perempuan,17-25,Tidak,pribadi,multi_kendaraan,pengemudi,ya,UU 34/1964,meninggal,10740000000
8/19/2021,2021,8,Jakarta Timur,252,352,28,21,Hujan,Dini Hari,Truk,Kelalaian Pengemudi,Jalan Provinsi,Rusak,40-60,Simpang 4,Perempuan,<17,Tidak,pribadi,tunggal,pengemudi,tidak,tidak_dijamin,tidak_ada,0
3/5/2023,2023,3,Palembang,438,176,24,31,Cerah,Siang,Truk,Kondisi Jalan,Jalan Nasional,Baik,>60,Tikungan,Perempuan,<17,Ya,pribadi,tunggal,pengemudi,tidak,tidak_dijamin,tidak_ada,0
12/14/2021,2021,12,Jakarta Selatan,606,331,25,18,Hujan,Dini Hari,Bus,Kecepatan Berlebih,Jalan Nasional,Baik,<40,Lurus,Laki-laki,26-45,Ya,umum,tunggal,penumpang,ya,UU 33/1964,meninggal,18160000000
12/25/2022,2022,12,Semarang,631,275,30,15,Hujan,Malam,Bus,Rem Blong,Jalan Provinsi,Baik,>60,Simpang Y,Laki-laki,>50,Tidak,umum,multi_kendaraan,penumpang,ya,UU 33/1964,meninggal,15550000000
10/1/2022,2022,10,Surabaya,422,207,21,42,Hujan,Pagi,Motor,Kelalaian Pengemudi,Jalan Nasional,Rusak,>60,Simpang Y,Laki-laki,<17,Ya,pribadi,multi_kendaraan,pengemudi,ya,UU 34/1964,meninggal,12240000000
11/30/2025,2025,11,Medan,879,262,22,7,Hujan,Pagi,Bus,Kecepatan Berlebih,Jalan Nasional,Baik,40-60,Lurus,Perempuan,<17,Tidak,umum,multi_kendaraan,penumpang,ya,UU 33/1964,meninggal,14340000000
8/12/2025,2025,8,Yogyakarta,858,147,30,57,Hujan,Pagi,Motor,Kelalaian Pengemudi,Jalan Nasional,Berlubang,<40,Simpang Y,Laki-laki,17-25,Tidak,pribadi,multi_kendaraan,pengemudi,ya,UU 34/1964,meninggal,9990000000
1/13/2025,2025,1,Yogyakarta,768,382,25,38,Cerah,Dini Hari,Mobil,Kondisi Jalan,Jalan Nasional,Berlubang,<40,Simpang 4,Perempuan,<17,Tidak,pribadi,multi_kendaraan,pengemudi,ya,UU 34/1964,meninggal,21110000000
6/7/2024,2024,6,Jakarta Selatan,929,493,27,20,Hujan,Siang,Bus,Kondisi Jalan,Jalan Kota,Rusak,>60,Simpang T,Perempuan,26-45,Ya,umum,tunggal,penumpang,ya,UU 33/1964,meninggal,26400000000
9/2/2022,2022,9,Bekasi,434,273,22,6,Cerah,Malam,Truk,Kurang Jarak Aman,Jalan Kota,Baik,>60,Simpang T,Laki-laki,>50,Ya,pribadi,multi_kendaraan,pengemudi,ya,UU 34/1964,meninggal,14870000000
3/11/2021,2021,3,Jakarta Timur,222,279,21,40,Hujan,Dini Hari,Truk,Kondisi Jalan,Jalan Provinsi,Berlubang,40-60,Simpang 4,Laki-laki,<17,Tidak,pribadi,multi_kendaraan,pengemudi,ya,UU 34/1964,meninggal,15800000000
5/14/2025,2025,5,Bandung,694,295,29,15,Cerah,Pagi,Mobil,Kecepatan Berlebih,Jalan Kota,Berlubang,<40,Simpang 4,Laki-laki,>50,Tidak,pribadi,multi_kendaraan,pengemudi,ya,UU 34/1964,meninggal,16500000000
10/18/2022,2022,10,Yogyakarta,431,293,21,26,Hujan,Siang,Mobil,Kelalaian Pengemudi,Jalan Provinsi,Berlubang,40-60,Simpang 4,Laki-laki,<17,Tidak,pribadi,multi_kendaraan,pengemudi,ya,UU 34/1964,meninggal,16220000000
7/16/2025,2025,7,Semarang,734,450,22,45,Cerah,Pagi,Bus,Rem Blong,Jalan Kota,Rusak,40-60,Lurus,Perempuan,26-45,Ya,umum,multi_kendaraan,penumpang,ya,UU 33/1964,meninggal,24500000000
8/2/2025,2025,8,Semarang,863,249,25,25,Cerah,Malam,Mobil,Kondisi Jalan,Jalan Nasional,Berlubang,40-60,Tikungan,Laki-laki,26-45,Tidak,pribadi,multi_kendaraan,pengemudi,ya,UU 34/1964,meninggal,14200000000
4/15/2021,2021,4,Bandung,279,475,26,6,Cerah,Pagi,Truk,Kecepatan Berlebih,Jalan Nasional,Baik,>60,Tikungan,Perempuan,26-45,Ya,pribadi,tunggal,pengemudi,tidak,tidak_dijamin,tidak_ada,0
8/21/2025,2025,8,Surabaya,823,171,29,37,Hujan,Malam,Mobil,Rem Blong,Jalan Nasional,Rusak,<40,Lurus,Laki-laki,26-45,Ya,pribadi,multi_kendaraan,pengemudi,ya,UU 34/1964,meninggal,10740000000
7/17/2021,2021,7,Surabaya,245,132,21,6,Cerah,Malam,Bus,Kecepatan Berlebih,Jalan Kota,Berlubang,40-60,Simpang T,Perempuan,<17,Tidak,umum,tunggal,penumpang,ya,UU 33/1964,meninggal,7770000000
1/18/2021,2021,1,Medan,285,254,20,13,Hujan,Pagi,Mobil,Rem Blong,Jalan Nasional,Berlubang,40-60,Simpang T,Perempuan,17-25,Ya,pribadi,tunggal,pengemudi,tidak,tidak_dijamin,tidak_ada,0
11/15/2024,2024,11,Semarang,729,439,29,10,Hujan,Malam,Mobil,Kondisi Jalan,Jalan Provinsi,Berlubang,40-60,Simpang 4,Perempuan,17-25,Tidak,pribadi,multi_kendaraan,pengemudi,ya,UU 34/1964,meninggal,23600000000
2/21/2023,2023,2,Jakarta Timur,435,377,30,51,Cerah,Malam,Mobil,Pelanggaran Lalu Lintas,Jalan Nasional,Baik,>60,Tikungan,Perempuan,>50,Ya,pribadi,tunggal,pengemudi,tidak,tidak_dijamin,tidak_ada,0
8/1/2025,2025,8,Surabaya,876,246,21,11,Cerah,Siang,Truk,Kondisi Jalan,Jalan Kota,Rusak,<40,Lurus,Laki-laki,26-45,Tidak,pribadi,multi_kendaraan,pengemudi,ya,UU 34/1964,meninggal,13570000000
5/10/2022,2022,5,Semarang,471,153,25,32,Cerah,Pagi,Motor,Kondisi Jalan,Jalan Provinsi,Rusak,<40,Lurus,Perempuan,<17,Tidak,pribadi,tunggal,pengemudi,tidak,tidak_dijamin,tidak_ada,0
3/10/2025,2025,3,Palembang,724,236,29,13,Hujan,Dini Hari,Bus,Kondisi Jalan,Jalan Kota,Rusak,<40,Lurus,Perempuan,>50,Ya,umum,multi_kendaraan,penumpang,ya,UU 33/1964,meninggal,13510000000
11/22/2025,2025,11,Palembang,888,331,21,40,Hujan,Pagi,Mobil,Kecepatan Berlebih,Jalan Nasional,Baik,40-60,Tikungan,Laki-laki,<17,Tidak,pribadi,tunggal,pengemudi,tidak,tidak_dijamin,tidak_ada,0
1/9/2021,2021,1,Bandung,141,123,21,2,Cerah,Malam,Motor,Kurang Jarak Aman,Jalan Nasional,Baik,>60,Simpang 4,Laki-laki,17-25,Ya,pribadi,tunggal,pengemudi,tidak,tidak_dijamin,tidak_ada,0
9/24/2021,2021,9,Palembang,316,145,28,4,Hujan,Siang,Motor,Kelalaian Pengemudi,Jalan Nasional,Baik,<40,Simpang T,Laki-laki,<17,Ya,pribadi,tunggal,pengemudi,tidak,tidak_dijamin,tidak_ada,0
3/6/2023,2023,3,Semarang,469,141,22,42,Hujan,Malam,Motor,Pelanggaran Lalu Lintas,Jalan Kota,Baik,40-60,Lurus,Laki-laki,26-45,Ya,pribadi,tunggal,pengemudi,tidak,tidak_dijamin,tidak_ada,0
9/17/2022,2022,9,Semarang,476,410,29,5,Hujan,Siang,Truk,Pelanggaran Lalu Lintas,Jalan Provinsi,Baik,40-60,Simpang 4,Laki-laki,26-45,Ya,pribadi,multi_kendaraan,pengemudi,ya,UU 34/1964,meninggal,22050000000
6/7/2025,2025,6,Palembang,969,478,23,38,Hujan,Malam,Truk,Kecepatan Berlebih,Jalan Provinsi,Rusak,<40,Lurus,Perempuan,26-45,Ya,pribadi,multi_kendaraan,pengemudi,ya,UU 34/1964,meninggal,25810000000
6/14/2021,2021,6,Semarang,640,451,25,6,Hujan,Siang,Truk,Kondisi Jalan,Jalan Nasional,Baik,40-60,Simpang Y,Perempuan,26-45,Tidak,pribadi,multi_kendaraan,pengemudi,ya,UU 34/1964,meninggal,23920000000
2/21/2022,2022,2,Bandung,387,465,24,5,Hujan,Malam,Bus,Kondisi Jalan,Jalan Provinsi,Rusak,<40,Simpang Y,Perempuan,>50,Tidak,umum,multi_kendaraan,penumpang,ya,UU 33/1964,meninggal,24550000000
11/10/2025,2025,11,Makassar,814,319,21,10,Hujan,Pagi,Motor,Rem Blong,Jalan Provinsi,Rusak,40-60,Lurus,Perempuan,17-25,Ya,pribadi,tunggal,pengemudi,tidak,tidak_dijamin,tidak_ada,0
10/25/2021,2021,10,Medan,375,262,27,7,Cerah,Malam,Mobil,Pelanggaran Lalu Lintas,Jalan Provinsi,Baik,<40,Lurus,Perempuan,26-45,Ya,pribadi,multi_kendaraan,pengemudi,ya,UU 34/1964,meninggal,14590000000
10/21/2024,2024,10,Jakarta Timur,691,254,29,33,Hujan,Malam,Motor,Rem Blong,Jalan Kota,Berlubang,>60,Simpang Y,Laki-laki,17-25,Ya,pribadi,tunggal,pengemudi,tidak,tidak_dijamin,tidak_ada,0
5/19/2021,2021,5,Surabaya,336,222,29,46,Cerah,Dini Hari,Truk,Kurang Jarak Aman,Jalan Provinsi,Baik,<40,Simpang Y,Perempuan,>50,Ya,pribadi,multi_kendaraan,pengemudi,ya,UU 34/1964,meninggal,13470000000
2/4/2022,2022,2,Yogyakarta,293,412,21,25,Hujan,Siang,Mobil,Pelanggaran Lalu Lintas,Jalan Provinsi,Baik,<40,Tikungan,Perempuan,<17,Ya,pribadi,tunggal,pengemudi,tidak,tidak_dijamin,tidak_ada,0
9/13/2023,2023,9,Makassar,495,272,29,6,Cerah,Malam,Motor,Kelalaian Pengemudi,Jalan Nasional,Rusak,<40,Simpang Y,Laki-laki,26-45,Ya,pribadi,multi_kendaraan,pengemudi,ya,UU 34/1964,meninggal,15170000000
11/2/2025,2025,11,Semarang,875,274,25,18,Cerah,Malam,Bus,Kecepatan Berlebih,Jalan Nasional,Berlubang,>60,Simpang Y,Laki-laki,<17,Ya,umum,tunggal,penumpang,ya,UU 33/1964,meninggal,15310000000
12/30/2022,2022,12,Yogyakarta,758,201,25,17,Cerah,Dini Hari,Truk,Pelanggaran Lalu Lintas,Jalan Kota,Rusak,<40,Tikungan,Perempuan,26-45,Tidak,pribadi,tunggal,pengemudi,tidak,tidak_dijamin,tidak_ada,0
6/11/2023,2023,6,Palembang,843,178,23,19,Hujan,Pagi,Motor,Pelanggaran Lalu Lintas,Jalan Kota,Baik,<40,Lurus,Laki-laki,<17,Ya,pribadi,multi_kendaraan,pengemudi,ya,UU 34/1964,meninggal,10430000000
11/7/2023,2023,11,Makassar,618,400,23,32,Cerah,Siang,Truk,Kecepatan Berlebih,Jalan Nasional,Baik,>60,Tikungan,Perempuan,<17,Ya,pribadi,multi_kendaraan,pengemudi,ya,UU 34/1964,meninggal,21790000000
9/7/2025,2025,9,Medan,751,251,24,11,Cerah,Pagi,Truk,Rem Blong,Jalan Nasional,Berlubang,<40,Tikungan,Perempuan,26-45,Ya,pribadi,tunggal,pengemudi,tidak,tidak_dijamin,tidak_ada,0
3/31/2022,2022,3,Yogyakarta,285,373,25,21,Cerah,Siang,Motor,Kondisi Jalan,Jalan Provinsi,Rusak,40-60,Tikungan,Perempuan,<17,Ya,pribadi,multi_kendaraan,pengemudi,ya,UU 34/1964,meninggal,20320000000
1/13/2021,2021,1,Semarang,196,430,30,41,Hujan,Dini Hari,Motor,Kondisi Jalan,Jalan Provinsi,Berlubang,>60,Tikungan,Perempuan,17-25,Tidak,pribadi,multi_kendaraan,pengemudi,ya,UU 34/1964,meninggal,23820000000
6/17/2022,2022,6,Bandung,664,378,20,34,Cerah,Siang,Bus,Rem Blong,Jalan Nasional,Rusak,40-60,Simpang T,Perempuan,26-45,Tidak,umum,multi_kendaraan,penumpang,ya,UU 33/1964,meninggal,20580000000
2/25/2024,2024,2,Jakarta Timur,595,345,21,27,Hujan,Pagi,Mobil,Rem Blong,Jalan Kota,Baik,<40,Lurus,Perempuan,<17,Ya,pribadi,multi_kendaraan,pengemudi,ya,UU 34/1964,meninggal,18840000000
9/27/2021,2021,9,Yogyakarta,388,319,25,13,Hujan,Pagi,Motor,Kecepatan Berlebih,Jalan Provinsi,Berlubang,40-60,Simpang Y,Perempuan,<17,Ya,pribadi,multi_kendaraan,pengemudi,ya,UU 34/1964,meninggal,17460000000
6/2/2021,2021,6,Yogyakarta,504,312,21,28,Hujan,Pagi,Truk,Kondisi Jalan,Jalan Nasional,Berlubang,>60,Lurus,Laki-laki,17-25,Ya,pribadi,multi_kendaraan,pengemudi,ya,UU 34/1964,meninggal,17210000000
5/26/2021,2021,5,Bekasi,205,216,30,3,Hujan,Dini Hari,Motor,Kondisi Jalan,Jalan Provinsi,Berlubang,<40,Simpang 4,Laki-laki,<17,Ya,pribadi,multi_kendaraan,pengemudi,ya,UU 34/1964,meninggal,12360000000
2/3/2022,2022,2,Surabaya,350,451,30,5,Hujan,Malam,Truk,Kelalaian Pengemudi,Jalan Nasional,Baik,40-60,Simpang Y,Perempuan,26-45,Tidak,pribadi,multi_kendaraan,pengemudi,ya,UU 34/1964,meninggal,24150000000
1/17/2022,2022,1,Semarang,297,332,28,40,Cerah,Siang,Mobil,Pelanggaran Lalu Lintas,Jalan Nasional,Baik,40-60,Simpang Y,Laki-laki,26-45,Ya,pribadi,tunggal,pengemudi,tidak,tidak_dijamin,tidak_ada,0
5/14/2021,2021,5,Palembang,326,178,23,34,Hujan,Siang,Truk,Kurang Jarak Aman,Jalan Provinsi,Berlubang,<40,Tikungan,Perempuan,>50,Tidak,pribadi,multi_kendaraan,pengemudi,ya,UU 34/1964,meninggal,10730000000
9/18/2023,2023,9,Bandung,522,401,25,21,Cerah,Malam,Truk,Pelanggaran Lalu Lintas,Jalan Kota,Rusak,40-60,Lurus,Laki-laki,17-25,Ya,pribadi,tunggal,pengemudi,tidak,tidak_dijamin,tidak_ada,0
11/26/2022,2022,11,Makassar,563,309,30,46,Hujan,Pagi,Bus,Pelanggaran Lalu Lintas,Jalan Provinsi,Baik,<40,Simpang Y,Perempuan,<17,Ya,umum,multi_kendaraan,penumpang,ya,UU 33/1964,meninggal,17870000000
9/10/2024,2024,9,Surabaya,757,208,28,33,Hujan,Pagi,Mobil,Kondisi Jalan,Jalan Nasional,Baik,>60,Simpang T,Perempuan,26-45,Ya,pribadi,multi_kendaraan,pengemudi,ya,UU 34/1964,meninggal,12460000000
5/14/2021,2021,5,Medan,340,221,26,18,Cerah,Malam,Mobil,Kondisi Jalan,Jalan Provinsi,Rusak,<40,Simpang T,Perempuan,26-45,Tidak,pribadi,multi_kendaraan,pengemudi,ya,UU 34/1964,meninggal,12710000000
7/17/2025,2025,7,Bekasi,846,428,26,20,Cerah,Dini Hari,Bus,Kelalaian Pengemudi,Jalan Nasional,Rusak,>60,Simpang T,Perempuan,17-25,Ya,umum,multi_kendaraan,penumpang,ya,UU 33/1964,meninggal,23100000000
5/9/2022,2022,5,Semarang,440,366,30,32,Cerah,Pagi,Motor,Kondisi Jalan,Jalan Provinsi,Rusak,>60,Simpang 4,Laki-laki,<17,Tidak,pribadi,multi_kendaraan,pengemudi,ya,UU 34/1964,meninggal,20440000000
7/3/2021,2021,7,Jakarta Selatan,361,280,24,11,Hujan,Siang,Bus,Kelalaian Pengemudi,Jalan Provinsi,Baik,40-60,Simpang 4,Perempuan,26-45,Ya,umum,multi_kendaraan,penumpang,ya,UU 33/1964,meninggal,15420000000
7/20/2021,2021,7,Makassar,231,311,30,14,Hujan,Malam,Truk,Kondisi Jalan,Jalan Nasional,Berlubang,>60,Simpang 4,Perempuan,26-45,Ya,pribadi,multi_kendaraan,pengemudi,ya,UU 34/1964,meninggal,17330000000
12/7/2024,2024,12,Palembang,952,335,20,31,Cerah,Malam,Motor,Kecepatan Berlebih,Jalan Provinsi,Rusak,<40,Tikungan,Perempuan,26-45,Ya,pribadi,multi_kendaraan,pengemudi,ya,UU 34/1964,meninggal,18370000000
2/20/2024,2024,2,Semarang,535,124,30,32,Cerah,Malam,Mobil,Kurang Jarak Aman,Jalan Kota,Rusak,40-60,Lurus,Perempuan,<17,Ya,pribadi,tunggal,pengemudi,tidak,tidak_dijamin,tidak_ada,0
10/17/2022,2022,10,Jakarta Timur,536,350,26,11,Cerah,Dini Hari,Truk,Kelalaian Pengemudi,Jalan Provinsi,Baik,>60,Simpang Y,Perempuan,26-45,Tidak,pribadi,multi_kendaraan,pengemudi,ya,UU 34/1964,meninggal,19020000000
7/11/2021,2021,7,Yogyakarta,281,420,21,22,Cerah,Pagi,Bus,Kurang Jarak Aman,Jalan Nasional,Rusak,>60,Simpang T,Laki-laki,<17,Ya,umum,multi_kendaraan,penumpang,ya,UU 33/1964,meninggal,22490000000
2/8/2024,2024,2,Jakarta Timur,617,495,24,32,Cerah,Dini Hari,Truk,Kelalaian Pengemudi,Jalan Nasional,Rusak,<40,Lurus,Perempuan,>50,Tidak,pribadi,tunggal,pengemudi,tidak,tidak_dijamin,tidak_ada,0
8/29/2024,2024,8,Semarang,654,484,27,10,Hujan,Malam,Truk,Kondisi Jalan,Jalan Provinsi,Rusak,<40,Tikungan,Laki-laki,17-25,Ya,pribadi,multi_kendaraan,pengemudi,ya,UU 34/1964,meninggal,25750000000
3/9/2021,2021,3,Surabaya,292,149,26,49,Cerah,Dini Hari,Motor,Kelalaian Pengemudi,Jalan Kota,Berlubang,<40,Lurus,Laki-laki,17-25,Tidak,pribadi,multi_kendaraan,pengemudi,ya,UU 34/1964,meninggal,9730000000
1/10/2024,2024,1,Jakarta Timur,601,263,26,65,Cerah,Malam,Mobil,Kondisi Jalan,Jalan Kota,Berlubang,<40,Simpang 4,Laki-laki,26-45,Ya,pribadi,tunggal,pengemudi,tidak,tidak_dijamin,tidak_ada,0
6/9/2021,2021,6,Bandung,586,291,27,35,Cerah,Malam,Truk,Rem Blong,Jalan Kota,Rusak,<40,Simpang Y,Laki-laki,<17,Ya,pribadi,multi_kendaraan,pengemudi,ya,UU 34/1964,meninggal,16600000000
8/4/2021,2021,8,Medan,296,364,26,45,Cerah,Malam,Bus,Pelanggaran Lalu Lintas,Jalan Provinsi,Berlubang,>60,Lurus,Perempuan,>50,Tidak,umum,tunggal,penumpang,ya,UU 33/1964,meninggal,20400000000
1/2/2022,2022,1,Yogyakarta,325,468,25,32,Hujan,Pagi,Truk,Kelalaian Pengemudi,Jalan Provinsi,Rusak,>60,Lurus,Perempuan,17-25,Tidak,pribadi,tunggal,pengemudi,tidak,tidak_dijamin,tidak_ada,0
7/20/2025,2025,7,Palembang,857,464,20,12,Cerah,Pagi,Bus,Pelanggaran Lalu Lintas,Jalan Provinsi,Baik,40-60,Lurus,Perempuan,>50,Ya,umum,multi_kendaraan,penumpang,ya,UU 33/1964,meninggal,24440000000
1/2/2024,2024,1,Semarang,550,278,23,15,Hujan,Dini Hari,Motor,Kurang Jarak Aman,Jalan Provinsi,Berlubang,>60,Lurus,Laki-laki,17-25,Tidak,pribadi,multi_kendaraan,pengemudi,ya,UU 34/1964,meninggal,15350000000
1/27/2025,2025,1,Jakarta Selatan,692,181,25,46,Cerah,Pagi,Motor,Kurang Jarak Aman,Jalan Nasional,Baik,40-60,Simpang T,Perempuan,<17,Ya,pribadi,multi_kendaraan,pengemudi,ya,UU 34/1964,meninggal,11220000000
8/8/2021,2021,8,Jakarta Timur,371,292,27,16,Cerah,Malam,Motor,Kecepatan Berlebih,Jalan Kota,Berlubang,>60,Simpang T,Laki-laki,<17,Ya,pribadi,multi_kendaraan,pengemudi,ya,UU 34/1964,meninggal,16270000000
5/15/2025,2025,5,Surabaya,711,233,25,43,Hujan,Pagi,Mobil,Kondisi Jalan,Jalan Nasional,Rusak,40-60,Simpang T,Laki-laki,17-25,Tidak,pribadi,multi_kendaraan,pengemudi,ya,UU 34/1964,meninggal,13760000000
6/16/2022,2022,6,Bekasi,690,111,23,14,Hujan,Dini Hari,Bus,Kelalaian Pengemudi,Jalan Nasional,Rusak,40-60,Simpang 4,Perempuan,>50,Ya,umum,tunggal,penumpang,ya,UU 33/1964,meninggal,6980000000
11/19/2025,2025,11,Semarang,869,428,22,42,Cerah,Siang,Motor,Kondisi Jalan,Jalan Kota,Rusak,>60,Lurus,Laki-laki,>50,Ya,pribadi,multi_kendaraan,pengemudi,ya,UU 34/1964,meninggal,23340000000
5/23/2024,2024,5,Makassar,612,403,27,42,Hujan,Dini Hari,Motor,Pelanggaran Lalu Lintas,Jalan Kota,Rusak,<40,Lurus,Laki-laki,17-25,Ya,pribadi,multi_kendaraan,pengemudi,ya,UU 34/1964,meninggal,22340000000
2/10/2024,2024,2,Bekasi,642,130,23,26,Hujan,Dini Hari,Mobil,Kecepatan Berlebih,Jalan Nasional,Berlubang,40-60,Simpang 4,Laki-laki,>50,Ya,pribadi,tunggal,pengemudi,tidak,tidak_dijamin,tidak_ada,0
10/30/2023,2023,10,Surabaya,661,160,24,13,Hujan,Pagi,Bus,Kurang Jarak Aman,Jalan Nasional,Rusak,>60,Simpang Y,Perempuan,>50,Ya,umum,tunggal,penumpang,ya,UU 33/1964,meninggal,9460000000
3/28/2024,2024,3,Yogyakarta,531,249,20,22,Hujan,Pagi,Truk,Kondisi Jalan,Jalan Kota,Berlubang,<40,Lurus,Laki-laki,17-25,Ya,pribadi,multi_kendaraan,pengemudi,ya,UU 34/1964,meninggal,13890000000
5/1/2022,2022,5,Makassar,455,479,30,38,Hujan,Malam,Truk,Pelanggaran Lalu Lintas,Jalan Nasional,Rusak,<40,Simpang Y,Laki-laki,17-25,Ya,pribadi,multi_kendaraan,pengemudi,ya,UU 34/1964,meninggal,26210000000
1/17/2022,2022,1,Medan,340,494,22,8,Hujan,Malam,Mobil,Kondisi Jalan,Jalan Nasional,Baik,40-60,Simpang T,Laki-laki,26-45,Ya,pribadi,multi_kendaraan,pengemudi,ya,UU 34/1964,meninggal,25960000000
3/21/2022,2022,3,Semarang,378,223,26,29,Hujan,Siang,Bus,Kelalaian Pengemudi,Jalan Nasional,Berlubang,40-60,Lurus,Perempuan,26-45,Ya,umum,multi_kendaraan,penumpang,ya,UU 33/1964,meninggal,13030000000
3/11/2023,2023,3,Palembang,487,115,21,58,Cerah,Siang,Truk,Kecepatan Berlebih,Jalan Nasional,Baik,<40,Simpang T,Perempuan,26-45,Ya,pribadi,multi_kendaraan,pengemudi,ya,UU 34/1964,meninggal,7960000000
1/17/2023,2023,1,Jakarta Timur,390,304,27,2,Cerah,Malam,Truk,Kecepatan Berlebih,Jalan Provinsi,Baik,>60,Simpang Y,Perempuan,>50,Ya,pribadi,multi_kendaraan,pengemudi,ya,UU 34/1964,meninggal,16590000000
1/28/2021,2021,1,Bandung,290,499,28,8,Cerah,Dini Hari,Mobil,Kondisi Jalan,Jalan Nasional,Berlubang,<40,Simpang T,Laki-laki,>50,Ya,pribadi,tunggal,pengemudi,tidak,tidak_dijamin,tidak_ada,0
8/31/2022,2022,8,Medan,394,158,24,3,Cerah,Siang,Truk,Rem Blong,Jalan Nasional,Berlubang,<40,Lurus,Perempuan,>50,Ya,pribadi,multi_kendaraan,pengemudi,ya,UU 34/1964,meninggal,9160000000
11/7/2023,2023,11,Jakarta Timur,634,151,22,18,Cerah,Malam,Motor,Pelanggaran Lalu Lintas,Jalan Nasional,Rusak,>60,Simpang T,Perempuan,>50,Ya,pribadi,multi_kendaraan,pengemudi,ya,UU 34/1964,meninggal,9010000000
6/1/2024,2024,6,Medan,951,368,27,6,Hujan,Siang,Motor,Kurang Jarak Aman,Jalan Kota,Rusak,40-60,Simpang 4,Laki-laki,>50,Tidak,pribadi,multi_kendaraan,pengemudi,ya,UU 34/1964,meninggal,19870000000
11/23/2025,2025,11,Medan,798,464,29,25,Hujan,Pagi,Truk,Kurang Jarak Aman,Jalan Provinsi,Baik,>60,Tikungan,Perempuan,<17,Tidak,pribadi,multi_kendaraan,pengemudi,ya,UU 34/1964,meninggal,25150000000
12/12/2024,2024,12,Yogyakarta,942,398,20,2,Cerah,Malam,Motor,Rem Blong,Jalan Provinsi,Baik,>60,Lurus,Laki-laki,<17,Tidak,pribadi,tunggal,pengemudi,tidak,tidak_dijamin,tidak_ada,0
2/8/2022,2022,2,Palembang,411,324,22,36,Cerah,Siang,Bus,Pelanggaran Lalu Lintas,Jalan Provinsi,Berlubang,>60,Tikungan,Perempuan,>50,Ya,umum,tunggal,penumpang,ya,UU 33/1964,meninggal,18020000000
6/9/2023,2023,6,Bandung,669,103,21,30,Cerah,Malam,Mobil,Kondisi Jalan,Jalan Provinsi,Baik,40-60,Simpang T,Perempuan,>50,Ya,pribadi,tunggal,pengemudi,tidak,tidak_dijamin,tidak_ada,0
6/20/2023,2023,6,Surabaya,761,404,27,28,Cerah,Siang,Truk,Kondisi Jalan,Jalan Kota,Rusak,<40,Simpang 4,Laki-laki,>50,Tidak,pribadi,multi_kendaraan,pengemudi,ya,UU 34/1964,meninggal,22110000000
1/3/2023,2023,1,Bekasi,442,154,20,15,Cerah,Siang,Bus,Kurang Jarak Aman,Jalan Nasional,Berlubang,40-60,Simpang 4,Perempuan,>50,Tidak,umum,multi_kendaraan,penumpang,ya,UU 33/1964,meninggal,9000000000
4/2/2022,2022,4,Makassar,350,197,30,11,Hujan,Dini Hari,Truk,Kelalaian Pengemudi,Jalan Nasional,Berlubang,>60,Simpang 4,Laki-laki,<17,Tidak,pribadi,multi_kendaraan,pengemudi,ya,UU 34/1964,meninggal,11570000000
2/16/2023,2023,2,Surabaya,541,201,28,2,Hujan,Malam,Truk,Pelanggaran Lalu Lintas,Jalan Kota,Rusak,<40,Simpang Y,Laki-laki,17-25,Ya,pribadi,multi_kendaraan,pengemudi,ya,UU 34/1964,meninggal,11490000000
10/30/2025,2025,10,Makassar,861,292,30,5,Hujan,Siang,Motor,Kecepatan Berlebih,Jalan Provinsi,Berlubang,40-60,Tikungan,Laki-laki,17-25,Tidak,pribadi,multi_kendaraan,pengemudi,ya,UU 34/1964,meninggal,16200000000
4/29/2021,2021,4,Makassar,258,252,21,10,Hujan,Malam,Bus,Kecepatan Berlebih,Jalan Provinsi,Rusak,>60,Simpang T,Perempuan,<17,Tidak,umum,tunggal,penumpang,ya,UU 33/1964,meninggal,13850000000
3/8/2022,2022,3,Palembang,382,249,21,12,Cerah,Dini Hari,Motor,Kondisi Jalan,Jalan Kota,Baik,>60,Simpang T,Laki-laki,26-45,Tidak,pribadi,multi_kendaraan,pengemudi,ya,UU 34/1964,meninggal,13740000000
6/1/2024,2024,6,Semarang,811,484,24,20,Cerah,Malam,Motor,Pelanggaran Lalu Lintas,Jalan Provinsi,Berlubang,<40,Simpang T,Perempuan,26-45,Ya,pribadi,multi_kendaraan,pengemudi,ya,UU 34/1964,meninggal,25800000000
5/24/2022,2022,5,Palembang,444,499,27,12,Cerah,Pagi,Mobil,Kecepatan Berlebih,Jalan Provinsi,Berlubang,>60,Simpang 4,Laki-laki,<17,Tidak,pribadi,multi_kendaraan,pengemudi,ya,UU 34/1964,meninggal,26540000000
4/12/2025,2025,4,Bekasi,710,218,28,18,Cerah,Siang,Mobil,Rem Blong,Jalan Nasional,Rusak,40-60,Simpang T,Laki-laki,26-45,Ya,pribadi,multi_kendaraan,pengemudi,ya,UU 34/1964,meninggal,12660000000
11/9/2024,2024,11,Yogyakarta,728,476,25,11,Hujan,Siang,Bus,Kondisi Jalan,Jalan Kota,Rusak,<40,Simpang 4,Perempuan,<17,Tidak,umum,multi_kendaraan,penumpang,ya,UU 33/1964,meninggal,25270000000
7/19/2024,2024,7,Bekasi,729,212,26,7,Cerah,Siang,Bus,Pelanggaran Lalu Lintas,Jalan Provinsi,Baik,40-60,Simpang 4,Perempuan,26-45,Tidak,umum,tunggal,penumpang,ya,UU 33/1964,meninggal,12040000000
11/16/2023,2023,11,Makassar,582,215,26,16,Hujan,Pagi,Mobil,Kecepatan Berlebih,Jalan Kota,Rusak,40-60,Simpang Y,Laki-laki,<17,Ya,pribadi,tunggal,pengemudi,tidak,tidak_dijamin,tidak_ada,0
9/7/2023,2023,9,Palembang,609,129,30,8,Hujan,Dini Hari,Bus,Kecepatan Berlebih,Jalan Nasional,Baik,<40,Lurus,Perempuan,26-45,Ya,umum,tunggal,penumpang,ya,UU 33/1964,meninggal,8110000000
1/26/2021,2021,1,Makassar,192,172,27,19,Hujan,Malam,Mobil,Kecepatan Berlebih,Jalan Provinsi,Berlubang,>60,Tikungan,Perempuan,<17,Ya,pribadi,multi_kendaraan,pengemudi,ya,UU 34/1964,meninggal,10330000000
9/29/2025,2025,9,Makassar,820,109,20,10,Hujan,Malam,Mobil,Kelalaian Pengemudi,Jalan Kota,Rusak,40-60,Simpang Y,Perempuan,17-25,Tidak,pribadi,multi_kendaraan,pengemudi,ya,UU 34/1964,meninggal,6650000000
2/5/2022,2022,2,Jakarta Selatan,430,238,29,68,Cerah,Malam,Truk,Kecepatan Berlebih,Jalan Kota,Berlubang,40-60,Lurus,Laki-laki,>50,Tidak,pribadi,multi_kendaraan,pengemudi,ya,UU 34/1964,meninggal,14710000000
3/29/2025,2025,3,Jakarta Timur,722,337,23,14,Hujan,Malam,Bus,Kecepatan Berlebih,Jalan Nasional,Baik,40-60,Simpang 4,Laki-laki,26-45,Tidak,umum,multi_kendaraan,penumpang,ya,UU 33/1964,meninggal,18280000000
5/6/2023,2023,5,Bekasi,547,361,26,6,Hujan,Malam,Bus,Rem Blong,Jalan Provinsi,Baik,40-60,Simpang 4,Laki-laki,<17,Tidak,umum,tunggal,penumpang,ya,UU 33/1964,meninggal,19470000000
10/10/2025,2025,10,Palembang,751,147,26,21,Hujan,Malam,Truk,Pelanggaran Lalu Lintas,Jalan Nasional,Berlubang,<40,Tikungan,Laki-laki,17-25,Tidak,pribadi,multi_kendaraan,pengemudi,ya,UU 34/1964,meninggal,9070000000
7/30/2022,2022,7,Makassar,390,350,24,11,Cerah,Dini Hari,Truk,Kecepatan Berlebih,Jalan Kota,Baik,40-60,Simpang 4,Laki-laki,<17,Tidak,pribadi,multi_kendaraan,pengemudi,ya,UU 34/1964,meninggal,18920000000
11/15/2023,2023,11,Makassar,633,130,28,35,Cerah,Dini Hari,Bus,Pelanggaran Lalu Lintas,Jalan Nasional,Baik,>60,Simpang 4,Perempuan,>50,Tidak,umum,multi_kendaraan,penumpang,ya,UU 33/1964,meninggal,8600000000
9/14/2023,2023,9,Bekasi,539,229,29,28,Cerah,Siang,Mobil,Kurang Jarak Aman,Jalan Nasional,Rusak,<40,Simpang Y,Perempuan,17-25,Tidak,pribadi,multi_kendaraan,pengemudi,ya,UU 34/1964,meninggal,13460000000
6/6/2023,2023,6,Bandung,846,385,26,10,Hujan,Dini Hari,Mobil,Kelalaian Pengemudi,Jalan Nasional,Baik,40-60,Tikungan,Perempuan,>50,Ya,pribadi,tunggal,pengemudi,tidak,tidak_dijamin,tidak_ada,0
11/12/2023,2023,11,Makassar,676,308,29,32,Cerah,Siang,Truk,Kecepatan Berlebih,Jalan Nasional,Baik,40-60,Simpang 4,Perempuan,<17,Ya,pribadi,multi_kendaraan,pengemudi,ya,UU 34/1964,meninggal,17490000000
10/30/2024,2024,10,Jakarta Timur,746,105,25,50,Cerah,Pagi,Mobil,Kecepatan Berlebih,Jalan Kota,Baik,40-60,Simpang T,Laki-laki,17-25,Ya,pribadi,multi_kendaraan,pengemudi,ya,UU 34/1964,meninggal,7500000000
3/5/2025,2025,3,Jakarta Timur,774,179,22,36,Hujan,Siang,Bus,Kelalaian Pengemudi,Jalan Provinsi,Rusak,>60,Lurus,Perempuan,<17,Ya,umum,multi_kendaraan,penumpang,ya,UU 33/1964,meninggal,10770000000
4/20/2022,2022,4,Bandung,324,387,27,29,Cerah,Dini Hari,Mobil,Kelalaian Pengemudi,Jalan Provinsi,Baik,>60,Tikungan,Perempuan,>50,Ya,pribadi,multi_kendaraan,pengemudi,ya,UU 34/1964,meninggal,21280000000
3/2/2024,2024,3,Yogyakarta,676,245,28,56,Hujan,Malam,Motor,Kurang Jarak Aman,Jalan Nasional,Berlubang,<40,Simpang T,Laki-laki,>50,Tidak,pribadi,tunggal,pengemudi,tidak,tidak_dijamin,tidak_ada,0
11/7/2025,2025,11,Yogyakarta,871,489,22,10,Hujan,Siang,Mobil,Kelalaian Pengemudi,Jalan Provinsi,Berlubang,40-60,Simpang 4,Laki-laki,17-25,Tidak,pribadi,tunggal,pengemudi,tidak,tidak_dijamin,tidak_ada,0
6/22/2024,2024,6,Semarang,965,332,28,10,Hujan,Pagi,Truk,Kurang Jarak Aman,Jalan Provinsi,Berlubang,>60,Lurus,Laki-laki,<17,Tidak,pribadi,tunggal,pengemudi,tidak,tidak_dijamin,tidak_ada,0
1/27/2021,2021,1,Jakarta Selatan,179,397,30,15,Cerah,Dini Hari,Truk,Kecepatan Berlebih,Jalan Provinsi,Berlubang,<40,Tikungan,Laki-laki,<17,Ya,pribadi,tunggal,pengemudi,tidak,tidak_dijamin,tidak_ada,0
3/29/2021,2021,3,Medan,170,145,25,8,Cerah,Malam,Mobil,Pelanggaran Lalu Lintas,Jalan Kota,Berlubang,>60,Lurus,Perempuan,17-25,Tidak,pribadi,multi_kendaraan,pengemudi,ya,UU 34/1964,meninggal,8660000000
3/3/2022,2022,3,Jakarta Selatan,365,150,23,45,Hujan,Siang,Bus,Kecepatan Berlebih,Jalan Nasional,Baik,40-60,Tikungan,Perempuan,>50,Ya,umum,tunggal,penumpang,ya,UU 33/1964,meninggal,9550000000
11/30/2025,2025,11,Jakarta Timur,859,235,22,6,Hujan,Dini Hari,Bus,Kelalaian Pengemudi,Jalan Provinsi,Baik,>60,Tikungan,Perempuan,17-25,Ya,umum,multi_kendaraan,penumpang,ya,UU 33/1964,meninggal,12970000000
5/8/2022,2022,5,Jakarta Selatan,465,488,29,8,Hujan,Malam,Motor,Rem Blong,Jalan Nasional,Baik,40-60,Lurus,Perempuan,17-25,Tidak,pribadi,multi_kendaraan,pengemudi,ya,UU 34/1964,meninggal,26010000000
2/24/2024,2024,2,Jakarta Timur,606,322,20,10,Cerah,Dini Hari,Bus,Pelanggaran Lalu Lintas,Jalan Kota,Baik,<40,Simpang 4,Laki-laki,26-45,Tidak,umum,tunggal,penumpang,ya,UU 33/1964,meninggal,17300000000
10/10/2025,2025,10,Medan,830,347,27,6,Hujan,Dini Hari,Motor,Pelanggaran Lalu Lintas,Jalan Kota,Rusak,40-60,Simpang T,Perempuan,<17,Ya,pribadi,multi_kendaraan,pengemudi,ya,UU 34/1964,meninggal,18820000000
8/4/2024,2024,8,Yogyakarta,631,210,27,36,Cerah,Pagi,Bus,Kelalaian Pengemudi,Jalan Nasional,Berlubang,40-60,Lurus,Laki-laki,<17,Ya,umum,tunggal,penumpang,ya,UU 33/1964,meninggal,12570000000
11/27/2021,2021,11,Bekasi,293,433,24,36,Cerah,Pagi,Bus,Rem Blong,Jalan Provinsi,Baik,<40,Tikungan,Laki-laki,>50,Tidak,umum,multi_kendaraan,penumpang,ya,UU 33/1964,meninggal,23570000000
12/27/2023,2023,12,Bekasi,773,170,25,8,Hujan,Siang,Motor,Kurang Jarak Aman,Jalan Nasional,Berlubang,>60,Simpang 4,Laki-laki,<17,Tidak,pribadi,multi_kendaraan,pengemudi,ya,UU 34/1964,meninggal,9910000000
2/16/2023,2023,2,Bandung,542,490,21,47,Cerah,Dini Hari,Mobil,Rem Blong,Jalan Nasional,Berlubang,<40,Simpang 4,Laki-laki,26-45,Tidak,pribadi,tunggal,pengemudi,tidak,tidak_dijamin,tidak_ada,0
12/20/2022,2022,12,Semarang,699,465,28,31,Hujan,Pagi,Truk,Rem Blong,Jalan Provinsi,Rusak,>60,Simpang Y,Laki-laki,>50,Tidak,pribadi,tunggal,pengemudi,tidak,tidak_dijamin,tidak_ada,0
7/22/2023,2023,7,Jakarta Selatan,582,482,29,33,Hujan,Malam,Motor,Rem Blong,Jalan Nasional,Baik,>60,Lurus,Laki-laki,17-25,Tidak,pribadi,multi_kendaraan,pengemudi,ya,UU 34/1964,meninggal,26210000000
6/21/2022,2022,6,Jakarta Timur,525,344,21,56,Hujan,Siang,Motor,Pelanggaran Lalu Lintas,Jalan Nasional,Berlubang,>60,Simpang 4,Perempuan,17-25,Tidak,pribadi,multi_kendaraan,pengemudi,ya,UU 34/1964,meninggal,19370000000
2/11/2025,2025,2,Jakarta Selatan,741,392,23,19,Hujan,Pagi,Bus,Rem Blong,Jalan Kota,Berlubang,>60,Simpang Y,Laki-laki,>50,Tidak,umum,multi_kendaraan,penumpang,ya,UU 33/1964,meninggal,21130000000
6/3/2022,2022,6,Palembang,590,491,24,16,Cerah,Siang,Truk,Kecepatan Berlebih,Jalan Provinsi,Baik,<40,Lurus,Laki-laki,>50,Ya,pribadi,multi_kendaraan,pengemudi,ya,UU 34/1964,meninggal,26070000000
11/15/2022,2022,11,Jakarta Timur,418,233,23,46,Hujan,Dini Hari,Bus,Kondisi Jalan,Jalan Kota,Baik,40-60,Simpang 4,Perempuan,26-45,Ya,umum,multi_kendaraan,penumpang,ya,UU 33/1964,meninggal,13720000000
5/29/2022,2022,5,Semarang,342,278,22,32,Cerah,Pagi,Motor,Kondisi Jalan,Jalan Provinsi,Rusak,<40,Tikungan,Perempuan,26-45,Ya,pribadi,tunggal,pengemudi,tidak,tidak_dijamin,tidak_ada,0
4/21/2025,2025,4,Jakarta Timur,740,320,24,31,Cerah,Malam,Truk,Kecepatan Berlebih,Jalan Kota,Baik,40-60,Lurus,Laki-laki,>50,Tidak,pribadi,multi_kendaraan,pengemudi,ya,UU 34/1964,meninggal,17820000000
1/24/2023,2023,1,Medan,436,359,26,11,Hujan,Malam,Mobil,Rem Blong,Jalan Kota,Baik,40-60,Simpang 4,Perempuan,26-45,Tidak,pribadi,tunggal,pengemudi,tidak,tidak_dijamin,tidak_ada,0
3/14/2021,2021,3,Makassar,201,262,22,25,Hujan,Malam,Motor,Kecepatan Berlebih,Jalan Provinsi,Berlubang,>60,Simpang Y,Laki-laki,17-25,Tidak,pribadi,multi_kendaraan,pengemudi,ya,UU 34/1964,meninggal,14700000000
10/17/2021,2021,10,Bekasi,373,101,28,42,Cerah,Siang,Bus,Kondisi Jalan,Jalan Provinsi,Berlubang,<40,Lurus,Laki-laki,26-45,Tidak,umum,multi_kendaraan,penumpang,ya,UU 33/1964,meninggal,7290000000
4/19/2023,2023,4,Bandung,447,357,29,1,Hujan,Siang,Mobil,Kurang Jarak Aman,Jalan Provinsi,Berlubang,40-60,Lurus,Laki-laki,17-25,Ya,pribadi,tunggal,pengemudi,tidak,tidak_dijamin,tidak_ada,0
1/22/2021,2021,1,Medan,228,205,23,5,Hujan,Siang,Mobil,Rem Blong,Jalan Provinsi,Baik,>60,Simpang Y,Laki-laki,>50,Tidak,pribadi,multi_kendaraan,pengemudi,ya,UU 34/1964,meninggal,11500000000
5/3/2023,2023,5,Yogyakarta,548,448,27,6,Cerah,Siang,Mobil,Rem Blong,Jalan Nasional,Baik,>60,Simpang Y,Laki-laki,17-25,Ya,pribadi,multi_kendaraan,pengemudi,ya,UU 34/1964,meninggal,23870000000
3/17/2023,2023,3,Jakarta Selatan,512,233,26,19,Cerah,Malam,Bus,Kurang Jarak Aman,Jalan Kota,Berlubang,40-60,Tikungan,Perempuan,17-25,Tidak,umum,multi_kendaraan,penumpang,ya,UU 33/1964,meninggal,13330000000
6/21/2022,2022,6,Bandung,539,406,27,68,Cerah,Siang,Bus,Kecepatan Berlebih,Jalan Provinsi,Berlubang,40-60,Simpang T,Laki-laki,>50,Tidak,umum,tunggal,penumpang,ya,UU 33/1964,meninggal,23010000000
6/24/2022,2022,6,Medan,681,496,30,5,Hujan,Dini Hari,Mobil,Kondisi Jalan,Jalan Provinsi,Baik,40-60,Simpang 4,Perempuan,>50,Tidak,pribadi,tunggal,pengemudi,tidak,tidak_dijamin,tidak_ada,0
11/9/2025,2025,11,Bandung,833,328,21,14,Cerah,Siang,Bus,Pelanggaran Lalu Lintas,Jalan Provinsi,Rusak,40-60,Lurus,Perempuan,26-45,Tidak,umum,multi_kendaraan,penumpang,ya,UU 33/1964,meninggal,17730000000
6/27/2022,2022,6,Yogyakarta,758,404,25,43,Hujan,Siang,Truk,Kelalaian Pengemudi,Jalan Nasional,Baik,<40,Simpang T,Perempuan,26-45,Tidak,pribadi,multi_kendaraan,pengemudi,ya,UU 34/1964,meninggal,22310000000
1/31/2021,2021,1,Yogyakarta,247,375,25,8,Cerah,Pagi,Motor,Kondisi Jalan,Jalan Nasional,Rusak,<40,Tikungan,Perempuan,17-25,Tidak,pribadi,multi_kendaraan,pengemudi,ya,UU 34/1964,meninggal,20160000000
8/28/2024,2024,8,Yogyakarta,731,398,30,24,Hujan,Dini Hari,Truk,Kurang Jarak Aman,Jalan Nasional,Berlubang,<40,Simpang Y,Laki-laki,<17,Ya,pribadi,tunggal,pengemudi,tidak,tidak_dijamin,tidak_ada,0
12/13/2022,2022,12,Bandung,867,387,23,38,Hujan,Malam,Motor,Kondisi Jalan,Jalan Provinsi,Baik,40-60,Simpang T,Laki-laki,>50,Tidak,pribadi,tunggal,pengemudi,tidak,tidak_dijamin,tidak_ada,0
10/20/2022,2022,10,Medan,459,244,26,11,Hujan,Pagi,Mobil,Kondisi Jalan,Jalan Nasional,Baik,>60,Simpang Y,Perempuan,>50,Ya,pribadi,multi_kendaraan,pengemudi,ya,UU 34/1964,meninggal,13720000000
6/18/2023,2023,6,Medan,699,130,28,7,Cerah,Siang,Bus,Kondisi Jalan,Jalan Kota,Rusak,40-60,Tikungan,Perempuan,<17,Tidak,umum,multi_kendaraan,penumpang,ya,UU 33/1964,meninggal,8040000000
5/12/2022,2022,5,Surabaya,372,140,29,2,Hujan,Siang,Truk,Kurang Jarak Aman,Jalan Kota,Baik,>60,Simpang T,Perempuan,<17,Ya,pribadi,multi_kendaraan,pengemudi,ya,UU 34/1964,meninggal,8490000000
9/24/2021,2021,9,Bandung,332,276,23,31,Hujan,Malam,Bus,Pelanggaran Lalu Lintas,Jalan Nasional,Baik,>60,Simpang Y,Laki-laki,>50,Ya,umum,tunggal,penumpang,ya,UU 33/1964,meninggal,15570000000
1/2/2021,2021,1,Yogyakarta,153,451,22,45,Hujan,Dini Hari,Mobil,Rem Blong,Jalan Provinsi,Rusak,<40,Tikungan,Laki-laki,26-45,Tidak,pribadi,tunggal,pengemudi,tidak,tidak_dijamin,tidak_ada,0
8/16/2023,2023,8,Bandung,579,460,26,1,Hujan,Malam,Truk,Kondisi Jalan,Jalan Provinsi,Baik,>60,Simpang 4,Laki-laki,<17,Ya,pribadi,multi_kendaraan,pengemudi,ya,UU 34/1964,meninggal,24320000000
8/1/2025,2025,8,Bandung,727,201,30,33,Hujan,Malam,Motor,Pelanggaran Lalu Lintas,Jalan Kota,Berlubang,<40,Simpang Y,Laki-laki,17-25,Ya,pribadi,multi_kendaraan,pengemudi,ya,UU 34/1964,meninggal,12210000000
3/23/2022,2022,3,Bekasi,423,421,21,8,Hujan,Dini Hari,Motor,Rem Blong,Jalan Provinsi,Rusak,<40,Tikungan,Laki-laki,<17,Tidak,pribadi,multi_kendaraan,pengemudi,ya,UU 34/1964,meninggal,22260000000
6/24/2022,2022,6,Semarang,551,361,29,23,Hujan,Pagi,Bus,Kurang Jarak Aman,Jalan Provinsi,Rusak,<40,Simpang Y,Laki-laki,17-25,Ya,umum,tunggal,penumpang,ya,UU 33/1964,meninggal,19960000000
11/27/2021,2021,11,Yogyakarta,333,440,21,44,Hujan,Pagi,Mobil,Kurang Jarak Aman,Jalan Kota,Rusak,<40,Simpang 4,Perempuan,<17,Tidak,pribadi,multi_kendaraan,pengemudi,ya,UU 34/1964,meninggal,23930000000
9/25/2022,2022,9,Yogyakarta,497,157,26,4,Hujan,Malam,Truk,Kelalaian Pengemudi,Jalan Nasional,Rusak,40-60,Simpang 4,Laki-laki,17-25,Ya,pribadi,tunggal,pengemudi,tidak,tidak_dijamin,tidak_ada,0
9/19/2025,2025,9,Palembang,778,314,27,31,Cerah,Siang,Truk,Kelalaian Pengemudi,Jalan Kota,Baik,<40,Simpang T,Laki-laki,26-45,Tidak,pribadi,multi_kendaraan,pengemudi,ya,UU 34/1964,meninggal,17670000000
1/25/2023,2023,1,Jakarta Timur,409,344,25,9,Hujan,Dini Hari,Bus,Pelanggaran Lalu Lintas,Jalan Provinsi,Rusak,40-60,Lurus,Perempuan,17-25,Ya,umum,multi_kendaraan,penumpang,ya,UU 33/1964,meninggal,18630000000
6/8/2024,2024,6,Yogyakarta,783,263,23,1,Cerah,Pagi,Motor,Pelanggaran Lalu Lintas,Jalan Provinsi,Berlubang,<40,Simpang T,Laki-laki,>50,Tidak,pribadi,multi_kendaraan,pengemudi,ya,UU 34/1964,meninggal,14320000000
6/22/2021,2021,6,Yogyakarta,515,448,25,28,Hujan,Pagi,Truk,Kondisi Jalan,Jalan Nasional,Berlubang,40-60,Simpang Y,Laki-laki,<17,Ya,pribadi,multi_kendaraan,pengemudi,ya,UU 34/1964,meninggal,24210000000
9/15/2024,2024,9,Jakarta Selatan,754,150,29,62,Hujan,Malam,Bus,Pelanggaran Lalu Lintas,Jalan Kota,Rusak,<40,Simpang Y,Laki-laki,17-25,Ya,umum,multi_kendaraan,penumpang,ya,UU 33/1964,meninggal,10190000000
4/19/2024,2024,4,Yogyakarta,550,190,24,34,Cerah,Siang,Truk,Kelalaian Pengemudi,Jalan Provinsi,Rusak,40-60,Simpang T,Laki-laki,<17,Tidak,pribadi,tunggal,pengemudi,tidak,tidak_dijamin,tidak_ada,0
3/7/2025,2025,3,Bekasi,661,444,20,36,Cerah,Malam,Motor,Pelanggaran Lalu Lintas,Jalan Provinsi,Berlubang,>60,Tikungan,Perempuan,26-45,Tidak,pribadi,multi_kendaraan,pengemudi,ya,UU 34/1964,meninggal,23920000000
1/20/2023,2023,1,Semarang,427,420,21,17,Cerah,Dini Hari,Truk,Kelalaian Pengemudi,Jalan Provinsi,Rusak,<40,Simpang Y,Laki-laki,<17,Tidak,pribadi,multi_kendaraan,pengemudi,ya,UU 34/1964,meninggal,22390000000
6/23/2023,2023,6,Jakarta Timur,737,253,23,35,Hujan,Malam,Motor,Kurang Jarak Aman,Jalan Kota,Rusak,>60,Simpang 4,Laki-laki,26-45,Tidak,pribadi,multi_kendaraan,pengemudi,ya,UU 34/1964,meninggal,14500000000
9/16/2025,2025,9,Palembang,884,331,21,31,Cerah,Siang,Truk,Kelalaian Pengemudi,Jalan Kota,Baik,<40,Simpang 4,Perempuan,<17,Tidak,pribadi,tunggal,pengemudi,tidak,tidak_dijamin,tidak_ada,0
11/26/2023,2023,11,Semarang,542,345,26,66,Cerah,Pagi,Truk,Pelanggaran Lalu Lintas,Jalan Provinsi,Berlubang,<40,Simpang Y,Laki-laki,<17,Tidak,pribadi,tunggal,pengemudi,tidak,tidak_dijamin,tidak_ada,0
3/11/2024,2024,3,Bandung,543,500,23,54,Hujan,Malam,Motor,Rem Blong,Jalan Nasional,Rusak,<40,Lurus,Laki-laki,26-45,Tidak,pribadi,multi_kendaraan,pengemudi,ya,UU 34/1964,meninggal,27230000000
1/17/2024,2024,1,Surabaya,510,190,23,61,Hujan,Siang,Truk,Kecepatan Berlebih,Jalan Nasional,Baik,>60,Simpang Y,Laki-laki,26-45,Tidak,pribadi,tunggal,pengemudi,tidak,tidak_dijamin,tidak_ada,0
9/5/2023,2023,9,Bekasi,525,452,30,23,Cerah,Pagi,Motor,Kelalaian Pengemudi,Jalan Kota,Berlubang,>60,Tikungan,Perempuan,26-45,Ya,pribadi,multi_kendaraan,pengemudi,ya,UU 34/1964,meninggal,24560000000
12/2/2022,2022,12,Makassar,754,305,20,3,Cerah,Siang,Motor,Kecepatan Berlebih,Jalan Nasional,Berlubang,40-60,Simpang 4,Laki-laki,17-25,Ya,pribadi,multi_kendaraan,pengemudi,ya,UU 34/1964,meninggal,16310000000
12/20/2022,2022,12,Surabaya,790,355,26,48,Hujan,Malam,Mobil,Kurang Jarak Aman,Jalan Kota,Baik,<40,Simpang Y,Laki-laki,17-25,Tidak,pribadi,tunggal,pengemudi,tidak,tidak_dijamin,tidak_ada,0
4/16/2021,2021,4,Medan,266,167,30,65,Cerah,Siang,Motor,Kondisi Jalan,Jalan Nasional,Rusak,<40,Simpang Y,Laki-laki,>50,Tidak,pribadi,tunggal,pengemudi,tidak,tidak_dijamin,tidak_ada,0
11/10/2025,2025,11,Yogyakarta,891,476,28,51,Cerah,Siang,Mobil,Rem Blong,Jalan Nasional,Berlubang,>60,Simpang T,Perempuan,17-25,Ya,pribadi,tunggal,pengemudi,tidak,tidak_dijamin,tidak_ada,0
8/7/2024,2024,8,Medan,751,266,27,44,Hujan,Dini Hari,Mobil,Kondisi Jalan,Jalan Kota,Rusak,>60,Tikungan,Laki-laki,>50,Tidak,pribadi,multi_kendaraan,pengemudi,ya,UU 34/1964,meninggal,15530000000
11/29/2025,2025,11,Makassar,912,199,26,63,Cerah,Pagi,Truk,Kecepatan Berlebih,Jalan Provinsi,Berlubang,40-60,Simpang 4,Perempuan,>50,Tidak,pribadi,multi_kendaraan,pengemudi,ya,UU 34/1964,meninggal,12510000000
4/28/2024,2024,4,Jakarta Timur,564,149,27,11,Cerah,Pagi,Mobil,Pelanggaran Lalu Lintas,Jalan Kota,Baik,<40,Tikungan,Perempuan,<17,Ya,pribadi,tunggal,pengemudi,tidak,tidak_dijamin,tidak_ada,0
9/18/2024,2024,9,Jakarta Timur,768,141,29,25,Cerah,Malam,Bus,Kondisi Jalan,Jalan Nasional,Baik,<40,Simpang T,Laki-laki,26-45,Ya,umum,multi_kendaraan,penumpang,ya,UU 33/1964,meninggal,9000000000
12/7/2024,2024,12,Medan,1065,109,20,18,Cerah,Pagi,Truk,Kecepatan Berlebih,Jalan Provinsi,Baik,<40,Lurus,Perempuan,<17,Tidak,pribadi,multi_kendaraan,pengemudi,ya,UU 34/1964,meninggal,6810000000
5/17/2025,2025,5,Surabaya,719,488,22,13,Cerah,Dini Hari,Mobil,Kelalaian Pengemudi,Jalan Nasional,Baik,40-60,Simpang T,Perempuan,>50,Ya,pribadi,multi_kendaraan,pengemudi,ya,UU 34/1964,meninggal,25760000000
8/31/2023,2023,8,Jakarta Timur,536,236,30,47,Hujan,Dini Hari,Motor,Pelanggaran Lalu Lintas,Jalan Nasional,Baik,>60,Tikungan,Perempuan,>50,Tidak,pribadi,multi_kendaraan,pengemudi,ya,UU 34/1964,meninggal,14240000000
4/14/2025,2025,4,Palembang,767,268,20,35,Cerah,Dini Hari,Motor,Kondisi Jalan,Jalan Provinsi,Berlubang,40-60,Simpang T,Perempuan,26-45,Tidak,pribadi,multi_kendaraan,pengemudi,ya,UU 34/1964,meninggal,15100000000
7/22/2021,2021,7,Surabaya,318,230,26,26,Hujan,Pagi,Truk,Pelanggaran Lalu Lintas,Jalan Nasional,Baik,>60,Simpang T,Laki-laki,26-45,Tidak,pribadi,tunggal,pengemudi,tidak,tidak_dijamin,tidak_ada,0
12/27/2024,2024,12,Semarang,1036,111,21,22,Hujan,Malam,Bus,Pelanggaran Lalu Lintas,Jalan Nasional,Rusak,40-60,Lurus,Laki-laki,<17,Ya,umum,multi_kendaraan,penumpang,ya,UU 33/1964,meninggal,7040000000
8/15/2023,2023,8,Bandung,594,401,29,11,Cerah,Siang,Bus,Kondisi Jalan,Jalan Kota,Baik,<40,Simpang 4,Perempuan,26-45,Tidak,umum,multi_kendaraan,penumpang,ya,UU 33/1964,meninggal,21720000000
10/29/2022,2022,10,Yogyakarta,446,259,26,45,Hujan,Pagi,Motor,Kecepatan Berlebih,Jalan Nasional,Rusak,>60,Simpang Y,Perempuan,17-25,Tidak,pribadi,multi_kendaraan,pengemudi,ya,UU 34/1964,meninggal,15150000000
7/3/2021,2021,7,Bandung,284,101,30,12,Cerah,Siang,Bus,Kondisi Jalan,Jalan Provinsi,Rusak,40-60,Simpang Y,Perempuan,>50,Ya,umum,tunggal,penumpang,ya,UU 33/1964,meninggal,6790000000
4/2/2021,2021,4,Bekasi,301,160,30,37,Hujan,Pagi,Mobil,Kurang Jarak Aman,Jalan Kota,Rusak,<40,Tikungan,Perempuan,<17,Ya,pribadi,multi_kendaraan,pengemudi,ya,UU 34/1964,meninggal,10240000000
10/1/2024,2024,10,Bandung,663,422,23,46,Hujan,Pagi,Truk,Pelanggaran Lalu Lintas,Jalan Nasional,Rusak,40-60,Simpang T,Perempuan,<17,Ya,pribadi,multi_kendaraan,pengemudi,ya,UU 34/1964,meninggal,23170000000
1/13/2022,2022,1,Semarang,320,269,27,44,Cerah,Pagi,Mobil,Kecepatan Berlebih,Jalan Kota,Berlubang,>60,Tikungan,Laki-laki,<17,Ya,pribadi,tunggal,pengemudi,tidak,tidak_dijamin,tidak_ada,0
2/6/2024,2024,2,Yogyakarta,567,352,22,15,Hujan,Dini Hari,Truk,Kurang Jarak Aman,Jalan Kota,Rusak,40-60,Lurus,Laki-laki,17-25,Tidak,pribadi,tunggal,pengemudi,tidak,tidak_dijamin,tidak_ada,0
5/22/2024,2024,5,Jakarta Selatan,662,362,24,17,Hujan,Siang,Truk,Kondisi Jalan,Jalan Provinsi,Baik,<40,Simpang Y,Laki-laki,>50,Tidak,pribadi,tunggal,pengemudi,tidak,tidak_dijamin,tidak_ada,0
10/2/2021,2021,10,Makassar,330,481,28,24,Cerah,Pagi,Bus,Kecepatan Berlebih,Jalan Provinsi,Berlubang,>60,Tikungan,Perempuan,>50,Ya,umum,tunggal,penumpang,ya,UU 33/1964,meninggal,25930000000
3/7/2022,2022,3,Makassar,380,410,24,20,Hujan,Dini Hari,Truk,Pelanggaran Lalu Lintas,Jalan Nasional,Berlubang,40-60,Simpang 4,Laki-laki,17-25,Ya,pribadi,multi_kendaraan,pengemudi,ya,UU 34/1964,meninggal,22100000000
4/9/2025,2025,4,Surabaya,663,421,29,38,Hujan,Malam,Truk,Rem Blong,Jalan Kota,Rusak,>60,Simpang Y,Laki-laki,17-25,Ya,pribadi,tunggal,pengemudi,tidak,tidak_dijamin,tidak_ada,0
8/12/2022,2022,8,Jakarta Timur,454,489,27,23,Hujan,Pagi,Bus,Rem Blong,Jalan Kota,Baik,<40,Simpang T,Laki-laki,17-25,Tidak,umum,multi_kendaraan,penumpang,ya,UU 33/1964,meninggal,26260000000
12/24/2024,2024,12,Jakarta Timur,907,419,26,55,Hujan,Malam,Motor,Kecepatan Berlebih,Jalan Nasional,Baik,40-60,Simpang T,Laki-laki,<17,Ya,pribadi,tunggal,pengemudi,tidak,tidak_dijamin,tidak_ada,0
8/20/2021,2021,8,Yogyakarta,344,332,25,2,Hujan,Pagi,Mobil,Rem Blong,Jalan Nasional,Rusak,40-60,Lurus,Laki-laki,26-45,Tidak,pribadi,tunggal,pengemudi,tidak,tidak_dijamin,tidak_ada,0
2/24/2025,2025,2,Medan,786,455,26,48,Hujan,Dini Hari,Bus,Kecepatan Berlebih,Jalan Nasional,Rusak,>60,Lurus,Laki-laki,17-25,Ya,umum,tunggal,penumpang,ya,UU 33/1964,meninggal,25010000000
9/18/2024,2024,9,Bandung,718,409,27,8,Hujan,Pagi,Truk,Kondisi Jalan,Jalan Provinsi,Berlubang,<40,Simpang 4,Perempuan,26-45,Tidak,pribadi,tunggal,pengemudi,tidak,tidak_dijamin,tidak_ada,0
5/20/2023,2023,5,Palembang,524,350,22,71,Cerah,Pagi,Motor,Kurang Jarak Aman,Jalan Nasional,Rusak,40-60,Simpang Y,Perempuan,<17,Ya,pribadi,multi_kendaraan,pengemudi,ya,UU 34/1964,meninggal,20020000000
3/7/2024,2024,3,Makassar,664,102,25,30,Hujan,Pagi,Bus,Kurang Jarak Aman,Jalan Nasional,Rusak,40-60,Simpang 4,Laki-laki,17-25,Tidak,umum,multi_kendaraan,penumpang,ya,UU 33/1964,meninggal,6950000000
9/28/2024,2024,9,Jakarta Timur,679,475,21,12,Cerah,Dini Hari,Bus,Rem Blong,Jalan Provinsi,Rusak,>60,Tikungan,Laki-laki,<17,Tidak,umum,tunggal,penumpang,ya,UU 33/1964,meninggal,25040000000
11/7/2021,2021,11,Semarang,387,470,24,46,Hujan,Malam,Mobil,Rem Blong,Jalan Provinsi,Berlubang,>60,Simpang Y,Laki-laki,17-25,Ya,pribadi,tunggal,pengemudi,tidak,tidak_dijamin,tidak_ada,0
1/6/2024,2024,1,Medan,503,399,23,13,Hujan,Dini Hari,Truk,Kondisi Jalan,Jalan Kota,Berlubang,>60,Simpang Y,Laki-laki,>50,Tidak,pribadi,multi_kendaraan,pengemudi,ya,UU 34/1964,meninggal,21360000000
5/21/2023,2023,5,Surabaya,522,321,30,53,Cerah,Dini Hari,Truk,Kelalaian Pengemudi,Jalan Nasional,Berlubang,40-60,Lurus,Laki-laki,26-45,Tidak,pribadi,multi_kendaraan,pengemudi,ya,UU 34/1964,meninggal,18610000000
6/25/2021,2021,6,Bandung,528,421,26,22,Cerah,Malam,Mobil,Pelanggaran Lalu Lintas,Jalan Nasional,Rusak,<40,Simpang T,Laki-laki,26-45,Ya,pribadi,multi_kendaraan,pengemudi,ya,UU 34/1964,meninggal,22790000000
1/12/2024,2024,1,Bandung,572,319,23,0,Hujan,Siang,Truk,Kondisi Jalan,Jalan Nasional,Rusak,<40,Simpang 4,Perempuan,<17,Ya,pribadi,tunggal,pengemudi,tidak,tidak_dijamin,tidak_ada,0
11/14/2022,2022,11,Yogyakarta,556,328,29,40,Hujan,Malam,Truk,Kecepatan Berlebih,Jalan Nasional,Rusak,40-60,Simpang T,Laki-laki,<17,Tidak,pribadi,tunggal,pengemudi,tidak,tidak_dijamin,tidak_ada,0
5/30/2023,2023,5,Surabaya,490,382,22,22,Cerah,Dini Hari,Truk,Kurang Jarak Aman,Jalan Nasional,Rusak,>60,Lurus,Perempuan,<17,Tidak,pribadi,multi_kendaraan,pengemudi,ya,UU 34/1964,meninggal,20640000000
9/26/2025,2025,9,Makassar,761,199,26,18,Hujan,Dini Hari,Mobil,Kelalaian Pengemudi,Jalan Kota,Baik,>60,Tikungan,Perempuan,<17,Ya,pribadi,multi_kendaraan,pengemudi,ya,UU 34/1964,meninggal,11610000000
7/12/2023,2023,7,Palembang,550,233,28,15,Cerah,Pagi,Mobil,Kelalaian Pengemudi,Jalan Nasional,Rusak,>60,Lurus,Perempuan,<17,Ya,pribadi,tunggal,pengemudi,tidak,tidak_dijamin,tidak_ada,0
9/27/2022,2022,9,Yogyakarta,493,335,22,3,Cerah,Pagi,Motor,Rem Blong,Jalan Kota,Baik,40-60,Simpang T,Perempuan,26-45,Ya,pribadi,tunggal,pengemudi,tidak,tidak_dijamin,tidak_ada,0
11/9/2022,2022,11,Palembang,510,215,26,18,Cerah,Dini Hari,Mobil,Kecepatan Berlebih,Jalan Kota,Baik,40-60,Simpang Y,Perempuan,<17,Tidak,pribadi,multi_kendaraan,pengemudi,ya,UU 34/1964,meninggal,12410000000
2/2/2024,2024,2,Palembang,512,173,30,13,Cerah,Malam,Truk,Kondisi Jalan,Jalan Kota,Rusak,<40,Simpang T,Perempuan,>50,Ya,pribadi,multi_kendaraan,pengemudi,ya,UU 34/1964,meninggal,10410000000
7/28/2021,2021,7,Bekasi,379,112,23,32,Cerah,Pagi,Mobil,Kecepatan Berlebih,Jalan Kota,Baik,>60,Tikungan,Perempuan,26-45,Ya,pribadi,multi_kendaraan,pengemudi,ya,UU 34/1964,meninggal,7390000000
6/1/2025,2025,6,Bandung,916,116,21,28,Hujan,Malam,Truk,Kecepatan Berlebih,Jalan Nasional,Baik,40-60,Simpang Y,Laki-laki,17-25,Ya,pribadi,multi_kendaraan,pengemudi,ya,UU 34/1964,meninggal,7410000000
1/6/2022,2022,1,Semarang,305,365,23,44,Cerah,Pagi,Mobil,Kecepatan Berlebih,Jalan Kota,Berlubang,>60,Lurus,Perempuan,26-45,Ya,pribadi,multi_kendaraan,pengemudi,ya,UU 34/1964,meninggal,20280000000
9/23/2021,2021,9,Jakarta Selatan,410,202,21,16,Hujan,Siang,Bus,Kelalaian Pengemudi,Jalan Nasional,Berlubang,>60,Simpang Y,Laki-laki,>50,Tidak,umum,tunggal,penumpang,ya,UU 33/1964,meninggal,11470000000
6/7/2025,2025,6,Jakarta Selatan,959,480,27,6,Hujan,Pagi,Bus,Rem Blong,Jalan Kota,Berlubang,>60,Simpang 4,Laki-laki,26-45,Tidak,umum,tunggal,penumpang,ya,UU 33/1964,meninggal,25470000000
9/27/2024,2024,9,Bekasi,620,237,27,54,Cerah,Pagi,Truk,Kondisi Jalan,Jalan Provinsi,Rusak,>60,Tikungan,Perempuan,>50,Tidak,pribadi,multi_kendaraan,pengemudi,ya,UU 34/1964,meninggal,14280000000
1/24/2022,2022,1,Jakarta Timur,317,403,27,25,Hujan,Siang,Truk,Kecepatan Berlebih,Jalan Provinsi,Baik,<40,Simpang Y,Perempuan,<17,Ya,pribadi,tunggal,pengemudi,tidak,tidak_dijamin,tidak_ada,0
7/25/2022,2022,7,Bandung,421,387,25,29,Cerah,Pagi,Truk,Kondisi Jalan,Jalan Provinsi,Baik,<40,Tikungan,Perempuan,<17,Ya,pribadi,multi_kendaraan,pengemudi,ya,UU 34/1964,meninggal,21180000000
1/10/2023,2023,1,Yogyakarta,419,434,20,15,Cerah,Dini Hari,Mobil,Kondisi Jalan,Jalan Nasional,Baik,40-60,Simpang T,Perempuan,17-25,Tidak,pribadi,multi_kendaraan,pengemudi,ya,UU 34/1964,meninggal,23000000000
10/2/2024,2024,10,Makassar,669,102,28,4,Hujan,Malam,Truk,Pelanggaran Lalu Lintas,Jalan Kota,Berlubang,>60,Simpang Y,Perempuan,<17,Ya,pribadi,multi_kendaraan,pengemudi,ya,UU 34/1964,meninggal,6580000000
10/31/2024,2024,10,Jakarta Timur,697,146,20,33,Hujan,Malam,Motor,Rem Blong,Jalan Kota,Berlubang,40-60,Tikungan,Laki-laki,17-25,Ya,pribadi,multi_kendaraan,pengemudi,ya,UU 34/1964,meninggal,8960000000
11/22/2021,2021,11,Surabaya,418,341,24,55,Cerah,Pagi,Mobil,Kurang Jarak Aman,Jalan Nasional,Baik,>60,Simpang Y,Laki-laki,17-25,Tidak,pribadi,tunggal,pengemudi,tidak,tidak_dijamin,tidak_ada,0
11/2/2022,2022,11,Palembang,428,262,30,18,Cerah,Dini Hari,Mobil,Kecepatan Berlebih,Jalan Kota,Baik,<40,Simpang Y,Laki-laki,>50,Ya,pribadi,tunggal,pengemudi,tidak,tidak_dijamin,tidak_ada,0
11/8/2022,2022,11,Yogyakarta,565,220,24,40,Hujan,Malam,Truk,Kecepatan Berlebih,Jalan Nasional,Rusak,40-60,Simpang Y,Laki-laki,17-25,Tidak,pribadi,multi_kendaraan,pengemudi,ya,UU 34/1964,meninggal,13000000000
6/30/2022,2022,6,Makassar,528,257,24,30,Hujan,Pagi,Truk,Kondisi Jalan,Jalan Provinsi,Rusak,>60,Lurus,Perempuan,>50,Tidak,pribadi,multi_kendaraan,pengemudi,ya,UU 34/1964,meninggal,14650000000
3/22/2023,2023,3,Bandung,506,482,27,20,Cerah,Dini Hari,Motor,Kelalaian Pengemudi,Jalan Provinsi,Baik,40-60,Tikungan,Laki-laki,>50,Tidak,pribadi,tunggal,pengemudi,tidak,tidak_dijamin,tidak_ada,0
11/3/2021,2021,11,Bandung,392,310,26,22,Cerah,Dini Hari,Motor,Kelalaian Pengemudi,Jalan Kota,Baik,>60,Lurus,Laki-laki,>50,Tidak,pribadi,multi_kendaraan,pengemudi,ya,UU 34/1964,meninggal,17240000000
8/2/2024,2024,8,Medan,641,134,28,2,Cerah,Dini Hari,Bus,Kurang Jarak Aman,Jalan Kota,Rusak,40-60,Simpang Y,Laki-laki,>50,Ya,umum,multi_kendaraan,penumpang,ya,UU 33/1964,meninggal,8140000000
11/6/2022,2022,11,Yogyakarta,449,330,27,27,Cerah,Dini Hari,Bus,Pelanggaran Lalu Lintas,Jalan Provinsi,Berlubang,>60,Simpang 4,Perempuan,<17,Ya,umum,tunggal,penumpang,ya,UU 33/1964,meninggal,18390000000
3/2/2024,2024,3,Bandung,670,126,21,33,Cerah,Siang,Mobil,Kecepatan Berlebih,Jalan Nasional,Rusak,>60,Simpang 4,Laki-laki,>50,Tidak,pribadi,multi_kendaraan,pengemudi,ya,UU 34/1964,meninggal,8010000000
6/6/2022,2022,6,Palembang,575,297,29,70,Cerah,Malam,Truk,Kecepatan Berlebih,Jalan Provinsi,Rusak,<40,Tikungan,Laki-laki,26-45,Tidak,pribadi,multi_kendaraan,pengemudi,ya,UU 34/1964,meninggal,17700000000
5/12/2021,2021,5,Makassar,300,106,24,6,Hujan,Pagi,Bus,Kurang Jarak Aman,Jalan Nasional,Rusak,<40,Simpang T,Perempuan,>50,Tidak,umum,multi_kendaraan,penumpang,ya,UU 33/1964,meninggal,6620000000
11/15/2022,2022,11,Jakarta Timur,489,325,20,6,Hujan,Dini Hari,Bus,Pelanggaran Lalu Lintas,Jalan Nasional,Rusak,40-60,Simpang Y,Laki-laki,<17,Ya,umum,tunggal,penumpang,ya,UU 33/1964,meninggal,17370000000
7/23/2025,2025,7,Jakarta Timur,803,489,25,8,Cerah,Malam,Truk,Kecepatan Berlebih,Jalan Provinsi,Baik,40-60,Simpang 4,Perempuan,<17,Tidak,pribadi,multi_kendaraan,pengemudi,ya,UU 34/1964,meninggal,25860000000
11/16/2023,2023,11,Semarang,670,452,20,19,Cerah,Malam,Mobil,Rem Blong,Jalan Nasional,Baik,>60,Simpang Y,Laki-laki,<17,Ya,pribadi,multi_kendaraan,pengemudi,ya,UU 34/1964,meninggal,23980000000
9/29/2021,2021,9,Medan,307,363,24,32,Cerah,Malam,Truk,Pelanggaran Lalu Lintas,Jalan Provinsi,Rusak,<40,Tikungan,Perempuan,<17,Tidak,pribadi,tunggal,pengemudi,tidak,tidak_dijamin,tidak_ada,0
11/29/2022,2022,11,Makassar,437,453,22,12,Hujan,Malam,Bus,Rem Blong,Jalan Kota,Rusak,>60,Tikungan,Laki-laki,26-45,Tidak,umum,multi_kendaraan,penumpang,ya,UU 33/1964,meninggal,23990000000
2/26/2022,2022,2,Jakarta Timur,378,412,29,62,Hujan,Dini Hari,Motor,Pelanggaran Lalu Lintas,Jalan Nasional,Berlubang,>60,Lurus,Laki-laki,26-45,Ya,pribadi,tunggal,pengemudi,tidak,tidak_dijamin,tidak_ada,0
6/6/2024,2024,6,Jakarta Selatan,872,174,22,37,Cerah,Siang,Truk,Rem Blong,Jalan Kota,Rusak,<40,Simpang Y,Perempuan,17-25,Tidak,pribadi,multi_kendaraan,pengemudi,ya,UU 34/1964,meninggal,10540000000
7/24/2022,2022,7,Makassar,482,491,20,14,Hujan,Dini Hari,Motor,Kelalaian Pengemudi,Jalan Kota,Baik,>60,Simpang Y,Laki-laki,<17,Tidak,pribadi,tunggal,pengemudi,tidak,tidak_dijamin,tidak_ada,0
11/11/2024,2024,11,Makassar,707,181,26,40,Cerah,Pagi,Mobil,Pelanggaran Lalu Lintas,Jalan Kota,Rusak,>60,Simpang 4,Perempuan,17-25,Ya,pribadi,multi_kendaraan,pengemudi,ya,UU 34/1964,meninggal,11150000000
5/2/2022,2022,5,Semarang,353,198,25,9,Hujan,Malam,Mobil,Pelanggaran Lalu Lintas,Jalan Kota,Baik,>60,Lurus,Laki-laki,<17,Ya,pribadi,multi_kendaraan,pengemudi,ya,UU 34/1964,meninggal,11330000000
9/17/2024,2024,9,Palembang,729,296,20,50,Cerah,Dini Hari,Bus,Kurang Jarak Aman,Jalan Kota,Rusak,40-60,Lurus,Laki-laki,<17,Tidak,umum,multi_kendaraan,penumpang,ya,UU 33/1964,meninggal,16800000000
4/28/2022,2022,4,Makassar,370,425,24,10,Hujan,Siang,Truk,Kondisi Jalan,Jalan Provinsi,Berlubang,>60,Tikungan,Perempuan,>50,Ya,pribadi,multi_kendaraan,pengemudi,ya,UU 34/1964,meninggal,22650000000
3/17/2025,2025,3,Surabaya,709,285,27,19,Hujan,Dini Hari,Mobil,Kecepatan Berlebih,Jalan Nasional,Baik,<40,Lurus,Perempuan,17-25,Ya,pribadi,tunggal,pengemudi,tidak,tidak_dijamin,tidak_ada,0
1/9/2021,2021,1,Surabaya,219,140,28,7,Cerah,Malam,Motor,Pelanggaran Lalu Lintas,Jalan Kota,Berlubang,40-60,Lurus,Perempuan,17-25,Tidak,pribadi,tunggal,pengemudi,tidak,tidak_dijamin,tidak_ada,0
9/22/2021,2021,9,Semarang,279,479,21,8,Hujan,Siang,Motor,Kecepatan Berlebih,Jalan Kota,Rusak,>60,Simpang T,Laki-laki,<17,Ya,pribadi,multi_kendaraan,pengemudi,ya,UU 34/1964,meninggal,25160000000
11/29/2025,2025,11,Jakarta Timur,852,121,22,6,Hujan,Dini Hari,Bus,Kelalaian Pengemudi,Jalan Provinsi,Baik,40-60,Lurus,Perempuan,17-25,Ya,umum,multi_kendaraan,penumpang,ya,UU 33/1964,meninggal,7270000000
6/8/2024,2024,6,Bekasi,913,474,23,9,Hujan,Malam,Truk,Kelalaian Pengemudi,Jalan Kota,Rusak,<40,Lurus,Perempuan,<17,Tidak,pribadi,tunggal,pengemudi,tidak,tidak_dijamin,tidak_ada,0
8/19/2024,2024,8,Bandung,760,307,20,34,Hujan,Dini Hari,Mobil,Kecepatan Berlebih,Jalan Nasional,Berlubang,40-60,Simpang T,Laki-laki,>50,Tidak,pribadi,tunggal,pengemudi,tidak,tidak_dijamin,tidak_ada,0
1/17/2022,2022,1,Yogyakarta,306,473,23,12,Cerah,Siang,Motor,Kecepatan Berlebih,Jalan Provinsi,Baik,40-60,Simpang Y,Laki-laki,<17,Ya,pribadi,multi_kendaraan,pengemudi,ya,UU 34/1964,meninggal,25040000000
1/19/2022,2022,1,Bekasi,258,309,25,24,Cerah,Malam,Truk,Kecepatan Berlebih,Jalan Kota,Baik,<40,Simpang Y,Perempuan,26-45,Ya,pribadi,multi_kendaraan,pengemudi,ya,UU 34/1964,meninggal,17180000000
6/29/2021,2021,6,Jakarta Selatan,495,154,23,45,Cerah,Siang,Mobil,Kondisi Jalan,Jalan Nasional,Rusak,<40,Simpang 4,Laki-laki,17-25,Tidak,pribadi,multi_kendaraan,pengemudi,ya,UU 34/1964,meninggal,9750000000
1/12/2022,2022,1,Palembang,319,452,26,71,Hujan,Dini Hari,Mobil,Kondisi Jalan,Jalan Kota,Berlubang,<40,Simpang T,Laki-laki,26-45,Tidak,pribadi,tunggal,pengemudi,tidak,tidak_dijamin,tidak_ada,0
2/11/2022,2022,2,Yogyakarta,338,420,30,33,Hujan,Malam,Truk,Kecepatan Berlebih,Jalan Kota,Rusak,>60,Simpang 4,Laki-laki,26-45,Ya,pribadi,multi_kendaraan,pengemudi,ya,UU 34/1964,meninggal,23160000000
11/6/2022,2022,11,Yogyakarta,462,170,25,54,Hujan,Pagi,Mobil,Kurang Jarak Aman,Jalan Provinsi,Rusak,>60,Tikungan,Perempuan,<17,Ya,pribadi,multi_kendaraan,pengemudi,ya,UU 34/1964,meninggal,10830000000
6/5/2022,2022,6,Jakarta Timur,682,273,22,29,Cerah,Pagi,Motor,Kurang Jarak Aman,Jalan Nasional,Baik,<40,Simpang T,Laki-laki,<17,Tidak,pribadi,multi_kendaraan,pengemudi,ya,UU 34/1964,meninggal,15330000000
9/11/2024,2024,9,Semarang,671,335,25,5,Hujan,Dini Hari,Truk,Kecepatan Berlebih,Jalan Kota,Rusak,<40,Simpang T,Perempuan,>50,Tidak,pribadi,tunggal,pengemudi,tidak,tidak_dijamin,tidak_ada,0
10/12/2024,2024,10,Palembang,662,472,20,12,Hujan,Malam,Mobil,Pelanggaran Lalu Lintas,Jalan Kota,Baik,<40,Lurus,Perempuan,17-25,Ya,pribadi,multi_kendaraan,pengemudi,ya,UU 34/1964,meninggal,24840000000
7/6/2022,2022,7,Yogyakarta,381,118,26,31,Hujan,Malam,Bus,Kondisi Jalan,Jalan Kota,Baik,>60,Simpang 4,Perempuan,<17,Ya,umum,multi_kendaraan,penumpang,ya,UU 33/1964,meninggal,7820000000
1/5/2021,2021,1,Semarang,166,215,21,41,Hujan,Dini Hari,Motor,Kondisi Jalan,Jalan Provinsi,Berlubang,40-60,Simpang T,Laki-laki,>50,Tidak,pribadi,multi_kendaraan,pengemudi,ya,UU 34/1964,meninggal,12620000000
5/13/2022,2022,5,Bekasi,404,478,27,5,Hujan,Pagi,Truk,Kecepatan Berlebih,Jalan Kota,Baik,<40,Simpang T,Perempuan,26-45,Ya,pribadi,multi_kendaraan,pengemudi,ya,UU 34/1964,meninggal,25350000000
9/14/2025,2025,9,Medan,776,449,21,18,Hujan,Dini Hari,Motor,Pelanggaran Lalu Lintas,Jalan Nasional,Berlubang,40-60,Simpang Y,Laki-laki,17-25,Tidak,pribadi,multi_kendaraan,pengemudi,ya,UU 34/1964,meninggal,23860000000
6/13/2025,2025,6,Semarang,1017,232,21,9,Cerah,Pagi,Mobil,Kurang Jarak Aman,Jalan Nasional,Berlubang,40-60,Tikungan,Perempuan,26-45,Ya,pribadi,multi_kendaraan,pengemudi,ya,UU 34/1964,meninggal,12830000000
3/3/2024,2024,3,Makassar,565,362,20,24,Cerah,Dini Hari,Truk,Kelalaian Pengemudi,Jalan Nasional,Berlubang,>60,Tikungan,Laki-laki,17-25,Tidak,pribadi,multi_kendaraan,pengemudi,ya,UU 34/1964,meninggal,19580000000
7/21/2025,2025,7,Palembang,716,121,20,16,Cerah,Siang,Truk,Pelanggaran Lalu Lintas,Jalan Kota,Berlubang,>60,Lurus,Laki-laki,>50,Tidak,pribadi,multi_kendaraan,pengemudi,ya,UU 34/1964,meninggal,7370000000
10/29/2024,2024,10,Palembang,667,329,27,50,Cerah,Pagi,Mobil,Pelanggaran Lalu Lintas,Jalan Nasional,Berlubang,<40,Simpang 4,Perempuan,<17,Tidak,pribadi,multi_kendaraan,pengemudi,ya,UU 34/1964,meninggal,18800000000
11/30/2021,2021,11,Jakarta Timur,299,389,28,47,Hujan,Dini Hari,Mobil,Pelanggaran Lalu Lintas,Jalan Kota,Berlubang,<40,Tikungan,Laki-laki,>50,Tidak,pribadi,tunggal,pengemudi,tidak,tidak_dijamin,tidak_ada,0
1/14/2024,2024,1,Yogyakarta,563,446,30,3,Cerah,Siang,Bus,Kondisi Jalan,Jalan Kota,Berlubang,40-60,Lurus,Laki-laki,26-45,Ya,umum,tunggal,penumpang,ya,UU 33/1964,meninggal,23860000000
3/15/2023,2023,3,Yogyakarta,510,274,28,4,Cerah,Dini Hari,Truk,Kelalaian Pengemudi,Jalan Nasional,Berlubang,>60,Simpang Y,Perempuan,>50,Ya,pribadi,multi_kendaraan,pengemudi,ya,UU 34/1964,meninggal,15180000000
2/19/2022,2022,2,Bandung,375,160,28,7,Hujan,Siang,Mobil,Kondisi Jalan,Jalan Nasional,Baik,>60,Simpang T,Laki-laki,>50,Ya,pribadi,tunggal,pengemudi,tidak,tidak_dijamin,tidak_ada,0
10/11/2021,2021,10,Bandung,297,119,29,11,Hujan,Siang,Motor,Kurang Jarak Aman,Jalan Nasional,Rusak,>60,Lurus,Perempuan,>50,Tidak,pribadi,multi_kendaraan,pengemudi,ya,UU 34/1964,meninggal,7620000000
1/19/2024,2024,1,Semarang,602,388,23,14,Hujan,Malam,Mobil,Kurang Jarak Aman,Jalan Provinsi,Baik,<40,Simpang 4,Laki-laki,>50,Tidak,pribadi,multi_kendaraan,pengemudi,ya,UU 34/1964,meninggal,20830000000
10/12/2025,2025,10,Palembang,760,368,23,21,Hujan,Malam,Truk,Pelanggaran Lalu Lintas,Jalan Nasional,Berlubang,<40,Lurus,Perempuan,>50,Tidak,pribadi,multi_kendaraan,pengemudi,ya,UU 34/1964,meninggal,19970000000
9/28/2024,2024,9,Palembang,712,426,24,3,Hujan,Siang,Motor,Kecepatan Berlebih,Jalan Provinsi,Rusak,>60,Tikungan,Laki-laki,>50,Ya,pribadi,multi_kendaraan,pengemudi,ya,UU 34/1964,meninggal,22560000000
1/19/2021,2021,1,Medan,266,458,21,13,Hujan,Pagi,Mobil,Rem Blong,Jalan Nasional,Berlubang,>60,Tikungan,Laki-laki,>50,Ya,pribadi,tunggal,pengemudi,tidak,tidak_dijamin,tidak_ada,0
4/9/2022,2022,4,Makassar,409,415,22,67,Cerah,Dini Hari,Truk,Kecepatan Berlebih,Jalan Nasional,Baik,40-60,Simpang 4,Perempuan,>50,Ya,pribadi,tunggal,pengemudi,tidak,tidak_dijamin,tidak_ada,0
5/31/2025,2025,5,Jakarta Selatan,688,188,21,3,Hujan,Pagi,Mobil,Kelalaian Pengemudi,Jalan Provinsi,Baik,>60,Simpang Y,Perempuan,17-25,Tidak,pribadi,tunggal,pengemudi,tidak,tidak_dijamin,tidak_ada,0
5/2/2024,2024,5,Surabaya,592,342,25,33,Cerah,Malam,Motor,Pelanggaran Lalu Lintas,Jalan Nasional,Berlubang,40-60,Simpang T,Perempuan,26-45,Tidak,pribadi,multi_kendaraan,pengemudi,ya,UU 34/1964,meninggal,19010000000
8/22/2022,2022,8,Makassar,428,430,22,32,Hujan,Malam,Motor,Rem Blong,Jalan Provinsi,Baik,<40,Tikungan,Laki-laki,26-45,Tidak,pribadi,multi_kendaraan,pengemudi,ya,UU 34/1964,meninggal,23240000000
6/15/2025,2025,6,Yogyakarta,1032,295,29,15,Cerah,Dini Hari,Truk,Kecepatan Berlebih,Jalan Provinsi,Rusak,>60,Simpang 4,Laki-laki,26-45,Tidak,pribadi,multi_kendaraan,pengemudi,ya,UU 34/1964,meninggal,16500000000
10/8/2023,2023,10,Bandung,590,312,29,53,Cerah,Dini Hari,Mobil,Kondisi Jalan,Jalan Provinsi,Baik,<40,Simpang 4,Laki-laki,>50,Tidak,pribadi,multi_kendaraan,pengemudi,ya,UU 34/1964,meninggal,18110000000
11/4/2025,2025,11,Bekasi,791,216,30,31,Hujan,Malam,Mobil,Kondisi Jalan,Jalan Kota,Baik,>60,Lurus,Laki-laki,>50,Ya,pribadi,multi_kendaraan,pengemudi,ya,UU 34/1964,meninggal,12920000000
8/30/2023,2023,8,Bandung,538,369,30,39,Hujan,Siang,Truk,Rem Blong,Jalan Provinsi,Baik,<40,Simpang T,Laki-laki,>50,Ya,pribadi,multi_kendaraan,pengemudi,ya,UU 34/1964,meninggal,20730000000
6/26/2022,2022,6,Semarang,640,467,22,48,Cerah,Siang,Mobil,Kecepatan Berlebih,Jalan Nasional,Baik,>60,Simpang 4,Perempuan,>50,Tidak,pribadi,multi_kendaraan,pengemudi,ya,UU 34/1964,meninggal,25410000000
10/1/2025,2025,10,Yogyakarta,902,369,24,2,Hujan,Siang,Truk,Kondisi Jalan,Jalan Provinsi,Baik,40-60,Lurus,Laki-laki,26-45,Ya,pribadi,multi_kendaraan,pengemudi,ya,UU 34/1964,meninggal,19690000000
9/9/2025,2025,9,Semarang,758,168,20,29,Cerah,Malam,Motor,Kecepatan Berlebih,Jalan Nasional,Baik,>60,Tikungan,Laki-laki,<17,Ya,pribadi,tunggal,pengemudi,tidak,tidak_dijamin,tidak_ada,0
5/17/2023,2023,5,Yogyakarta,568,340,20,48,Cerah,Pagi,Mobil,Pelanggaran Lalu Lintas,Jalan Nasional,Berlubang,40-60,Simpang T,Perempuan,26-45,Ya,pribadi,tunggal,pengemudi,tidak,tidak_dijamin,tidak_ada,0
5/19/2025,2025,5,Makassar,834,419,24,3,Hujan,Siang,Mobil,Kurang Jarak Aman,Jalan Kota,Berlubang,>60,Tikungan,Perempuan,17-25,Tidak,pribadi,tunggal,pengemudi,tidak,tidak_dijamin,tidak_ada,0
4/1/2025,2025,4,Bandung,699,174,26,23,Hujan,Malam,Motor,Kelalaian Pengemudi,Jalan Provinsi,Rusak,40-60,Simpang T,Laki-laki,17-25,Tidak,pribadi,multi_kendaraan,pengemudi,ya,UU 34/1964,meninggal,10460000000
6/25/2022,2022,6,Palembang,630,277,27,70,Cerah,Malam,Truk,Kecepatan Berlebih,Jalan Provinsi,Rusak,40-60,Lurus,Laki-laki,17-25,Ya,pribadi,multi_kendaraan,pengemudi,ya,UU 34/1964,meninggal,16600000000
1/29/2021,2021,1,Surabaya,256,465,22,15,Hujan,Malam,Mobil,Kecepatan Berlebih,Jalan Nasional,Rusak,>60,Simpang 4,Laki-laki,<17,Ya,pribadi,multi_kendaraan,pengemudi,ya,UU 34/1964,meninggal,24650000000
8/28/2024,2024,8,Jakarta Timur,637,430,24,35,Hujan,Pagi,Mobil,Rem Blong,Jalan Nasional,Baik,<40,Tikungan,Perempuan,17-25,Tidak,pribadi,tunggal,pengemudi,tidak,tidak_dijamin,tidak_ada,0
4/25/2022,2022,4,Yogyakarta,421,213,23,21,Cerah,Dini Hari,Motor,Kecepatan Berlebih,Jalan Kota,Rusak,>60,Simpang Y,Perempuan,>50,Tidak,pribadi,multi_kendaraan,pengemudi,ya,UU 34/1964,meninggal,12220000000
2/25/2021,2021,2,Bekasi,296,298,25,47,Cerah,Siang,Motor,Rem Blong,Jalan Nasional,Berlubang,40-60,Simpang 4,Perempuan,26-45,Tidak,pribadi,multi_kendaraan,pengemudi,ya,UU 34/1964,meninggal,17090000000
7/27/2023,2023,7,Medan,565,156,23,28,Hujan,Pagi,Motor,Kondisi Jalan,Jalan Kota,Baik,<40,Lurus,Perempuan,<17,Tidak,pribadi,tunggal,pengemudi,tidak,tidak_dijamin,tidak_ada,0
1/28/2024,2024,1,Jakarta Timur,622,263,26,43,Hujan,Pagi,Bus,Kurang Jarak Aman,Jalan Provinsi,Berlubang,40-60,Simpang Y,Perempuan,<17,Tidak,umum,multi_kendaraan,penumpang,ya,UU 33/1964,meninggal,15310000000
2/28/2023,2023,2,Palembang,518,342,24,16,Cerah,Siang,Mobil,Kondisi Jalan,Jalan Kota,Berlubang,<40,Lurus,Laki-laki,>50,Tidak,pribadi,multi_kendaraan,pengemudi,ya,UU 34/1964,meninggal,18620000000
5/19/2023,2023,5,Jakarta Selatan,486,193,27,56,Hujan,Pagi,Truk,Rem Blong,Jalan Kota,Rusak,>60,Lurus,Perempuan,17-25,Ya,pribadi,multi_kendaraan,pengemudi,ya,UU 34/1964,meninggal,12120000000
11/25/2021,2021,11,Jakarta Timur,389,172,26,47,Hujan,Dini Hari,Mobil,Pelanggaran Lalu Lintas,Jalan Kota,Berlubang,<40,Lurus,Laki-laki,>50,Tidak,pribadi,multi_kendaraan,pengemudi,ya,UU 34/1964,meninggal,10840000000
5/26/2022,2022,5,Medan,324,408,20,22,Hujan,Pagi,Motor,Kurang Jarak Aman,Jalan Provinsi,Rusak,<40,Lurus,Laki-laki,>50,Ya,pribadi,multi_kendaraan,pengemudi,ya,UU 34/1964,meninggal,21840000000
11/5/2025,2025,11,Palembang,911,334,25,31,Cerah,Malam,Truk,Kondisi Jalan,Jalan Kota,Rusak,40-60,Simpang 4,Perempuan,>50,Tidak,pribadi,multi_kendaraan,pengemudi,ya,UU 34/1964,meninggal,18570000000
1/3/2024,2024,1,Jakarta Timur,584,281,28,11,Hujan,Malam,Bus,Kondisi Jalan,Jalan Kota,Baik,>60,Simpang T,Laki-laki,17-25,Ya,umum,multi_kendaraan,penumpang,ya,UU 33/1964,meninggal,15670000000
11/28/2025,2025,11,Palembang,822,175,22,35,Cerah,Pagi,Mobil,Pelanggaran Lalu Lintas,Jalan Nasional,Rusak,<40,Lurus,Perempuan,17-25,Ya,pribadi,multi_kendaraan,pengemudi,ya,UU 34/1964,meninggal,10550000000
10/30/2023,2023,10,Makassar,571,105,20,18,Cerah,Malam,Truk,Pelanggaran Lalu Lintas,Jalan Nasional,Rusak,40-60,Simpang Y,Laki-laki,17-25,Ya,pribadi,tunggal,pengemudi,tidak,tidak_dijamin,tidak_ada,0
8/28/2025,2025,8,Palembang,822,181,26,30,Cerah,Malam,Mobil,Kondisi Jalan,Jalan Provinsi,Baik,>60,Lurus,Laki-laki,26-45,Ya,pribadi,multi_kendaraan,pengemudi,ya,UU 34/1964,meninggal,10950000000
3/15/2022,2022,3,Bekasi,424,453,30,3,Cerah,Malam,Truk,Rem Blong,Jalan Provinsi,Berlubang,>60,Simpang T,Laki-laki,>50,Tidak,pribadi,multi_kendaraan,pengemudi,ya,UU 34/1964,meninggal,24210000000
3/14/2022,2022,3,Bandung,339,487,22,32,Cerah,Malam,Motor,Kondisi Jalan,Jalan Kota,Berlubang,>60,Lurus,Perempuan,<17,Tidak,pribadi,multi_kendaraan,pengemudi,ya,UU 34/1964,meninggal,26090000000
10/22/2023,2023,10,Jakarta Selatan,553,381,20,2,Cerah,Pagi,Bus,Kelalaian Pengemudi,Jalan Kota,Berlubang,>60,Tikungan,Laki-laki,>50,Ya,umum,tunggal,penumpang,ya,UU 33/1964,meninggal,20090000000
12/5/2022,2022,12,Semarang,628,343,24,28,Hujan,Dini Hari,Truk,Pelanggaran Lalu Lintas,Jalan Provinsi,Rusak,>60,Simpang Y,Perempuan,>50,Tidak,pribadi,multi_kendaraan,pengemudi,ya,UU 34/1964,meninggal,18910000000
11/25/2024,2024,11,Surabaya,662,434,28,15,Hujan,Siang,Mobil,Rem Blong,Jalan Nasional,Rusak,>60,Tikungan,Laki-laki,<17,Ya,pribadi,multi_kendaraan,pengemudi,ya,UU 34/1964,meninggal,23400000000
6/3/2024,2024,6,Bekasi,910,327,28,3,Hujan,Dini Hari,Motor,Kondisi Jalan,Jalan Kota,Rusak,>60,Simpang T,Perempuan,17-25,Ya,pribadi,tunggal,pengemudi,tidak,tidak_dijamin,tidak_ada,0
6/16/2023,2023,6,Surabaya,737,139,22,28,Cerah,Siang,Truk,Kondisi Jalan,Jalan Kota,Rusak,40-60,Lurus,Perempuan,17-25,Tidak,pribadi,tunggal,pengemudi,tidak,tidak_dijamin,tidak_ada,0
8/19/2022,2022,8,Yogyakarta,519,312,29,14,Hujan,Pagi,Mobil,Kecepatan Berlebih,Jalan Provinsi,Berlubang,<40,Lurus,Perempuan,17-25,Ya,pribadi,multi_kendaraan,pengemudi,ya,UU 34/1964,meninggal,17330000000
10/6/2024,2024,10,Bekasi,761,462,24,17,Hujan,Siang,Motor,Kondisi Jalan,Jalan Kota,Berlubang,<40,Simpang T,Perempuan,<17,Tidak,pribadi,tunggal,pengemudi,tidak,tidak_dijamin,tidak_ada,0
6/17/2022,2022,6,Medan,642,101,29,23,Hujan,Dini Hari,Motor,Kecepatan Berlebih,Jalan Kota,Baik,<40,Simpang Y,Perempuan,26-45,Tidak,pribadi,multi_kendaraan,pengemudi,ya,UU 34/1964,meninggal,6960000000
7/9/2023,2023,7,Medan,479,489,25,33,Cerah,Malam,Motor,Kondisi Jalan,Jalan Provinsi,Baik,>60,Lurus,Perempuan,<17,Tidak,pribadi,multi_kendaraan,pengemudi,ya,UU 34/1964,meninggal,26360000000
10/5/2021,2021,10,Bekasi,378,255,30,14,Cerah,Pagi,Mobil,Kurang Jarak Aman,Jalan Nasional,Rusak,<40,Lurus,Laki-laki,<17,Ya,pribadi,multi_kendaraan,pengemudi,ya,UU 34/1964,meninggal,14530000000
11/18/2021,2021,11,Semarang,294,496,26,16,Hujan,Malam,Motor,Kurang Jarak Aman,Jalan Provinsi,Baik,<40,Lurus,Laki-laki,17-25,Ya,pribadi,multi_kendaraan,pengemudi,ya,UU 34/1964,meninggal,26420000000
8/6/2022,2022,8,Jakarta Selatan,515,360,29,13,Cerah,Pagi,Bus,Kurang Jarak Aman,Jalan Provinsi,Rusak,40-60,Simpang T,Laki-laki,26-45,Ya,umum,tunggal,penumpang,ya,UU 33/1964,meninggal,19710000000
8/25/2023,2023,8,Jakarta Timur,623,199,25,33,Hujan,Malam,Mobil,Kurang Jarak Aman,Jalan Kota,Baik,>60,Simpang Y,Perempuan,17-25,Ya,pribadi,multi_kendaraan,pengemudi,ya,UU 34/1964,meninggal,11860000000
2/17/2024,2024,2,Bandung,548,149,23,17,Hujan,Malam,Bus,Kecepatan Berlebih,Jalan Nasional,Berlubang,40-60,Lurus,Perempuan,26-45,Ya,umum,multi_kendaraan,penumpang,ya,UU 33/1964,meninggal,8940000000
6/10/2024,2024,6,Jakarta Timur,902,460,27,53,Hujan,Dini Hari,Bus,Kurang Jarak Aman,Jalan Nasional,Berlubang,40-60,Lurus,Perempuan,26-45,Ya,umum,tunggal,penumpang,ya,UU 33/1964,meninggal,25410000000
9/2/2024,2024,9,Yogyakarta,735,123,22,16,Hujan,Pagi,Mobil,Kelalaian Pengemudi,Jalan Kota,Berlubang,>60,Simpang Y,Perempuan,<17,Tidak,pribadi,tunggal,pengemudi,tidak,tidak_dijamin,tidak_ada,0
7/4/2021,2021,7,Jakarta Timur,343,451,21,23,Cerah,Dini Hari,Motor,Kecepatan Berlebih,Jalan Kota,Baik,>60,Simpang T,Laki-laki,<17,Ya,pribadi,multi_kendaraan,pengemudi,ya,UU 34/1964,meninggal,24060000000
6/20/2022,2022,6,Bekasi,731,101,27,38,Cerah,Dini Hari,Bus,Pelanggaran Lalu Lintas,Jalan Nasional,Rusak,>60,Tikungan,Laki-laki,<17,Tidak,umum,multi_kendaraan,penumpang,ya,UU 33/1964,meninggal,7160000000
12/3/2023,2023,12,Palembang,854,245,24,11,Hujan,Malam,Motor,Pelanggaran Lalu Lintas,Jalan Provinsi,Rusak,>60,Simpang Y,Perempuan,>50,Tidak,pribadi,multi_kendaraan,pengemudi,ya,UU 34/1964,meninggal,13670000000
1/2/2022,2022,1,Surabaya,278,313,29,1,Hujan,Dini Hari,Mobil,Kurang Jarak Aman,Jalan Provinsi,Baik,40-60,Simpang T,Perempuan,>50,Ya,pribadi,tunggal,pengemudi,tidak,tidak_dijamin,tidak_ada,0
5/30/2023,2023,5,Yogyakarta,479,409,22,30,Hujan,Malam,Mobil,Pelanggaran Lalu Lintas,Jalan Nasional,Berlubang,<40,Lurus,Laki-laki,17-25,Tidak,pribadi,tunggal,pengemudi,tidak,tidak_dijamin,tidak_ada,0
7/16/2021,2021,7,Medan,231,265,24,49,Cerah,Dini Hari,Motor,Kurang Jarak Aman,Jalan Kota,Rusak,>60,Simpang T,Laki-laki,17-25,Tidak,pribadi,tunggal,pengemudi,tidak,tidak_dijamin,tidak_ada,0
6/26/2025,2025,6,Palembang,1002,263,20,24,Cerah,Pagi,Truk,Pelanggaran Lalu Lintas,Jalan Kota,Berlubang,40-60,Simpang Y,Laki-laki,26-45,Ya,pribadi,multi_kendaraan,pengemudi,ya,UU 34/1964,meninggal,14630000000
7/12/2025,2025,7,Jakarta Timur,860,200,28,8,Cerah,Malam,Truk,Kecepatan Berlebih,Jalan Provinsi,Baik,>60,Tikungan,Laki-laki,>50,Tidak,pribadi,multi_kendaraan,pengemudi,ya,UU 34/1964,meninggal,11560000000
10/31/2021,2021,10,Surabaya,292,376,21,10,Cerah,Malam,Mobil,Pelanggaran Lalu Lintas,Jalan Nasional,Rusak,<40,Simpang 4,Laki-laki,<17,Ya,pribadi,multi_kendaraan,pengemudi,ya,UU 34/1964,meninggal,20050000000
11/7/2025,2025,11,Medan,876,259,24,25,Hujan,Pagi,Truk,Kurang Jarak Aman,Jalan Provinsi,Baik,40-60,Simpang 4,Laki-laki,<17,Tidak,pribadi,multi_kendaraan,pengemudi,ya,UU 34/1964,meninggal,14650000000
4/22/2025,2025,4,Jakarta Selatan,765,388,26,11,Hujan,Siang,Mobil,Kurang Jarak Aman,Jalan Kota,Berlubang,>60,Simpang Y,Laki-laki,26-45,Tidak,pribadi,multi_kendaraan,pengemudi,ya,UU 34/1964,meninggal,20920000000
6/18/2024,2024,6,Bekasi,995,181,29,8,Hujan,Dini Hari,Bus,Kelalaian Pengemudi,Jalan Kota,Baik,<40,Simpang 4,Laki-laki,>50,Tidak,umum,tunggal,penumpang,ya,UU 33/1964,meninggal,10660000000
10/14/2024,2024,10,Medan,774,226,30,59,Hujan,Dini Hari,Bus,Pelanggaran Lalu Lintas,Jalan Kota,Berlubang,>60,Simpang T,Laki-laki,<17,Ya,umum,multi_kendaraan,penumpang,ya,UU 33/1964,meninggal,13980000000
11/13/2022,2022,11,Palembang,433,392,20,12,Hujan,Pagi,Truk,Kondisi Jalan,Jalan Nasional,Rusak,<40,Simpang 4,Perempuan,<17,Tidak,pribadi,multi_kendaraan,pengemudi,ya,UU 34/1964,meninggal,20840000000
11/26/2023,2023,11,Bandung,595,478,25,29,Hujan,Malam,Bus,Kelalaian Pengemudi,Jalan Provinsi,Baik,<40,Lurus,Perempuan,26-45,Ya,umum,tunggal,penumpang,ya,UU 33/1964,meninggal,25730000000
9/30/2023,2023,9,Jakarta Timur,556,377,25,52,Hujan,Siang,Mobil,Kelalaian Pengemudi,Jalan Provinsi,Baik,>60,Tikungan,Perempuan,<17,Ya,pribadi,multi_kendaraan,pengemudi,ya,UU 34/1964,meninggal,21140000000
10/23/2021,2021,10,Bekasi,368,294,21,42,Cerah,Siang,Bus,Kondisi Jalan,Jalan Provinsi,Berlubang,40-60,Simpang Y,Perempuan,>50,Tidak,umum,tunggal,penumpang,ya,UU 33/1964,meninggal,16590000000
8/25/2023,2023,8,Jakarta Selatan,545,109,26,45,Hujan,Dini Hari,Motor,Pelanggaran Lalu Lintas,Jalan Kota,Berlubang,40-60,Simpang T,Laki-laki,17-25,Ya,pribadi,multi_kendaraan,pengemudi,ya,UU 34/1964,meninggal,7650000000
7/1/2022,2022,7,Surabaya,364,370,21,32,Cerah,Pagi,Truk,Kurang Jarak Aman,Jalan Nasional,Baik,<40,Simpang T,Laki-laki,<17,Tidak,pribadi,multi_kendaraan,pengemudi,ya,UU 34/1964,meninggal,20190000000
7/14/2025,2025,7,Makassar,748,391,22,5,Hujan,Malam,Motor,Kecepatan Berlebih,Jalan Nasional,Berlubang,40-60,Tikungan,Perempuan,26-45,Ya,pribadi,multi_kendaraan,pengemudi,ya,UU 34/1964,meninggal,20750000000
3/16/2025,2025,3,Makassar,718,438,24,27,Cerah,Dini Hari,Truk,Kecepatan Berlebih,Jalan Nasional,Baik,<40,Lurus,Laki-laki,<17,Ya,pribadi,multi_kendaraan,pengemudi,ya,UU 34/1964,meninggal,23640000000
7/28/2022,2022,7,Bekasi,392,166,20,19,Hujan,Siang,Mobil,Kurang Jarak Aman,Jalan Kota,Berlubang,40-60,Simpang T,Perempuan,<17,Ya,pribadi,tunggal,pengemudi,tidak,tidak_dijamin,tidak_ada,0
11/18/2024,2024,11,Semarang,735,304,21,39,Cerah,Malam,Bus,Pelanggaran Lalu Lintas,Jalan Kota,Rusak,<40,Simpang T,Perempuan,17-25,Tidak,umum,multi_kendaraan,penumpang,ya,UU 33/1964,meninggal,17030000000
2/19/2021,2021,2,Palembang,296,137,22,17,Hujan,Siang,Truk,Kurang Jarak Aman,Jalan Kota,Baik,>60,Simpang 4,Perempuan,>50,Tidak,pribadi,multi_kendaraan,pengemudi,ya,UU 34/1964,meninggal,8290000000
9/29/2024,2024,9,Yogyakarta,698,355,29,3,Hujan,Siang,Bus,Kondisi Jalan,Jalan Kota,Baik,>60,Lurus,Perempuan,17-25,Ya,umum,multi_kendaraan,penumpang,ya,UU 33/1964,meninggal,19260000000
1/5/2023,2023,1,Makassar,520,387,29,55,Hujan,Dini Hari,Mobil,Kondisi Jalan,Jalan Nasional,Berlubang,40-60,Simpang Y,Laki-laki,17-25,Tidak,pribadi,multi_kendaraan,pengemudi,ya,UU 34/1964,meninggal,21900000000
11/19/2021,2021,11,Surabaya,382,350,30,10,Cerah,Pagi,Mobil,Kecepatan Berlebih,Jalan Nasional,Rusak,40-60,Lurus,Laki-laki,17-25,Tidak,pribadi,tunggal,pengemudi,tidak,tidak_dijamin,tidak_ada,0
8/8/2021,2021,8,Jakarta Selatan,306,434,29,2,Hujan,Pagi,Bus,Kondisi Jalan,Jalan Nasional,Rusak,<40,Tikungan,Perempuan,<17,Ya,umum,multi_kendaraan,penumpang,ya,UU 33/1964,meninggal,23190000000
8/2/2022,2022,8,Medan,510,220,27,22,Cerah,Siang,Bus,Pelanggaran Lalu Lintas,Jalan Provinsi,Rusak,<40,Simpang 4,Laki-laki,<17,Tidak,umum,tunggal,penumpang,ya,UU 33/1964,meninggal,12790000000
3/2/2025,2025,3,Medan,673,294,20,28,Cerah,Pagi,Motor,Kecepatan Berlebih,Jalan Provinsi,Baik,>60,Lurus,Perempuan,>50,Tidak,pribadi,tunggal,pengemudi,tidak,tidak_dijamin,tidak_ada,0
2/25/2021,2021,2,Jakarta Timur,167,257,29,52,Hujan,Siang,Motor,Pelanggaran Lalu Lintas,Jalan Nasional,Berlubang,40-60,Simpang 4,Laki-laki,17-25,Tidak,pribadi,multi_kendaraan,pengemudi,ya,UU 34/1964,meninggal,15340000000
5/25/2021,2021,5,Palembang,328,500,25,50,Hujan,Dini Hari,Truk,Pelanggaran Lalu Lintas,Jalan Provinsi,Baik,<40,Tikungan,Laki-laki,26-45,Ya,pribadi,tunggal,pengemudi,tidak,tidak_dijamin,tidak_ada,0
1/27/2024,2024,1,Medan,606,165,29,38,Cerah,Siang,Mobil,Kelalaian Pengemudi,Jalan Nasional,Baik,>60,Simpang 4,Laki-laki,26-45,Ya,pribadi,multi_kendaraan,pengemudi,ya,UU 34/1964,meninggal,10460000000
1/13/2023,2023,1,Semarang,496,365,25,19,Hujan,Pagi,Mobil,Kelalaian Pengemudi,Jalan Nasional,Baik,>60,Tikungan,Laki-laki,>50,Tidak,pribadi,multi_kendaraan,pengemudi,ya,UU 34/1964,meninggal,19880000000
6/15/2021,2021,6,Makassar,527,111,30,60,Hujan,Malam,Motor,Kelalaian Pengemudi,Jalan Nasional,Baik,<40,Simpang 4,Perempuan,17-25,Ya,pribadi,multi_kendaraan,pengemudi,ya,UU 34/1964,meninggal,8250000000
2/11/2023,2023,2,Surabaya,406,491,25,2,Hujan,Malam,Truk,Pelanggaran Lalu Lintas,Jalan Kota,Rusak,40-60,Tikungan,Laki-laki,<17,Ya,pribadi,tunggal,pengemudi,tidak,tidak_dijamin,tidak_ada,0
11/17/2021,2021,11,Palembang,414,230,24,8,Hujan,Siang,Bus,Kondisi Jalan,Jalan Nasional,Baik,40-60,Simpang 4,Laki-laki,<17,Tidak,umum,tunggal,penumpang,ya,UU 33/1964,meninggal,12860000000
3/29/2021,2021,3,Palembang,280,339,24,13,Hujan,Malam,Bus,Kurang Jarak Aman,Jalan Provinsi,Berlubang,40-60,Simpang 4,Perempuan,<17,Tidak,umum,multi_kendaraan,penumpang,ya,UU 33/1964,meninggal,18410000000
5/25/2023,2023,5,Medan,503,114,27,10,Hujan,Siang,Mobil,Kondisi Jalan,Jalan Provinsi,Baik,40-60,Tikungan,Laki-laki,26-45,Ya,pribadi,tunggal,pengemudi,tidak,tidak_dijamin,tidak_ada,0
2/17/2024,2024,2,Medan,636,112,28,7,Hujan,Siang,Mobil,Rem Blong,Jalan Kota,Berlubang,>60,Tikungan,Perempuan,>50,Ya,pribadi,multi_kendaraan,pengemudi,ya,UU 34/1964,meninggal,7140000000
1/23/2023,2023,1,Jakarta Timur,495,295,28,9,Hujan,Dini Hari,Bus,Pelanggaran Lalu Lintas,Jalan Provinsi,Rusak,40-60,Lurus,Perempuan,26-45,Ya,umum,multi_kendaraan,penumpang,ya,UU 33/1964,meninggal,16330000000
2/1/2022,2022,2,Jakarta Timur,377,316,28,24,Hujan,Malam,Truk,Kurang Jarak Aman,Jalan Provinsi,Rusak,40-60,Simpang T,Laki-laki,<17,Tidak,pribadi,multi_kendaraan,pengemudi,ya,UU 34/1964,meninggal,17680000000
5/3/2025,2025,5,Jakarta Timur,744,199,22,7,Hujan,Siang,Mobil,Kelalaian Pengemudi,Jalan Nasional,Berlubang,<40,Tikungan,Laki-laki,<17,Tidak,pribadi,tunggal,pengemudi,tidak,tidak_dijamin,tidak_ada,0
2/15/2024,2024,2,Surabaya,626,374,25,24,Cerah,Siang,Truk,Kondisi Jalan,Jalan Nasional,Baik,40-60,Simpang Y,Perempuan,>50,Tidak,pribadi,multi_kendaraan,pengemudi,ya,UU 34/1964,meninggal,20430000000
2/10/2021,2021,2,Yogyakarta,237,316,27,39,Cerah,Pagi,Mobil,Pelanggaran Lalu Lintas,Jalan Provinsi,Baik,<40,Simpang 4,Perempuan,17-25,Tidak,pribadi,multi_kendaraan,pengemudi,ya,UU 34/1964,meninggal,17930000000
2/22/2023,2023,2,Makassar,471,131,22,25,Cerah,Malam,Motor,Kecepatan Berlebih,Jalan Kota,Berlubang,40-60,Simpang T,Perempuan,<17,Tidak,pribadi,multi_kendaraan,pengemudi,ya,UU 34/1964,meninggal,8150000000
3/24/2022,2022,3,Jakarta Selatan,309,295,21,34,Hujan,Pagi,Truk,Kurang Jarak Aman,Jalan Kota,Baik,<40,Simpang Y,Laki-laki,>50,Tidak,pribadi,multi_kendaraan,pengemudi,ya,UU 34/1964,meninggal,16480000000
4/1/2021,2021,4,Medan,320,244,28,24,Cerah,Malam,Bus,Pelanggaran Lalu Lintas,Jalan Kota,Berlubang,>60,Simpang Y,Laki-laki,17-25,Ya,umum,multi_kendaraan,penumpang,ya,UU 33/1964,meninggal,14080000000
9/2/2022,2022,9,Jakarta Timur,468,420,26,7,Hujan,Pagi,Bus,Kurang Jarak Aman,Jalan Nasional,Baik,40-60,Tikungan,Perempuan,26-45,Ya,umum,multi_kendaraan,penumpang,ya,UU 33/1964,meninggal,22440000000
5/2/2023,2023,5,Makassar,525,175,26,34,Hujan,Malam,Bus,Kurang Jarak Aman,Jalan Nasional,Berlubang,<40,Simpang Y,Perempuan,26-45,Ya,umum,tunggal,penumpang,ya,UU 33/1964,meninggal,10730000000
9/27/2024,2024,9,Palembang,753,366,24,50,Cerah,Dini Hari,Bus,Kurang Jarak Aman,Jalan Kota,Rusak,>60,Simpang Y,Perempuan,<17,Tidak,umum,multi_kendaraan,penumpang,ya,UU 33/1964,meninggal,20500000000
1/14/2025,2025,1,Jakarta Selatan,627,101,29,45,Hujan,Dini Hari,Mobil,Kurang Jarak Aman,Jalan Provinsi,Baik,>60,Lurus,Perempuan,<17,Ya,pribadi,multi_kendaraan,pengemudi,ya,UU 34/1964,meninggal,7400000000
6/24/2025,2025,6,Medan,918,356,22,46,Hujan,Dini Hari,Bus,Kelalaian Pengemudi,Jalan Provinsi,Baik,40-60,Tikungan,Laki-laki,<17,Ya,umum,multi_kendaraan,penumpang,ya,UU 33/1964,meninggal,19820000000
9/26/2025,2025,9,Makassar,773,277,24,18,Hujan,Dini Hari,Mobil,Kelalaian Pengemudi,Jalan Kota,Baik,40-60,Lurus,Perempuan,17-25,Tidak,pribadi,tunggal,pengemudi,tidak,tidak_dijamin,tidak_ada,0
7/27/2023,2023,7,Makassar,553,119,28,15,Hujan,Pagi,Truk,Kurang Jarak Aman,Jalan Provinsi,Berlubang,40-60,Simpang T,Perempuan,17-25,Ya,pribadi,tunggal,pengemudi,tidak,tidak_dijamin,tidak_ada,0
11/20/2021,2021,11,Semarang,388,147,23,45,Cerah,Dini Hari,Motor,Kondisi Jalan,Jalan Kota,Baik,>60,Simpang T,Perempuan,>50,Tidak,pribadi,multi_kendaraan,pengemudi,ya,UU 34/1964,meninggal,9400000000
1/16/2023,2023,1,Bekasi,392,327,25,15,Cerah,Siang,Bus,Kurang Jarak Aman,Jalan Nasional,Berlubang,>60,Simpang Y,Laki-laki,>50,Ya,umum,tunggal,penumpang,ya,UU 33/1964,meninggal,17900000000
9/3/2022,2022,9,Jakarta Timur,512,270,29,16,Hujan,Malam,Bus,Kecepatan Berlebih,Jalan Kota,Baik,<40,Lurus,Laki-laki,17-25,Tidak,umum,multi_kendaraan,penumpang,ya,UU 33/1964,meninggal,15270000000
4/10/2024,2024,4,Jakarta Timur,554,410,30,11,Cerah,Pagi,Mobil,Pelanggaran Lalu Lintas,Jalan Kota,Baik,>60,Simpang Y,Laki-laki,26-45,Tidak,pribadi,multi_kendaraan,pengemudi,ya,UU 34/1964,meninggal,22220000000
2/19/2025,2025,2,Medan,783,479,24,53,Cerah,Pagi,Motor,Kurang Jarak Aman,Jalan Nasional,Baik,40-60,Simpang T,Laki-laki,<17,Tidak,pribadi,multi_kendaraan,pengemudi,ya,UU 34/1964,meninggal,26210000000
1/6/2022,2022,1,Palembang,345,205,30,16,Hujan,Pagi,Bus,Kelalaian Pengemudi,Jalan Kota,Berlubang,>60,Simpang Y,Laki-laki,26-45,Tidak,umum,multi_kendaraan,penumpang,ya,UU 33/1964,meninggal,12070000000
5/17/2022,2022,5,Palembang,352,373,28,23,Cerah,Pagi,Motor,Pelanggaran Lalu Lintas,Jalan Provinsi,Rusak,>60,Simpang Y,Laki-laki,17-25,Tidak,pribadi,multi_kendaraan,pengemudi,ya,UU 34/1964,meninggal,20510000000
12/6/2023,2023,12,Yogyakarta,830,369,27,53,Hujan,Malam,Mobil,Pelanggaran Lalu Lintas,Jalan Kota,Berlubang,>60,Simpang Y,Laki-laki,>50,Ya,pribadi,tunggal,pengemudi,tidak,tidak_dijamin,tidak_ada,0
5/23/2021,2021,5,Bandung,317,281,26,13,Cerah,Malam,Truk,Kondisi Jalan,Jalan Nasional,Rusak,>60,Tikungan,Perempuan,<17,Tidak,pribadi,tunggal,pengemudi,tidak,tidak_dijamin,tidak_ada,0
2/21/2024,2024,2,Surabaya,587,443,22,24,Cerah,Siang,Truk,Kondisi Jalan,Jalan Nasional,Baik,40-60,Tikungan,Perempuan,>50,Ya,pribadi,tunggal,pengemudi,tidak,tidak_dijamin,tidak_ada,0
1/23/2021,2021,1,Jakarta Selatan,219,278,26,9,Cerah,Pagi,Motor,Rem Blong,Jalan Provinsi,Berlubang,40-60,Tikungan,Perempuan,26-45,Tidak,pribadi,multi_kendaraan,pengemudi,ya,UU 34/1964,meninggal,15380000000
6/25/2024,2024,6,Yogyakarta,898,261,26,27,Cerah,Malam,Truk,Kondisi Jalan,Jalan Nasional,Rusak,>60,Simpang Y,Perempuan,>50,Ya,pribadi,multi_kendaraan,pengemudi,ya,UU 34/1964,meninggal,14890000000
5/3/2025,2025,5,Jakarta Timur,745,182,27,7,Hujan,Siang,Mobil,Kelalaian Pengemudi,Jalan Nasional,Berlubang,40-60,Simpang T,Laki-laki,>50,Tidak,pribadi,tunggal,pengemudi,tidak,tidak_dijamin,tidak_ada,0
9/24/2023,2023,9,Bandung,640,274,24,6,Hujan,Siang,Mobil,Kecepatan Berlebih,Jalan Nasional,Berlubang,>60,Lurus,Laki-laki,17-25,Ya,pribadi,multi_kendaraan,pengemudi,ya,UU 34/1964,meninggal,15020000000
12/25/2023,2023,12,Yogyakarta,920,136,27,8,Hujan,Siang,Motor,Kondisi Jalan,Jalan Nasional,Rusak,40-60,Lurus,Perempuan,<17,Tidak,pribadi,multi_kendaraan,pengemudi,ya,UU 34/1964,meninggal,8310000000
1/16/2025,2025,1,Jakarta Timur,684,418,30,12,Cerah,Pagi,Motor,Kecepatan Berlebih,Jalan Kota,Baik,40-60,Simpang Y,Laki-laki,17-25,Ya,pribadi,multi_kendaraan,pengemudi,ya,UU 34/1964,meninggal,22640000000
4/10/2024,2024,4,Yogyakarta,572,268,21,21,Cerah,Dini Hari,Bus,Kondisi Jalan,Jalan Nasional,Rusak,40-60,Simpang Y,Laki-laki,>50,Ya,umum,tunggal,penumpang,ya,UU 33/1964,meninggal,14870000000
5/20/2022,2022,5,Semarang,315,244,25,9,Hujan,Malam,Mobil,Pelanggaran Lalu Lintas,Jalan Kota,Baik,<40,Simpang 4,Laki-laki,<17,Ya,pribadi,multi_kendaraan,pengemudi,ya,UU 34/1964,meninggal,13630000000
10/26/2025,2025,10,Makassar,774,208,27,45,Cerah,Pagi,Motor,Kondisi Jalan,Jalan Nasional,Berlubang,>60,Simpang T,Perempuan,>50,Ya,pribadi,multi_kendaraan,pengemudi,ya,UU 34/1964,meninggal,12650000000
6/15/2024,2024,6,Jakarta Timur,961,325,22,26,Cerah,Dini Hari,Mobil,Kurang Jarak Aman,Jalan Kota,Baik,<40,Simpang 4,Perempuan,<17,Ya,pribadi,tunggal,pengemudi,tidak,tidak_dijamin,tidak_ada,0
11/2/2025,2025,11,Makassar,844,199,24,20,Hujan,Siang,Truk,Kelalaian Pengemudi,Jalan Kota,Berlubang,<40,Lurus,Perempuan,26-45,Tidak,pribadi,multi_kendaraan,pengemudi,ya,UU 34/1964,meninggal,11550000000
6/1/2025,2025,6,Bekasi,923,266,29,37,Cerah,Malam,Truk,Kelalaian Pengemudi,Jalan Nasional,Berlubang,40-60,Simpang 4,Perempuan,17-25,Ya,pribadi,multi_kendaraan,pengemudi,ya,UU 34/1964,meninggal,15490000000
2/8/2021,2021,2,Surabaya,221,391,28,43,Cerah,Siang,Mobil,Kecepatan Berlebih,Jalan Provinsi,Berlubang,40-60,Simpang 4,Perempuan,26-45,Tidak,pribadi,multi_kendaraan,pengemudi,ya,UU 34/1964,meninggal,21810000000
8/22/2023,2023,8,Jakarta Timur,580,179,28,33,Hujan,Malam,Mobil,Kurang Jarak Aman,Jalan Kota,Baik,40-60,Simpang T,Perempuan,<17,Tidak,pribadi,multi_kendaraan,pengemudi,ya,UU 34/1964,meninggal,11010000000
4/7/2024,2024,4,Medan,660,447,30,15,Cerah,Siang,Truk,Kurang Jarak Aman,Jalan Kota,Berlubang,<40,Tikungan,Laki-laki,<17,Ya,pribadi,tunggal,pengemudi,tidak,tidak_dijamin,tidak_ada,0
3/21/2021,2021,3,Surabaya,303,278,30,10,Hujan,Dini Hari,Truk,Rem Blong,Jalan Provinsi,Baik,>60,Simpang T,Perempuan,>50,Ya,pribadi,multi_kendaraan,pengemudi,ya,UU 34/1964,meninggal,15600000000
8/28/2025,2025,8,Yogyakarta,828,268,23,8,Cerah,Siang,Truk,Pelanggaran Lalu Lintas,Jalan Kota,Berlubang,<40,Simpang 4,Laki-laki,<17,Tidak,pribadi,multi_kendaraan,pengemudi,ya,UU 34/1964,meninggal,14710000000
2/4/2021,2021,2,Medan,214,426,27,8,Cerah,Siang,Mobil,Rem Blong,Jalan Kota,Baik,>60,Simpang Y,Perempuan,17-25,Tidak,pribadi,tunggal,pengemudi,tidak,tidak_dijamin,tidak_ada,0
4/17/2022,2022,4,Makassar,453,321,30,67,Cerah,Dini Hari,Truk,Kecepatan Berlebih,Jalan Nasional,Baik,40-60,Simpang Y,Laki-laki,26-45,Tidak,pribadi,tunggal,pengemudi,tidak,tidak_dijamin,tidak_ada,0
8/20/2021,2021,8,Yogyakarta,288,474,30,9,Cerah,Dini Hari,Truk,Kondisi Jalan,Jalan Kota,Baik,>60,Tikungan,Perempuan,26-45,Tidak,pribadi,tunggal,pengemudi,tidak,tidak_dijamin,tidak_ada,0
1/17/2023,2023,1,Bandung,388,122,30,55,Cerah,Malam,Motor,Rem Blong,Jalan Kota,Baik,<40,Simpang Y,Laki-laki,26-45,Tidak,pribadi,multi_kendaraan,pengemudi,ya,UU 34/1964,meninggal,8700000000
11/26/2023,2023,11,Yogyakarta,674,163,26,19,Cerah,Pagi,Motor,Kurang Jarak Aman,Jalan Nasional,Rusak,>60,Lurus,Laki-laki,<17,Ya,pribadi,multi_kendaraan,pengemudi,ya,UU 34/1964,meninggal,9830000000
1/24/2024,2024,1,Surabaya,602,372,20,38,Hujan,Dini Hari,Mobil,Kurang Jarak Aman,Jalan Provinsi,Baik,>60,Simpang T,Perempuan,17-25,Tidak,pribadi,tunggal,pengemudi,tidak,tidak_dijamin,tidak_ada,0
6/30/2021,2021,6,Yogyakarta,642,191,28,6,Cerah,Dini Hari,Motor,Kelalaian Pengemudi,Jalan Kota,Rusak,>60,Lurus,Laki-laki,<17,Tidak,pribadi,tunggal,pengemudi,tidak,tidak_dijamin,tidak_ada,0
1/12/2024,2024,1,Bandung,528,252,21,18,Hujan,Siang,Mobil,Kecepatan Berlebih,Jalan Nasional,Baik,>60,Tikungan,Laki-laki,>50,Tidak,pribadi,multi_kendaraan,pengemudi,ya,UU 34/1964,meninggal,14010000000
12/14/2021,2021,12,Bekasi,698,198,30,14,Hujan,Siang,Truk,Kecepatan Berlebih,Jalan Kota,Baik,40-60,Simpang T,Perempuan,<17,Ya,pribadi,multi_kendaraan,pengemudi,ya,UU 34/1964,meninggal,11680000000
12/15/2023,2023,12,Jakarta Timur,949,482,29,56,Hujan,Siang,Bus,Kecepatan Berlebih,Jalan Nasional,Rusak,<40,Simpang T,Perempuan,26-45,Ya,umum,multi_kendaraan,penumpang,ya,UU 33/1964,meninggal,26670000000
2/18/2024,2024,2,Yogyakarta,595,152,29,17,Hujan,Malam,Bus,Kurang Jarak Aman,Jalan Kota,Rusak,40-60,Simpang 4,Perempuan,26-45,Tidak,umum,tunggal,penumpang,ya,UU 33/1964,meninggal,9390000000
4/15/2025,2025,4,Yogyakarta,811,475,25,41,Hujan,Pagi,Bus,Pelanggaran Lalu Lintas,Jalan Nasional,Rusak,40-60,Simpang T,Laki-laki,>50,Ya,umum,multi_kendaraan,penumpang,ya,UU 33/1964,meninggal,25820000000
10/5/2025,2025,10,Surabaya,825,138,29,15,Hujan,Siang,Motor,Kecepatan Berlebih,Jalan Kota,Rusak,>60,Simpang Y,Laki-laki,17-25,Ya,pribadi,multi_kendaraan,pengemudi,ya,UU 34/1964,meninggal,8650000000
6/28/2024,2024,6,Yogyakarta,830,439,24,30,Hujan,Siang,Mobil,Pelanggaran Lalu Lintas,Jalan Provinsi,Rusak,>60,Simpang T,Laki-laki,26-45,Tidak,pribadi,multi_kendaraan,pengemudi,ya,UU 34/1964,meninggal,23750000000
3/31/2023,2023,3,Bekasi,443,348,21,45,Cerah,Malam,Truk,Kecepatan Berlebih,Jalan Provinsi,Baik,>60,Simpang Y,Laki-laki,17-25,Tidak,pribadi,tunggal,pengemudi,tidak,tidak_dijamin,tidak_ada,0
10/18/2021,2021,10,Makassar,367,359,28,25,Cerah,Malam,Motor,Kondisi Jalan,Jalan Nasional,Rusak,40-60,Simpang Y,Laki-laki,>50,Tidak,pribadi,tunggal,pengemudi,tidak,tidak_dijamin,tidak_ada,0
1/9/2022,2022,1,Palembang,339,147,27,71,Hujan,Dini Hari,Mobil,Kondisi Jalan,Jalan Kota,Berlubang,>60,Simpang T,Perempuan,>50,Tidak,pribadi,multi_kendaraan,pengemudi,ya,UU 34/1964,meninggal,10120000000
12/28/2022,2022,12,Surabaya,685,499,26,41,Hujan,Malam,Truk,Kelalaian Pengemudi,Jalan Kota,Rusak,40-60,Lurus,Perempuan,<17,Tidak,pribadi,tunggal,pengemudi,tidak,tidak_dijamin,tidak_ada,0
8/22/2023,2023,8,Bandung,593,251,29,65,Hujan,Pagi,Truk,Rem Blong,Jalan Kota,Rusak,40-60,Simpang 4,Perempuan,<17,Tidak,pribadi,tunggal,pengemudi,tidak,tidak_dijamin,tidak_ada,0
11/9/2023,2023,11,Surabaya,547,434,21,22,Hujan,Malam,Mobil,Kecepatan Berlebih,Jalan Nasional,Baik,>60,Lurus,Perempuan,>50,Ya,pribadi,multi_kendaraan,pengemudi,ya,UU 34/1964,meninggal,23190000000
9/4/2022,2022,9,Jakarta Selatan,407,202,29,35,Cerah,Pagi,Motor,Kecepatan Berlebih,Jalan Kota,Berlubang,40-60,Simpang 4,Laki-laki,17-25,Ya,pribadi,multi_kendaraan,pengemudi,ya,UU 34/1964,meninggal,12250000000
1/11/2023,2023,1,Surabaya,527,391,30,41,Hujan,Dini Hari,Mobil,Kurang Jarak Aman,Jalan Kota,Berlubang,<40,Simpang 4,Laki-laki,<17,Ya,pribadi,multi_kendaraan,pengemudi,ya,UU 34/1964,meninggal,21870000000
2/8/2021,2021,2,Medan,263,134,29,47,Cerah,Dini Hari,Bus,Rem Blong,Jalan Kota,Rusak,<40,Lurus,Laki-laki,26-45,Ya,umum,tunggal,penumpang,ya,UU 33/1964,meninggal,9090000000
5/2/2021,2021,5,Surabaya,225,307,29,46,Cerah,Dini Hari,Truk,Kurang Jarak Aman,Jalan Provinsi,Baik,40-60,Simpang 4,Perempuan,26-45,Tidak,pribadi,multi_kendaraan,pengemudi,ya,UU 34/1964,meninggal,17720000000
9/5/2024,2024,9,Semarang,721,310,26,21,Cerah,Dini Hari,Bus,Kecepatan Berlebih,Jalan Kota,Baik,>60,Simpang Y,Laki-laki,17-25,Tidak,umum,multi_kendaraan,penumpang,ya,UU 33/1964,meninggal,17220000000
2/22/2024,2024,2,Yogyakarta,658,460,29,15,Hujan,Dini Hari,Truk,Kurang Jarak Aman,Jalan Kota,Rusak,>60,Simpang T,Perempuan,17-25,Tidak,pribadi,tunggal,pengemudi,tidak,tidak_dijamin,tidak_ada,0
9/24/2021,2021,9,Bandung,372,403,20,25,Cerah,Dini Hari,Truk,Pelanggaran Lalu Lintas,Jalan Provinsi,Rusak,>60,Simpang Y,Perempuan,26-45,Ya,pribadi,multi_kendaraan,pengemudi,ya,UU 34/1964,meninggal,21650000000
9/24/2022,2022,9,Jakarta Selatan,449,347,28,35,Cerah,Pagi,Motor,Kecepatan Berlebih,Jalan Kota,Berlubang,<40,Lurus,Perempuan,>50,Ya,pribadi,tunggal,pengemudi,tidak,tidak_dijamin,tidak_ada,0
4/11/2021,2021,4,Yogyakarta,211,132,21,8,Hujan,Dini Hari,Bus,Kelalaian Pengemudi,Jalan Nasional,Berlubang,40-60,Simpang Y,Laki-laki,26-45,Tidak,umum,multi_kendaraan,penumpang,ya,UU 33/1964,meninggal,7810000000
5/1/2022,2022,5,Jakarta Timur,344,128,29,45,Cerah,Siang,Motor,Kondisi Jalan,Jalan Provinsi,Rusak,40-60,Simpang T,Perempuan,26-45,Tidak,pribadi,multi_kendaraan,pengemudi,ya,UU 34/1964,meninggal,8750000000
1/8/2021,2021,1,Surabaya,274,350,28,7,Cerah,Malam,Motor,Pelanggaran Lalu Lintas,Jalan Kota,Berlubang,>60,Tikungan,Laki-laki,>50,Ya,pribadi,tunggal,pengemudi,tidak,tidak_dijamin,tidak_ada,0
8/22/2021,2021,8,Bekasi,294,182,26,69,Cerah,Pagi,Mobil,Pelanggaran Lalu Lintas,Jalan Provinsi,Baik,40-60,Simpang Y,Laki-laki,<17,Tidak,pribadi,tunggal,pengemudi,tidak,tidak_dijamin,tidak_ada,0
5/10/2022,2022,5,Jakarta Selatan,405,237,25,8,Hujan,Malam,Mobil,Kurang Jarak Aman,Jalan Nasional,Baik,>60,Simpang 4,Laki-laki,<17,Tidak,pribadi,multi_kendaraan,pengemudi,ya,UU 34/1964,meninggal,13260000000
10/6/2021,2021,10,Bandung,277,135,21,12,Hujan,Pagi,Truk,Kurang Jarak Aman,Jalan Nasional,Baik,40-60,Simpang T,Laki-laki,>50,Tidak,pribadi,tunggal,pengemudi,tidak,tidak_dijamin,tidak_ada,0
11/23/2025,2025,11,Bandung,849,474,25,10,Cerah,Pagi,Mobil,Rem Blong,Jalan Provinsi,Baik,40-60,Tikungan,Perempuan,17-25,Tidak,pribadi,tunggal,pengemudi,tidak,tidak_dijamin,tidak_ada,0
3/14/2022,2022,3,Semarang,313,476,29,5,Cerah,Malam,Bus,Pelanggaran Lalu Lintas,Jalan Provinsi,Baik,>60,Simpang 4,Perempuan,17-25,Tidak,umum,multi_kendaraan,penumpang,ya,UU 33/1964,meninggal,25350000000
4/6/2022,2022,4,Yogyakarta,441,263,28,43,Cerah,Malam,Truk,Pelanggaran Lalu Lintas,Jalan Kota,Rusak,>60,Lurus,Perempuan,17-25,Ya,pribadi,tunggal,pengemudi,tidak,tidak_dijamin,tidak_ada,0
1/19/2021,2021,1,Bandung,277,486,22,13,Hujan,Malam,Bus,Kecepatan Berlebih,Jalan Kota,Baik,<40,Simpang 4,Laki-laki,>50,Ya,umum,multi_kendaraan,penumpang,ya,UU 33/1964,meninggal,25660000000
6/12/2022,2022,6,Semarang,696,188,25,42,Hujan,Dini Hari,Bus,Rem Blong,Jalan Nasional,Berlubang,>60,Tikungan,Perempuan,17-25,Ya,umum,multi_kendaraan,penumpang,ya,UU 33/1964,meninggal,11490000000
8/21/2025,2025,8,Bekasi,794,352,26,17,Hujan,Dini Hari,Motor,Kurang Jarak Aman,Jalan Nasional,Berlubang,<40,Simpang Y,Perempuan,26-45,Tidak,pribadi,multi_kendaraan,pengemudi,ya,UU 34/1964,meninggal,19240000000
8/18/2025,2025,8,Makassar,813,340,25,9,Hujan,Siang,Bus,Kondisi Jalan,Jalan Nasional,Baik,40-60,Simpang Y,Perempuan,<17,Tidak,umum,tunggal,penumpang,ya,UU 33/1964,meninggal,18430000000
9/13/2025,2025,9,Bekasi,746,484,20,34,Hujan,Dini Hari,Mobil,Kondisi Jalan,Jalan Provinsi,Rusak,40-60,Tikungan,Perempuan,17-25,Tidak,pribadi,tunggal,pengemudi,tidak,tidak_dijamin,tidak_ada,0
4/30/2024,2024,4,Jakarta Selatan,626,124,21,2,Hujan,Dini Hari,Mobil,Kelalaian Pengemudi,Jalan Provinsi,Rusak,<40,Simpang 4,Laki-laki,26-45,Tidak,pribadi,multi_kendaraan,pengemudi,ya,UU 34/1964,meninggal,7290000000
7/14/2025,2025,7,Jakarta Selatan,846,175,25,21,Cerah,Malam,Mobil,Pelanggaran Lalu Lintas,Jalan Kota,Baik,<40,Lurus,Laki-laki,>50,Ya,pribadi,multi_kendaraan,pengemudi,ya,UU 34/1964,meninggal,10420000000
5/22/2023,2023,5,Yogyakarta,585,430,21,6,Cerah,Siang,Mobil,Rem Blong,Jalan Nasional,Baik,40-60,Tikungan,Laki-laki,26-45,Tidak,pribadi,multi_kendaraan,pengemudi,ya,UU 34/1964,meninggal,22670000000
1/9/2023,2023,1,Jakarta Timur,504,156,21,9,Hujan,Dini Hari,Bus,Pelanggaran Lalu Lintas,Jalan Provinsi,Rusak,40-60,Lurus,Perempuan,>50,Ya,umum,multi_kendaraan,penumpang,ya,UU 33/1964,meninggal,9030000000
12/25/2022,2022,12,Jakarta Selatan,716,222,20,65,Hujan,Dini Hari,Mobil,Kelalaian Pengemudi,Jalan Nasional,Berlubang,40-60,Tikungan,Laki-laki,26-45,Tidak,pribadi,tunggal,pengemudi,tidak,tidak_dijamin,tidak_ada,0
4/23/2024,2024,4,Medan,559,412,21,15,Cerah,Siang,Truk,Kurang Jarak Aman,Jalan Kota,Berlubang,40-60,Tikungan,Perempuan,<17,Ya,pribadi,tunggal,pengemudi,tidak,tidak_dijamin,tidak_ada,0
11/14/2025,2025,11,Yogyakarta,784,281,25,51,Cerah,Siang,Mobil,Rem Blong,Jalan Nasional,Berlubang,>60,Tikungan,Laki-laki,26-45,Tidak,pribadi,multi_kendaraan,pengemudi,ya,UU 34/1964,meninggal,16320000000
2/1/2022,2022,2,Surabaya,388,135,28,25,Cerah,Pagi,Truk,Rem Blong,Jalan Provinsi,Berlubang,<40,Simpang 4,Laki-laki,<17,Ya,pribadi,tunggal,pengemudi,tidak,tidak_dijamin,tidak_ada,0
1/11/2022,2022,1,Bekasi,318,239,26,27,Hujan,Dini Hari,Truk,Kondisi Jalan,Jalan Provinsi,Berlubang,40-60,Tikungan,Perempuan,<17,Ya,pribadi,multi_kendaraan,pengemudi,ya,UU 34/1964,meninggal,13790000000
12/6/2023,2023,12,Bandung,812,229,21,29,Hujan,Dini Hari,Bus,Kondisi Jalan,Jalan Provinsi,Rusak,>60,Lurus,Perempuan,26-45,Tidak,umum,tunggal,penumpang,ya,UU 33/1964,meninggal,13080000000
8/27/2024,2024,8,Bandung,677,313,21,6,Hujan,Siang,Truk,Pelanggaran Lalu Lintas,Jalan Nasional,Baik,40-60,Simpang Y,Perempuan,>50,Ya,pribadi,tunggal,pengemudi,tidak,tidak_dijamin,tidak_ada,0
1/20/2022,2022,1,Surabaya,260,281,27,49,Hujan,Dini Hari,Mobil,Kurang Jarak Aman,Jalan Nasional,Berlubang,40-60,Simpang 4,Laki-laki,>50,Tidak,pribadi,multi_kendaraan,pengemudi,ya,UU 34/1964,meninggal,16380000000
7/1/2024,2024,7,Palembang,696,483,29,48,Cerah,Pagi,Motor,Pelanggaran Lalu Lintas,Jalan Nasional,Berlubang,>60,Lurus,Laki-laki,17-25,Tidak,pribadi,multi_kendaraan,pengemudi,ya,UU 34/1964,meninggal,26560000000
6/1/2021,2021,6,Surabaya,512,482,28,15,Cerah,Malam,Bus,Kurang Jarak Aman,Jalan Provinsi,Berlubang,40-60,Simpang 4,Perempuan,26-45,Ya,umum,tunggal,penumpang,ya,UU 33/1964,meninggal,25800000000
1/14/2024,2024,1,Bekasi,580,125,21,4,Cerah,Malam,Bus,Pelanggaran Lalu Lintas,Jalan Provinsi,Berlubang,>60,Tikungan,Perempuan,26-45,Ya,umum,multi_kendaraan,penumpang,ya,UU 33/1964,meninggal,7380000000
7/30/2025,2025,7,Jakarta Timur,832,484,24,20,Cerah,Siang,Bus,Kurang Jarak Aman,Jalan Nasional,Berlubang,40-60,Simpang 4,Laki-laki,<17,Ya,umum,multi_kendaraan,penumpang,ya,UU 33/1964,meninggal,25800000000
12/3/2021,2021,12,Palembang,548,252,21,27,Hujan,Siang,Mobil,Kelalaian Pengemudi,Jalan Nasional,Baik,>60,Simpang 4,Laki-laki,17-25,Tidak,pribadi,multi_kendaraan,pengemudi,ya,UU 34/1964,meninggal,14190000000
10/10/2021,2021,10,Palembang,311,450,23,44,Hujan,Pagi,Bus,Kondisi Jalan,Jalan Nasional,Berlubang,>60,Lurus,Laki-laki,26-45,Ya,umum,multi_kendaraan,penumpang,ya,UU 33/1964,meninggal,24530000000
6/8/2021,2021,6,Semarang,470,413,23,8,Cerah,Dini Hari,Truk,Pelanggaran Lalu Lintas,Jalan Provinsi,Rusak,40-60,Simpang 4,Laki-laki,17-25,Ya,pribadi,multi_kendaraan,pengemudi,ya,UU 34/1964,meninggal,21960000000
6/22/2025,2025,6,Bekasi,980,129,29,5,Cerah,Malam,Bus,Kurang Jarak Aman,Jalan Nasional,Berlubang,>60,Simpang T,Perempuan,26-45,Ya,umum,tunggal,penumpang,ya,UU 33/1964,meninggal,8000000000
8/18/2022,2022,8,Yogyakarta,481,426,25,5,Hujan,Malam,Motor,Rem Blong,Jalan Kota,Rusak,>60,Simpang Y,Laki-laki,17-25,Tidak,pribadi,tunggal,pengemudi,tidak,tidak_dijamin,tidak_ada,0
7/31/2025,2025,7,Bekasi,719,408,27,42,Cerah,Malam,Truk,Pelanggaran Lalu Lintas,Jalan Nasional,Berlubang,<40,Simpang 4,Laki-laki,17-25,Ya,pribadi,multi_kendaraan,pengemudi,ya,UU 34/1964,meninggal,22590000000
8/16/2023,2023,8,Yogyakarta,579,427,27,16,Hujan,Malam,Mobil,Rem Blong,Jalan Nasional,Rusak,>60,Simpang 4,Laki-laki,26-45,Ya,pribadi,tunggal,pengemudi,tidak,tidak_dijamin,tidak_ada,0
2/24/2022,2022,2,Semarang,351,302,26,43,Cerah,Siang,Motor,Kurang Jarak Aman,Jalan Nasional,Berlubang,<40,Simpang 4,Perempuan,>50,Tidak,pribadi,multi_kendaraan,pengemudi,ya,UU 34/1964,meninggal,17260000000
1/13/2021,2021,1,Yogyakarta,254,368,20,29,Hujan,Dini Hari,Bus,Kecepatan Berlebih,Jalan Kota,Baik,<40,Tikungan,Laki-laki,<17,Ya,umum,tunggal,penumpang,ya,UU 33/1964,meninggal,19980000000
8/5/2021,2021,8,Makassar,304,484,28,55,Hujan,Siang,Motor,Pelanggaran Lalu Lintas,Jalan Kota,Rusak,40-60,Simpang Y,Laki-laki,>50,Ya,pribadi,tunggal,pengemudi,tidak,tidak_dijamin,tidak_ada,0
4/21/2024,2024,4,Bandung,567,111,22,13,Cerah,Dini Hari,Truk,Rem Blong,Jalan Kota,Baik,<40,Simpang T,Perempuan,>50,Tidak,pribadi,multi_kendaraan,pengemudi,ya,UU 34/1964,meninggal,6910000000
1/16/2024,2024,1,Bandung,547,189,27,13,Cerah,Malam,Truk,Rem Blong,Jalan Nasional,Berlubang,<40,Simpang Y,Laki-laki,>50,Ya,pribadi,tunggal,pengemudi,tidak,tidak_dijamin,tidak_ada,0
11/23/2022,2022,11,Bekasi,423,331,23,15,Cerah,Dini Hari,Mobil,Kurang Jarak Aman,Jalan Nasional,Berlubang,40-60,Lurus,Laki-laki,17-25,Ya,pribadi,multi_kendaraan,pengemudi,ya,UU 34/1964,meninggal,18000000000
7/8/2021,2021,7,Bandung,266,475,26,10,Cerah,Pagi,Bus,Kondisi Jalan,Jalan Kota,Berlubang,<40,Tikungan,Perempuan,<17,Ya,umum,multi_kendaraan,penumpang,ya,UU 33/1964,meninggal,25250000000
5/24/2022,2022,5,Bandung,459,366,22,8,Hujan,Malam,Motor,Pelanggaran Lalu Lintas,Jalan Kota,Berlubang,<40,Simpang 4,Laki-laki,26-45,Ya,pribadi,tunggal,pengemudi,tidak,tidak_dijamin,tidak_ada,0
1/2/2023,2023,1,Medan,390,419,25,11,Hujan,Malam,Mobil,Rem Blong,Jalan Kota,Baik,40-60,Simpang Y,Perempuan,<17,Tidak,pribadi,multi_kendaraan,pengemudi,ya,UU 34/1964,meninggal,22420000000
6/18/2025,2025,6,Bandung,992,254,25,42,Cerah,Dini Hari,Mobil,Kondisi Jalan,Jalan Kota,Rusak,<40,Simpang Y,Laki-laki,17-25,Tidak,pribadi,multi_kendaraan,pengemudi,ya,UU 34/1964,meninggal,14790000000
8/10/2023,2023,8,Palembang,635,193,28,27,Cerah,Pagi,Truk,Rem Blong,Jalan Provinsi,Berlubang,<40,Simpang Y,Laki-laki,<17,Ya,pribadi,multi_kendaraan,pengemudi,ya,UU 34/1964,meninggal,11590000000
3/4/2021,2021,3,Medan,180,446,30,36,Cerah,Malam,Bus,Rem Blong,Jalan Provinsi,Rusak,<40,Tikungan,Perempuan,26-45,Tidak,umum,tunggal,penumpang,ya,UU 33/1964,meninggal,24520000000
1/20/2024,2024,1,Jakarta Timur,544,350,23,17,Cerah,Siang,Mobil,Kondisi Jalan,Jalan Nasional,Berlubang,<40,Simpang 4,Perempuan,26-45,Tidak,pribadi,multi_kendaraan,pengemudi,ya,UU 34/1964,meninggal,18990000000
6/26/2022,2022,6,Bandung,668,418,26,66,Hujan,Pagi,Mobil,Kurang Jarak Aman,Jalan Provinsi,Rusak,40-60,Simpang Y,Laki-laki,26-45,Ya,pribadi,multi_kendaraan,pengemudi,ya,UU 34/1964,meninggal,23520000000
2/23/2024,2024,2,Makassar,605,406,30,4,Cerah,Malam,Motor,Kurang Jarak Aman,Jalan Provinsi,Berlubang,<40,Lurus,Laki-laki,>50,Ya,pribadi,tunggal,pengemudi,tidak,tidak_dijamin,tidak_ada,0
8/15/2021,2021,8,Bandung,272,296,30,12,Cerah,Pagi,Bus,Kondisi Jalan,Jalan Provinsi,Berlubang,>60,Simpang 4,Perempuan,<17,Ya,umum,tunggal,penumpang,ya,UU 33/1964,meninggal,16540000000
5/1/2025,2025,5,Bandung,749,468,30,15,Cerah,Pagi,Mobil,Kecepatan Berlebih,Jalan Kota,Berlubang,40-60,Tikungan,Perempuan,>50,Ya,pribadi,multi_kendaraan,pengemudi,ya,UU 34/1964,meninggal,25200000000
10/5/2021,2021,10,Bandung,389,358,20,11,Hujan,Siang,Motor,Kurang Jarak Aman,Jalan Nasional,Rusak,<40,Tikungan,Perempuan,<17,Ya,pribadi,multi_kendaraan,pengemudi,ya,UU 34/1964,meninggal,19120000000
4/19/2025,2025,4,Jakarta Selatan,668,368,21,13,Hujan,Malam,Mobil,Pelanggaran Lalu Lintas,Jalan Provinsi,Baik,40-60,Simpang 4,Perempuan,>50,Ya,pribadi,multi_kendaraan,pengemudi,ya,UU 34/1964,meninggal,19710000000
2/20/2023,2023,2,Surabaya,492,336,25,10,Cerah,Pagi,Bus,Kondisi Jalan,Jalan Nasional,Berlubang,>60,Simpang 4,Perempuan,<17,Ya,umum,multi_kendaraan,penumpang,ya,UU 33/1964,meninggal,18250000000
12/9/2024,2024,12,Jakarta Timur,873,370,25,18,Cerah,Malam,Mobil,Rem Blong,Jalan Provinsi,Rusak,<40,Simpang Y,Perempuan,26-45,Tidak,pribadi,multi_kendaraan,pengemudi,ya,UU 34/1964,meninggal,20110000000
6/26/2022,2022,6,Bandung,580,154,21,10,Cerah,Pagi,Truk,Kelalaian Pengemudi,Jalan Nasional,Berlubang,40-60,Tikungan,Perempuan,17-25,Tidak,pribadi,tunggal,pengemudi,tidak,tidak_dijamin,tidak_ada,0
5/8/2024,2024,5,Bekasi,636,305,20,9,Cerah,Dini Hari,Truk,Kelalaian Pengemudi,Jalan Nasional,Rusak,<40,Simpang Y,Perempuan,26-45,Tidak,pribadi,tunggal,pengemudi,tidak,tidak_dijamin,tidak_ada,0
8/19/2023,2023,8,Bandung,565,398,24,2,Cerah,Malam,Mobil,Kurang Jarak Aman,Jalan Nasional,Berlubang,>60,Simpang Y,Perempuan,<17,Ya,pribadi,multi_kendaraan,pengemudi,ya,UU 34/1964,meninggal,21140000000
7/7/2025,2025,7,Palembang,805,213,24,16,Cerah,Siang,Truk,Pelanggaran Lalu Lintas,Jalan Kota,Berlubang,>60,Simpang Y,Perempuan,>50,Ya,pribadi,multi_kendaraan,pengemudi,ya,UU 34/1964,meninggal,12170000000
11/15/2021,2021,11,Makassar,332,266,27,40,Cerah,Dini Hari,Mobil,Kondisi Jalan,Jalan Provinsi,Berlubang,40-60,Simpang 4,Perempuan,<17,Tidak,pribadi,tunggal,pengemudi,tidak,tidak_dijamin,tidak_ada,0
10/31/2024,2024,10,Bandung,676,485,24,12,Cerah,Dini Hari,Motor,Kurang Jarak Aman,Jalan Provinsi,Berlubang,<40,Lurus,Laki-laki,17-25,Ya,pribadi,multi_kendaraan,pengemudi,ya,UU 34/1964,meninggal,25690000000
12/7/2022,2022,12,Jakarta Timur,742,147,23,36,Cerah,Dini Hari,Mobil,Kelalaian Pengemudi,Jalan Provinsi,Berlubang,<40,Lurus,Perempuan,26-45,Ya,pribadi,tunggal,pengemudi,tidak,tidak_dijamin,tidak_ada,0
11/13/2025,2025,11,Jakarta Timur,880,149,22,10,Cerah,Siang,Mobil,Rem Blong,Jalan Nasional,Berlubang,<40,Simpang 4,Perempuan,<17,Tidak,pribadi,multi_kendaraan,pengemudi,ya,UU 34/1964,meninggal,8750000000
6/3/2025,2025,6,Bandung,980,108,28,28,Hujan,Malam,Truk,Kecepatan Berlebih,Jalan Nasional,Baik,>60,Simpang Y,Perempuan,>50,Ya,pribadi,multi_kendaraan,pengemudi,ya,UU 34/1964,meninggal,7360000000
5/1/2023,2023,5,Jakarta Timur,593,262,22,37,Hujan,Siang,Motor,Kecepatan Berlebih,Jalan Provinsi,Berlubang,40-60,Tikungan,Laki-laki,26-45,Ya,pribadi,tunggal,pengemudi,tidak,tidak_dijamin,tidak_ada,0
12/2/2024,2024,12,Palembang,836,157,22,35,Hujan,Malam,Motor,Rem Blong,Jalan Provinsi,Rusak,40-60,Tikungan,Laki-laki,<17,Ya,pribadi,multi_kendaraan,pengemudi,ya,UU 34/1964,meninggal,9650000000
8/27/2024,2024,8,Medan,729,212,24,2,Cerah,Dini Hari,Bus,Kurang Jarak Aman,Jalan Kota,Rusak,40-60,Simpang 4,Perempuan,<17,Tidak,umum,tunggal,penumpang,ya,UU 33/1964,meninggal,11840000000
3/22/2023,2023,3,Bekasi,463,374,24,11,Hujan,Pagi,Truk,Kondisi Jalan,Jalan Kota,Rusak,>60,Lurus,Laki-laki,17-25,Ya,pribadi,multi_kendaraan,pengemudi,ya,UU 34/1964,meninggal,20120000000
7/31/2025,2025,7,Surabaya,823,127,26,11,Cerah,Pagi,Truk,Kondisi Jalan,Jalan Provinsi,Baik,40-60,Lurus,Laki-laki,>50,Ya,pribadi,multi_kendaraan,pengemudi,ya,UU 34/1964,meninggal,7870000000
9/18/2023,2023,9,Palembang,571,116,26,6,Cerah,Dini Hari,Bus,Kecepatan Berlebih,Jalan Nasional,Berlubang,<40,Tikungan,Perempuan,17-25,Tidak,umum,tunggal,penumpang,ya,UU 33/1964,meninggal,7220000000
6/6/2021,2021,6,Bandung,495,337,22,22,Cerah,Malam,Mobil,Pelanggaran Lalu Lintas,Jalan Nasional,Rusak,>60,Simpang Y,Laki-laki,>50,Tidak,pribadi,multi_kendaraan,pengemudi,ya,UU 34/1964,meninggal,18390000000
2/15/2022,2022,2,Semarang,319,249,30,43,Cerah,Siang,Motor,Kurang Jarak Aman,Jalan Nasional,Berlubang,40-60,Simpang T,Laki-laki,>50,Ya,pribadi,tunggal,pengemudi,tidak,tidak_dijamin,tidak_ada,0
2/28/2023,2023,2,Semarang,519,405,22,5,Cerah,Pagi,Bus,Kurang Jarak Aman,Jalan Nasional,Rusak,40-60,Simpang T,Laki-laki,>50,Ya,umum,multi_kendaraan,penumpang,ya,UU 33/1964,meninggal,21450000000
4/26/2021,2021,4,Bandung,187,307,29,12,Hujan,Pagi,Truk,Kecepatan Berlebih,Jalan Kota,Berlubang,40-60,Simpang T,Perempuan,17-25,Ya,pribadi,multi_kendaraan,pengemudi,ya,UU 34/1964,meninggal,17040000000
12/5/2022,2022,12,Jakarta Selatan,703,275,30,28,Cerah,Dini Hari,Bus,Kondisi Jalan,Jalan Kota,Berlubang,<40,Tikungan,Laki-laki,>50,Tidak,umum,tunggal,penumpang,ya,UU 33/1964,meninggal,15810000000
12/8/2021,2021,12,Surabaya,633,165,28,37,Hujan,Siang,Bus,Rem Blong,Jalan Provinsi,Rusak,40-60,Simpang 4,Perempuan,>50,Tidak,umum,multi_kendaraan,penumpang,ya,UU 33/1964,meninggal,10390000000
12/29/2022,2022,12,Semarang,753,289,27,8,Hujan,Dini Hari,Truk,Rem Blong,Jalan Provinsi,Rusak,>60,Lurus,Perempuan,26-45,Tidak,pribadi,multi_kendaraan,pengemudi,ya,UU 34/1964,meninggal,15960000000
10/29/2021,2021,10,Surabaya,413,222,30,16,Hujan,Dini Hari,Mobil,Rem Blong,Jalan Provinsi,Rusak,>60,Lurus,Perempuan,<17,Ya,pribadi,multi_kendaraan,pengemudi,ya,UU 34/1964,meninggal,12920000000
2/6/2024,2024,2,Makassar,551,206,23,43,Hujan,Pagi,Motor,Rem Blong,Jalan Nasional,Berlubang,40-60,Simpang Y,Laki-laki,>50,Tidak,pribadi,multi_kendaraan,pengemudi,ya,UU 34/1964,meninggal,12310000000
7/24/2025,2025,7,Jakarta Timur,752,142,28,5,Hujan,Pagi,Bus,Rem Blong,Jalan Kota,Rusak,>60,Simpang Y,Perempuan,26-45,Tidak,umum,multi_kendaraan,penumpang,ya,UU 33/1964,meninggal,8600000000
6/10/2025,2025,6,Bekasi,1084,451,20,5,Cerah,Siang,Bus,Kondisi Jalan,Jalan Provinsi,Baik,>60,Simpang 4,Perempuan,17-25,Tidak,umum,tunggal,penumpang,ya,UU 33/1964,meninggal,23650000000
3/11/2022,2022,3,Bekasi,293,305,28,49,Hujan,Dini Hari,Bus,Pelanggaran Lalu Lintas,Jalan Nasional,Berlubang,<40,Simpang T,Laki-laki,>50,Ya,umum,tunggal,penumpang,ya,UU 33/1964,meninggal,17630000000
4/3/2024,2024,4,Bekasi,679,411,25,9,Cerah,Malam,Motor,Kondisi Jalan,Jalan Kota,Berlubang,40-60,Tikungan,Perempuan,17-25,Ya,pribadi,tunggal,pengemudi,tidak,tidak_dijamin,tidak_ada,0
4/11/2025,2025,4,Bekasi,789,210,30,39,Hujan,Dini Hari,Motor,Kecepatan Berlebih,Jalan Nasional,Rusak,<40,Simpang 4,Perempuan,26-45,Ya,pribadi,tunggal,pengemudi,tidak,tidak_dijamin,tidak_ada,0
9/23/2021,2021,9,Yogyakarta,392,358,22,29,Hujan,Dini Hari,Motor,Rem Blong,Jalan Provinsi,Berlubang,>60,Tikungan,Perempuan,17-25,Tidak,pribadi,tunggal,pengemudi,tidak,tidak_dijamin,tidak_ada,0
6/15/2023,2023,6,Yogyakarta,630,497,21,25,Hujan,Pagi,Bus,Kurang Jarak Aman,Jalan Provinsi,Baik,<40,Simpang 4,Laki-laki,26-45,Tidak,umum,tunggal,penumpang,ya,UU 33/1964,meninggal,26400000000
5/22/2022,2022,5,Makassar,347,202,24,24,Hujan,Pagi,Truk,Kecepatan Berlebih,Jalan Provinsi,Rusak,>60,Tikungan,Laki-laki,>50,Ya,pribadi,multi_kendaraan,pengemudi,ya,UU 34/1964,meninggal,11780000000
10/21/2021,2021,10,Surabaya,277,313,26,4,Cerah,Pagi,Motor,Kondisi Jalan,Jalan Nasional,Rusak,40-60,Simpang 4,Laki-laki,>50,Tidak,pribadi,tunggal,pengemudi,tidak,tidak_dijamin,tidak_ada,0
8/14/2024,2024,8,Medan,725,383,29,38,Cerah,Pagi,Truk,Kurang Jarak Aman,Jalan Provinsi,Rusak,40-60,Simpang T,Perempuan,<17,Ya,pribadi,tunggal,pengemudi,tidak,tidak_dijamin,tidak_ada,0
1/30/2021,2021,1,Jakarta Selatan,234,334,21,9,Cerah,Pagi,Motor,Rem Blong,Jalan Provinsi,Berlubang,<40,Lurus,Laki-laki,17-25,Tidak,pribadi,multi_kendaraan,pengemudi,ya,UU 34/1964,meninggal,17930000000
7/19/2021,2021,7,Yogyakarta,322,190,24,7,Hujan,Malam,Bus,Rem Blong,Jalan Nasional,Baik,>60,Tikungan,Perempuan,26-45,Ya,umum,multi_kendaraan,penumpang,ya,UU 33/1964,meninggal,10840000000
7/4/2024,2024,7,Makassar,640,191,22,7,Cerah,Siang,Bus,Rem Blong,Jalan Provinsi,Berlubang,<40,Simpang T,Perempuan,<17,Ya,umum,multi_kendaraan,penumpang,ya,UU 33/1964,meninggal,10790000000
5/4/2025,2025,5,Medan,703,294,28,28,Cerah,Siang,Truk,Kelalaian Pengemudi,Jalan Nasional,Berlubang,40-60,Simpang Y,Laki-laki,>50,Ya,pribadi,multi_kendaraan,pengemudi,ya,UU 34/1964,meninggal,16660000000
8/3/2025,2025,8,Palembang,757,352,28,11,Cerah,Malam,Mobil,Pelanggaran Lalu Lintas,Jalan Provinsi,Rusak,40-60,Simpang T,Perempuan,17-25,Tidak,pribadi,tunggal,pengemudi,tidak,tidak_dijamin,tidak_ada,0
10/3/2021,2021,10,Makassar,294,476,29,25,Cerah,Malam,Motor,Kondisi Jalan,Jalan Nasional,Rusak,<40,Lurus,Perempuan,26-45,Tidak,pribadi,multi_kendaraan,pengemudi,ya,UU 34/1964,meninggal,25750000000
8/18/2024,2024,8,Surabaya,733,162,20,38,Cerah,Malam,Mobil,Kurang Jarak Aman,Jalan Provinsi,Baik,>60,Simpang T,Laki-laki,26-45,Ya,pribadi,multi_kendaraan,pengemudi,ya,UU 34/1964,meninggal,9860000000
5/20/2023,2023,5,Jakarta Selatan,496,453,27,10,Hujan,Siang,Motor,Kecepatan Berlebih,Jalan Nasional,Berlubang,>60,Tikungan,Laki-laki,<17,Tidak,pribadi,tunggal,pengemudi,tidak,tidak_dijamin,tidak_ada,0
10/8/2023,2023,10,Palembang,651,369,20,48,Hujan,Pagi,Mobil,Kondisi Jalan,Jalan Nasional,Berlubang,40-60,Simpang 4,Laki-laki,>50,Tidak,pribadi,multi_kendaraan,pengemudi,ya,UU 34/1964,meninggal,20410000000
7/20/2021,2021,7,Palembang,350,190,23,10,Hujan,Malam,Mobil,Kecepatan Berlebih,Jalan Nasional,Rusak,<40,Simpang T,Perempuan,<17,Ya,pribadi,multi_kendaraan,pengemudi,ya,UU 34/1964,meninggal,10850000000
7/15/2023,2023,7,Jakarta Timur,553,153,20,35,Hujan,Siang,Mobil,Kecepatan Berlebih,Jalan Nasional,Baik,<40,Lurus,Perempuan,<17,Ya,pribadi,multi_kendaraan,pengemudi,ya,UU 34/1964,meninggal,9350000000
1/20/2021,2021,1,Bandung,292,408,23,13,Hujan,Malam,Bus,Kecepatan Berlebih,Jalan Kota,Baik,<40,Tikungan,Laki-laki,26-45,Ya,umum,tunggal,penumpang,ya,UU 33/1964,meninggal,21810000000
10/11/2021,2021,10,Jakarta Selatan,404,331,22,12,Hujan,Pagi,Truk,Rem Blong,Jalan Provinsi,Berlubang,>60,Simpang Y,Laki-laki,17-25,Tidak,pribadi,tunggal,pengemudi,tidak,tidak_dijamin,tidak_ada,0
6/2/2024,2024,6,Palembang,918,407,27,44,Cerah,Dini Hari,Mobil,Pelanggaran Lalu Lintas,Jalan Provinsi,Baik,>60,Lurus,Laki-laki,>50,Tidak,pribadi,multi_kendaraan,pengemudi,ya,UU 34/1964,meninggal,22580000000
1/7/2024,2024,1,Yogyakarta,514,353,25,9,Cerah,Dini Hari,Truk,Kecepatan Berlebih,Jalan Kota,Berlubang,<40,Simpang Y,Perempuan,26-45,Ya,pribadi,tunggal,pengemudi,tidak,tidak_dijamin,tidak_ada,0
10/9/2025,2025,10,Yogyakarta,852,192,25,2,Hujan,Siang,Truk,Kondisi Jalan,Jalan Provinsi,Baik,>60,Simpang T,Laki-laki,<17,Tidak,pribadi,multi_kendaraan,pengemudi,ya,UU 34/1964,meninggal,10890000000
3/15/2021,2021,3,Jakarta Timur,167,289,23,15,Hujan,Dini Hari,Mobil,Rem Blong,Jalan Nasional,Baik,>60,Lurus,Perempuan,26-45,Tidak,pribadi,tunggal,pengemudi,tidak,tidak_dijamin,tidak_ada,0
4/2/2022,2022,4,Jakarta Timur,304,357,25,5,Hujan,Malam,Bus,Kurang Jarak Aman,Jalan Kota,Berlubang,>60,Simpang Y,Perempuan,<17,Ya,umum,tunggal,penumpang,ya,UU 33/1964,meninggal,19200000000
11/7/2025,2025,11,Yogyakarta,823,148,25,10,Hujan,Siang,Mobil,Kelalaian Pengemudi,Jalan Provinsi,Berlubang,>60,Tikungan,Laki-laki,26-45,Ya,pribadi,tunggal,pengemudi,tidak,tidak_dijamin,tidak_ada,0
6/24/2025,2025,6,Medan,1037,407,22,42,Hujan,Dini Hari,Mobil,Rem Blong,Jalan Provinsi,Berlubang,40-60,Tikungan,Perempuan,17-25,Ya,pribadi,multi_kendaraan,pengemudi,ya,UU 34/1964,meninggal,22290000000
2/14/2024,2024,2,Bekasi,546,174,24,22,Hujan,Malam,Truk,Pelanggaran Lalu Lintas,Jalan Nasional,Baik,>60,Lurus,Laki-laki,26-45,Ya,pribadi,tunggal,pengemudi,tidak,tidak_dijamin,tidak_ada,0
1/16/2021,2021,1,Semarang,201,184,24,37,Cerah,Dini Hari,Motor,Pelanggaran Lalu Lintas,Jalan Provinsi,Rusak,40-60,Simpang 4,Perempuan,>50,Tidak,pribadi,tunggal,pengemudi,tidak,tidak_dijamin,tidak_ada,0
3/20/2024,2024,3,Yogyakarta,639,135,20,16,Hujan,Malam,Mobil,Kelalaian Pengemudi,Jalan Kota,Rusak,<40,Lurus,Perempuan,>50,Ya,pribadi,multi_kendaraan,pengemudi,ya,UU 34/1964,meninggal,8070000000
11/9/2025,2025,11,Palembang,875,290,30,35,Cerah,Pagi,Mobil,Pelanggaran Lalu Lintas,Jalan Nasional,Rusak,>60,Simpang 4,Perempuan,<17,Tidak,pribadi,tunggal,pengemudi,tidak,tidak_dijamin,tidak_ada,0
11/18/2022,2022,11,Medan,425,402,26,7,Hujan,Pagi,Bus,Pelanggaran Lalu Lintas,Jalan Provinsi,Berlubang,>60,Simpang T,Perempuan,17-25,Tidak,umum,multi_kendaraan,penumpang,ya,UU 33/1964,meninggal,21540000000
5/13/2021,2021,5,Yogyakarta,318,141,25,13,Cerah,Pagi,Truk,Kondisi Jalan,Jalan Nasional,Berlubang,40-60,Lurus,Perempuan,<17,Ya,pribadi,tunggal,pengemudi,tidak,tidak_dijamin,tidak_ada,0
2/2/2024,2024,2,Surabaya,629,259,30,43,Hujan,Dini Hari,Mobil,Kecepatan Berlebih,Jalan Nasional,Berlubang,<40,Simpang Y,Laki-laki,26-45,Tidak,pribadi,multi_kendaraan,pengemudi,ya,UU 34/1964,meninggal,15310000000
3/1/2023,2023,3,Makassar,555,314,28,36,Cerah,Pagi,Bus,Kondisi Jalan,Jalan Nasional,Baik,<40,Lurus,Laki-laki,26-45,Ya,umum,tunggal,penumpang,ya,UU 33/1964,meninggal,17820000000
3/5/2023,2023,3,Semarang,542,181,21,13,Cerah,Malam,Bus,Kecepatan Berlebih,Jalan Provinsi,Berlubang,>60,Tikungan,Perempuan,>50,Tidak,umum,multi_kendaraan,penumpang,ya,UU 33/1964,meninggal,10360000000
9/15/2021,2021,9,Bandung,265,210,27,29,Hujan,Dini Hari,Mobil,Kondisi Jalan,Jalan Provinsi,Baik,40-60,Tikungan,Laki-laki,26-45,Tidak,pribadi,multi_kendaraan,pengemudi,ya,UU 34/1964,meninggal,12430000000
6/27/2021,2021,6,Bekasi,442,404,24,14,Hujan,Siang,Motor,Kelalaian Pengemudi,Jalan Kota,Rusak,<40,Simpang T,Perempuan,26-45,Ya,pribadi,multi_kendaraan,pengemudi,ya,UU 34/1964,meninggal,21680000000
7/5/2025,2025,7,Bandung,781,360,29,40,Hujan,Malam,Mobil,Rem Blong,Jalan Nasional,Rusak,>60,Simpang T,Perempuan,<17,Ya,pribadi,multi_kendaraan,pengemudi,ya,UU 34/1964,meninggal,20250000000
7/18/2024,2024,7,Palembang,682,174,21,22,Hujan,Malam,Mobil,Kelalaian Pengemudi,Jalan Kota,Rusak,>60,Simpang T,Perempuan,26-45,Ya,pribadi,multi_kendaraan,pengemudi,ya,UU 34/1964,meninggal,10190000000
9/30/2025,2025,9,Bekasi,820,369,29,31,Cerah,Dini Hari,Bus,Kurang Jarak Aman,Jalan Provinsi,Berlubang,40-60,Simpang T,Perempuan,>50,Ya,umum,multi_kendaraan,penumpang,ya,UU 33/1964,meninggal,20520000000
12/6/2021,2021,12,Bekasi,618,480,20,6,Hujan,Malam,Motor,Kurang Jarak Aman,Jalan Kota,Rusak,<40,Lurus,Perempuan,>50,Ya,pribadi,multi_kendaraan,pengemudi,ya,UU 34/1964,meninggal,25120000000
5/4/2021,2021,5,Medan,351,245,23,8,Hujan,Malam,Motor,Kelalaian Pengemudi,Jalan Nasional,Baik,40-60,Lurus,Laki-laki,>50,Ya,pribadi,multi_kendaraan,pengemudi,ya,UU 34/1964,meninggal,13560000000
1/23/2025,2025,1,Jakarta Timur,645,438,26,9,Hujan,Malam,Mobil,Kecepatan Berlebih,Jalan Nasional,Baik,<40,Simpang Y,Perempuan,<17,Ya,pribadi,multi_kendaraan,pengemudi,ya,UU 34/1964,meninggal,23380000000
1/2/2024,2024,1,Surabaya,634,214,29,6,Cerah,Malam,Mobil,Kurang Jarak Aman,Jalan Kota,Berlubang,<40,Simpang 4,Perempuan,26-45,Ya,pribadi,tunggal,pengemudi,tidak,tidak_dijamin,tidak_ada,0
6/8/2023,2023,6,Palembang,739,206,20,12,Hujan,Dini Hari,Mobil,Rem Blong,Jalan Provinsi,Rusak,>60,Simpang Y,Laki-laki,>50,Tidak,pribadi,multi_kendaraan,pengemudi,ya,UU 34/1964,meninggal,11540000000
9/3/2023,2023,9,Makassar,609,420,29,25,Cerah,Siang,Bus,Kondisi Jalan,Jalan Nasional,Rusak,40-60,Lurus,Laki-laki,<17,Ya,umum,tunggal,penumpang,ya,UU 33/1964,meninggal,22950000000
5/16/2025,2025,5,Palembang,794,382,25,36,Hujan,Dini Hari,Bus,Kecepatan Berlebih,Jalan Kota,Rusak,<40,Lurus,Laki-laki,>50,Ya,umum,tunggal,penumpang,ya,UU 33/1964,meninggal,21070000000
4/20/2022,2022,4,Surabaya,368,299,20,3,Hujan,Malam,Mobil,Pelanggaran Lalu Lintas,Jalan Provinsi,Berlubang,40-60,Tikungan,Laki-laki,26-45,Tidak,pribadi,tunggal,pengemudi,tidak,tidak_dijamin,tidak_ada,0
12/15/2022,2022,12,Bekasi,626,333,20,37,Hujan,Pagi,Mobil,Pelanggaran Lalu Lintas,Jalan Provinsi,Baik,40-60,Simpang Y,Perempuan,<17,Tidak,pribadi,multi_kendaraan,pengemudi,ya,UU 34/1964,meninggal,18390000000
5/17/2024,2024,5,Jakarta Selatan,623,240,20,17,Hujan,Siang,Truk,Kondisi Jalan,Jalan Provinsi,Baik,>60,Tikungan,Laki-laki,<17,Ya,pribadi,tunggal,pengemudi,tidak,tidak_dijamin,tidak_ada,0
9/8/2023,2023,9,Makassar,531,139,27,11,Cerah,Malam,Truk,Kecepatan Berlebih,Jalan Nasional,Berlubang,<40,Simpang Y,Laki-laki,17-25,Tidak,pribadi,multi_kendaraan,pengemudi,ya,UU 34/1964,meninggal,8520000000
8/7/2023,2023,8,Jakarta Timur,502,184,28,21,Cerah,Siang,Mobil,Rem Blong,Jalan Kota,Berlubang,>60,Tikungan,Laki-laki,26-45,Tidak,pribadi,multi_kendaraan,pengemudi,ya,UU 34/1964,meninggal,11020000000
8/15/2025,2025,8,Bandung,731,142,28,4,Hujan,Dini Hari,Motor,Kondisi Jalan,Jalan Kota,Baik,<40,Lurus,Laki-laki,26-45,Ya,pribadi,multi_kendaraan,pengemudi,ya,UU 34/1964,meninggal,8580000000
11/24/2024,2024,11,Palembang,711,405,26,18,Hujan,Pagi,Motor,Kurang Jarak Aman,Jalan Provinsi,Baik,40-60,Simpang Y,Perempuan,<17,Ya,pribadi,tunggal,pengemudi,tidak,tidak_dijamin,tidak_ada,0
8/17/2024,2024,8,Bekasi,749,498,20,4,Hujan,Dini Hari,Truk,Rem Blong,Jalan Kota,Rusak,40-60,Simpang 4,Perempuan,26-45,Ya,pribadi,multi_kendaraan,pengemudi,ya,UU 34/1964,meninggal,25980000000
11/25/2021,2021,11,Bandung,357,286,24,30,Cerah,Siang,Motor,Rem Blong,Jalan Kota,Baik,40-60,Lurus,Perempuan,17-25,Ya,pribadi,multi_kendaraan,pengemudi,ya,UU 34/1964,meninggal,16100000000
6/11/2025,2025,6,Yogyakarta,849,491,23,16,Hujan,Malam,Bus,Rem Blong,Jalan Nasional,Rusak,>60,Simpang 4,Laki-laki,<17,Tidak,umum,tunggal,penumpang,ya,UU 33/1964,meninggal,26020000000
1/2/2024,2024,1,Semarang,640,406,26,28,Cerah,Malam,Motor,Kurang Jarak Aman,Jalan Provinsi,Berlubang,>60,Simpang Y,Perempuan,17-25,Tidak,pribadi,tunggal,pengemudi,tidak,tidak_dijamin,tidak_ada,0
12/22/2022,2022,12,Palembang,769,187,26,10,Hujan,Dini Hari,Motor,Kelalaian Pengemudi,Jalan Nasional,Baik,40-60,Simpang T,Laki-laki,26-45,Tidak,pribadi,multi_kendaraan,pengemudi,ya,UU 34/1964,meninggal,10850000000
11/11/2025,2025,11,Jakarta Timur,906,377,24,23,Hujan,Siang,Bus,Kecepatan Berlebih,Jalan Nasional,Rusak,>60,Tikungan,Perempuan,<17,Tidak,umum,multi_kendaraan,penumpang,ya,UU 33/1964,meninggal,20510000000
10/13/2025,2025,10,Makassar,843,353,25,5,Hujan,Siang,Motor,Kecepatan Berlebih,Jalan Provinsi,Berlubang,>60,Simpang Y,Laki-laki,>50,Ya,pribadi,tunggal,pengemudi,tidak,tidak_dijamin,tidak_ada,0
12/8/2023,2023,12,Medan,750,228,24,8,Cerah,Siang,Truk,Kondisi Jalan,Jalan Nasional,Baik,<40,Lurus,Perempuan,<17,Tidak,pribadi,multi_kendaraan,pengemudi,ya,UU 34/1964,meninggal,12760000000
3/26/2025,2025,3,Jakarta Selatan,727,218,25,23,Cerah,Siang,Bus,Kurang Jarak Aman,Jalan Provinsi,Rusak,<40,Tikungan,Laki-laki,>50,Ya,umum,multi_kendaraan,penumpang,ya,UU 33/1964,meninggal,12610000000
1/21/2024,2024,1,Palembang,653,128,20,23,Hujan,Malam,Mobil,Kurang Jarak Aman,Jalan Provinsi,Baik,>60,Simpang Y,Laki-laki,>50,Ya,pribadi,multi_kendaraan,pengemudi,ya,UU 34/1964,meninggal,7860000000
12/20/2025,2025,12,Yogyakarta,1075,302,24,23,Cerah,Siang,Motor,Kecepatan Berlebih,Jalan Provinsi,Baik,<40,Tikungan,Perempuan,>50,Tidak,pribadi,tunggal,pengemudi,tidak,tidak_dijamin,tidak_ada,0
5/7/2024,2024,5,Semarang,614,444,21,32,Cerah,Dini Hari,Mobil,Kelalaian Pengemudi,Jalan Nasional,Berlubang,40-60,Simpang T,Laki-laki,<17,Ya,pribadi,tunggal,pengemudi,tidak,tidak_dijamin,tidak_ada,0
8/11/2024,2024,8,Jakarta Timur,615,136,25,11,Cerah,Dini Hari,Truk,Pelanggaran Lalu Lintas,Jalan Kota,Baik,40-60,Simpang 4,Laki-laki,26-45,Tidak,pribadi,tunggal,pengemudi,tidak,tidak_dijamin,tidak_ada,0
7/5/2023,2023,7,Bekasi,475,172,24,36,Cerah,Siang,Truk,Kecepatan Berlebih,Jalan Kota,Berlubang,40-60,Tikungan,Perempuan,>50,Tidak,pribadi,tunggal,pengemudi,tidak,tidak_dijamin,tidak_ada,0
6/9/2023,2023,6,Jakarta Selatan,771,167,27,44,Cerah,Pagi,Mobil,Pelanggaran Lalu Lintas,Jalan Kota,Berlubang,<40,Simpang T,Perempuan,<17,Ya,pribadi,multi_kendaraan,pengemudi,ya,UU 34/1964,meninggal,10580000000
10/4/2023,2023,10,Medan,520,154,26,17,Cerah,Malam,Mobil,Kecepatan Berlebih,Jalan Provinsi,Berlubang,>60,Simpang Y,Perempuan,>50,Tidak,pribadi,multi_kendaraan,pengemudi,ya,UU 34/1964,meninggal,9340000000
5/30/2024,2024,5,Surabaya,637,387,29,10,Hujan,Pagi,Motor,Kurang Jarak Aman,Jalan Provinsi,Rusak,>60,Simpang 4,Perempuan,26-45,Tidak,pribadi,multi_kendaraan,pengemudi,ya,UU 34/1964,meninggal,21000000000
2/20/2023,2023,2,Surabaya,517,499,29,7,Hujan,Pagi,Bus,Kondisi Jalan,Jalan Provinsi,Rusak,<40,Tikungan,Laki-laki,17-25,Ya,umum,multi_kendaraan,penumpang,ya,UU 33/1964,meninggal,26540000000
8/24/2023,2023,8,Medan,603,359,21,0,Hujan,Dini Hari,Truk,Kecepatan Berlebih,Jalan Nasional,Rusak,<40,Simpang Y,Perempuan,17-25,Tidak,pribadi,multi_kendaraan,pengemudi,ya,UU 34/1964,meninggal,19000000000
12/20/2023,2023,12,Jakarta Timur,916,188,30,56,Hujan,Siang,Bus,Kecepatan Berlebih,Jalan Nasional,Rusak,<40,Tikungan,Laki-laki,<17,Ya,umum,tunggal,penumpang,ya,UU 33/1964,meninggal,12020000000
12/29/2021,2021,12,Jakarta Timur,598,207,23,34,Hujan,Siang,Motor,Kondisi Jalan,Jalan Provinsi,Berlubang,40-60,Simpang T,Laki-laki,<17,Tidak,pribadi,multi_kendaraan,pengemudi,ya,UU 34/1964,meninggal,12180000000
12/27/2022,2022,12,Bandung,773,195,30,38,Hujan,Malam,Motor,Kondisi Jalan,Jalan Provinsi,Baik,>60,Simpang 4,Laki-laki,>50,Ya,pribadi,tunggal,pengemudi,tidak,tidak_dijamin,tidak_ada,0
6/9/2022,2022,6,Bandung,571,108,26,66,Hujan,Pagi,Mobil,Kurang Jarak Aman,Jalan Provinsi,Rusak,<40,Simpang Y,Laki-laki,>50,Ya,pribadi,multi_kendaraan,pengemudi,ya,UU 34/1964,meninggal,8020000000
12/24/2023,2023,12,Surabaya,882,143,30,28,Hujan,Pagi,Mobil,Kelalaian Pengemudi,Jalan Nasional,Berlubang,>60,Simpang 4,Laki-laki,>50,Ya,pribadi,multi_kendaraan,pengemudi,ya,UU 34/1964,meninggal,9210000000
8/27/2024,2024,8,Medan,617,224,28,38,Cerah,Pagi,Truk,Kurang Jarak Aman,Jalan Provinsi,Rusak,<40,Simpang Y,Laki-laki,<17,Tidak,pribadi,multi_kendaraan,pengemudi,ya,UU 34/1964,meninggal,13360000000
6/15/2022,2022,6,Semarang,552,221,21,22,Cerah,Siang,Bus,Kurang Jarak Aman,Jalan Kota,Berlubang,<40,Simpang Y,Perempuan,26-45,Tidak,umum,multi_kendaraan,penumpang,ya,UU 33/1964,meninggal,12540000000
11/29/2024,2024,11,Medan,699,235,28,7,Cerah,Pagi,Mobil,Rem Blong,Jalan Nasional,Berlubang,<40,Simpang T,Laki-laki,26-45,Ya,pribadi,tunggal,pengemudi,tidak,tidak_dijamin,tidak_ada,0
1/24/2023,2023,1,Jakarta Selatan,462,108,25,35,Cerah,Dini Hari,Truk,Kecepatan Berlebih,Jalan Provinsi,Baik,>60,Simpang T,Laki-laki,>50,Tidak,pribadi,multi_kendaraan,pengemudi,ya,UU 34/1964,meninggal,7350000000
7/1/2022,2022,7,Makassar,381,384,25,11,Cerah,Dini Hari,Truk,Kecepatan Berlebih,Jalan Kota,Baik,>60,Simpang 4,Laki-laki,17-25,Ya,pribadi,multi_kendaraan,pengemudi,ya,UU 34/1964,meninggal,20670000000
6/28/2021,2021,6,Jakarta Selatan,483,468,29,22,Cerah,Dini Hari,Motor,Kurang Jarak Aman,Jalan Provinsi,Rusak,>60,Tikungan,Laki-laki,<17,Ya,pribadi,multi_kendaraan,pengemudi,ya,UU 34/1964,meninggal,25290000000
5/3/2025,2025,5,Jakarta Selatan,696,225,23,3,Hujan,Pagi,Mobil,Kelalaian Pengemudi,Jalan Provinsi,Baik,40-60,Simpang 4,Laki-laki,<17,Ya,pribadi,multi_kendaraan,pengemudi,ya,UU 34/1964,meninggal,12460000000
9/22/2025,2025,9,Jakarta Timur,858,418,28,12,Hujan,Dini Hari,Bus,Kondisi Jalan,Jalan Kota,Rusak,40-60,Tikungan,Perempuan,17-25,Tidak,umum,multi_kendaraan,penumpang,ya,UU 33/1964,meninggal,22540000000
4/25/2024,2024,4,Medan,574,281,27,16,Cerah,Dini Hari,Motor,Rem Blong,Jalan Nasional,Berlubang,40-60,Simpang Y,Laki-laki,>50,Tidak,pribadi,tunggal,pengemudi,tidak,tidak_dijamin,tidak_ada,0
8/9/2022,2022,8,Bandung,401,240,24,17,Hujan,Dini Hari,Truk,Kondisi Jalan,Jalan Nasional,Baik,<40,Lurus,Laki-laki,26-45,Tidak,pribadi,tunggal,pengemudi,tidak,tidak_dijamin,tidak_ada,0
4/12/2021,2021,4,Surabaya,249,361,26,40,Cerah,Malam,Bus,Kurang Jarak Aman,Jalan Kota,Baik,>60,Lurus,Laki-laki,>50,Ya,umum,multi_kendaraan,penumpang,ya,UU 33/1964,meninggal,20150000000
11/18/2024,2024,11,Bandung,762,435,28,23,Hujan,Dini Hari,Truk,Kurang Jarak Aman,Jalan Provinsi,Baik,40-60,Simpang 4,Laki-laki,17-25,Ya,pribadi,tunggal,pengemudi,tidak,tidak_dijamin,tidak_ada,0
8/23/2022,2022,8,Yogyakarta,444,329,28,5,Hujan,Malam,Motor,Rem Blong,Jalan Kota,Rusak,40-60,Simpang T,Perempuan,26-45,Tidak,pribadi,multi_kendaraan,pengemudi,ya,UU 34/1964,meninggal,17950000000
5/31/2025,2025,5,Medan,698,387,22,28,Cerah,Siang,Truk,Kelalaian Pengemudi,Jalan Nasional,Berlubang,40-60,Simpang Y,Laki-laki,17-25,Tidak,pribadi,multi_kendaraan,pengemudi,ya,UU 34/1964,meninggal,21010000000
10/15/2022,2022,10,Surabaya,525,315,29,7,Cerah,Malam,Motor,Rem Blong,Jalan Nasional,Berlubang,>60,Tikungan,Laki-laki,<17,Tidak,pribadi,multi_kendaraan,pengemudi,ya,UU 34/1964,meninggal,17340000000
7/26/2022,2022,7,Bandung,370,185,24,65,Cerah,Siang,Truk,Kecepatan Berlebih,Jalan Kota,Berlubang,<40,Simpang 4,Laki-laki,26-45,Ya,pribadi,multi_kendaraan,pengemudi,ya,UU 34/1964,meninggal,11750000000
3/5/2025,2025,3,Jakarta Timur,754,449,21,4,Cerah,Pagi,Truk,Rem Blong,Jalan Nasional,Rusak,40-60,Simpang T,Perempuan,<17,Tidak,pribadi,multi_kendaraan,pengemudi,ya,UU 34/1964,meninggal,23580000000
11/2/2022,2022,11,Bekasi,525,147,26,5,Cerah,Pagi,Motor,Kecepatan Berlebih,Jalan Nasional,Baik,40-60,Simpang 4,Perempuan,>50,Tidak,pribadi,multi_kendaraan,pengemudi,ya,UU 34/1964,meninggal,8750000000
7/2/2022,2022,7,Palembang,505,361,24,26,Cerah,Dini Hari,Motor,Kelalaian Pengemudi,Jalan Provinsi,Rusak,<40,Lurus,Laki-laki,26-45,Ya,pribadi,multi_kendaraan,pengemudi,ya,UU 34/1964,meninggal,19770000000
9/1/2021,2021,9,Medan,314,439,20,59,Cerah,Pagi,Motor,Kurang Jarak Aman,Jalan Provinsi,Baik,<40,Simpang T,Perempuan,<17,Ya,pribadi,multi_kendaraan,pengemudi,ya,UU 34/1964,meninggal,24130000000
5/18/2021,2021,5,Makassar,299,282,27,8,Cerah,Siang,Truk,Kurang Jarak Aman,Jalan Kota,Berlubang,<40,Simpang 4,Laki-laki,17-25,Ya,pribadi,multi_kendaraan,pengemudi,ya,UU 34/1964,meninggal,15610000000
3/2/2025,2025,3,Bandung,708,412,22,25,Cerah,Dini Hari,Motor,Pelanggaran Lalu Lintas,Jalan Provinsi,Rusak,>60,Tikungan,Laki-laki,17-25,Ya,pribadi,tunggal,pengemudi,tidak,tidak_dijamin,tidak_ada,0
7/6/2024,2024,7,Jakarta Selatan,737,202,26,9,Hujan,Siang,Truk,Rem Blong,Jalan Provinsi,Berlubang,>60,Simpang 4,Perempuan,>50,Ya,pribadi,multi_kendaraan,pengemudi,ya,UU 34/1964,meninggal,11580000000
11/30/2022,2022,11,Semarang,546,481,29,16,Cerah,Siang,Bus,Kondisi Jalan,Jalan Kota,Baik,40-60,Simpang T,Laki-laki,17-25,Ya,umum,multi_kendaraan,penumpang,ya,UU 33/1964,meninggal,25820000000
12/18/2022,2022,12,Bandung,802,193,23,38,Hujan,Malam,Motor,Kondisi Jalan,Jalan Provinsi,Baik,>60,Simpang 4,Perempuan,26-45,Tidak,pribadi,multi_kendaraan,pengemudi,ya,UU 34/1964,meninggal,11560000000
3/12/2021,2021,3,Jakarta Selatan,215,145,20,36,Hujan,Siang,Truk,Kurang Jarak Aman,Jalan Nasional,Rusak,>60,Simpang 4,Laki-laki,<17,Ya,pribadi,multi_kendaraan,pengemudi,ya,UU 34/1964,meninggal,8970000000
4/12/2021,2021,4,Medan,202,192,30,0,Cerah,Dini Hari,Bus,Kecepatan Berlebih,Jalan Nasional,Berlubang,40-60,Simpang 4,Perempuan,17-25,Tidak,umum,multi_kendaraan,penumpang,ya,UU 33/1964,meninggal,11100000000
10/2/2022,2022,10,Palembang,533,486,24,24,Cerah,Malam,Bus,Kelalaian Pengemudi,Jalan Nasional,Berlubang,40-60,Simpang 4,Perempuan,>50,Tidak,umum,multi_kendaraan,penumpang,ya,UU 33/1964,meninggal,25980000000
9/1/2025,2025,9,Medan,790,468,22,11,Cerah,Pagi,Truk,Rem Blong,Jalan Nasional,Berlubang,40-60,Simpang 4,Perempuan,17-25,Tidak,pribadi,multi_kendaraan,pengemudi,ya,UU 34/1964,meninggal,24720000000
11/9/2022,2022,11,Yogyakarta,494,140,30,42,Cerah,Malam,Mobil,Rem Blong,Jalan Kota,Berlubang,>60,Simpang T,Perempuan,17-25,Ya,pribadi,multi_kendaraan,pengemudi,ya,UU 34/1964,meninggal,9340000000
12/14/2025,2025,12,Bandung,1063,275,26,7,Hujan,Siang,Mobil,Kelalaian Pengemudi,Jalan Provinsi,Rusak,40-60,Simpang 4,Laki-laki,17-25,Tidak,pribadi,multi_kendaraan,pengemudi,ya,UU 34/1964,meninggal,15190000000
11/29/2024,2024,11,Surabaya,778,242,20,51,Hujan,Malam,Truk,Kelalaian Pengemudi,Jalan Kota,Berlubang,>60,Simpang T,Perempuan,17-25,Ya,pribadi,multi_kendaraan,pengemudi,ya,UU 34/1964,meninggal,14120000000
10/18/2024,2024,10,Bekasi,700,362,26,41,Cerah,Siang,Truk,Kecepatan Berlebih,Jalan Nasional,Rusak,>60,Simpang 4,Perempuan,26-45,Tidak,pribadi,multi_kendaraan,pengemudi,ya,UU 34/1964,meninggal,20220000000
12/28/2025,2025,12,Jakarta Selatan,1153,126,28,22,Hujan,Malam,Bus,Kondisi Jalan,Jalan Nasional,Berlubang,40-60,Tikungan,Perempuan,>50,Tidak,umum,multi_kendaraan,penumpang,ya,UU 33/1964,meninggal,8140000000
5/9/2022,2022,5,Semarang,364,297,24,3,Hujan,Siang,Truk,Kelalaian Pengemudi,Jalan Nasional,Baik,<40,Lurus,Perempuan,17-25,Ya,pribadi,multi_kendaraan,pengemudi,ya,UU 34/1964,meninggal,16110000000
1/15/2023,2023,1,Jakarta Selatan,423,244,22,47,Cerah,Siang,Bus,Kelalaian Pengemudi,Jalan Kota,Berlubang,<40,Simpang 4,Perempuan,>50,Ya,umum,tunggal,penumpang,ya,UU 33/1964,meninggal,14240000000
5/1/2024,2024,5,Bekasi,587,413,21,17,Hujan,Dini Hari,Motor,Kelalaian Pengemudi,Jalan Nasional,Rusak,>60,Tikungan,Laki-laki,26-45,Ya,pribadi,multi_kendaraan,pengemudi,ya,UU 34/1964,meninggal,22040000000
9/30/2024,2024,9,Yogyakarta,621,416,25,20,Hujan,Malam,Mobil,Kondisi Jalan,Jalan Provinsi,Berlubang,<40,Simpang T,Laki-laki,>50,Tidak,pribadi,multi_kendaraan,pengemudi,ya,UU 34/1964,meninggal,22450000000
7/11/2023,2023,7,Surabaya,608,174,28,32,Hujan,Malam,Motor,Pelanggaran Lalu Lintas,Jalan Kota,Rusak,40-60,Simpang T,Perempuan,<17,Ya,pribadi,multi_kendaraan,pengemudi,ya,UU 34/1964,meninggal,10740000000
6/23/2021,2021,6,Surabaya,439,428,22,16,Hujan,Dini Hari,Motor,Rem Blong,Jalan Nasional,Rusak,40-60,Simpang Y,Perempuan,>50,Ya,pribadi,tunggal,pengemudi,tidak,tidak_dijamin,tidak_ada,0
1/19/2023,2023,1,Palembang,443,315,21,17,Cerah,Pagi,Bus,Pelanggaran Lalu Lintas,Jalan Kota,Rusak,40-60,Simpang T,Laki-laki,>50,Tidak,umum,multi_kendaraan,penumpang,ya,UU 33/1964,meninggal,17140000000
12/12/2023,2023,12,Makassar,931,132,28,32,Cerah,Dini Hari,Motor,Kondisi Jalan,Jalan Provinsi,Rusak,<40,Simpang 4,Perempuan,<17,Ya,pribadi,multi_kendaraan,pengemudi,ya,UU 34/1964,meninggal,8640000000
4/1/2025,2025,4,Bandung,745,269,20,44,Cerah,Dini Hari,Mobil,Rem Blong,Jalan Kota,Rusak,<40,Lurus,Perempuan,>50,Ya,pribadi,multi_kendaraan,pengemudi,ya,UU 34/1964,meninggal,15330000000
5/2/2022,2022,5,Jakarta Selatan,456,325,24,29,Cerah,Pagi,Truk,Kondisi Jalan,Jalan Kota,Baik,>60,Simpang 4,Laki-laki,26-45,Tidak,pribadi,multi_kendaraan,pengemudi,ya,UU 34/1964,meninggal,18030000000
7/12/2021,2021,7,Yogyakarta,331,222,24,7,Hujan,Malam,Bus,Rem Blong,Jalan Nasional,Baik,>60,Simpang 4,Perempuan,<17,Tidak,umum,multi_kendaraan,penumpang,ya,UU 33/1964,meninggal,12440000000
9/15/2025,2025,9,Bandung,817,328,22,44,Cerah,Dini Hari,Mobil,Kurang Jarak Aman,Jalan Provinsi,Baik,40-60,Simpang T,Laki-laki,17-25,Ya,pribadi,multi_kendaraan,pengemudi,ya,UU 34/1964,meninggal,18380000000
2/14/2024,2024,2,Jakarta Timur,637,146,29,32,Cerah,Dini Hari,Truk,Kelalaian Pengemudi,Jalan Nasional,Rusak,<40,Lurus,Laki-laki,26-45,Ya,pribadi,tunggal,pengemudi,tidak,tidak_dijamin,tidak_ada,0
1/29/2023,2023,1,Makassar,465,161,24,9,Hujan,Pagi,Mobil,Kecepatan Berlebih,Jalan Kota,Baik,<40,Lurus,Perempuan,17-25,Ya,pribadi,multi_kendaraan,pengemudi,ya,UU 34/1964,meninggal,9430000000
3/5/2021,2021,3,Jakarta Timur,273,463,27,17,Cerah,Malam,Motor,Pelanggaran Lalu Lintas,Jalan Kota,Rusak,<40,Simpang Y,Laki-laki,17-25,Ya,pribadi,tunggal,pengemudi,tidak,tidak_dijamin,tidak_ada,0
7/22/2022,2022,7,Bekasi,501,241,26,52,Cerah,Malam,Motor,Kurang Jarak Aman,Jalan Nasional,Baik,40-60,Simpang T,Laki-laki,17-25,Ya,pribadi,tunggal,pengemudi,tidak,tidak_dijamin,tidak_ada,0
9/8/2023,2023,9,Makassar,525,285,23,11,Cerah,Malam,Truk,Kecepatan Berlebih,Jalan Nasional,Berlubang,<40,Lurus,Laki-laki,<17,Ya,pribadi,multi_kendaraan,pengemudi,ya,UU 34/1964,meninggal,15620000000
2/4/2025,2025,2,Medan,770,389,30,72,Cerah,Malam,Bus,Kecepatan Berlebih,Jalan Kota,Rusak,>60,Tikungan,Perempuan,<17,Tidak,umum,multi_kendaraan,penumpang,ya,UU 33/1964,meninggal,22390000000
2/6/2023,2023,2,Bekasi,445,308,27,34,Cerah,Pagi,Bus,Kecepatan Berlebih,Jalan Provinsi,Berlubang,>60,Simpang T,Perempuan,<17,Ya,umum,multi_kendaraan,penumpang,ya,UU 33/1964,meninggal,17430000000
10/20/2021,2021,10,Bandung,281,231,20,30,Hujan,Siang,Truk,Kondisi Jalan,Jalan Kota,Baik,<40,Lurus,Perempuan,>50,Tidak,pribadi,multi_kendaraan,pengemudi,ya,UU 34/1964,meninggal,13150000000
4/3/2023,2023,4,Palembang,567,463,24,44,Hujan,Siang,Mobil,Rem Blong,Jalan Kota,Berlubang,40-60,Simpang 4,Perempuan,26-45,Tidak,pribadi,multi_kendaraan,pengemudi,ya,UU 34/1964,meninggal,25230000000
2/22/2021,2021,2,Surabaya,195,242,29,18,Hujan,Dini Hari,Bus,Kelalaian Pengemudi,Jalan Nasional,Berlubang,<40,Simpang T,Laki-laki,>50,Tidak,umum,tunggal,penumpang,ya,UU 33/1964,meninggal,13910000000
10/26/2022,2022,10,Medan,452,402,20,7,Cerah,Pagi,Mobil,Kondisi Jalan,Jalan Nasional,Baik,40-60,Simpang Y,Laki-laki,17-25,Ya,pribadi,tunggal,pengemudi,tidak,tidak_dijamin,tidak_ada,0
12/19/2025,2025,12,Surabaya,947,484,21,16,Cerah,Siang,Bus,Kondisi Jalan,Jalan Nasional,Berlubang,40-60,Simpang 4,Perempuan,26-45,Ya,umum,multi_kendaraan,penumpang,ya,UU 33/1964,meninggal,25570000000
8/24/2024,2024,8,Bekasi,637,394,24,43,Cerah,Dini Hari,Mobil,Kurang Jarak Aman,Jalan Provinsi,Berlubang,40-60,Lurus,Laki-laki,26-45,Ya,pribadi,multi_kendaraan,pengemudi,ya,UU 34/1964,meninggal,21760000000
9/5/2022,2022,9,Medan,410,164,27,31,Cerah,Pagi,Motor,Kondisi Jalan,Jalan Provinsi,Berlubang,>60,Simpang T,Laki-laki,26-45,Ya,pribadi,tunggal,pengemudi,tidak,tidak_dijamin,tidak_ada,0
12/4/2025,2025,12,Makassar,1038,233,26,13,Cerah,Dini Hari,Mobil,Rem Blong,Jalan Provinsi,Baik,>60,Simpang 4,Laki-laki,26-45,Tidak,pribadi,tunggal,pengemudi,tidak,tidak_dijamin,tidak_ada,0
10/6/2024,2024,10,Bekasi,719,123,28,41,Cerah,Siang,Truk,Kecepatan Berlebih,Jalan Nasional,Rusak,>60,Simpang T,Laki-laki,>50,Ya,pribadi,tunggal,pengemudi,tidak,tidak_dijamin,tidak_ada,0
1/4/2024,2024,1,Surabaya,623,241,30,6,Cerah,Malam,Mobil,Kurang Jarak Aman,Jalan Kota,Berlubang,>60,Tikungan,Laki-laki,>50,Ya,pribadi,multi_kendaraan,pengemudi,ya,UU 34/1964,meninggal,13670000000
4/15/2024,2024,4,Yogyakarta,586,259,29,14,Cerah,Siang,Truk,Rem Blong,Jalan Kota,Baik,>60,Simpang 4,Laki-laki,>50,Ya,pribadi,multi_kendaraan,pengemudi,ya,UU 34/1964,meninggal,14680000000
11/26/2025,2025,11,Yogyakarta,771,243,22,10,Hujan,Siang,Mobil,Kelalaian Pengemudi,Jalan Provinsi,Berlubang,>60,Simpang T,Perempuan,<17,Ya,pribadi,multi_kendaraan,pengemudi,ya,UU 34/1964,meninggal,13450000000
6/5/2021,2021,6,Bekasi,616,337,28,13,Hujan,Siang,Mobil,Rem Blong,Jalan Nasional,Rusak,<40,Tikungan,Laki-laki,<17,Ya,pribadi,multi_kendaraan,pengemudi,ya,UU 34/1964,meninggal,18510000000
4/25/2025,2025,4,Bandung,758,317,30,14,Hujan,Malam,Truk,Kurang Jarak Aman,Jalan Nasional,Rusak,<40,Simpang T,Perempuan,<17,Ya,pribadi,multi_kendaraan,pengemudi,ya,UU 34/1964,meninggal,17630000000
11/2/2021,2021,11,Surabaya,427,161,30,28,Cerah,Malam,Bus,Kecepatan Berlebih,Jalan Nasional,Baik,<40,Simpang T,Perempuan,17-25,Tidak,umum,multi_kendaraan,penumpang,ya,UU 33/1964,meninggal,10110000000
6/3/2022,2022,6,Palembang,674,234,28,9,Cerah,Dini Hari,Bus,Kondisi Jalan,Jalan Kota,Baik,>60,Simpang Y,Perempuan,<17,Ya,umum,tunggal,penumpang,ya,UU 33/1964,meninggal,13280000000
11/15/2023,2023,11,Jakarta Selatan,657,486,20,18,Cerah,Pagi,Truk,Kecepatan Berlebih,Jalan Kota,Baik,40-60,Tikungan,Perempuan,>50,Tidak,pribadi,multi_kendaraan,pengemudi,ya,UU 34/1964,meninggal,25660000000
7/15/2021,2021,7,Jakarta Timur,366,233,29,21,Cerah,Dini Hari,Mobil,Pelanggaran Lalu Lintas,Jalan Kota,Baik,<40,Lurus,Laki-laki,17-25,Ya,pribadi,multi_kendaraan,pengemudi,ya,UU 34/1964,meninggal,13520000000
3/9/2022,2022,3,Yogyakarta,336,354,21,21,Cerah,Siang,Motor,Kondisi Jalan,Jalan Provinsi,Rusak,<40,Simpang Y,Perempuan,>50,Ya,pribadi,multi_kendaraan,pengemudi,ya,UU 34/1964,meninggal,19170000000
1/4/2024,2024,1,Bekasi,607,171,25,23,Hujan,Siang,Bus,Kondisi Jalan,Jalan Kota,Baik,<40,Simpang T,Perempuan,>50,Tidak,umum,multi_kendaraan,penumpang,ya,UU 33/1964,meninggal,10260000000
5/23/2025,2025,5,Jakarta Timur,688,386,28,7,Hujan,Siang,Mobil,Kelalaian Pengemudi,Jalan Nasional,Berlubang,>60,Tikungan,Laki-laki,26-45,Ya,pribadi,multi_kendaraan,pengemudi,ya,UU 34/1964,meninggal,20840000000
9/10/2025,2025,9,Jakarta Timur,829,110,30,12,Hujan,Dini Hari,Bus,Kondisi Jalan,Jalan Kota,Rusak,>60,Simpang Y,Perempuan,17-25,Ya,umum,multi_kendaraan,penumpang,ya,UU 33/1964,meninggal,7240000000
11/21/2025,2025,11,Yogyakarta,778,107,20,51,Cerah,Siang,Mobil,Rem Blong,Jalan Nasional,Berlubang,40-60,Lurus,Laki-laki,>50,Tidak,pribadi,tunggal,pengemudi,tidak,tidak_dijamin,tidak_ada,0
12/29/2022,2022,12,Palembang,743,197,21,1,Hujan,Siang,Motor,Pelanggaran Lalu Lintas,Jalan Provinsi,Rusak,<40,Simpang T,Perempuan,26-45,Tidak,pribadi,multi_kendaraan,pengemudi,ya,UU 34/1964,meninggal,10920000000
1/19/2024,2024,1,Semarang,571,345,30,35,Cerah,Pagi,Bus,Rem Blong,Jalan Provinsi,Rusak,>60,Tikungan,Laki-laki,>50,Tidak,umum,multi_kendaraan,penumpang,ya,UU 33/1964,meninggal,19450000000
7/1/2023,2023,7,Yogyakarta,592,319,25,5,Cerah,Malam,Motor,Kelalaian Pengemudi,Jalan Nasional,Berlubang,40-60,Lurus,Perempuan,26-45,Ya,pribadi,multi_kendaraan,pengemudi,ya,UU 34/1964,meninggal,17300000000
10/24/2025,2025,10,Jakarta Timur,834,298,29,56,Hujan,Dini Hari,Bus,Rem Blong,Jalan Provinsi,Rusak,40-60,Tikungan,Perempuan,>50,Ya,umum,tunggal,penumpang,ya,UU 33/1964,meninggal,17470000000
1/27/2023,2023,1,Bandung,528,452,25,2,Cerah,Dini Hari,Motor,Pelanggaran Lalu Lintas,Jalan Provinsi,Baik,<40,Tikungan,Laki-laki,26-45,Ya,pribadi,tunggal,pengemudi,tidak,tidak_dijamin,tidak_ada,0
8/1/2022,2022,8,Palembang,436,123,21,8,Cerah,Malam,Mobil,Pelanggaran Lalu Lintas,Jalan Provinsi,Baik,>60,Simpang 4,Laki-laki,17-25,Ya,pribadi,tunggal,pengemudi,tidak,tidak_dijamin,tidak_ada,0
9/25/2024,2024,9,Bandung,660,298,22,13,Hujan,Pagi,Bus,Kecepatan Berlebih,Jalan Provinsi,Baik,40-60,Simpang T,Laki-laki,>50,Ya,umum,multi_kendaraan,penumpang,ya,UU 33/1964,meninggal,16260000000
7/23/2022,2022,7,Bekasi,350,216,27,36,Hujan,Dini Hari,Truk,Kelalaian Pengemudi,Jalan Provinsi,Rusak,40-60,Lurus,Laki-laki,<17,Tidak,pribadi,multi_kendaraan,pengemudi,ya,UU 34/1964,meninggal,12870000000
1/13/2022,2022,1,Yogyakarta,309,479,29,12,Cerah,Siang,Motor,Kecepatan Berlebih,Jalan Provinsi,Baik,40-60,Simpang Y,Perempuan,>50,Ya,pribadi,multi_kendaraan,pengemudi,ya,UU 34/1964,meninggal,25640000000
11/2/2021,2021,11,Bandung,359,379,20,59,Hujan,Dini Hari,Mobil,Kecepatan Berlebih,Jalan Nasional,Rusak,>60,Simpang T,Laki-laki,17-25,Tidak,pribadi,multi_kendaraan,pengemudi,ya,UU 34/1964,meninggal,21130000000
6/11/2023,2023,6,Surabaya,844,345,25,38,Hujan,Malam,Truk,Kurang Jarak Aman,Jalan Kota,Berlubang,<40,Simpang 4,Laki-laki,17-25,Ya,pribadi,tunggal,pengemudi,tidak,tidak_dijamin,tidak_ada,0
11/10/2025,2025,11,Palembang,867,105,28,40,Hujan,Pagi,Mobil,Kecepatan Berlebih,Jalan Nasional,Baik,<40,Simpang 4,Laki-laki,17-25,Tidak,pribadi,multi_kendaraan,pengemudi,ya,UU 34/1964,meninggal,7450000000
9/17/2022,2022,9,Jakarta Timur,472,125,24,12,Hujan,Pagi,Motor,Pelanggaran Lalu Lintas,Jalan Kota,Berlubang,>60,Simpang 4,Laki-laki,26-45,Tidak,pribadi,tunggal,pengemudi,tidak,tidak_dijamin,tidak_ada,0
1/15/2022,2022,1,Bekasi,337,177,26,39,Cerah,Malam,Mobil,Kelalaian Pengemudi,Jalan Provinsi,Baik,>60,Simpang 4,Laki-laki,>50,Tidak,pribadi,tunggal,pengemudi,tidak,tidak_dijamin,tidak_ada,0
4/18/2025,2025,4,Palembang,665,467,27,35,Cerah,Dini Hari,Motor,Kondisi Jalan,Jalan Provinsi,Berlubang,40-60,Simpang Y,Laki-laki,>50,Ya,pribadi,multi_kendaraan,pengemudi,ya,UU 34/1964,meninggal,25400000000
1/9/2025,2025,1,Jakarta Selatan,678,182,30,46,Cerah,Pagi,Motor,Kurang Jarak Aman,Jalan Nasional,Baik,<40,Simpang T,Perempuan,17-25,Tidak,pribadi,tunggal,pengemudi,tidak,tidak_dijamin,tidak_ada,0
1/26/2025,2025,1,Jakarta Timur,687,125,27,12,Cerah,Pagi,Motor,Kecepatan Berlebih,Jalan Kota,Baik,<40,Tikungan,Laki-laki,>50,Ya,pribadi,multi_kendaraan,pengemudi,ya,UU 34/1964,meninggal,7840000000
11/18/2025,2025,11,Palembang,806,493,25,27,Hujan,Dini Hari,Bus,Kelalaian Pengemudi,Jalan Nasional,Baik,40-60,Simpang 4,Perempuan,26-45,Ya,umum,multi_kendaraan,penumpang,ya,UU 33/1964,meninggal,26440000000
9/10/2021,2021,9,Medan,380,322,27,1,Hujan,Malam,Truk,Kondisi Jalan,Jalan Kota,Rusak,>60,Lurus,Perempuan,<17,Tidak,pribadi,multi_kendaraan,pengemudi,ya,UU 34/1964,meninggal,17470000000
8/28/2025,2025,8,Bandung,848,258,26,0,Cerah,Dini Hari,Truk,Kecepatan Berlebih,Jalan Kota,Berlubang,>60,Simpang T,Perempuan,17-25,Tidak,pribadi,multi_kendaraan,pengemudi,ya,UU 34/1964,meninggal,14200000000
1/7/2023,2023,1,Semarang,506,452,24,43,Cerah,Dini Hari,Truk,Rem Blong,Jalan Provinsi,Rusak,>60,Lurus,Perempuan,26-45,Ya,pribadi,multi_kendaraan,pengemudi,ya,UU 34/1964,meninggal,24660000000
10/2/2025,2025,10,Makassar,885,245,25,18,Cerah,Dini Hari,Motor,Kecepatan Berlebih,Jalan Nasional,Baik,40-60,Simpang T,Perempuan,17-25,Ya,pribadi,multi_kendaraan,pengemudi,ya,UU 34/1964,meninggal,13860000000
9/16/2021,2021,9,Palembang,406,253,28,33,Hujan,Malam,Truk,Pelanggaran Lalu Lintas,Jalan Provinsi,Baik,<40,Tikungan,Laki-laki,>50,Ya,pribadi,multi_kendaraan,pengemudi,ya,UU 34/1964,meninggal,14710000000
7/25/2023,2023,7,Semarang,523,236,30,52,Cerah,Siang,Mobil,Kelalaian Pengemudi,Jalan Nasional,Rusak,<40,Tikungan,Laki-laki,>50,Tidak,pribadi,multi_kendaraan,pengemudi,ya,UU 34/1964,meninggal,14340000000
6/7/2023,2023,6,Makassar,778,183,30,18,Cerah,Pagi,Bus,Kecepatan Berlebih,Jalan Nasional,Baik,<40,Simpang T,Laki-laki,<17,Ya,umum,multi_kendaraan,penumpang,ya,UU 33/1964,meninggal,11010000000
1/18/2021,2021,1,Bekasi,216,426,26,55,Cerah,Dini Hari,Bus,Kecepatan Berlebih,Jalan Nasional,Baik,<40,Simpang 4,Perempuan,>50,Ya,umum,multi_kendaraan,penumpang,ya,UU 33/1964,meninggal,23700000000
9/16/2024,2024,9,Palembang,727,195,30,3,Hujan,Siang,Motor,Kecepatan Berlebih,Jalan Provinsi,Rusak,>60,Simpang 4,Laki-laki,26-45,Ya,pribadi,multi_kendaraan,pengemudi,ya,UU 34/1964,meninggal,11310000000
7/26/2022,2022,7,Jakarta Selatan,486,214,25,32,Cerah,Pagi,Motor,Rem Blong,Jalan Kota,Berlubang,<40,Simpang 4,Laki-laki,>50,Tidak,pribadi,multi_kendaraan,pengemudi,ya,UU 34/1964,meninggal,12590000000
4/24/2022,2022,4,Bekasi,438,441,27,9,Hujan,Malam,Motor,Kurang Jarak Aman,Jalan Nasional,Rusak,>60,Simpang Y,Perempuan,17-25,Ya,pribadi,tunggal,pengemudi,tidak,tidak_dijamin,tidak_ada,0
2/14/2023,2023,2,Surabaya,506,353,25,2,Hujan,Malam,Motor,Rem Blong,Jalan Nasional,Baik,<40,Lurus,Perempuan,>50,Tidak,pribadi,tunggal,pengemudi,tidak,tidak_dijamin,tidak_ada,0
1/8/2023,2023,1,Medan,494,161,26,22,Cerah,Pagi,Mobil,Kondisi Jalan,Jalan Nasional,Berlubang,<40,Simpang T,Laki-laki,>50,Ya,pribadi,tunggal,pengemudi,tidak,tidak_dijamin,tidak_ada,0
1/10/2023,2023,1,Makassar,507,215,20,55,Hujan,Dini Hari,Mobil,Kondisi Jalan,Jalan Nasional,Berlubang,>60,Lurus,Perempuan,26-45,Tidak,pribadi,tunggal,pengemudi,tidak,tidak_dijamin,tidak_ada,0
3/29/2022,2022,3,Palembang,337,227,28,5,Cerah,Malam,Mobil,Kelalaian Pengemudi,Jalan Nasional,Rusak,40-60,Simpang T,Laki-laki,17-25,Ya,pribadi,multi_kendaraan,pengemudi,ya,UU 34/1964,meninggal,12850000000
9/19/2021,2021,9,Bandung,365,116,24,23,Hujan,Pagi,Motor,Kurang Jarak Aman,Jalan Nasional,Rusak,40-60,Simpang T,Perempuan,26-45,Ya,pribadi,tunggal,pengemudi,tidak,tidak_dijamin,tidak_ada,0
6/24/2023,2023,6,Medan,703,349,28,17,Hujan,Siang,Mobil,Pelanggaran Lalu Lintas,Jalan Provinsi,Berlubang,40-60,Lurus,Laki-laki,<17,Ya,pribadi,multi_kendaraan,pengemudi,ya,UU 34/1964,meninggal,19190000000
3/10/2025,2025,3,Palembang,665,264,30,20,Cerah,Malam,Mobil,Pelanggaran Lalu Lintas,Jalan Kota,Baik,<40,Simpang 4,Laki-laki,17-25,Tidak,pribadi,multi_kendaraan,pengemudi,ya,UU 34/1964,meninggal,15100000000
10/6/2025,2025,10,Bekasi,897,263,21,32,Cerah,Malam,Mobil,Pelanggaran Lalu Lintas,Jalan Kota,Rusak,>60,Tikungan,Perempuan,17-25,Tidak,pribadi,tunggal,pengemudi,tidak,tidak_dijamin,tidak_ada,0
10/17/2025,2025,10,Semarang,798,399,24,4,Cerah,Dini Hari,Mobil,Kelalaian Pengemudi,Jalan Kota,Baik,<40,Simpang 4,Laki-laki,26-45,Ya,pribadi,multi_kendaraan,pengemudi,ya,UU 34/1964,meninggal,21230000000
1/1/2022,2022,1,Medan,283,401,20,1,Cerah,Siang,Mobil,Pelanggaran Lalu Lintas,Jalan Nasional,Rusak,<40,Tikungan,Laki-laki,26-45,Ya,pribadi,tunggal,pengemudi,tidak,tidak_dijamin,tidak_ada,0
5/21/2024,2024,5,Bandung,685,240,24,53,Cerah,Malam,Mobil,Rem Blong,Jalan Provinsi,Rusak,>60,Simpang 4,Perempuan,<17,Tidak,pribadi,tunggal,pengemudi,tidak,tidak_dijamin,tidak_ada,0
5/4/2022,2022,5,Surabaya,414,195,29,1,Cerah,Malam,Motor,Kecepatan Berlebih,Jalan Kota,Baik,>60,Simpang Y,Perempuan,26-45,Tidak,pribadi,tunggal,pengemudi,tidak,tidak_dijamin,tidak_ada,0
5/21/2025,2025,5,Semarang,740,404,29,5,Cerah,Pagi,Truk,Kurang Jarak Aman,Jalan Kota,Rusak,>60,Tikungan,Laki-laki,<17,Tidak,pribadi,tunggal,pengemudi,tidak,tidak_dijamin,tidak_ada,0
1/1/2025,2025,1,Bekasi,769,279,24,39,Hujan,Pagi,Truk,Kecepatan Berlebih,Jalan Nasional,Rusak,<40,Lurus,Perempuan,>50,Ya,pribadi,multi_kendaraan,pengemudi,ya,UU 34/1964,meninggal,15930000000
4/30/2023,2023,4,Surabaya,456,214,27,14,Cerah,Dini Hari,Bus,Rem Blong,Jalan Kota,Baik,>60,Lurus,Perempuan,26-45,Ya,umum,multi_kendaraan,penumpang,ya,UU 33/1964,meninggal,12330000000
3/7/2023,2023,3,Bekasi,425,136,21,23,Hujan,Dini Hari,Mobil,Kurang Jarak Aman,Jalan Kota,Rusak,>60,Simpang 4,Laki-laki,<17,Tidak,pribadi,multi_kendaraan,pengemudi,ya,UU 34/1964,meninggal,8310000000
6/14/2021,2021,6,Surabaya,594,396,21,30,Hujan,Malam,Motor,Kecepatan Berlebih,Jalan Provinsi,Berlubang,<40,Lurus,Perempuan,>50,Ya,pribadi,multi_kendaraan,pengemudi,ya,UU 34/1964,meninggal,21450000000
2/21/2022,2022,2,Bandung,410,109,23,37,Cerah,Siang,Truk,Rem Blong,Jalan Kota,Baik,40-60,Simpang Y,Perempuan,>50,Ya,pribadi,multi_kendaraan,pengemudi,ya,UU 34/1964,meninggal,7340000000
7/13/2024,2024,7,Makassar,636,301,30,29,Hujan,Siang,Truk,Pelanggaran Lalu Lintas,Jalan Kota,Rusak,40-60,Simpang Y,Laki-laki,26-45,Ya,pribadi,tunggal,pengemudi,tidak,tidak_dijamin,tidak_ada,0
12/24/2023,2023,12,Palembang,799,184,25,11,Hujan,Malam,Motor,Pelanggaran Lalu Lintas,Jalan Provinsi,Rusak,40-60,Simpang Y,Laki-laki,26-45,Tidak,pribadi,tunggal,pengemudi,tidak,tidak_dijamin,tidak_ada,0
4/8/2024,2024,4,Surabaya,654,158,30,24,Cerah,Pagi,Bus,Kecepatan Berlebih,Jalan Provinsi,Rusak,40-60,Simpang Y,Perempuan,26-45,Ya,umum,multi_kendaraan,penumpang,ya,UU 33/1964,meninggal,9880000000
1/3/2024,2024,1,Medan,517,330,24,30,Cerah,Malam,Truk,Kurang Jarak Aman,Jalan Kota,Rusak,<40,Simpang T,Perempuan,17-25,Tidak,pribadi,multi_kendaraan,pengemudi,ya,UU 34/1964,meninggal,18300000000
6/5/2025,2025,6,Bekasi,978,495,23,5,Cerah,Siang,Bus,Kondisi Jalan,Jalan Provinsi,Baik,40-60,Simpang 4,Perempuan,>50,Ya,umum,multi_kendaraan,penumpang,ya,UU 33/1964,meninggal,26000000000
8/14/2025,2025,8,Bandung,730,209,29,9,Hujan,Pagi,Bus,Kurang Jarak Aman,Jalan Kota,Berlubang,<40,Simpang Y,Perempuan,<17,Ya,umum,multi_kendaraan,penumpang,ya,UU 33/1964,meninggal,12080000000
8/1/2025,2025,8,Bekasi,733,290,26,12,Hujan,Dini Hari,Motor,Kelalaian Pengemudi,Jalan Nasional,Rusak,<40,Simpang 4,Laki-laki,<17,Ya,pribadi,tunggal,pengemudi,tidak,tidak_dijamin,tidak_ada,0
5/12/2025,2025,5,Palembang,834,128,30,4,Cerah,Pagi,Truk,Pelanggaran Lalu Lintas,Jalan Nasional,Rusak,<40,Lurus,Perempuan,17-25,Tidak,pribadi,multi_kendaraan,pengemudi,ya,UU 34/1964,meninggal,7980000000
6/26/2022,2022,6,Bekasi,666,199,27,19,Cerah,Pagi,Motor,Pelanggaran Lalu Lintas,Jalan Kota,Rusak,<40,Simpang 4,Laki-laki,26-45,Ya,pribadi,multi_kendaraan,pengemudi,ya,UU 34/1964,meninggal,11680000000
7/20/2025,2025,7,Medan,828,113,23,36,Cerah,Malam,Mobil,Kelalaian Pengemudi,Jalan Nasional,Baik,40-60,Simpang 4,Laki-laki,26-45,Ya,pribadi,multi_kendaraan,pengemudi,ya,UU 34/1964,meninggal,7520000000
7/3/2022,2022,7,Yogyakarta,441,256,20,4,Cerah,Siang,Bus,Kelalaian Pengemudi,Jalan Nasional,Rusak,40-60,Simpang 4,Perempuan,<17,Ya,umum,multi_kendaraan,penumpang,ya,UU 33/1964,meninggal,13880000000
4/22/2024,2024,4,Jakarta Selatan,609,410,30,46,Hujan,Malam,Motor,Kurang Jarak Aman,Jalan Nasional,Rusak,40-60,Tikungan,Perempuan,<17,Tidak,pribadi,multi_kendaraan,pengemudi,ya,UU 34/1964,meninggal,22920000000
8/28/2024,2024,8,Yogyakarta,689,218,21,24,Hujan,Dini Hari,Truk,Kurang Jarak Aman,Jalan Nasional,Berlubang,<40,Simpang T,Laki-laki,>50,Tidak,pribadi,multi_kendaraan,pengemudi,ya,UU 34/1964,meninggal,12430000000
5/26/2025,2025,5,Surabaya,695,300,26,13,Cerah,Dini Hari,Mobil,Kelalaian Pengemudi,Jalan Nasional,Baik,<40,Tikungan,Laki-laki,17-25,Tidak,pribadi,multi_kendaraan,pengemudi,ya,UU 34/1964,meninggal,16560000000
4/11/2023,2023,4,Jakarta Selatan,573,464,22,20,Hujan,Dini Hari,Mobil,Kelalaian Pengemudi,Jalan Kota,Rusak,40-60,Lurus,Laki-laki,<17,Ya,pribadi,multi_kendaraan,pengemudi,ya,UU 34/1964,meninggal,24700000000
10/6/2024,2024,10,Medan,718,290,23,11,Hujan,Malam,Truk,Kelalaian Pengemudi,Jalan Nasional,Rusak,<40,Tikungan,Laki-laki,26-45,Tidak,pribadi,multi_kendaraan,pengemudi,ya,UU 34/1964,meninggal,15870000000
12/22/2023,2023,12,Semarang,913,133,26,7,Cerah,Pagi,Motor,Rem Blong,Jalan Kota,Baik,<40,Simpang 4,Perempuan,>50,Tidak,pribadi,tunggal,pengemudi,tidak,tidak_dijamin,tidak_ada,0
1/12/2025,2025,1,Palembang,719,119,26,16,Hujan,Siang,Motor,Kurang Jarak Aman,Jalan Nasional,Baik,40-60,Simpang Y,Perempuan,17-25,Tidak,pribadi,multi_kendaraan,pengemudi,ya,UU 34/1964,meninggal,7570000000
10/20/2022,2022,10,Bekasi,400,168,26,13,Cerah,Pagi,Truk,Pelanggaran Lalu Lintas,Jalan Kota,Berlubang,40-60,Simpang T,Laki-laki,17-25,Ya,pribadi,multi_kendaraan,pengemudi,ya,UU 34/1964,meninggal,9960000000
12/28/2021,2021,12,Makassar,648,274,26,24,Hujan,Dini Hari,Truk,Kurang Jarak Aman,Jalan Nasional,Berlubang,40-60,Simpang T,Laki-laki,<17,Tidak,pribadi,multi_kendaraan,pengemudi,ya,UU 34/1964,meninggal,15480000000
1/25/2021,2021,1,Bandung,194,313,29,24,Hujan,Pagi,Bus,Kurang Jarak Aman,Jalan Kota,Berlubang,>60,Simpang 4,Perempuan,26-45,Tidak,umum,tunggal,penumpang,ya,UU 33/1964,meninggal,17580000000
9/17/2022,2022,9,Makassar,472,216,30,31,Hujan,Malam,Mobil,Kecepatan Berlebih,Jalan Kota,Rusak,40-60,Simpang Y,Perempuan,17-25,Tidak,pribadi,multi_kendaraan,pengemudi,ya,UU 34/1964,meninggal,12920000000
6/4/2021,2021,6,Surabaya,542,305,30,10,Cerah,Siang,Truk,Kurang Jarak Aman,Jalan Kota,Rusak,40-60,Lurus,Perempuan,17-25,Tidak,pribadi,tunggal,pengemudi,tidak,tidak_dijamin,tidak_ada,0
8/29/2025,2025,8,Bekasi,814,374,21,41,Hujan,Pagi,Truk,Pelanggaran Lalu Lintas,Jalan Kota,Rusak,<40,Simpang Y,Perempuan,>50,Tidak,pribadi,multi_kendaraan,pengemudi,ya,UU 34/1964,meninggal,20570000000
9/27/2023,2023,9,Jakarta Timur,540,470,26,52,Hujan,Siang,Mobil,Kelalaian Pengemudi,Jalan Provinsi,Baik,>60,Simpang T,Laki-laki,>50,Ya,pribadi,multi_kendaraan,pengemudi,ya,UU 34/1964,meninggal,25840000000
4/12/2025,2025,4,Palembang,711,141,21,37,Hujan,Pagi,Motor,Kurang Jarak Aman,Jalan Provinsi,Rusak,<40,Lurus,Perempuan,26-45,Ya,pribadi,multi_kendaraan,pengemudi,ya,UU 34/1964,meninggal,8840000000
1/23/2021,2021,1,Medan,181,353,23,11,Cerah,Dini Hari,Bus,Kurang Jarak Aman,Jalan Nasional,Rusak,40-60,Simpang 4,Perempuan,26-45,Ya,umum,multi_kendaraan,penumpang,ya,UU 33/1964,meninggal,19020000000
6/15/2022,2022,6,Jakarta Selatan,584,135,29,58,Cerah,Pagi,Motor,Kurang Jarak Aman,Jalan Nasional,Berlubang,<40,Lurus,Perempuan,<17,Tidak,pribadi,tunggal,pengemudi,tidak,tidak_dijamin,tidak_ada,0
8/29/2024,2024,8,Palembang,718,249,26,17,Cerah,Malam,Motor,Kecepatan Berlebih,Jalan Provinsi,Baik,>60,Simpang T,Perempuan,17-25,Tidak,pribadi,multi_kendaraan,pengemudi,ya,UU 34/1964,meninggal,14090000000
1/4/2023,2023,1,Yogyakarta,496,172,23,15,Cerah,Dini Hari,Mobil,Kondisi Jalan,Jalan Nasional,Baik,<40,Simpang 4,Perempuan,>50,Ya,pribadi,multi_kendaraan,pengemudi,ya,UU 34/1964,meninggal,10050000000
11/25/2024,2024,11,Semarang,655,351,28,39,Cerah,Pagi,Bus,Kecepatan Berlebih,Jalan Nasional,Berlubang,>60,Lurus,Perempuan,17-25,Tidak,umum,multi_kendaraan,penumpang,ya,UU 33/1964,meninggal,19730000000
9/26/2024,2024,9,Bandung,647,443,24,18,Cerah,Siang,Bus,Kondisi Jalan,Jalan Nasional,Berlubang,>60,Simpang T,Laki-laki,17-25,Ya,umum,multi_kendaraan,penumpang,ya,UU 33/1964,meninggal,23710000000
5/26/2022,2022,5,Jakarta Selatan,419,452,27,22,Hujan,Malam,Truk,Rem Blong,Jalan Nasional,Baik,<40,Simpang 4,Laki-laki,26-45,Ya,pribadi,multi_kendaraan,pengemudi,ya,UU 34/1964,meninggal,24390000000
10/23/2024,2024,10,Bekasi,649,448,23,41,Cerah,Siang,Truk,Kecepatan Berlebih,Jalan Nasional,Rusak,<40,Simpang 4,Perempuan,26-45,Tidak,pribadi,multi_kendaraan,pengemudi,ya,UU 34/1964,meninggal,24370000000
7/4/2022,2022,7,Jakarta Timur,391,493,27,45,Cerah,Malam,Truk,Rem Blong,Jalan Nasional,Baik,>60,Simpang 4,Laki-laki,<17,Ya,pribadi,tunggal,pengemudi,tidak,tidak_dijamin,tidak_ada,0
1/14/2021,2021,1,Surabaya,226,308,21,15,Hujan,Malam,Mobil,Kecepatan Berlebih,Jalan Nasional,Rusak,>60,Lurus,Laki-laki,>50,Ya,pribadi,multi_kendaraan,pengemudi,ya,UU 34/1964,meninggal,16750000000
8/31/2021,2021,8,Bandung,257,208,22,38,Cerah,Pagi,Motor,Kecepatan Berlebih,Jalan Provinsi,Berlubang,<40,Simpang Y,Laki-laki,>50,Ya,pribadi,multi_kendaraan,pengemudi,ya,UU 34/1964,meninggal,12260000000
1/21/2025,2025,1,Yogyakarta,672,219,21,25,Hujan,Pagi,Mobil,Kelalaian Pengemudi,Jalan Nasional,Berlubang,40-60,Simpang 4,Perempuan,26-45,Tidak,pribadi,tunggal,pengemudi,tidak,tidak_dijamin,tidak_ada,0
7/26/2022,2022,7,Bekasi,387,485,28,52,Cerah,Malam,Motor,Kurang Jarak Aman,Jalan Nasional,Baik,>60,Tikungan,Perempuan,<17,Ya,pribadi,multi_kendaraan,pengemudi,ya,UU 34/1964,meninggal,26690000000
6/16/2021,2021,6,Makassar,608,489,28,14,Hujan,Malam,Truk,Kurang Jarak Aman,Jalan Nasional,Rusak,40-60,Simpang 4,Perempuan,>50,Ya,pribadi,tunggal,pengemudi,tidak,tidak_dijamin,tidak_ada,0
10/31/2023,2023,10,Yogyakarta,510,285,20,21,Hujan,Dini Hari,Bus,Kurang Jarak Aman,Jalan Nasional,Rusak,<40,Simpang T,Laki-laki,17-25,Tidak,umum,multi_kendaraan,penumpang,ya,UU 33/1964,meninggal,15670000000
11/4/2025,2025,11,Jakarta Timur,805,456,23,10,Cerah,Siang,Mobil,Rem Blong,Jalan Nasional,Berlubang,>60,Simpang T,Laki-laki,>50,Ya,pribadi,tunggal,pengemudi,tidak,tidak_dijamin,tidak_ada,0
9/6/2022,2022,9,Palembang,388,377,24,26,Hujan,Siang,Truk,Kecepatan Berlebih,Jalan Kota,Berlubang,>60,Simpang Y,Laki-laki,26-45,Tidak,pribadi,multi_kendaraan,pengemudi,ya,UU 34/1964,meninggal,20570000000
9/14/2024,2024,9,Palembang,621,328,22,42,Hujan,Siang,Truk,Kelalaian Pengemudi,Jalan Nasional,Baik,40-60,Simpang 4,Perempuan,26-45,Ya,pribadi,tunggal,pengemudi,tidak,tidak_dijamin,tidak_ada,0
5/8/2025,2025,5,Jakarta Selatan,828,426,28,16,Cerah,Malam,Bus,Kecepatan Berlebih,Jalan Provinsi,Berlubang,<40,Simpang Y,Perempuan,26-45,Tidak,umum,tunggal,penumpang,ya,UU 33/1964,meninggal,23020000000
10/17/2023,2023,10,Bekasi,652,358,20,25,Hujan,Dini Hari,Motor,Kelalaian Pengemudi,Jalan Kota,Rusak,<40,Tikungan,Perempuan,<17,Tidak,pribadi,multi_kendaraan,pengemudi,ya,UU 34/1964,meninggal,19400000000
1/23/2022,2022,1,Palembang,367,103,26,57,Hujan,Siang,Truk,Pelanggaran Lalu Lintas,Jalan Kota,Rusak,40-60,Simpang Y,Laki-laki,26-45,Tidak,pribadi,tunggal,pengemudi,tidak,tidak_dijamin,tidak_ada,0
1/5/2021,2021,1,Palembang,168,359,27,23,Cerah,Malam,Truk,Rem Blong,Jalan Kota,Rusak,>60,Simpang T,Perempuan,17-25,Tidak,pribadi,multi_kendaraan,pengemudi,ya,UU 34/1964,meninggal,19760000000
6/9/2021,2021,6,Medan,541,148,30,7,Cerah,Siang,Motor,Kecepatan Berlebih,Jalan Kota,Baik,40-60,Lurus,Perempuan,>50,Ya,pribadi,multi_kendaraan,pengemudi,ya,UU 34/1964,meninggal,9040000000
3/13/2022,2022,3,Bandung,417,222,22,10,Cerah,Dini Hari,Mobil,Kondisi Jalan,Jalan Nasional,Baik,40-60,Simpang 4,Laki-laki,>50,Tidak,pribadi,multi_kendaraan,pengemudi,ya,UU 34/1964,meninggal,12400000000
3/7/2021,2021,3,Bekasi,233,415,26,51,Hujan,Siang,Mobil,Kurang Jarak Aman,Jalan Nasional,Berlubang,>60,Simpang T,Perempuan,<17,Tidak,pribadi,multi_kendaraan,pengemudi,ya,UU 34/1964,meninggal,23070000000
9/21/2021,2021,9,Surabaya,277,349,26,12,Cerah,Malam,Mobil,Kurang Jarak Aman,Jalan Nasional,Rusak,40-60,Simpang T,Perempuan,17-25,Tidak,pribadi,multi_kendaraan,pengemudi,ya,UU 34/1964,meninggal,18990000000
3/9/2022,2022,3,Jakarta Timur,400,100,20,2,Cerah,Siang,Mobil,Pelanggaran Lalu Lintas,Jalan Nasional,Baik,<40,Lurus,Laki-laki,17-25,Tidak,pribadi,multi_kendaraan,pengemudi,ya,UU 34/1964,meninggal,6040000000
10/28/2023,2023,10,Bekasi,540,155,24,9,Cerah,Dini Hari,Mobil,Kecepatan Berlebih,Jalan Kota,Berlubang,40-60,Tikungan,Perempuan,>50,Ya,pribadi,multi_kendaraan,pengemudi,ya,UU 34/1964,meninggal,9130000000
1/1/2023,2023,1,Medan,382,406,23,48,Hujan,Malam,Motor,Kelalaian Pengemudi,Jalan Kota,Berlubang,40-60,Tikungan,Laki-laki,<17,Ya,pribadi,tunggal,pengemudi,tidak,tidak_dijamin,tidak_ada,0
11/26/2023,2023,11,Makassar,677,175,27,34,Hujan,Pagi,Truk,Kecepatan Berlebih,Jalan Provinsi,Baik,>60,Lurus,Perempuan,26-45,Tidak,pribadi,tunggal,pengemudi,tidak,tidak_dijamin,tidak_ada,0
6/2/2022,2022,6,Bekasi,588,187,27,14,Hujan,Dini Hari,Bus,Kelalaian Pengemudi,Jalan Nasional,Rusak,<40,Simpang T,Perempuan,<17,Tidak,umum,multi_kendaraan,penumpang,ya,UU 33/1964,meninggal,10980000000
8/31/2025,2025,8,Palembang,827,252,22,24,Hujan,Dini Hari,Truk,Kondisi Jalan,Jalan Nasional,Rusak,>60,Simpang 4,Perempuan,<17,Ya,pribadi,multi_kendaraan,pengemudi,ya,UU 34/1964,meninggal,14180000000
7/24/2021,2021,7,Yogyakarta,315,261,21,20,Hujan,Siang,Mobil,Kecepatan Berlebih,Jalan Kota,Berlubang,<40,Simpang T,Laki-laki,>50,Ya,pribadi,multi_kendaraan,pengemudi,ya,UU 34/1964,meninggal,14500000000
11/17/2024,2024,11,Surabaya,770,222,20,16,Cerah,Dini Hari,Motor,Kelalaian Pengemudi,Jalan Kota,Berlubang,40-60,Lurus,Laki-laki,17-25,Ya,pribadi,multi_kendaraan,pengemudi,ya,UU 34/1964,meninggal,12420000000
7/20/2023,2023,7,Makassar,515,245,25,49,Cerah,Siang,Mobil,Kelalaian Pengemudi,Jalan Nasional,Berlubang,>60,Tikungan,Perempuan,>50,Ya,pribadi,multi_kendaraan,pengemudi,ya,UU 34/1964,meninggal,14480000000
4/27/2025,2025,4,Bekasi,779,477,20,17,Cerah,Malam,Mobil,Rem Blong,Jalan Kota,Berlubang,40-60,Simpang 4,Laki-laki,17-25,Tidak,pribadi,multi_kendaraan,pengemudi,ya,UU 34/1964,meninggal,25190000000
10/11/2022,2022,10,Bekasi,440,319,30,55,Hujan,Pagi,Motor,Kelalaian Pengemudi,Jalan Nasional,Baik,40-60,Simpang 4,Laki-laki,26-45,Tidak,pribadi,multi_kendaraan,pengemudi,ya,UU 34/1964,meninggal,18550000000
7/13/2024,2024,7,Makassar,715,123,27,29,Hujan,Siang,Truk,Pelanggaran Lalu Lintas,Jalan Kota,Rusak,40-60,Tikungan,Perempuan,26-45,Tidak,pribadi,tunggal,pengemudi,tidak,tidak_dijamin,tidak_ada,0
7/22/2023,2023,7,Yogyakarta,489,420,24,42,Hujan,Pagi,Motor,Kecepatan Berlebih,Jalan Nasional,Berlubang,40-60,Simpang T,Laki-laki,26-45,Ya,pribadi,multi_kendaraan,pengemudi,ya,UU 34/1964,meninggal,23040000000
11/22/2025,2025,11,Semarang,856,220,23,40,Cerah,Dini Hari,Motor,Kecepatan Berlebih,Jalan Kota,Rusak,>60,Lurus,Perempuan,>50,Tidak,pribadi,multi_kendaraan,pengemudi,ya,UU 34/1964,meninggal,12950000000
2/26/2021,2021,2,Medan,240,465,28,8,Cerah,Siang,Mobil,Rem Blong,Jalan Kota,Baik,<40,Simpang Y,Laki-laki,<17,Tidak,pribadi,multi_kendaraan,pengemudi,ya,UU 34/1964,meninggal,24810000000
3/30/2023,2023,3,Surabaya,416,218,20,3,Cerah,Pagi,Motor,Kurang Jarak Aman,Jalan Nasional,Baik,<40,Simpang T,Perempuan,<17,Ya,pribadi,multi_kendaraan,pengemudi,ya,UU 34/1964,meninggal,11960000000
2/5/2025,2025,2,Medan,656,134,22,23,Cerah,Malam,Bus,Pelanggaran Lalu Lintas,Jalan Nasional,Rusak,40-60,Simpang 4,Laki-laki,17-25,Ya,umum,multi_kendaraan,penumpang,ya,UU 33/1964,meninggal,8260000000
7/14/2023,2023,7,Medan,611,139,20,12,Hujan,Siang,Truk,Kondisi Jalan,Jalan Nasional,Berlubang,>60,Simpang T,Laki-laki,<17,Ya,pribadi,multi_kendaraan,pengemudi,ya,UU 34/1964,meninggal,8190000000
1/19/2021,2021,1,Jakarta Selatan,248,316,26,9,Cerah,Pagi,Motor,Rem Blong,Jalan Provinsi,Berlubang,<40,Simpang Y,Perempuan,>50,Ya,pribadi,multi_kendaraan,pengemudi,ya,UU 34/1964,meninggal,17280000000
1/1/2025,2025,1,Jakarta Timur,674,456,29,12,Cerah,Pagi,Motor,Kecepatan Berlebih,Jalan Kota,Baik,40-60,Simpang 4,Perempuan,>50,Tidak,pribadi,multi_kendaraan,pengemudi,ya,UU 34/1964,meninggal,24490000000
2/19/2025,2025,2,Jakarta Timur,664,139,29,66,Hujan,Pagi,Motor,Kecepatan Berlebih,Jalan Provinsi,Berlubang,40-60,Simpang Y,Laki-laki,17-25,Tidak,pribadi,tunggal,pengemudi,tidak,tidak_dijamin,tidak_ada,0
4/7/2024,2024,4,Jakarta Timur,645,360,22,25,Cerah,Malam,Bus,Kurang Jarak Aman,Jalan Provinsi,Rusak,>60,Simpang Y,Perempuan,17-25,Tidak,umum,tunggal,penumpang,ya,UU 33/1964,meninggal,19600000000
7/4/2021,2021,7,Jakarta Timur,266,400,25,34,Hujan,Dini Hari,Bus,Kecepatan Berlebih,Jalan Nasional,Rusak,40-60,Simpang 4,Laki-laki,>50,Tidak,umum,multi_kendaraan,penumpang,ya,UU 33/1964,meninggal,21930000000
12/26/2022,2022,12,Surabaya,786,188,21,25,Cerah,Siang,Bus,Rem Blong,Jalan Provinsi,Berlubang,>60,Tikungan,Laki-laki,>50,Tidak,umum,multi_kendaraan,penumpang,ya,UU 33/1964,meninggal,10950000000
10/22/2025,2025,10,Makassar,874,248,24,16,Cerah,Siang,Truk,Pelanggaran Lalu Lintas,Jalan Provinsi,Baik,40-60,Lurus,Laki-laki,17-25,Tidak,pribadi,multi_kendaraan,pengemudi,ya,UU 34/1964,meninggal,13920000000
8/13/2022,2022,8,Bandung,376,427,21,9,Hujan,Dini Hari,Motor,Kurang Jarak Aman,Jalan Kota,Rusak,<40,Tikungan,Perempuan,<17,Ya,pribadi,multi_kendaraan,pengemudi,ya,UU 34/1964,meninggal,22580000000
7/23/2025,2025,7,Jakarta Selatan,754,309,21,21,Cerah,Malam,Mobil,Pelanggaran Lalu Lintas,Jalan Kota,Baik,<40,Simpang T,Perempuan,26-45,Ya,pribadi,multi_kendaraan,pengemudi,ya,UU 34/1964,meninggal,16920000000
5/15/2024,2024,5,Surabaya,640,138,20,16,Hujan,Siang,Motor,Kurang Jarak Aman,Jalan Nasional,Berlubang,<40,Simpang T,Laki-laki,26-45,Tidak,pribadi,multi_kendaraan,pengemudi,ya,UU 34/1964,meninggal,8220000000
8/14/2025,2025,8,Jakarta Selatan,836,415,22,2,Cerah,Dini Hari,Mobil,Kelalaian Pengemudi,Jalan Nasional,Rusak,40-60,Simpang T,Perempuan,<17,Tidak,pribadi,multi_kendaraan,pengemudi,ya,UU 34/1964,meninggal,21890000000
8/28/2024,2024,8,Bekasi,635,199,20,11,Hujan,Pagi,Bus,Kecepatan Berlebih,Jalan Provinsi,Baik,40-60,Simpang 4,Laki-laki,<17,Ya,umum,multi_kendaraan,penumpang,ya,UU 33/1964,meninggal,11170000000
8/2/2021,2021,8,Makassar,381,153,20,55,Hujan,Siang,Motor,Pelanggaran Lalu Lintas,Jalan Kota,Rusak,40-60,Simpang T,Laki-laki,26-45,Tidak,pribadi,multi_kendaraan,pengemudi,ya,UU 34/1964,meninggal,9750000000
8/18/2024,2024,8,Jakarta Selatan,638,174,22,5,Cerah,Malam,Bus,Kurang Jarak Aman,Jalan Nasional,Berlubang,>60,Simpang 4,Perempuan,<17,Ya,umum,tunggal,penumpang,ya,UU 33/1964,meninggal,9900000000
6/6/2022,2022,6,Jakarta Timur,664,241,24,56,Hujan,Siang,Motor,Pelanggaran Lalu Lintas,Jalan Nasional,Berlubang,<40,Lurus,Laki-laki,17-25,Ya,pribadi,tunggal,pengemudi,tidak,tidak_dijamin,tidak_ada,0
1/8/2021,2021,1,Yogyakarta,155,482,29,49,Hujan,Dini Hari,Bus,Rem Blong,Jalan Provinsi,Rusak,40-60,Tikungan,Laki-laki,26-45,Ya,umum,tunggal,penumpang,ya,UU 33/1964,meninggal,26530000000
9/4/2022,2022,9,Jakarta Selatan,445,169,25,35,Cerah,Pagi,Motor,Kecepatan Berlebih,Jalan Kota,Berlubang,40-60,Simpang Y,Laki-laki,<17,Ya,pribadi,multi_kendaraan,pengemudi,ya,UU 34/1964,meninggal,10400000000
4/23/2023,2023,4,Jakarta Selatan,506,102,30,1,Cerah,Pagi,Motor,Kurang Jarak Aman,Jalan Provinsi,Rusak,40-60,Tikungan,Laki-laki,<17,Tidak,pribadi,tunggal,pengemudi,tidak,tidak_dijamin,tidak_ada,0
9/24/2023,2023,9,Palembang,578,193,20,31,Hujan,Siang,Truk,Kelalaian Pengemudi,Jalan Kota,Rusak,40-60,Tikungan,Perempuan,>50,Tidak,pribadi,multi_kendaraan,pengemudi,ya,UU 34/1964,meninggal,11270000000
10/11/2023,2023,10,Medan,616,278,25,10,Cerah,Siang,Bus,Kurang Jarak Aman,Jalan Kota,Baik,>60,Simpang 4,Laki-laki,26-45,Ya,umum,tunggal,penumpang,ya,UU 33/1964,meninggal,15350000000
2/2/2023,2023,2,Palembang,518,124,25,10,Cerah,Dini Hari,Bus,Kondisi Jalan,Jalan Nasional,Baik,>60,Simpang 4,Laki-laki,26-45,Ya,umum,multi_kendaraan,penumpang,ya,UU 33/1964,meninggal,7650000000
10/2/2022,2022,10,Yogyakarta,456,164,21,12,Cerah,Pagi,Mobil,Rem Blong,Jalan Provinsi,Baik,40-60,Simpang 4,Perempuan,26-45,Ya,pribadi,tunggal,pengemudi,tidak,tidak_dijamin,tidak_ada,0
2/5/2023,2023,2,Yogyakarta,517,428,22,50,Cerah,Pagi,Truk,Kurang Jarak Aman,Jalan Provinsi,Rusak,<40,Simpang 4,Laki-laki,26-45,Tidak,pribadi,multi_kendaraan,pengemudi,ya,UU 34/1964,meninggal,23500000000
8/30/2023,2023,8,Jakarta Timur,488,293,23,7,Hujan,Siang,Bus,Kelalaian Pengemudi,Jalan Kota,Rusak,>60,Simpang T,Laki-laki,>50,Tidak,umum,tunggal,penumpang,ya,UU 33/1964,meninggal,15940000000
2/11/2023,2023,2,Bekasi,455,353,20,7,Cerah,Dini Hari,Motor,Kurang Jarak Aman,Jalan Provinsi,Baik,>60,Simpang Y,Laki-laki,>50,Tidak,pribadi,tunggal,pengemudi,tidak,tidak_dijamin,tidak_ada,0
12/6/2024,2024,12,Yogyakarta,1078,322,30,19,Hujan,Malam,Mobil,Kelalaian Pengemudi,Jalan Kota,Baik,40-60,Simpang Y,Perempuan,17-25,Ya,pribadi,multi_kendaraan,pengemudi,ya,UU 34/1964,meninggal,17980000000
6/26/2025,2025,6,Medan,929,418,22,42,Hujan,Dini Hari,Mobil,Rem Blong,Jalan Provinsi,Berlubang,<40,Simpang 4,Laki-laki,26-45,Ya,pribadi,multi_kendaraan,pengemudi,ya,UU 34/1964,meninggal,22840000000
5/12/2024,2024,5,Jakarta Timur,603,147,21,36,Hujan,Dini Hari,Truk,Kecepatan Berlebih,Jalan Nasional,Baik,>60,Simpang Y,Perempuan,<17,Ya,pribadi,tunggal,pengemudi,tidak,tidak_dijamin,tidak_ada,0
6/12/2025,2025,6,Medan,939,311,29,31,Cerah,Pagi,Truk,Kurang Jarak Aman,Jalan Kota,Baik,>60,Simpang Y,Laki-laki,17-25,Ya,pribadi,multi_kendaraan,pengemudi,ya,UU 34/1964,meninggal,17620000000
11/11/2025,2025,11,Jakarta Timur,822,392,28,13,Cerah,Malam,Mobil,Kecepatan Berlebih,Jalan Nasional,Berlubang,>60,Simpang T,Laki-laki,17-25,Ya,pribadi,tunggal,pengemudi,tidak,tidak_dijamin,tidak_ada,0
12/2/2022,2022,12,Yogyakarta,768,165,30,6,Hujan,Malam,Bus,Kondisi Jalan,Jalan Nasional,Rusak,40-60,Simpang 4,Laki-laki,26-45,Tidak,umum,multi_kendaraan,penumpang,ya,UU 33/1964,meninggal,9870000000
3/2/2025,2025,3,Makassar,715,418,21,27,Cerah,Dini Hari,Truk,Kecepatan Berlebih,Jalan Nasional,Baik,>60,Simpang T,Perempuan,<17,Tidak,pribadi,multi_kendaraan,pengemudi,ya,UU 34/1964,meninggal,22490000000
11/19/2022,2022,11,Semarang,558,242,27,13,Hujan,Malam,Truk,Kecepatan Berlebih,Jalan Kota,Rusak,<40,Simpang Y,Laki-laki,<17,Tidak,pribadi,multi_kendaraan,pengemudi,ya,UU 34/1964,meninggal,13710000000
9/12/2025,2025,9,Yogyakarta,819,483,22,23,Cerah,Siang,Motor,Pelanggaran Lalu Lintas,Jalan Nasional,Baik,40-60,Simpang Y,Laki-laki,26-45,Ya,pribadi,multi_kendaraan,pengemudi,ya,UU 34/1964,meninggal,25710000000
10/20/2021,2021,10,Bekasi,363,397,25,42,Cerah,Siang,Bus,Kondisi Jalan,Jalan Provinsi,Berlubang,40-60,Simpang 4,Laki-laki,26-45,Ya,umum,tunggal,penumpang,ya,UU 33/1964,meninggal,21940000000
10/14/2023,2023,10,Jakarta Selatan,562,456,27,15,Hujan,Siang,Motor,Rem Blong,Jalan Provinsi,Berlubang,40-60,Simpang Y,Perempuan,>50,Tidak,pribadi,multi_kendaraan,pengemudi,ya,UU 34/1964,meninggal,24450000000
1/12/2021,2021,1,Bandung,174,194,28,44,Cerah,Siang,Mobil,Kondisi Jalan,Jalan Nasional,Rusak,40-60,Lurus,Laki-laki,26-45,Ya,pribadi,multi_kendaraan,pengemudi,ya,UU 34/1964,meninggal,11980000000
6/24/2022,2022,6,Medan,599,499,28,5,Hujan,Dini Hari,Mobil,Kondisi Jalan,Jalan Provinsi,Baik,<40,Simpang Y,Perempuan,>50,Ya,pribadi,multi_kendaraan,pengemudi,ya,UU 34/1964,meninggal,26450000000
9/27/2024,2024,9,Surabaya,629,178,23,7,Cerah,Malam,Motor,Rem Blong,Jalan Kota,Baik,>60,Simpang T,Laki-laki,>50,Ya,pribadi,multi_kendaraan,pengemudi,ya,UU 34/1964,meninggal,10190000000
7/18/2023,2023,7,Bekasi,515,126,22,58,Cerah,Dini Hari,Mobil,Kurang Jarak Aman,Jalan Nasional,Berlubang,>60,Tikungan,Laki-laki,<17,Ya,pribadi,tunggal,pengemudi,tidak,tidak_dijamin,tidak_ada,0
7/12/2023,2023,7,Surabaya,472,181,24,44,Hujan,Malam,Truk,Pelanggaran Lalu Lintas,Jalan Nasional,Berlubang,40-60,Tikungan,Perempuan,26-45,Tidak,pribadi,tunggal,pengemudi,tidak,tidak_dijamin,tidak_ada,0
2/1/2025,2025,2,Makassar,761,206,27,12,Hujan,Siang,Mobil,Pelanggaran Lalu Lintas,Jalan Kota,Rusak,40-60,Simpang 4,Laki-laki,26-45,Tidak,pribadi,multi_kendaraan,pengemudi,ya,UU 34/1964,meninggal,11890000000
1/24/2025,2025,1,Jakarta Selatan,631,257,21,8,Hujan,Siang,Motor,Kondisi Jalan,Jalan Provinsi,Berlubang,>60,Simpang T,Perempuan,17-25,Tidak,pribadi,tunggal,pengemudi,tidak,tidak_dijamin,tidak_ada,0
5/13/2024,2024,5,Bekasi,713,421,24,9,Cerah,Dini Hari,Truk,Kelalaian Pengemudi,Jalan Nasional,Rusak,40-60,Simpang 4,Perempuan,>50,Tidak,pribadi,tunggal,pengemudi,tidak,tidak_dijamin,tidak_ada,0
1/7/2022,2022,1,Makassar,341,188,29,53,Hujan,Pagi,Bus,Rem Blong,Jalan Kota,Berlubang,>60,Simpang T,Perempuan,<17,Ya,umum,multi_kendaraan,penumpang,ya,UU 33/1964,meninggal,11910000000
8/11/2022,2022,8,Surabaya,443,112,26,17,Hujan,Siang,Motor,Kelalaian Pengemudi,Jalan Kota,Baik,<40,Tikungan,Perempuan,17-25,Tidak,pribadi,tunggal,pengemudi,tidak,tidak_dijamin,tidak_ada,0
11/26/2025,2025,11,Medan,821,267,21,7,Hujan,Siang,Truk,Kurang Jarak Aman,Jalan Nasional,Baik,>60,Simpang T,Laki-laki,26-45,Ya,pribadi,multi_kendaraan,pengemudi,ya,UU 34/1964,meninggal,14540000000
4/30/2022,2022,4,Surabaya,424,321,27,37,Hujan,Malam,Mobil,Pelanggaran Lalu Lintas,Jalan Kota,Baik,40-60,Simpang T,Perempuan,>50,Ya,pribadi,multi_kendaraan,pengemudi,ya,UU 34/1964,meninggal,18140000000
1/22/2023,2023,1,Jakarta Selatan,475,476,25,35,Cerah,Dini Hari,Truk,Kecepatan Berlebih,Jalan Provinsi,Baik,<40,Simpang T,Laki-laki,>50,Tidak,pribadi,tunggal,pengemudi,tidak,tidak_dijamin,tidak_ada,0
6/3/2023,2023,6,Bekasi,761,363,26,35,Hujan,Dini Hari,Bus,Kecepatan Berlebih,Jalan Nasional,Baik,40-60,Lurus,Laki-laki,<17,Ya,umum,multi_kendaraan,penumpang,ya,UU 33/1964,meninggal,20150000000
1/17/2021,2021,1,Palembang,199,175,21,17,Hujan,Pagi,Motor,Kecepatan Berlebih,Jalan Kota,Rusak,<40,Tikungan,Perempuan,26-45,Tidak,pribadi,tunggal,pengemudi,tidak,tidak_dijamin,tidak_ada,0
2/1/2025,2025,2,Yogyakarta,774,244,27,29,Cerah,Siang,Motor,Kurang Jarak Aman,Jalan Kota,Rusak,40-60,Simpang Y,Perempuan,26-45,Tidak,pribadi,tunggal,pengemudi,tidak,tidak_dijamin,tidak_ada,0
12/25/2024,2024,12,Jakarta Selatan,993,256,28,38,Hujan,Dini Hari,Truk,Kelalaian Pengemudi,Jalan Kota,Baik,<40,Simpang T,Perempuan,26-45,Tidak,pribadi,multi_kendaraan,pengemudi,ya,UU 34/1964,meninggal,14960000000
10/19/2025,2025,10,Bandung,754,271,24,53,Cerah,Malam,Truk,Kurang Jarak Aman,Jalan Kota,Berlubang,40-60,Tikungan,Perempuan,>50,Ya,pribadi,tunggal,pengemudi,tidak,tidak_dijamin,tidak_ada,0
11/5/2025,2025,11,Makassar,854,142,27,5,Hujan,Dini Hari,Truk,Kurang Jarak Aman,Jalan Nasional,Berlubang,>60,Tikungan,Laki-laki,26-45,Ya,pribadi,multi_kendaraan,pengemudi,ya,UU 34/1964,meninggal,8550000000
12/9/2025,2025,12,Yogyakarta,993,483,27,12,Hujan,Pagi,Bus,Pelanggaran Lalu Lintas,Jalan Provinsi,Rusak,<40,Simpang T,Laki-laki,<17,Ya,umum,multi_kendaraan,penumpang,ya,UU 33/1964,meninggal,25740000000
6/24/2025,2025,6,Jakarta Timur,991,374,24,30,Cerah,Pagi,Bus,Pelanggaran Lalu Lintas,Jalan Provinsi,Berlubang,>60,Lurus,Laki-laki,17-25,Ya,umum,multi_kendaraan,penumpang,ya,UU 33/1964,meninggal,20500000000
3/31/2021,2021,3,Surabaya,319,451,20,49,Cerah,Dini Hari,Motor,Kelalaian Pengemudi,Jalan Kota,Berlubang,<40,Simpang Y,Perempuan,17-25,Tidak,pribadi,tunggal,pengemudi,tidak,tidak_dijamin,tidak_ada,0
5/24/2022,2022,5,Surabaya,356,403,24,15,Cerah,Malam,Bus,Pelanggaran Lalu Lintas,Jalan Kota,Berlubang,>60,Simpang Y,Laki-laki,<17,Ya,umum,multi_kendaraan,penumpang,ya,UU 33/1964,meninggal,21650000000
8/21/2025,2025,8,Yogyakarta,721,106,23,19,Cerah,Siang,Truk,Kecepatan Berlebih,Jalan Nasional,Rusak,40-60,Simpang 4,Laki-laki,<17,Ya,pribadi,multi_kendaraan,pengemudi,ya,UU 34/1964,meninggal,6830000000
3/23/2023,2023,3,Medan,475,141,24,1,Hujan,Siang,Mobil,Rem Blong,Jalan Provinsi,Baik,40-60,Simpang T,Laki-laki,26-45,Tidak,pribadi,tunggal,pengemudi,tidak,tidak_dijamin,tidak_ada,0
7/14/2024,2024,7,Jakarta Selatan,596,495,26,9,Hujan,Siang,Truk,Rem Blong,Jalan Provinsi,Berlubang,>60,Simpang Y,Perempuan,26-45,Tidak,pribadi,tunggal,pengemudi,tidak,tidak_dijamin,tidak_ada,0
11/12/2021,2021,11,Bekasi,340,252,26,12,Cerah,Pagi,Motor,Kelalaian Pengemudi,Jalan Kota,Baik,>60,Simpang Y,Laki-laki,26-45,Ya,pribadi,tunggal,pengemudi,tidak,tidak_dijamin,tidak_ada,0
3/21/2025,2025,3,Jakarta Selatan,749,420,21,23,Cerah,Siang,Bus,Kurang Jarak Aman,Jalan Provinsi,Rusak,40-60,Simpang Y,Perempuan,>50,Ya,umum,multi_kendaraan,penumpang,ya,UU 33/1964,meninggal,22510000000
6/19/2023,2023,6,Jakarta Selatan,682,219,28,24,Cerah,Pagi,Mobil,Kondisi Jalan,Jalan Kota,Rusak,>60,Simpang 4,Laki-laki,<17,Ya,pribadi,multi_kendaraan,pengemudi,ya,UU 34/1964,meninggal,12830000000
9/9/2021,2021,9,Yogyakarta,292,126,27,17,Cerah,Malam,Truk,Kondisi Jalan,Jalan Provinsi,Rusak,<40,Simpang Y,Perempuan,>50,Tidak,pribadi,multi_kendaraan,pengemudi,ya,UU 34/1964,meninggal,7990000000
10/21/2025,2025,10,Makassar,892,430,22,16,Cerah,Siang,Truk,Pelanggaran Lalu Lintas,Jalan Provinsi,Baik,40-60,Lurus,Perempuan,17-25,Tidak,pribadi,tunggal,pengemudi,tidak,tidak_dijamin,tidak_ada,0
11/8/2022,2022,11,Yogyakarta,496,364,26,28,Cerah,Pagi,Mobil,Pelanggaran Lalu Lintas,Jalan Nasional,Berlubang,>60,Simpang T,Laki-laki,<17,Tidak,pribadi,multi_kendaraan,pengemudi,ya,UU 34/1964,meninggal,20060000000
1/28/2022,2022,1,Jakarta Selatan,369,141,27,8,Cerah,Malam,Motor,Kecepatan Berlebih,Jalan Provinsi,Berlubang,40-60,Simpang 4,Perempuan,26-45,Ya,pribadi,multi_kendaraan,pengemudi,ya,UU 34/1964,meninggal,8560000000
12/19/2021,2021,12,Bekasi,505,200,29,15,Hujan,Siang,Truk,Kecepatan Berlebih,Jalan Nasional,Baik,>60,Simpang Y,Laki-laki,17-25,Ya,pribadi,tunggal,pengemudi,tidak,tidak_dijamin,tidak_ada,0
2/8/2025,2025,2,Semarang,722,127,27,24,Cerah,Pagi,Bus,Kelalaian Pengemudi,Jalan Provinsi,Berlubang,40-60,Simpang 4,Perempuan,>50,Ya,umum,multi_kendaraan,penumpang,ya,UU 33/1964,meninggal,8180000000
12/2/2021,2021,12,Palembang,493,357,28,27,Hujan,Siang,Mobil,Kelalaian Pengemudi,Jalan Nasional,Baik,<40,Simpang T,Laki-laki,<17,Tidak,pribadi,tunggal,pengemudi,tidak,tidak_dijamin,tidak_ada,0
5/30/2025,2025,5,Bandung,742,284,30,15,Cerah,Pagi,Mobil,Kecepatan Berlebih,Jalan Kota,Berlubang,<40,Lurus,Perempuan,17-25,Ya,pribadi,tunggal,pengemudi,tidak,tidak_dijamin,tidak_ada,0
10/24/2024,2024,10,Jakarta Timur,785,470,28,50,Cerah,Pagi,Mobil,Kecepatan Berlebih,Jalan Kota,Baik,40-60,Simpang T,Perempuan,<17,Ya,pribadi,tunggal,pengemudi,tidak,tidak_dijamin,tidak_ada,0
6/27/2022,2022,6,Palembang,618,465,22,16,Cerah,Siang,Truk,Kecepatan Berlebih,Jalan Provinsi,Baik,>60,Lurus,Laki-laki,17-25,Ya,pribadi,multi_kendaraan,pengemudi,ya,UU 34/1964,meninggal,24670000000
11/18/2025,2025,11,Palembang,911,250,24,52,Hujan,Siang,Mobil,Rem Blong,Jalan Kota,Baik,40-60,Lurus,Perempuan,<17,Tidak,pribadi,multi_kendaraan,pengemudi,ya,UU 34/1964,meninggal,14740000000
5/17/2023,2023,5,Surabaya,447,462,27,7,Hujan,Pagi,Mobil,Pelanggaran Lalu Lintas,Jalan Provinsi,Berlubang,40-60,Tikungan,Laki-laki,>50,Ya,pribadi,tunggal,pengemudi,tidak,tidak_dijamin,tidak_ada,0
12/1/2021,2021,12,Yogyakarta,506,248,27,28,Hujan,Malam,Bus,Kecepatan Berlebih,Jalan Nasional,Baik,>60,Tikungan,Perempuan,26-45,Tidak,umum,tunggal,penumpang,ya,UU 33/1964,meninggal,14310000000
6/30/2022,2022,6,Semarang,556,498,30,22,Cerah,Siang,Bus,Kurang Jarak Aman,Jalan Kota,Berlubang,40-60,Simpang T,Perempuan,>50,Tidak,umum,tunggal,penumpang,ya,UU 33/1964,meninggal,26840000000
1/25/2025,2025,1,Jakarta Timur,710,280,25,7,Hujan,Siang,Mobil,Kecepatan Berlebih,Jalan Kota,Berlubang,40-60,Tikungan,Perempuan,26-45,Tidak,pribadi,multi_kendaraan,pengemudi,ya,UU 34/1964,meninggal,15390000000
8/26/2022,2022,8,Makassar,518,252,21,7,Cerah,Dini Hari,Truk,Kurang Jarak Aman,Jalan Nasional,Berlubang,>60,Simpang Y,Perempuan,>50,Ya,pribadi,tunggal,pengemudi,tidak,tidak_dijamin,tidak_ada,0
11/14/2024,2024,11,Medan,645,254,21,3,Cerah,Malam,Truk,Pelanggaran Lalu Lintas,Jalan Nasional,Baik,<40,Simpang 4,Laki-laki,26-45,Tidak,pribadi,tunggal,pengemudi,tidak,tidak_dijamin,tidak_ada,0
8/31/2021,2021,8,Makassar,345,193,26,21,Hujan,Dini Hari,Bus,Kelalaian Pengemudi,Jalan Kota,Baik,<40,Tikungan,Laki-laki,<17,Ya,umum,tunggal,penumpang,ya,UU 33/1964,meninggal,11370000000
5/5/2022,2022,5,Semarang,361,234,30,32,Cerah,Pagi,Motor,Kondisi Jalan,Jalan Provinsi,Rusak,40-60,Simpang T,Perempuan,>50,Tidak,pribadi,tunggal,pengemudi,tidak,tidak_dijamin,tidak_ada,0
2/23/2022,2022,2,Palembang,340,198,25,31,Cerah,Malam,Motor,Rem Blong,Jalan Kota,Baik,40-60,Simpang 4,Laki-laki,17-25,Ya,pribadi,tunggal,pengemudi,tidak,tidak_dijamin,tidak_ada,0
1/11/2023,2023,1,Semarang,528,406,27,19,Hujan,Pagi,Mobil,Kelalaian Pengemudi,Jalan Nasional,Baik,40-60,Tikungan,Perempuan,17-25,Tidak,pribadi,multi_kendaraan,pengemudi,ya,UU 34/1964,meninggal,22030000000
10/3/2023,2023,10,Bekasi,585,180,30,22,Cerah,Siang,Mobil,Kurang Jarak Aman,Jalan Nasional,Berlubang,<40,Simpang Y,Perempuan,<17,Tidak,pribadi,multi_kendaraan,pengemudi,ya,UU 34/1964,meninggal,10940000000
5/13/2021,2021,5,Yogyakarta,280,364,20,36,Cerah,Siang,Truk,Kondisi Jalan,Jalan Nasional,Berlubang,40-60,Simpang T,Laki-laki,26-45,Tidak,pribadi,multi_kendaraan,pengemudi,ya,UU 34/1964,meninggal,19920000000
5/3/2023,2023,5,Makassar,538,286,23,29,Cerah,Malam,Bus,Kecepatan Berlebih,Jalan Kota,Berlubang,<40,Simpang 4,Perempuan,26-45,Ya,umum,multi_kendaraan,penumpang,ya,UU 33/1964,meninggal,16030000000
2/15/2025,2025,2,Jakarta Selatan,673,328,23,20,Hujan,Dini Hari,Truk,Kondisi Jalan,Jalan Nasional,Baik,>60,Simpang 4,Laki-laki,<17,Ya,pribadi,multi_kendaraan,pengemudi,ya,UU 34/1964,meninggal,17950000000
11/17/2025,2025,11,Makassar,871,223,22,5,Hujan,Dini Hari,Truk,Kurang Jarak Aman,Jalan Nasional,Berlubang,>60,Simpang Y,Perempuan,<17,Ya,pribadi,multi_kendaraan,pengemudi,ya,UU 34/1964,meninggal,12350000000
10/9/2024,2024,10,Palembang,687,276,28,50,Cerah,Pagi,Mobil,Pelanggaran Lalu Lintas,Jalan Nasional,Berlubang,<40,Tikungan,Perempuan,>50,Tidak,pribadi,multi_kendaraan,pengemudi,ya,UU 34/1964,meninggal,16200000000
7/14/2022,2022,7,Jakarta Selatan,463,443,28,55,Hujan,Pagi,Truk,Kondisi Jalan,Jalan Kota,Baik,40-60,Lurus,Perempuan,>50,Ya,pribadi,multi_kendaraan,pengemudi,ya,UU 34/1964,meninggal,24650000000
1/26/2022,2022,1,Semarang,363,444,22,44,Cerah,Pagi,Mobil,Kecepatan Berlebih,Jalan Kota,Berlubang,>60,Simpang Y,Laki-laki,<17,Ya,pribadi,multi_kendaraan,pengemudi,ya,UU 34/1964,meninggal,24180000000
8/27/2024,2024,8,Jakarta Timur,682,146,22,17,Hujan,Siang,Mobil,Kondisi Jalan,Jalan Kota,Rusak,40-60,Simpang Y,Laki-laki,26-45,Tidak,pribadi,tunggal,pengemudi,tidak,tidak_dijamin,tidak_ada,0
6/24/2023,2023,6,Bekasi,707,431,22,35,Hujan,Dini Hari,Bus,Kecepatan Berlebih,Jalan Nasional,Baik,<40,Tikungan,Perempuan,26-45,Tidak,umum,tunggal,penumpang,ya,UU 33/1964,meninggal,23350000000
11/29/2022,2022,11,Semarang,564,319,27,7,Cerah,Siang,Bus,Rem Blong,Jalan Nasional,Baik,>60,Simpang 4,Laki-laki,26-45,Ya,umum,multi_kendaraan,penumpang,ya,UU 33/1964,meninggal,17440000000
9/9/2022,2022,9,Surabaya,493,316,24,16,Cerah,Malam,Mobil,Kondisi Jalan,Jalan Kota,Baik,<40,Tikungan,Laki-laki,>50,Tidak,pribadi,tunggal,pengemudi,tidak,tidak_dijamin,tidak_ada,0
12/30/2024,2024,12,Semarang,976,266,21,30,Hujan,Dini Hari,Truk,Kecepatan Berlebih,Jalan Nasional,Baik,>60,Simpang Y,Perempuan,26-45,Tidak,pribadi,multi_kendaraan,pengemudi,ya,UU 34/1964,meninggal,14950000000
7/19/2024,2024,7,Palembang,736,286,26,48,Cerah,Pagi,Motor,Pelanggaran Lalu Lintas,Jalan Nasional,Berlubang,40-60,Simpang 4,Laki-laki,<17,Tidak,pribadi,multi_kendaraan,pengemudi,ya,UU 34/1964,meninggal,16560000000
10/1/2022,2022,10,Semarang,522,192,29,14,Hujan,Pagi,Motor,Kecepatan Berlebih,Jalan Kota,Rusak,>60,Tikungan,Laki-laki,>50,Ya,pribadi,multi_kendaraan,pengemudi,ya,UU 34/1964,meninggal,11330000000
1/16/2025,2025,1,Yogyakarta,745,177,21,42,Cerah,Dini Hari,Mobil,Rem Blong,Jalan Nasional,Baik,40-60,Simpang 4,Laki-laki,26-45,Ya,pribadi,multi_kendaraan,pengemudi,ya,UU 34/1964,meninggal,10740000000
7/2/2022,2022,7,Bandung,364,163,24,39,Hujan,Siang,Bus,Kelalaian Pengemudi,Jalan Provinsi,Rusak,>60,Tikungan,Perempuan,>50,Ya,umum,tunggal,penumpang,ya,UU 33/1964,meninggal,10130000000
1/29/2021,2021,1,Yogyakarta,237,118,27,49,Hujan,Dini Hari,Bus,Rem Blong,Jalan Provinsi,Rusak,40-60,Tikungan,Laki-laki,<17,Tidak,umum,tunggal,penumpang,ya,UU 33/1964,meninggal,8230000000
2/9/2022,2022,2,Bekasi,336,279,24,30,Hujan,Malam,Motor,Rem Blong,Jalan Nasional,Rusak,>60,Lurus,Laki-laki,17-25,Tidak,pribadi,multi_kendaraan,pengemudi,ya,UU 34/1964,meninggal,15750000000
9/1/2023,2023,9,Jakarta Timur,605,220,28,15,Hujan,Dini Hari,Motor,Kelalaian Pengemudi,Jalan Provinsi,Rusak,<40,Simpang Y,Laki-laki,17-25,Tidak,pribadi,multi_kendaraan,pengemudi,ya,UU 34/1964,meninggal,12700000000
7/20/2021,2021,7,Bandung,242,258,25,10,Cerah,Pagi,Bus,Kondisi Jalan,Jalan Kota,Berlubang,>60,Lurus,Laki-laki,>50,Ya,umum,multi_kendaraan,penumpang,ya,UU 33/1964,meninggal,14350000000
12/15/2023,2023,12,Jakarta Selatan,884,254,20,21,Hujan,Siang,Truk,Kecepatan Berlebih,Jalan Nasional,Berlubang,>60,Simpang 4,Laki-laki,<17,Tidak,pribadi,multi_kendaraan,pengemudi,ya,UU 34/1964,meninggal,14120000000
2/6/2021,2021,2,Bandung,234,289,27,38,Cerah,Dini Hari,Bus,Rem Blong,Jalan Kota,Berlubang,<40,Simpang 4,Perempuan,>50,Ya,umum,multi_kendaraan,penumpang,ya,UU 33/1964,meninggal,16560000000
2/12/2025,2025,2,Bandung,654,381,24,9,Hujan,Malam,Truk,Rem Blong,Jalan Kota,Rusak,40-60,Simpang 4,Perempuan,>50,Ya,pribadi,multi_kendaraan,pengemudi,ya,UU 34/1964,meninggal,20430000000
2/9/2023,2023,2,Bandung,457,194,24,43,Hujan,Pagi,Truk,Kurang Jarak Aman,Jalan Nasional,Berlubang,<40,Simpang T,Laki-laki,<17,Ya,pribadi,tunggal,pengemudi,tidak,tidak_dijamin,tidak_ada,0
11/28/2023,2023,11,Makassar,570,164,27,32,Cerah,Siang,Truk,Kecepatan Berlebih,Jalan Nasional,Baik,40-60,Simpang T,Laki-laki,>50,Ya,pribadi,tunggal,pengemudi,tidak,tidak_dijamin,tidak_ada,0
8/15/2022,2022,8,Palembang,420,150,26,19,Hujan,Dini Hari,Motor,Kecepatan Berlebih,Jalan Nasional,Berlubang,>60,Simpang 4,Laki-laki,<17,Tidak,pribadi,multi_kendaraan,pengemudi,ya,UU 34/1964,meninggal,9180000000
10/7/2024,2024,10,Bandung,735,127,23,37,Hujan,Pagi,Bus,Kelalaian Pengemudi,Jalan Nasional,Rusak,>60,Lurus,Perempuan,>50,Ya,umum,tunggal,penumpang,ya,UU 33/1964,meninggal,8240000000
8/26/2025,2025,8,Medan,789,430,23,15,Hujan,Malam,Bus,Kecepatan Berlebih,Jalan Provinsi,Baik,40-60,Simpang T,Perempuan,>50,Ya,umum,multi_kendaraan,penumpang,ya,UU 33/1964,meninggal,22950000000
1/7/2022,2022,1,Medan,394,439,24,34,Hujan,Pagi,Motor,Kelalaian Pengemudi,Jalan Provinsi,Baik,<40,Simpang 4,Perempuan,<17,Tidak,pribadi,multi_kendaraan,pengemudi,ya,UU 34/1964,meninggal,23830000000
9/22/2023,2023,9,Makassar,523,429,22,6,Cerah,Malam,Motor,Kelalaian Pengemudi,Jalan Nasional,Rusak,>60,Simpang T,Perempuan,26-45,Ya,pribadi,multi_kendaraan,pengemudi,ya,UU 34/1964,meninggal,22670000000
12/12/2024,2024,12,Yogyakarta,1102,103,20,6,Cerah,Dini Hari,Motor,Kurang Jarak Aman,Jalan Provinsi,Baik,40-60,Simpang 4,Laki-laki,>50,Tidak,pribadi,multi_kendaraan,pengemudi,ya,UU 34/1964,meninggal,6270000000
5/9/2025,2025,5,Semarang,740,320,21,5,Cerah,Pagi,Truk,Kurang Jarak Aman,Jalan Kota,Rusak,>60,Lurus,Perempuan,17-25,Ya,pribadi,tunggal,pengemudi,tidak,tidak_dijamin,tidak_ada,0
6/7/2022,2022,6,Bandung,601,284,27,10,Cerah,Pagi,Truk,Kelalaian Pengemudi,Jalan Nasional,Berlubang,40-60,Tikungan,Perempuan,17-25,Ya,pribadi,multi_kendaraan,pengemudi,ya,UU 34/1964,meninggal,15750000000
11/28/2024,2024,11,Palembang,691,310,27,42,Cerah,Dini Hari,Motor,Kondisi Jalan,Jalan Kota,Baik,<40,Simpang Y,Perempuan,26-45,Tidak,pribadi,multi_kendaraan,pengemudi,ya,UU 34/1964,meninggal,17690000000
10/18/2024,2024,10,Bekasi,778,201,26,69,Cerah,Dini Hari,Mobil,Kecepatan Berlebih,Jalan Provinsi,Baik,<40,Simpang 4,Perempuan,17-25,Ya,pribadi,multi_kendaraan,pengemudi,ya,UU 34/1964,meninggal,12730000000
3/12/2021,2021,3,Medan,259,315,26,8,Cerah,Malam,Mobil,Pelanggaran Lalu Lintas,Jalan Kota,Berlubang,40-60,Tikungan,Laki-laki,<17,Ya,pribadi,multi_kendaraan,pengemudi,ya,UU 34/1964,meninggal,17210000000
5/15/2024,2024,5,Bekasi,643,263,27,20,Cerah,Siang,Bus,Rem Blong,Jalan Provinsi,Baik,>60,Lurus,Perempuan,26-45,Ya,umum,tunggal,penumpang,ya,UU 33/1964,meninggal,14900000000
4/24/2025,2025,4,Medan,768,302,23,24,Cerah,Dini Hari,Truk,Pelanggaran Lalu Lintas,Jalan Nasional,Baik,<40,Lurus,Perempuan,>50,Tidak,pribadi,multi_kendaraan,pengemudi,ya,UU 34/1964,meninggal,16730000000
8/3/2023,2023,8,Yogyakarta,592,192,25,13,Cerah,Malam,Mobil,Rem Blong,Jalan Kota,Baik,<40,Lurus,Perempuan,>50,Tidak,pribadi,multi_kendaraan,pengemudi,ya,UU 34/1964,meninggal,11110000000
6/19/2023,2023,6,Jakarta Timur,796,190,30,51,Cerah,Siang,Truk,Kurang Jarak Aman,Jalan Provinsi,Rusak,<40,Simpang 4,Perempuan,17-25,Tidak,pribadi,multi_kendaraan,pengemudi,ya,UU 34/1964,meninggal,12020000000
2/23/2021,2021,2,Jakarta Timur,162,127,20,21,Cerah,Siang,Truk,Rem Blong,Jalan Nasional,Rusak,<40,Simpang T,Perempuan,26-45,Ya,pribadi,multi_kendaraan,pengemudi,ya,UU 34/1964,meninggal,7770000000
8/25/2025,2025,8,Makassar,772,170,29,9,Hujan,Siang,Bus,Kondisi Jalan,Jalan Nasional,Baik,40-60,Lurus,Laki-laki,17-25,Ya,umum,multi_kendaraan,penumpang,ya,UU 33/1964,meninggal,10130000000
9/19/2024,2024,9,Semarang,646,449,21,5,Hujan,Dini Hari,Truk,Kecepatan Berlebih,Jalan Kota,Rusak,<40,Simpang T,Perempuan,<17,Ya,pribadi,tunggal,pengemudi,tidak,tidak_dijamin,tidak_ada,0
1/26/2021,2021,1,Makassar,149,297,24,11,Cerah,Pagi,Motor,Pelanggaran Lalu Lintas,Jalan Provinsi,Rusak,40-60,Tikungan,Laki-laki,26-45,Tidak,pribadi,multi_kendaraan,pengemudi,ya,UU 34/1964,meninggal,16270000000
7/9/2021,2021,7,Jakarta Selatan,376,192,24,19,Hujan,Malam,Bus,Kelalaian Pengemudi,Jalan Nasional,Rusak,>60,Simpang Y,Laki-laki,>50,Tidak,umum,tunggal,penumpang,ya,UU 33/1964,meninggal,11180000000
9/22/2022,2022,9,Makassar,398,408,22,8,Hujan,Siang,Bus,Pelanggaran Lalu Lintas,Jalan Kota,Rusak,<40,Simpang 4,Perempuan,26-45,Ya,umum,tunggal,penumpang,ya,UU 33/1964,meninggal,21660000000
3/25/2025,2025,3,Makassar,679,124,20,25,Cerah,Siang,Motor,Rem Blong,Jalan Provinsi,Baik,>60,Simpang 4,Perempuan,>50,Ya,pribadi,tunggal,pengemudi,tidak,tidak_dijamin,tidak_ada,0
10/27/2022,2022,10,Yogyakarta,432,155,28,12,Cerah,Pagi,Mobil,Rem Blong,Jalan Provinsi,Baik,40-60,Simpang Y,Perempuan,<17,Tidak,pribadi,multi_kendaraan,pengemudi,ya,UU 34/1964,meninggal,9390000000
4/9/2025,2025,4,Yogyakarta,757,109,25,6,Cerah,Siang,Mobil,Kurang Jarak Aman,Jalan Nasional,Rusak,40-60,Simpang Y,Perempuan,>50,Ya,pribadi,multi_kendaraan,pengemudi,ya,UU 34/1964,meninggal,6820000000
1/26/2025,2025,1,Semarang,760,461,25,8,Hujan,Dini Hari,Bus,Kecepatan Berlebih,Jalan Provinsi,Baik,>60,Simpang Y,Perempuan,26-45,Ya,umum,multi_kendaraan,penumpang,ya,UU 33/1964,meninggal,24460000000
11/19/2022,2022,11,Surabaya,472,459,24,6,Cerah,Pagi,Truk,Kelalaian Pengemudi,Jalan Kota,Baik,>60,Simpang Y,Perempuan,>50,Tidak,pribadi,tunggal,pengemudi,tidak,tidak_dijamin,tidak_ada,0
9/8/2024,2024,9,Jakarta Timur,722,107,22,8,Hujan,Dini Hari,Motor,Kelalaian Pengemudi,Jalan Nasional,Baik,<40,Simpang T,Perempuan,>50,Ya,pribadi,multi_kendaraan,pengemudi,ya,UU 34/1964,meninggal,6610000000
4/3/2023,2023,4,Surabaya,499,379,29,47,Cerah,Siang,Motor,Rem Blong,Jalan Nasional,Baik,>60,Simpang 4,Laki-laki,17-25,Ya,pribadi,multi_kendaraan,pengemudi,ya,UU 34/1964,meninggal,21340000000
10/22/2023,2023,10,Bandung,523,428,23,13,Hujan,Siang,Truk,Kurang Jarak Aman,Jalan Provinsi,Berlubang,40-60,Tikungan,Laki-laki,26-45,Tidak,pribadi,multi_kendaraan,pengemudi,ya,UU 34/1964,meninggal,22810000000
2/27/2021,2021,2,Palembang,235,355,23,10,Cerah,Siang,Motor,Kecepatan Berlebih,Jalan Nasional,Rusak,>60,Simpang Y,Perempuan,>50,Tidak,pribadi,multi_kendaraan,pengemudi,ya,UU 34/1964,meninggal,19100000000
12/4/2021,2021,12,Palembang,544,391,26,27,Hujan,Siang,Mobil,Kelalaian Pengemudi,Jalan Nasional,Baik,40-60,Simpang T,Laki-laki,17-25,Tidak,pribadi,multi_kendaraan,pengemudi,ya,UU 34/1964,meninggal,21390000000
3/1/2023,2023,3,Palembang,501,139,22,2,Cerah,Dini Hari,Bus,Kelalaian Pengemudi,Jalan Kota,Berlubang,>60,Simpang 4,Laki-laki,17-25,Tidak,umum,multi_kendaraan,penumpang,ya,UU 33/1964,meninggal,8090000000
10/16/2024,2024,10,Medan,779,199,29,24,Hujan,Siang,Bus,Kecepatan Berlebih,Jalan Nasional,Baik,<40,Tikungan,Perempuan,26-45,Tidak,umum,tunggal,penumpang,ya,UU 33/1964,meninggal,11880000000
11/5/2023,2023,11,Jakarta Timur,620,112,27,18,Cerah,Malam,Motor,Pelanggaran Lalu Lintas,Jalan Nasional,Rusak,40-60,Simpang T,Laki-laki,<17,Ya,pribadi,multi_kendaraan,pengemudi,ya,UU 34/1964,meninggal,7310000000
7/6/2024,2024,7,Palembang,615,419,30,22,Hujan,Malam,Mobil,Kelalaian Pengemudi,Jalan Kota,Rusak,<40,Simpang 4,Perempuan,26-45,Tidak,pribadi,multi_kendaraan,pengemudi,ya,UU 34/1964,meninggal,22890000000
7/12/2022,2022,7,Surabaya,503,474,20,32,Cerah,Pagi,Truk,Kurang Jarak Aman,Jalan Nasional,Baik,>60,Simpang Y,Laki-laki,17-25,Tidak,pribadi,multi_kendaraan,pengemudi,ya,UU 34/1964,meninggal,25340000000
6/19/2021,2021,6,Semarang,660,382,21,6,Hujan,Siang,Truk,Kondisi Jalan,Jalan Nasional,Baik,40-60,Tikungan,Laki-laki,<17,Ya,pribadi,multi_kendaraan,pengemudi,ya,UU 34/1964,meninggal,20270000000
4/21/2021,2021,4,Yogyakarta,267,277,20,8,Hujan,Dini Hari,Bus,Kelalaian Pengemudi,Jalan Nasional,Berlubang,>60,Simpang T,Laki-laki,26-45,Ya,umum,multi_kendaraan,penumpang,ya,UU 33/1964,meninggal,15010000000
1/19/2025,2025,1,Yogyakarta,766,152,23,25,Hujan,Siang,Truk,Kurang Jarak Aman,Jalan Kota,Rusak,>60,Simpang T,Laki-laki,17-25,Ya,pribadi,tunggal,pengemudi,tidak,tidak_dijamin,tidak_ada,0
10/23/2024,2024,10,Yogyakarta,785,262,28,37,Cerah,Pagi,Bus,Kecepatan Berlebih,Jalan Provinsi,Baik,40-60,Tikungan,Laki-laki,>50,Tidak,umum,multi_kendaraan,penumpang,ya,UU 33/1964,meninggal,15240000000
2/16/2025,2025,2,Medan,780,207,28,23,Cerah,Malam,Bus,Pelanggaran Lalu Lintas,Jalan Nasional,Rusak,<40,Simpang 4,Laki-laki,17-25,Ya,umum,tunggal,penumpang,ya,UU 33/1964,meninggal,12210000000
12/30/2021,2021,12,Bekasi,600,368,28,5,Hujan,Malam,Bus,Kecepatan Berlebih,Jalan Nasional,Rusak,40-60,Simpang 4,Laki-laki,17-25,Tidak,umum,multi_kendaraan,penumpang,ya,UU 33/1964,meninggal,19900000000
3/28/2024,2024,3,Semarang,622,298,22,5,Cerah,Malam,Bus,Kurang Jarak Aman,Jalan Provinsi,Berlubang,<40,Lurus,Perempuan,17-25,Tidak,umum,multi_kendaraan,penumpang,ya,UU 33/1964,meninggal,16100000000
7/23/2025,2025,7,Jakarta Timur,855,485,22,47,Cerah,Dini Hari,Motor,Kurang Jarak Aman,Jalan Nasional,Rusak,40-60,Simpang Y,Perempuan,17-25,Tidak,pribadi,tunggal,pengemudi,tidak,tidak_dijamin,tidak_ada,0
9/21/2025,2025,9,Bekasi,866,197,21,34,Hujan,Dini Hari,Mobil,Kondisi Jalan,Jalan Provinsi,Rusak,>60,Simpang 4,Perempuan,17-25,Ya,pribadi,multi_kendaraan,pengemudi,ya,UU 34/1964,meninggal,11580000000
12/31/2021,2021,12,Palembang,643,361,30,31,Hujan,Siang,Mobil,Kurang Jarak Aman,Jalan Nasional,Rusak,40-60,Simpang T,Perempuan,>50,Ya,pribadi,multi_kendaraan,pengemudi,ya,UU 34/1964,meninggal,20170000000
3/30/2023,2023,3,Jakarta Selatan,509,345,26,24,Hujan,Malam,Truk,Kecepatan Berlebih,Jalan Nasional,Rusak,40-60,Tikungan,Laki-laki,17-25,Tidak,pribadi,multi_kendaraan,pengemudi,ya,UU 34/1964,meninggal,19030000000
12/2/2023,2023,12,Bandung,744,286,24,30,Hujan,Siang,Truk,Kecepatan Berlebih,Jalan Provinsi,Rusak,40-60,Lurus,Laki-laki,<17,Tidak,pribadi,multi_kendaraan,pengemudi,ya,UU 34/1964,meninggal,16100000000
8/23/2025,2025,8,Surabaya,790,383,24,34,Hujan,Dini Hari,Bus,Kelalaian Pengemudi,Jalan Kota,Baik,<40,Simpang Y,Laki-laki,17-25,Ya,umum,tunggal,penumpang,ya,UU 33/1964,meninggal,21030000000
11/23/2024,2024,11,Palembang,653,338,22,27,Hujan,Pagi,Truk,Rem Blong,Jalan Provinsi,Rusak,>60,Simpang T,Perempuan,26-45,Tidak,pribadi,multi_kendaraan,pengemudi,ya,UU 34/1964,meninggal,18540000000
7/31/2023,2023,7,Medan,601,326,21,18,Hujan,Malam,Truk,Kondisi Jalan,Jalan Nasional,Baik,>60,Simpang 4,Laki-laki,26-45,Ya,pribadi,tunggal,pengemudi,tidak,tidak_dijamin,tidak_ada,0
5/12/2021,2021,5,Jakarta Timur,223,133,24,58,Cerah,Malam,Bus,Pelanggaran Lalu Lintas,Jalan Kota,Berlubang,40-60,Simpang 4,Laki-laki,26-45,Tidak,umum,tunggal,penumpang,ya,UU 33/1964,meninggal,9010000000
7/16/2021,2021,7,Jakarta Timur,362,323,29,27,Hujan,Dini Hari,Bus,Kurang Jarak Aman,Jalan Kota,Berlubang,40-60,Simpang Y,Perempuan,26-45,Ya,umum,multi_kendaraan,penumpang,ya,UU 33/1964,meninggal,18140000000
1/14/2025,2025,1,Palembang,648,234,24,36,Hujan,Siang,Mobil,Kelalaian Pengemudi,Jalan Nasional,Rusak,<40,Lurus,Perempuan,>50,Ya,pribadi,tunggal,pengemudi,tidak,tidak_dijamin,tidak_ada,0
10/20/2025,2025,10,Makassar,887,225,28,49,Hujan,Malam,Bus,Kelalaian Pengemudi,Jalan Nasional,Berlubang,>60,Simpang T,Laki-laki,26-45,Tidak,umum,multi_kendaraan,penumpang,ya,UU 33/1964,meninggal,13630000000
12/20/2021,2021,12,Bekasi,690,293,24,6,Hujan,Malam,Motor,Kurang Jarak Aman,Jalan Kota,Rusak,>60,Tikungan,Laki-laki,26-45,Tidak,pribadi,tunggal,pengemudi,tidak,tidak_dijamin,tidak_ada,0
5/10/2023,2023,5,Bekasi,554,157,29,15,Hujan,Dini Hari,Truk,Kurang Jarak Aman,Jalan Nasional,Baik,40-60,Simpang 4,Perempuan,<17,Ya,pribadi,multi_kendaraan,pengemudi,ya,UU 34/1964,meninggal,9600000000
1/13/2024,2024,1,Semarang,551,169,27,28,Cerah,Malam,Motor,Kurang Jarak Aman,Jalan Provinsi,Berlubang,40-60,Lurus,Perempuan,<17,Ya,pribadi,tunggal,pengemudi,tidak,tidak_dijamin,tidak_ada,0
12/4/2022,2022,12,Jakarta Timur,695,261,28,4,Hujan,Malam,Bus,Kecepatan Berlebih,Jalan Kota,Berlubang,<40,Lurus,Laki-laki,26-45,Tidak,umum,multi_kendaraan,penumpang,ya,UU 33/1964,meninggal,14530000000
7/14/2021,2021,7,Surabaya,247,235,29,6,Cerah,Malam,Bus,Kecepatan Berlebih,Jalan Kota,Berlubang,<40,Lurus,Perempuan,26-45,Tidak,umum,multi_kendaraan,penumpang,ya,UU 33/1964,meninggal,13320000000
8/18/2024,2024,8,Semarang,654,136,21,32,Cerah,Malam,Bus,Kecepatan Berlebih,Jalan Kota,Baik,>60,Lurus,Perempuan,17-25,Ya,umum,multi_kendaraan,penumpang,ya,UU 33/1964,meninggal,8490000000
6/4/2021,2021,6,Jakarta Timur,525,313,21,17,Cerah,Dini Hari,Bus,Kondisi Jalan,Jalan Provinsi,Baik,<40,Simpang Y,Perempuan,<17,Tidak,umum,tunggal,penumpang,ya,UU 33/1964,meninggal,17040000000
3/11/2021,2021,3,Semarang,254,486,20,4,Cerah,Pagi,Mobil,Rem Blong,Jalan Nasional,Rusak,>60,Simpang Y,Perempuan,26-45,Ya,pribadi,multi_kendaraan,pengemudi,ya,UU 34/1964,meninggal,25380000000
9/30/2022,2022,9,Jakarta Selatan,392,426,22,35,Cerah,Pagi,Motor,Kecepatan Berlebih,Jalan Kota,Berlubang,40-60,Lurus,Laki-laki,<17,Tidak,pribadi,multi_kendaraan,pengemudi,ya,UU 34/1964,meninggal,23100000000
10/24/2024,2024,10,Jakarta Selatan,760,174,21,17,Hujan,Pagi,Truk,Kecepatan Berlebih,Jalan Provinsi,Berlubang,40-60,Lurus,Laki-laki,<17,Ya,pribadi,tunggal,pengemudi,tidak,tidak_dijamin,tidak_ada,0
8/10/2025,2025,8,Bekasi,745,468,27,17,Hujan,Dini Hari,Motor,Kurang Jarak Aman,Jalan Nasional,Berlubang,>60,Lurus,Perempuan,>50,Ya,pribadi,tunggal,pengemudi,tidak,tidak_dijamin,tidak_ada,0
9/21/2021,2021,9,Bandung,366,284,23,28,Hujan,Pagi,Truk,Pelanggaran Lalu Lintas,Jalan Provinsi,Berlubang,>60,Simpang T,Perempuan,17-25,Ya,pribadi,tunggal,pengemudi,tidak,tidak_dijamin,tidak_ada,0
9/26/2023,2023,9,Bandung,530,443,30,3,Cerah,Pagi,Truk,Kecepatan Berlebih,Jalan Kota,Baik,40-60,Tikungan,Laki-laki,<17,Tidak,pribadi,tunggal,pengemudi,tidak,tidak_dijamin,tidak_ada,0
3/15/2022,2022,3,Surabaya,314,400,26,8,Cerah,Siang,Bus,Kelalaian Pengemudi,Jalan Provinsi,Rusak,<40,Tikungan,Perempuan,17-25,Tidak,umum,tunggal,penumpang,ya,UU 33/1964,meninggal,21460000000
10/2/2022,2022,10,Surabaya,507,481,28,7,Cerah,Malam,Motor,Rem Blong,Jalan Nasional,Berlubang,>60,Tikungan,Perempuan,17-25,Ya,pribadi,tunggal,pengemudi,tidak,tidak_dijamin,tidak_ada,0
7/15/2022,2022,7,Bekasi,391,133,21,6,Cerah,Pagi,Motor,Kondisi Jalan,Jalan Kota,Baik,<40,Simpang Y,Perempuan,>50,Tidak,pribadi,multi_kendaraan,pengemudi,ya,UU 34/1964,meninggal,7820000000
4/7/2025,2025,4,Palembang,801,157,28,64,Cerah,Malam,Truk,Kondisi Jalan,Jalan Nasional,Rusak,40-60,Simpang 4,Laki-laki,26-45,Tidak,pribadi,multi_kendaraan,pengemudi,ya,UU 34/1964,meninggal,10530000000
10/7/2024,2024,10,Palembang,756,370,21,12,Hujan,Malam,Mobil,Pelanggaran Lalu Lintas,Jalan Kota,Baik,>60,Simpang 4,Perempuan,26-45,Tidak,pribadi,tunggal,pengemudi,tidak,tidak_dijamin,tidak_ada,0
4/22/2023,2023,4,Makassar,567,169,22,58,Hujan,Malam,Truk,Kecepatan Berlebih,Jalan Kota,Baik,>60,Simpang T,Perempuan,<17,Ya,pribadi,multi_kendaraan,pengemudi,ya,UU 34/1964,meninggal,10710000000
4/6/2025,2025,4,Jakarta Timur,806,329,20,31,Cerah,Malam,Truk,Kecepatan Berlebih,Jalan Kota,Baik,>60,Lurus,Laki-laki,26-45,Ya,pribadi,multi_kendaraan,pengemudi,ya,UU 34/1964,meninggal,18070000000
11/18/2024,2024,11,Medan,752,285,26,3,Cerah,Malam,Truk,Pelanggaran Lalu Lintas,Jalan Nasional,Baik,40-60,Simpang Y,Perempuan,>50,Tidak,pribadi,multi_kendaraan,pengemudi,ya,UU 34/1964,meninggal,15610000000
9/24/2021,2021,9,Yogyakarta,355,427,24,4,Hujan,Dini Hari,Mobil,Kurang Jarak Aman,Jalan Nasional,Rusak,>60,Tikungan,Laki-laki,26-45,Ya,pribadi,tunggal,pengemudi,tidak,tidak_dijamin,tidak_ada,0
7/18/2023,2023,7,Palembang,508,123,23,7,Hujan,Pagi,Bus,Kurang Jarak Aman,Jalan Kota,Baik,>60,Simpang 4,Laki-laki,>50,Ya,umum,multi_kendaraan,penumpang,ya,UU 33/1964,meninggal,7440000000
4/9/2024,2024,4,Yogyakarta,632,347,29,14,Cerah,Siang,Truk,Rem Blong,Jalan Kota,Baik,>60,Simpang T,Laki-laki,26-45,Tidak,pribadi,multi_kendaraan,pengemudi,ya,UU 34/1964,meninggal,19080000000
4/13/2025,2025,4,Bandung,780,274,20,13,Cerah,Dini Hari,Truk,Kondisi Jalan,Jalan Nasional,Berlubang,40-60,Lurus,Perempuan,26-45,Tidak,pribadi,multi_kendaraan,pengemudi,ya,UU 34/1964,meninggal,14960000000
6/23/2023,2023,6,Bekasi,788,108,28,14,Hujan,Siang,Mobil,Kurang Jarak Aman,Jalan Provinsi,Berlubang,>60,Tikungan,Laki-laki,<17,Ya,pribadi,multi_kendaraan,pengemudi,ya,UU 34/1964,meninggal,7080000000
9/5/2024,2024,9,Bandung,646,467,27,13,Hujan,Pagi,Bus,Kecepatan Berlebih,Jalan Provinsi,Baik,<40,Simpang T,Perempuan,>50,Tidak,umum,multi_kendaraan,penumpang,ya,UU 33/1964,meninggal,24960000000
7/10/2021,2021,7,Jakarta Selatan,260,282,26,22,Cerah,Dini Hari,Truk,Kecepatan Berlebih,Jalan Nasional,Baik,>60,Simpang Y,Laki-laki,17-25,Tidak,pribadi,multi_kendaraan,pengemudi,ya,UU 34/1964,meninggal,15840000000
4/14/2025,2025,4,Yogyakarta,760,160,27,6,Cerah,Siang,Mobil,Kurang Jarak Aman,Jalan Nasional,Rusak,>60,Simpang T,Perempuan,>50,Tidak,pribadi,multi_kendaraan,pengemudi,ya,UU 34/1964,meninggal,9470000000
1/12/2024,2024,1,Medan,495,125,27,48,Hujan,Dini Hari,Truk,Kurang Jarak Aman,Jalan Provinsi,Berlubang,<40,Lurus,Perempuan,<17,Tidak,pribadi,tunggal,pengemudi,tidak,tidak_dijamin,tidak_ada,0
4/26/2025,2025,4,Surabaya,740,116,21,38,Hujan,Malam,Truk,Rem Blong,Jalan Kota,Rusak,<40,Simpang Y,Perempuan,<17,Tidak,pribadi,multi_kendaraan,pengemudi,ya,UU 34/1964,meninggal,7610000000
8/30/2025,2025,8,Bandung,839,489,26,3,Cerah,Siang,Mobil,Pelanggaran Lalu Lintas,Jalan Kota,Berlubang,40-60,Simpang T,Perempuan,<17,Tidak,pribadi,tunggal,pengemudi,tidak,tidak_dijamin,tidak_ada,0
10/7/2024,2024,10,Yogyakarta,685,315,29,5,Hujan,Siang,Motor,Kondisi Jalan,Jalan Provinsi,Berlubang,>60,Simpang 4,Perempuan,17-25,Tidak,pribadi,tunggal,pengemudi,tidak,tidak_dijamin,tidak_ada,0
11/10/2023,2023,11,Jakarta Timur,608,365,26,22,Cerah,Malam,Motor,Kecepatan Berlebih,Jalan Kota,Baik,40-60,Lurus,Laki-laki,26-45,Tidak,pribadi,multi_kendaraan,pengemudi,ya,UU 34/1964,meninggal,19990000000
4/29/2022,2022,4,Jakarta Selatan,460,177,24,46,Cerah,Siang,Truk,Kurang Jarak Aman,Jalan Nasional,Rusak,40-60,Tikungan,Perempuan,<17,Tidak,pribadi,tunggal,pengemudi,tidak,tidak_dijamin,tidak_ada,0
10/20/2022,2022,10,Palembang,484,103,22,9,Cerah,Pagi,Motor,Pelanggaran Lalu Lintas,Jalan Provinsi,Rusak,>60,Simpang Y,Perempuan,26-45,Ya,pribadi,multi_kendaraan,pengemudi,ya,UU 34/1964,meninggal,6430000000
8/28/2023,2023,8,Surabaya,497,291,20,15,Cerah,Siang,Mobil,Kecepatan Berlebih,Jalan Provinsi,Rusak,>60,Simpang Y,Laki-laki,17-25,Ya,pribadi,tunggal,pengemudi,tidak,tidak_dijamin,tidak_ada,0
7/10/2023,2023,7,Palembang,497,110,30,13,Cerah,Siang,Motor,Kelalaian Pengemudi,Jalan Kota,Baik,<40,Simpang T,Laki-laki,>50,Ya,pribadi,multi_kendaraan,pengemudi,ya,UU 34/1964,meninggal,7260000000
12/10/2025,2025,12,Semarang,1007,453,29,33,Hujan,Malam,Bus,Kondisi Jalan,Jalan Provinsi,Berlubang,>60,Lurus,Perempuan,26-45,Tidak,umum,tunggal,penumpang,ya,UU 33/1964,meninggal,24760000000
6/7/2021,2021,6,Semarang,643,413,25,6,Hujan,Siang,Truk,Kondisi Jalan,Jalan Nasional,Baik,>60,Simpang Y,Laki-laki,<17,Ya,pribadi,multi_kendaraan,pengemudi,ya,UU 34/1964,meninggal,22020000000
5/1/2021,2021,5,Yogyakarta,195,346,21,38,Hujan,Malam,Mobil,Pelanggaran Lalu Lintas,Jalan Provinsi,Rusak,40-60,Simpang Y,Perempuan,<17,Tidak,pribadi,multi_kendaraan,pengemudi,ya,UU 34/1964,meninggal,19110000000
3/3/2023,2023,3,Surabaya,541,349,21,11,Hujan,Pagi,Bus,Kelalaian Pengemudi,Jalan Provinsi,Berlubang,<40,Simpang Y,Perempuan,<17,Tidak,umum,multi_kendaraan,penumpang,ya,UU 33/1964,meninggal,18720000000
8/28/2021,2021,8,Bandung,322,118,30,23,Cerah,Pagi,Bus,Kondisi Jalan,Jalan Provinsi,Baik,40-60,Simpang 4,Laki-laki,17-25,Tidak,umum,tunggal,penumpang,ya,UU 33/1964,meninggal,7860000000
5/31/2024,2024,5,Bandung,667,129,26,53,Cerah,Malam,Mobil,Rem Blong,Jalan Provinsi,Rusak,>60,Simpang Y,Perempuan,17-25,Tidak,pribadi,tunggal,pengemudi,tidak,tidak_dijamin,tidak_ada,0
7/2/2021,2021,7,Jakarta Selatan,373,445,20,19,Hujan,Malam,Bus,Kelalaian Pengemudi,Jalan Nasional,Rusak,40-60,Tikungan,Perempuan,17-25,Ya,umum,multi_kendaraan,penumpang,ya,UU 33/1964,meninggal,23630000000
1/3/2023,2023,1,Surabaya,432,256,24,39,Cerah,Malam,Truk,Kecepatan Berlebih,Jalan Provinsi,Berlubang,<40,Tikungan,Laki-laki,<17,Ya,pribadi,multi_kendaraan,pengemudi,ya,UU 34/1964,meninggal,14780000000
10/11/2025,2025,10,Palembang,836,267,26,25,Hujan,Dini Hari,Motor,Rem Blong,Jalan Nasional,Baik,40-60,Tikungan,Perempuan,26-45,Tidak,pribadi,multi_kendaraan,pengemudi,ya,UU 34/1964,meninggal,15150000000
5/25/2021,2021,5,Bekasi,284,248,30,26,Cerah,Pagi,Truk,Kecepatan Berlebih,Jalan Kota,Berlubang,>60,Lurus,Perempuan,17-25,Ya,pribadi,tunggal,pengemudi,tidak,tidak_dijamin,tidak_ada,0
9/26/2021,2021,9,Medan,268,177,26,59,Cerah,Pagi,Motor,Kurang Jarak Aman,Jalan Provinsi,Baik,<40,Lurus,Perempuan,26-45,Tidak,pribadi,multi_kendaraan,pengemudi,ya,UU 34/1964,meninggal,11330000000
1/6/2021,2021,1,Bandung,208,260,21,24,Hujan,Pagi,Bus,Kurang Jarak Aman,Jalan Kota,Berlubang,>60,Simpang Y,Perempuan,>50,Ya,umum,tunggal,penumpang,ya,UU 33/1964,meninggal,14530000000
11/21/2021,2021,11,Jakarta Selatan,297,437,25,9,Cerah,Pagi,Bus,Kelalaian Pengemudi,Jalan Kota,Rusak,40-60,Tikungan,Perempuan,<17,Ya,umum,multi_kendaraan,penumpang,ya,UU 33/1964,meninggal,23280000000
1/15/2021,2021,1,Medan,210,130,21,33,Hujan,Pagi,Bus,Rem Blong,Jalan Provinsi,Berlubang,>60,Tikungan,Perempuan,26-45,Tidak,umum,multi_kendaraan,penumpang,ya,UU 33/1964,meninggal,8210000000
2/3/2025,2025,2,Palembang,719,135,21,5,Hujan,Pagi,Mobil,Rem Blong,Jalan Nasional,Berlubang,40-60,Simpang 4,Perempuan,17-25,Tidak,pribadi,multi_kendaraan,pengemudi,ya,UU 34/1964,meninggal,7900000000
11/16/2021,2021,11,Yogyakarta,285,440,24,38,Cerah,Pagi,Mobil,Rem Blong,Jalan Provinsi,Rusak,40-60,Simpang T,Perempuan,17-25,Tidak,pribadi,multi_kendaraan,pengemudi,ya,UU 34/1964,meninggal,23960000000
3/14/2023,2023,3,Yogyakarta,565,266,24,28,Hujan,Siang,Truk,Pelanggaran Lalu Lintas,Jalan Nasional,Baik,>60,Tikungan,Laki-laki,<17,Tidak,pribadi,multi_kendaraan,pengemudi,ya,UU 34/1964,meninggal,15060000000
10/9/2023,2023,10,Bekasi,627,225,22,22,Cerah,Siang,Mobil,Kurang Jarak Aman,Jalan Nasional,Berlubang,40-60,Tikungan,Laki-laki,<17,Tidak,pribadi,multi_kendaraan,pengemudi,ya,UU 34/1964,meninggal,12790000000
11/14/2025,2025,11,Palembang,847,278,28,31,Cerah,Pagi,Truk,Pelanggaran Lalu Lintas,Jalan Provinsi,Rusak,<40,Simpang Y,Laki-laki,<17,Ya,pribadi,tunggal,pengemudi,tidak,tidak_dijamin,tidak_ada,0
12/14/2025,2025,12,Makassar,1092,192,22,10,Cerah,Siang,Truk,Kurang Jarak Aman,Jalan Nasional,Rusak,40-60,Simpang 4,Perempuan,26-45,Ya,pribadi,multi_kendaraan,pengemudi,ya,UU 34/1964,meninggal,10900000000
7/12/2023,2023,7,Makassar,501,234,24,14,Cerah,Malam,Motor,Kondisi Jalan,Jalan Nasional,Baik,<40,Lurus,Laki-laki,26-45,Tidak,pribadi,multi_kendaraan,pengemudi,ya,UU 34/1964,meninggal,13180000000
3/11/2021,2021,3,Bandung,292,340,27,13,Cerah,Siang,Mobil,Pelanggaran Lalu Lintas,Jalan Nasional,Berlubang,40-60,Tikungan,Laki-laki,26-45,Tidak,pribadi,multi_kendaraan,pengemudi,ya,UU 34/1964,meninggal,18610000000
10/3/2025,2025,10,Bekasi,812,494,24,9,Hujan,Pagi,Truk,Kurang Jarak Aman,Jalan Nasional,Rusak,>60,Simpang Y,Perempuan,26-45,Ya,pribadi,multi_kendaraan,pengemudi,ya,UU 34/1964,meninggal,26080000000
9/22/2025,2025,9,Bandung,779,233,26,11,Cerah,Dini Hari,Truk,Kelalaian Pengemudi,Jalan Provinsi,Rusak,<40,Tikungan,Perempuan,>50,Ya,pribadi,multi_kendaraan,pengemudi,ya,UU 34/1964,meninggal,13170000000
6/28/2022,2022,6,Jakarta Timur,696,246,27,29,Cerah,Pagi,Motor,Kurang Jarak Aman,Jalan Nasional,Baik,40-60,Lurus,Laki-laki,<17,Ya,pribadi,multi_kendaraan,pengemudi,ya,UU 34/1964,meninggal,14230000000
2/5/2021,2021,2,Bandung,230,216,26,38,Cerah,Dini Hari,Bus,Rem Blong,Jalan Kota,Berlubang,>60,Lurus,Laki-laki,<17,Ya,umum,multi_kendaraan,penumpang,ya,UU 33/1964,meninggal,12860000000
8/2/2021,2021,8,Jakarta Timur,323,113,21,16,Cerah,Malam,Motor,Kecepatan Berlebih,Jalan Kota,Berlubang,<40,Simpang 4,Laki-laki,17-25,Ya,pribadi,multi_kendaraan,pengemudi,ya,UU 34/1964,meninggal,7020000000
3/20/2023,2023,3,Jakarta Timur,518,374,22,6,Cerah,Siang,Motor,Pelanggaran Lalu Lintas,Jalan Nasional,Berlubang,40-60,Tikungan,Laki-laki,>50,Tidak,pribadi,multi_kendaraan,pengemudi,ya,UU 34/1964,meninggal,19920000000
12/19/2024,2024,12,Palembang,969,131,21,35,Hujan,Malam,Motor,Rem Blong,Jalan Provinsi,Rusak,>60,Simpang T,Perempuan,>50,Tidak,pribadi,multi_kendaraan,pengemudi,ya,UU 34/1964,meninggal,8300000000
6/26/2025,2025,6,Jakarta Timur,1037,190,29,10,Cerah,Malam,Mobil,Kecepatan Berlebih,Jalan Provinsi,Rusak,40-60,Simpang Y,Perempuan,>50,Tidak,pribadi,multi_kendaraan,pengemudi,ya,UU 34/1964,meninggal,11150000000
3/15/2021,2021,3,Jakarta Timur,262,483,23,15,Hujan,Dini Hari,Mobil,Rem Blong,Jalan Nasional,Baik,>60,Tikungan,Perempuan,<17,Tidak,pribadi,multi_kendaraan,pengemudi,ya,UU 34/1964,meninggal,25600000000
7/12/2025,2025,7,Surabaya,810,259,22,8,Cerah,Pagi,Motor,Kurang Jarak Aman,Jalan Nasional,Berlubang,40-60,Simpang Y,Perempuan,<17,Ya,pribadi,tunggal,pengemudi,tidak,tidak_dijamin,tidak_ada,0
12/8/2025,2025,12,Medan,1151,147,22,36,Hujan,Siang,Truk,Kelalaian Pengemudi,Jalan Provinsi,Berlubang,<40,Simpang 4,Laki-laki,<17,Tidak,pribadi,multi_kendaraan,pengemudi,ya,UU 34/1964,meninggal,9170000000
10/25/2023,2023,10,Jakarta Timur,661,355,30,43,Hujan,Siang,Mobil,Pelanggaran Lalu Lintas,Jalan Nasional,Rusak,40-60,Simpang Y,Laki-laki,<17,Tidak,pribadi,tunggal,pengemudi,tidak,tidak_dijamin,tidak_ada,0
1/27/2024,2024,1,Semarang,596,276,25,38,Cerah,Malam,Truk,Kecepatan Berlebih,Jalan Kota,Berlubang,<40,Simpang Y,Laki-laki,17-25,Ya,pribadi,multi_kendaraan,pengemudi,ya,UU 34/1964,meninggal,15810000000
5/1/2021,2021,5,Medan,335,311,21,18,Cerah,Malam,Mobil,Kondisi Jalan,Jalan Provinsi,Rusak,>60,Simpang Y,Laki-laki,17-25,Tidak,pribadi,tunggal,pengemudi,tidak,tidak_dijamin,tidak_ada,0
5/19/2023,2023,5,Yogyakarta,578,231,25,6,Cerah,Siang,Mobil,Rem Blong,Jalan Nasional,Baik,40-60,Simpang Y,Laki-laki,<17,Ya,pribadi,tunggal,pengemudi,tidak,tidak_dijamin,tidak_ada,0
1/12/2024,2024,1,Bandung,577,151,23,0,Hujan,Siang,Truk,Kondisi Jalan,Jalan Nasional,Rusak,40-60,Simpang Y,Laki-laki,<17,Tidak,pribadi,multi_kendaraan,pengemudi,ya,UU 34/1964,meninggal,8700000000
3/8/2022,2022,3,Bekasi,349,107,30,3,Cerah,Malam,Truk,Rem Blong,Jalan Provinsi,Berlubang,<40,Simpang 4,Laki-laki,26-45,Tidak,pribadi,tunggal,pengemudi,tidak,tidak_dijamin,tidak_ada,0
7/1/2024,2024,7,Bandung,712,138,23,5,Hujan,Dini Hari,Truk,Kondisi Jalan,Jalan Nasional,Berlubang,<40,Simpang 4,Perempuan,>50,Tidak,pribadi,multi_kendaraan,pengemudi,ya,UU 34/1964,meninggal,8150000000
5/7/2025,2025,5,Semarang,708,148,21,21,Cerah,Siang,Motor,Kelalaian Pengemudi,Jalan Kota,Baik,>60,Tikungan,Laki-laki,26-45,Ya,pribadi,multi_kendaraan,pengemudi,ya,UU 34/1964,meninggal,8870000000
12/20/2022,2022,12,Makassar,726,154,22,3,Cerah,Siang,Motor,Kecepatan Berlebih,Jalan Nasional,Berlubang,<40,Simpang T,Perempuan,26-45,Ya,pribadi,tunggal,pengemudi,tidak,tidak_dijamin,tidak_ada,0
3/29/2021,2021,3,Palembang,260,434,20,15,Hujan,Siang,Mobil,Rem Blong,Jalan Provinsi,Berlubang,>60,Simpang Y,Laki-laki,26-45,Tidak,pribadi,tunggal,pengemudi,tidak,tidak_dijamin,tidak_ada,0
2/11/2021,2021,2,Semarang,206,480,28,14,Hujan,Pagi,Motor,Kelalaian Pengemudi,Jalan Kota,Berlubang,<40,Simpang 4,Perempuan,>50,Tidak,pribadi,multi_kendaraan,pengemudi,ya,UU 34/1964,meninggal,25680000000
9/14/2023,2023,9,Makassar,561,455,22,6,Hujan,Pagi,Mobil,Kurang Jarak Aman,Jalan Nasional,Rusak,40-60,Simpang Y,Perempuan,<17,Ya,pribadi,multi_kendaraan,pengemudi,ya,UU 34/1964,meninggal,23970000000
5/18/2025,2025,5,Yogyakarta,819,290,28,50,Cerah,Dini Hari,Mobil,Kelalaian Pengemudi,Jalan Provinsi,Rusak,40-60,Simpang T,Perempuan,>50,Tidak,pribadi,multi_kendaraan,pengemudi,ya,UU 34/1964,meninggal,16900000000
9/17/2022,2022,9,Semarang,398,205,20,7,Cerah,Dini Hari,Bus,Kurang Jarak Aman,Jalan Provinsi,Baik,40-60,Tikungan,Perempuan,<17,Tidak,umum,multi_kendaraan,penumpang,ya,UU 33/1964,meninggal,11390000000
8/8/2024,2024,8,Medan,745,428,28,44,Hujan,Dini Hari,Mobil,Kondisi Jalan,Jalan Kota,Rusak,>60,Tikungan,Perempuan,17-25,Tidak,pribadi,tunggal,pengemudi,tidak,tidak_dijamin,tidak_ada,0
3/18/2022,2022,3,Palembang,346,421,30,5,Cerah,Malam,Mobil,Kelalaian Pengemudi,Jalan Nasional,Rusak,40-60,Simpang 4,Perempuan,17-25,Tidak,pribadi,multi_kendaraan,pengemudi,ya,UU 34/1964,meninggal,22650000000
5/25/2021,2021,5,Jakarta Timur,279,149,26,55,Hujan,Siang,Truk,Kelalaian Pengemudi,Jalan Kota,Berlubang,40-60,Simpang T,Perempuan,>50,Tidak,pribadi,multi_kendaraan,pengemudi,ya,UU 34/1964,meninggal,9850000000
9/2/2024,2024,9,Semarang,754,465,22,5,Hujan,Dini Hari,Truk,Kecepatan Berlebih,Jalan Kota,Rusak,<40,Simpang Y,Laki-laki,>50,Tidak,pribadi,multi_kendaraan,pengemudi,ya,UU 34/1964,meninggal,24450000000
6/14/2025,2025,6,Palembang,1045,361,20,24,Cerah,Pagi,Truk,Pelanggaran Lalu Lintas,Jalan Kota,Berlubang,<40,Simpang 4,Laki-laki,17-25,Tidak,pribadi,multi_kendaraan,pengemudi,ya,UU 34/1964,meninggal,19530000000
11/12/2024,2024,11,Bandung,646,447,29,8,Cerah,Siang,Mobil,Kondisi Jalan,Jalan Kota,Rusak,<40,Simpang 4,Perempuan,>50,Tidak,pribadi,multi_kendaraan,pengemudi,ya,UU 34/1964,meninggal,23960000000
12/3/2023,2023,12,Palembang,789,369,30,7,Cerah,Pagi,Truk,Kurang Jarak Aman,Jalan Nasional,Rusak,<40,Simpang T,Perempuan,>50,Tidak,pribadi,multi_kendaraan,pengemudi,ya,UU 34/1964,meninggal,20090000000
6/4/2025,2025,6,Makassar,999,461,29,12,Cerah,Dini Hari,Mobil,Kelalaian Pengemudi,Jalan Nasional,Berlubang,>60,Simpang T,Perempuan,<17,Tidak,pribadi,tunggal,pengemudi,tidak,tidak_dijamin,tidak_ada,0
8/25/2022,2022,8,Jakarta Selatan,503,455,27,33,Cerah,Dini Hari,Truk,Kondisi Jalan,Jalan Provinsi,Rusak,40-60,Simpang 4,Perempuan,26-45,Tidak,pribadi,tunggal,pengemudi,tidak,tidak_dijamin,tidak_ada,0
7/12/2023,2023,7,Yogyakarta,599,103,23,40,Hujan,Dini Hari,Mobil,Pelanggaran Lalu Lintas,Jalan Kota,Berlubang,>60,Simpang T,Perempuan,>50,Ya,pribadi,multi_kendaraan,pengemudi,ya,UU 34/1964,meninggal,7100000000
11/5/2025,2025,11,Jakarta Timur,801,347,24,10,Cerah,Siang,Mobil,Rem Blong,Jalan Nasional,Berlubang,>60,Simpang T,Laki-laki,>50,Ya,pribadi,tunggal,pengemudi,tidak,tidak_dijamin,tidak_ada,0
11/2/2024,2024,11,Bandung,728,131,22,15,Hujan,Malam,Bus,Kurang Jarak Aman,Jalan Nasional,Berlubang,<40,Simpang Y,Laki-laki,17-25,Tidak,umum,tunggal,penumpang,ya,UU 33/1964,meninggal,7950000000
7/31/2025,2025,7,Bandung,826,177,30,19,Cerah,Pagi,Motor,Pelanggaran Lalu Lintas,Jalan Kota,Berlubang,<40,Lurus,Laki-laki,26-45,Tidak,pribadi,tunggal,pengemudi,tidak,tidak_dijamin,tidak_ada,0
8/23/2025,2025,8,Yogyakarta,786,491,27,8,Cerah,Siang,Truk,Pelanggaran Lalu Lintas,Jalan Kota,Berlubang,>60,Lurus,Perempuan,<17,Tidak,pribadi,multi_kendaraan,pengemudi,ya,UU 34/1964,meninggal,26060000000
6/5/2022,2022,6,Bekasi,651,376,24,14,Hujan,Dini Hari,Bus,Kelalaian Pengemudi,Jalan Nasional,Rusak,40-60,Simpang T,Perempuan,<17,Ya,umum,multi_kendaraan,penumpang,ya,UU 33/1964,meninggal,20280000000
10/12/2021,2021,10,Yogyakarta,385,371,25,12,Cerah,Siang,Mobil,Kecepatan Berlebih,Jalan Provinsi,Baik,40-60,Simpang 4,Perempuan,<17,Ya,pribadi,multi_kendaraan,pengemudi,ya,UU 34/1964,meninggal,20040000000
10/7/2025,2025,10,Semarang,822,424,21,21,Hujan,Dini Hari,Mobil,Kelalaian Pengemudi,Jalan Kota,Baik,>60,Lurus,Laki-laki,>50,Ya,pribadi,multi_kendaraan,pengemudi,ya,UU 34/1964,meninggal,22670000000
6/8/2023,2023,6,Bekasi,674,232,27,35,Hujan,Dini Hari,Bus,Kecepatan Berlebih,Jalan Nasional,Baik,40-60,Lurus,Perempuan,<17,Tidak,umum,multi_kendaraan,penumpang,ya,UU 33/1964,meninggal,13650000000
12/9/2025,2025,12,Jakarta Selatan,1175,146,27,31,Cerah,Dini Hari,Bus,Kondisi Jalan,Jalan Kota,Berlubang,40-60,Tikungan,Laki-laki,26-45,Ya,umum,multi_kendaraan,penumpang,ya,UU 33/1964,meninggal,9270000000
1/12/2024,2024,1,Jakarta Timur,555,254,24,6,Cerah,Siang,Truk,Kecepatan Berlebih,Jalan Provinsi,Rusak,<40,Tikungan,Perempuan,<17,Ya,pribadi,multi_kendaraan,pengemudi,ya,UU 34/1964,meninggal,14020000000
9/17/2025,2025,9,Bekasi,750,172,22,34,Hujan,Dini Hari,Mobil,Kondisi Jalan,Jalan Provinsi,Rusak,<40,Tikungan,Laki-laki,26-45,Tidak,pribadi,tunggal,pengemudi,tidak,tidak_dijamin,tidak_ada,0
3/9/2021,2021,3,Jakarta Timur,221,205,28,15,Hujan,Dini Hari,Truk,Kecepatan Berlebih,Jalan Provinsi,Berlubang,>60,Simpang T,Laki-laki,<17,Ya,pribadi,multi_kendaraan,pengemudi,ya,UU 34/1964,meninggal,11950000000
2/7/2021,2021,2,Surabaya,299,278,23,35,Cerah,Malam,Truk,Kelalaian Pengemudi,Jalan Provinsi,Rusak,40-60,Simpang Y,Laki-laki,>50,Tidak,pribadi,multi_kendaraan,pengemudi,ya,UU 34/1964,meninggal,15750000000
10/8/2021,2021,10,Medan,299,115,27,45,Hujan,Siang,Motor,Kurang Jarak Aman,Jalan Nasional,Rusak,40-60,Tikungan,Laki-laki,17-25,Ya,pribadi,tunggal,pengemudi,tidak,tidak_dijamin,tidak_ada,0
4/14/2022,2022,4,Bandung,427,330,30,21,Hujan,Malam,Bus,Kecepatan Berlebih,Jalan Kota,Berlubang,40-60,Simpang T,Laki-laki,<17,Tidak,umum,tunggal,penumpang,ya,UU 33/1964,meninggal,18420000000
7/5/2023,2023,7,Medan,622,383,25,12,Hujan,Siang,Truk,Kondisi Jalan,Jalan Nasional,Berlubang,40-60,Simpang 4,Laki-laki,>50,Ya,pribadi,tunggal,pengemudi,tidak,tidak_dijamin,tidak_ada,0
8/15/2025,2025,8,Semarang,722,197,24,13,Cerah,Dini Hari,Motor,Kelalaian Pengemudi,Jalan Provinsi,Baik,<40,Tikungan,Perempuan,17-25,Ya,pribadi,tunggal,pengemudi,tidak,tidak_dijamin,tidak_ada,0
10/16/2023,2023,10,Palembang,566,392,24,48,Hujan,Pagi,Mobil,Kondisi Jalan,Jalan Nasional,Berlubang,40-60,Simpang T,Laki-laki,<17,Ya,pribadi,multi_kendaraan,pengemudi,ya,UU 34/1964,meninggal,21760000000
10/21/2024,2024,10,Yogyakarta,653,409,26,24,Hujan,Siang,Bus,Rem Blong,Jalan Provinsi,Berlubang,>60,Tikungan,Perempuan,17-25,Ya,umum,tunggal,penumpang,ya,UU 33/1964,meninggal,22230000000
7/3/2021,2021,7,Makassar,378,487,27,8,Hujan,Siang,Mobil,Kondisi Jalan,Jalan Provinsi,Rusak,>60,Simpang 4,Laki-laki,<17,Tidak,pribadi,multi_kendaraan,pengemudi,ya,UU 34/1964,meninggal,25860000000
2/3/2025,2025,2,Medan,633,104,26,48,Hujan,Dini Hari,Bus,Kecepatan Berlebih,Jalan Nasional,Rusak,40-60,Tikungan,Perempuan,26-45,Ya,umum,multi_kendaraan,penumpang,ya,UU 33/1964,meninggal,7460000000
11/13/2023,2023,11,Surabaya,533,113,26,5,Hujan,Pagi,Bus,Kurang Jarak Aman,Jalan Nasional,Rusak,40-60,Simpang 4,Laki-laki,26-45,Tidak,umum,multi_kendaraan,penumpang,ya,UU 33/1964,meninggal,7050000000
1/16/2021,2021,1,Medan,247,252,30,11,Cerah,Dini Hari,Bus,Kurang Jarak Aman,Jalan Nasional,Rusak,<40,Simpang Y,Laki-laki,<17,Ya,umum,multi_kendaraan,penumpang,ya,UU 33/1964,meninggal,14320000000
5/24/2021,2021,5,Semarang,349,239,24,21,Hujan,Pagi,Mobil,Kondisi Jalan,Jalan Kota,Baik,>60,Simpang 4,Perempuan,>50,Tidak,pribadi,multi_kendaraan,pengemudi,ya,UU 34/1964,meninggal,13570000000
11/25/2025,2025,11,Bekasi,880,252,23,31,Hujan,Malam,Mobil,Kondisi Jalan,Jalan Kota,Baik,<40,Simpang T,Laki-laki,26-45,Tidak,pribadi,multi_kendaraan,pengemudi,ya,UU 34/1964,meninggal,14370000000
8/28/2022,2022,8,Yogyakarta,473,137,21,14,Hujan,Pagi,Mobil,Kecepatan Berlebih,Jalan Provinsi,Berlubang,40-60,Simpang T,Perempuan,17-25,Ya,pribadi,tunggal,pengemudi,tidak,tidak_dijamin,tidak_ada,0
2/22/2025,2025,2,Semarang,655,123,22,17,Hujan,Dini Hari,Truk,Kondisi Jalan,Jalan Nasional,Baik,>60,Simpang 4,Perempuan,>50,Ya,pribadi,multi_kendaraan,pengemudi,ya,UU 34/1964,meninggal,7590000000
10/12/2024,2024,10,Makassar,732,475,20,4,Hujan,Malam,Truk,Pelanggaran Lalu Lintas,Jalan Kota,Berlubang,>60,Simpang T,Laki-laki,17-25,Ya,pribadi,multi_kendaraan,pengemudi,ya,UU 34/1964,meninggal,24830000000
7/21/2024,2024,7,Palembang,709,170,30,22,Hujan,Malam,Mobil,Kelalaian Pengemudi,Jalan Kota,Rusak,40-60,Simpang Y,Perempuan,<17,Tidak,pribadi,tunggal,pengemudi,tidak,tidak_dijamin,tidak_ada,0
8/27/2025,2025,8,Makassar,829,208,25,7,Cerah,Dini Hari,Bus,Kecepatan Berlebih,Jalan Nasional,Rusak,<40,Tikungan,Perempuan,<17,Ya,umum,multi_kendaraan,penumpang,ya,UU 33/1964,meninggal,11790000000
5/27/2023,2023,5,Bekasi,456,135,23,15,Hujan,Dini Hari,Truk,Kurang Jarak Aman,Jalan Nasional,Baik,<40,Simpang Y,Perempuan,<17,Ya,pribadi,multi_kendaraan,pengemudi,ya,UU 34/1964,meninggal,8200000000
12/4/2023,2023,12,Yogyakarta,834,402,29,12,Cerah,Pagi,Truk,Rem Blong,Jalan Nasional,Rusak,<40,Simpang T,Laki-laki,>50,Ya,pribadi,tunggal,pengemudi,tidak,tidak_dijamin,tidak_ada,0
4/27/2025,2025,4,Medan,785,150,20,8,Cerah,Malam,Bus,Rem Blong,Jalan Nasional,Rusak,<40,Simpang 4,Perempuan,26-45,Ya,umum,multi_kendaraan,penumpang,ya,UU 33/1964,meninggal,8660000000
8/15/2024,2024,8,Makassar,655,410,30,23,Hujan,Siang,Bus,Kurang Jarak Aman,Jalan Nasional,Rusak,>60,Tikungan,Perempuan,26-45,Tidak,umum,multi_kendaraan,penumpang,ya,UU 33/1964,meninggal,22460000000
12/15/2021,2021,12,Surabaya,552,403,28,43,Hujan,Siang,Motor,Kelalaian Pengemudi,Jalan Kota,Rusak,40-60,Simpang Y,Perempuan,>50,Ya,pribadi,tunggal,pengemudi,tidak,tidak_dijamin,tidak_ada,0
9/4/2024,2024,9,Semarang,652,355,22,26,Hujan,Malam,Mobil,Kurang Jarak Aman,Jalan Kota,Berlubang,40-60,Lurus,Perempuan,>50,Tidak,pribadi,multi_kendaraan,pengemudi,ya,UU 34/1964,meninggal,19370000000
1/24/2022,2022,1,Bekasi,336,383,22,34,Cerah,Dini Hari,Bus,Kondisi Jalan,Jalan Kota,Rusak,40-60,Simpang T,Perempuan,<17,Ya,umum,multi_kendaraan,penumpang,ya,UU 33/1964,meninggal,20930000000
12/29/2022,2022,12,Bandung,790,191,29,3,Hujan,Pagi,Bus,Kelalaian Pengemudi,Jalan Nasional,Rusak,40-60,Simpang 4,Perempuan,>50,Tidak,umum,tunggal,penumpang,ya,UU 33/1964,meninggal,11060000000
12/30/2023,2023,12,Yogyakarta,894,483,28,28,Cerah,Malam,Truk,Kelalaian Pengemudi,Jalan Kota,Berlubang,40-60,Tikungan,Laki-laki,26-45,Ya,pribadi,tunggal,pengemudi,tidak,tidak_dijamin,tidak_ada,0
8/24/2022,2022,8,Yogyakarta,378,471,26,12,Hujan,Dini Hari,Bus,Kelalaian Pengemudi,Jalan Nasional,Rusak,<40,Simpang T,Laki-laki,>50,Tidak,umum,multi_kendaraan,penumpang,ya,UU 33/1964,meninggal,25090000000
4/13/2023,2023,4,Bandung,487,281,28,1,Hujan,Siang,Mobil,Kurang Jarak Aman,Jalan Provinsi,Berlubang,>60,Simpang T,Laki-laki,26-45,Ya,pribadi,multi_kendaraan,pengemudi,ya,UU 34/1964,meninggal,15470000000
9/13/2021,2021,9,Bandung,318,255,28,17,Hujan,Malam,Bus,Kondisi Jalan,Jalan Provinsi,Rusak,>60,Simpang 4,Laki-laki,17-25,Ya,umum,multi_kendaraan,penumpang,ya,UU 33/1964,meninggal,14490000000
6/30/2022,2022,6,Medan,704,402,23,39,Cerah,Malam,Bus,Kelalaian Pengemudi,Jalan Provinsi,Baik,>60,Simpang 4,Perempuan,>50,Tidak,umum,multi_kendaraan,penumpang,ya,UU 33/1964,meninggal,22030000000
4/25/2024,2024,4,Jakarta Selatan,628,472,21,30,Hujan,Dini Hari,Motor,Kurang Jarak Aman,Jalan Provinsi,Berlubang,>60,Simpang T,Laki-laki,26-45,Tidak,pribadi,multi_kendaraan,pengemudi,ya,UU 34/1964,meninggal,25250000000
9/4/2022,2022,9,Bekasi,511,483,20,20,Cerah,Siang,Motor,Kecepatan Berlebih,Jalan Kota,Baik,40-60,Tikungan,Perempuan,17-25,Ya,pribadi,multi_kendaraan,pengemudi,ya,UU 34/1964,meninggal,25550000000
3/12/2021,2021,3,Semarang,280,139,30,4,Cerah,Pagi,Mobil,Rem Blong,Jalan Nasional,Rusak,>60,Lurus,Laki-laki,26-45,Tidak,pribadi,tunggal,pengemudi,tidak,tidak_dijamin,tidak_ada,0
1/19/2023,2023,1,Yogyakarta,482,457,23,2,Cerah,Malam,Truk,Kondisi Jalan,Jalan Nasional,Berlubang,40-60,Simpang T,Perempuan,26-45,Ya,pribadi,multi_kendaraan,pengemudi,ya,UU 34/1964,meninggal,24040000000
10/7/2022,2022,10,Bekasi,545,408,29,55,Hujan,Pagi,Motor,Kelalaian Pengemudi,Jalan Nasional,Baik,<40,Lurus,Laki-laki,<17,Tidak,pribadi,multi_kendaraan,pengemudi,ya,UU 34/1964,meninggal,22950000000
4/27/2021,2021,4,Bekasi,281,353,29,16,Cerah,Malam,Bus,Rem Blong,Jalan Kota,Berlubang,<40,Simpang T,Laki-laki,26-45,Ya,umum,multi_kendaraan,penumpang,ya,UU 33/1964,meninggal,19420000000
4/16/2022,2022,4,Palembang,348,207,25,11,Cerah,Dini Hari,Motor,Kecepatan Berlebih,Jalan Kota,Berlubang,<40,Simpang Y,Perempuan,17-25,Ya,pribadi,tunggal,pengemudi,tidak,tidak_dijamin,tidak_ada,0
7/16/2024,2024,7,Surabaya,598,123,22,22,Hujan,Dini Hari,Bus,Kondisi Jalan,Jalan Kota,Baik,40-60,Lurus,Perempuan,26-45,Tidak,umum,multi_kendaraan,penumpang,ya,UU 33/1964,meninggal,7690000000
10/29/2025,2025,10,Semarang,856,447,28,58,Hujan,Siang,Motor,Kelalaian Pengemudi,Jalan Provinsi,Berlubang,40-60,Simpang Y,Perempuan,17-25,Ya,pribadi,multi_kendaraan,pengemudi,ya,UU 34/1964,meninggal,24910000000
8/2/2021,2021,8,Jakarta Timur,373,277,26,41,Hujan,Pagi,Motor,Kecepatan Berlebih,Jalan Nasional,Rusak,40-60,Simpang Y,Perempuan,26-45,Tidak,pribadi,tunggal,pengemudi,tidak,tidak_dijamin,tidak_ada,0
4/10/2025,2025,4,Semarang,709,102,20,10,Hujan,Siang,Mobil,Kelalaian Pengemudi,Jalan Nasional,Baik,<40,Simpang 4,Perempuan,17-25,Tidak,pribadi,multi_kendaraan,pengemudi,ya,UU 34/1964,meninggal,6300000000
11/6/2021,2021,11,Makassar,340,199,30,32,Hujan,Dini Hari,Motor,Kecepatan Berlebih,Jalan Nasional,Rusak,40-60,Tikungan,Laki-laki,>50,Tidak,pribadi,multi_kendaraan,pengemudi,ya,UU 34/1964,meninggal,12090000000
9/18/2023,2023,9,Palembang,615,381,24,14,Cerah,Pagi,Bus,Rem Blong,Jalan Nasional,Baik,40-60,Tikungan,Laki-laki,26-45,Ya,umum,multi_kendaraan,penumpang,ya,UU 33/1964,meninggal,20530000000
7/21/2023,2023,7,Jakarta Selatan,617,459,24,12,Hujan,Siang,Truk,Kurang Jarak Aman,Jalan Nasional,Rusak,>60,Tikungan,Laki-laki,>50,Tidak,pribadi,multi_kendaraan,pengemudi,ya,UU 34/1964,meninggal,24390000000
5/15/2023,2023,5,Makassar,523,282,25,20,Cerah,Pagi,Bus,Kurang Jarak Aman,Jalan Provinsi,Berlubang,<40,Lurus,Laki-laki,<17,Tidak,umum,multi_kendaraan,penumpang,ya,UU 33/1964,meninggal,15750000000
4/25/2025,2025,4,Makassar,693,301,23,31,Cerah,Siang,Bus,Kurang Jarak Aman,Jalan Provinsi,Rusak,40-60,Lurus,Laki-laki,26-45,Ya,umum,multi_kendaraan,penumpang,ya,UU 33/1964,meninggal,16820000000
4/28/2024,2024,4,Surabaya,583,280,26,10,Cerah,Siang,Bus,Kurang Jarak Aman,Jalan Provinsi,Baik,<40,Simpang T,Laki-laki,<17,Ya,umum,multi_kendaraan,penumpang,ya,UU 33/1964,meninggal,15500000000
2/19/2023,2023,2,Bekasi,446,304,26,15,Hujan,Malam,Motor,Rem Blong,Jalan Kota,Rusak,40-60,Simpang Y,Perempuan,26-45,Tidak,pribadi,multi_kendaraan,pengemudi,ya,UU 34/1964,meninggal,16800000000
2/13/2023,2023,2,Medan,486,313,26,12,Hujan,Dini Hari,Mobil,Rem Blong,Jalan Provinsi,Rusak,<40,Lurus,Perempuan,26-45,Tidak,pribadi,tunggal,pengemudi,tidak,tidak_dijamin,tidak_ada,0
3/14/2022,2022,3,Medan,442,107,26,42,Cerah,Malam,Mobil,Pelanggaran Lalu Lintas,Jalan Kota,Rusak,>60,Simpang T,Perempuan,<17,Ya,pribadi,tunggal,pengemudi,tidak,tidak_dijamin,tidak_ada,0
3/16/2022,2022,3,Medan,377,397,25,42,Cerah,Malam,Mobil,Pelanggaran Lalu Lintas,Jalan Kota,Rusak,>60,Simpang 4,Perempuan,>50,Tidak,pribadi,tunggal,pengemudi,tidak,tidak_dijamin,tidak_ada,0
8/21/2021,2021,8,Semarang,315,350,21,10,Hujan,Dini Hari,Bus,Kondisi Jalan,Jalan Provinsi,Berlubang,>60,Simpang T,Perempuan,17-25,Ya,umum,tunggal,penumpang,ya,UU 33/1964,meninggal,18750000000
3/28/2021,2021,3,Jakarta Selatan,209,446,21,41,Cerah,Dini Hari,Mobil,Kelalaian Pengemudi,Jalan Nasional,Baik,<40,Tikungan,Laki-laki,26-45,Ya,pribadi,multi_kendaraan,pengemudi,ya,UU 34/1964,meninggal,24170000000
8/24/2021,2021,8,Semarang,291,386,20,42,Hujan,Dini Hari,Bus,Kelalaian Pengemudi,Jalan Kota,Baik,40-60,Simpang 4,Laki-laki,<17,Ya,umum,tunggal,penumpang,ya,UU 33/1964,meninggal,21140000000
10/28/2025,2025,10,Bekasi,774,485,28,3,Cerah,Dini Hari,Truk,Pelanggaran Lalu Lintas,Jalan Provinsi,Rusak,>60,Simpang T,Laki-laki,>50,Tidak,pribadi,multi_kendaraan,pengemudi,ya,UU 34/1964,meninggal,25710000000
4/30/2023,2023,4,Yogyakarta,537,212,25,2,Hujan,Siang,Truk,Rem Blong,Jalan Provinsi,Berlubang,40-60,Simpang T,Perempuan,<17,Ya,pribadi,tunggal,pengemudi,tidak,tidak_dijamin,tidak_ada,0
6/14/2023,2023,6,Bekasi,611,423,25,18,Cerah,Dini Hari,Truk,Kelalaian Pengemudi,Jalan Provinsi,Baik,>60,Tikungan,Perempuan,>50,Ya,pribadi,tunggal,pengemudi,tidak,tidak_dijamin,tidak_ada,0
2/20/2022,2022,2,Medan,347,128,27,48,Cerah,Siang,Motor,Kelalaian Pengemudi,Jalan Provinsi,Berlubang,40-60,Lurus,Laki-laki,>50,Tidak,pribadi,tunggal,pengemudi,tidak,tidak_dijamin,tidak_ada,0
2/15/2024,2024,2,Surabaya,622,236,29,14,Cerah,Malam,Mobil,Pelanggaran Lalu Lintas,Jalan Provinsi,Rusak,<40,Tikungan,Perempuan,<17,Tidak,pribadi,tunggal,pengemudi,tidak,tidak_dijamin,tidak_ada,0
11/29/2024,2024,11,Bandung,734,265,21,8,Cerah,Siang,Mobil,Kondisi Jalan,Jalan Kota,Rusak,<40,Tikungan,Laki-laki,>50,Ya,pribadi,multi_kendaraan,pengemudi,ya,UU 34/1964,meninggal,14460000000
11/25/2024,2024,11,Makassar,726,372,24,19,Cerah,Dini Hari,Mobil,Kurang Jarak Aman,Jalan Kota,Baik,<40,Simpang Y,Laki-laki,>50,Ya,pribadi,multi_kendaraan,pengemudi,ya,UU 34/1964,meninggal,20180000000
5/30/2024,2024,5,Surabaya,707,464,26,8,Cerah,Malam,Mobil,Rem Blong,Jalan Kota,Rusak,<40,Lurus,Laki-laki,>50,Ya,pribadi,multi_kendaraan,pengemudi,ya,UU 34/1964,meninggal,24660000000
4/10/2024,2024,4,Jakarta Timur,581,337,27,11,Cerah,Pagi,Mobil,Pelanggaran Lalu Lintas,Jalan Kota,Baik,<40,Tikungan,Perempuan,<17,Ya,pribadi,multi_kendaraan,pengemudi,ya,UU 34/1964,meninggal,18420000000
8/5/2025,2025,8,Surabaya,806,490,26,11,Cerah,Siang,Truk,Kondisi Jalan,Jalan Kota,Rusak,40-60,Lurus,Perempuan,>50,Tidak,pribadi,multi_kendaraan,pengemudi,ya,UU 34/1964,meninggal,26020000000
5/8/2023,2023,5,Surabaya,483,151,21,16,Cerah,Pagi,Bus,Kelalaian Pengemudi,Jalan Provinsi,Baik,40-60,Tikungan,Laki-laki,<17,Tidak,umum,multi_kendaraan,penumpang,ya,UU 33/1964,meninggal,8920000000
10/15/2024,2024,10,Medan,671,273,30,59,Hujan,Dini Hari,Bus,Pelanggaran Lalu Lintas,Jalan Kota,Berlubang,<40,Lurus,Perempuan,<17,Ya,umum,tunggal,penumpang,ya,UU 33/1964,meninggal,16330000000
9/9/2023,2023,9,Jakarta Timur,612,239,30,15,Hujan,Dini Hari,Motor,Kelalaian Pengemudi,Jalan Provinsi,Rusak,40-60,Simpang Y,Laki-laki,26-45,Tidak,pribadi,multi_kendaraan,pengemudi,ya,UU 34/1964,meninggal,13750000000
2/25/2024,2024,2,Surabaya,570,498,30,14,Cerah,Malam,Mobil,Pelanggaran Lalu Lintas,Jalan Provinsi,Rusak,<40,Tikungan,Laki-laki,>50,Tidak,pribadi,tunggal,pengemudi,tidak,tidak_dijamin,tidak_ada,0
1/25/2025,2025,1,Bandung,644,395,24,16,Cerah,Dini Hari,Truk,Kurang Jarak Aman,Jalan Nasional,Berlubang,>60,Lurus,Laki-laki,17-25,Tidak,pribadi,tunggal,pengemudi,tidak,tidak_dijamin,tidak_ada,0
10/7/2021,2021,10,Jakarta Timur,382,426,21,10,Hujan,Pagi,Motor,Pelanggaran Lalu Lintas,Jalan Kota,Berlubang,40-60,Simpang 4,Perempuan,17-25,Ya,pribadi,tunggal,pengemudi,tidak,tidak_dijamin,tidak_ada,0
10/3/2022,2022,10,Palembang,445,479,27,55,Hujan,Malam,Bus,Kelalaian Pengemudi,Jalan Kota,Rusak,>60,Tikungan,Laki-laki,26-45,Ya,umum,tunggal,penumpang,ya,UU 33/1964,meninggal,26400000000
7/19/2021,2021,7,Palembang,297,262,30,8,Hujan,Malam,Truk,Kurang Jarak Aman,Jalan Nasional,Rusak,>60,Lurus,Perempuan,17-25,Ya,pribadi,multi_kendaraan,pengemudi,ya,UU 34/1964,meninggal,14760000000
6/11/2023,2023,6,Bekasi,887,412,30,18,Cerah,Dini Hari,Truk,Kelalaian Pengemudi,Jalan Provinsi,Baik,<40,Lurus,Laki-laki,26-45,Tidak,pribadi,tunggal,pengemudi,tidak,tidak_dijamin,tidak_ada,0
9/7/2024,2024,9,Makassar,744,288,21,17,Hujan,Malam,Mobil,Kurang Jarak Aman,Jalan Nasional,Berlubang,>60,Simpang Y,Laki-laki,<17,Tidak,pribadi,tunggal,pengemudi,tidak,tidak_dijamin,tidak_ada,0
7/1/2024,2024,7,Jakarta Timur,721,217,27,49,Cerah,Pagi,Truk,Kecepatan Berlebih,Jalan Provinsi,Berlubang,>60,Simpang 4,Perempuan,<17,Tidak,pribadi,multi_kendaraan,pengemudi,ya,UU 34/1964,meninggal,13180000000
2/1/2022,2022,2,Bekasi,308,365,26,24,Hujan,Dini Hari,Bus,Kondisi Jalan,Jalan Kota,Berlubang,<40,Tikungan,Perempuan,17-25,Tidak,umum,multi_kendaraan,penumpang,ya,UU 33/1964,meninggal,20030000000
2/26/2025,2025,2,Semarang,707,452,21,24,Cerah,Pagi,Bus,Kelalaian Pengemudi,Jalan Provinsi,Berlubang,<40,Simpang Y,Perempuan,17-25,Ya,umum,tunggal,penumpang,ya,UU 33/1964,meninggal,24130000000
2/1/2025,2025,2,Bandung,652,125,21,16,Hujan,Pagi,Truk,Kondisi Jalan,Jalan Provinsi,Berlubang,40-60,Simpang Y,Laki-laki,<17,Ya,pribadi,multi_kendaraan,pengemudi,ya,UU 34/1964,meninggal,7620000000
11/8/2023,2023,11,Makassar,654,411,23,16,Hujan,Pagi,Mobil,Kecepatan Berlebih,Jalan Kota,Rusak,>60,Simpang T,Laki-laki,<17,Ya,pribadi,multi_kendaraan,pengemudi,ya,UU 34/1964,meninggal,22020000000
3/5/2023,2023,3,Surabaya,514,211,24,12,Cerah,Dini Hari,Mobil,Rem Blong,Jalan Nasional,Rusak,>60,Simpang T,Laki-laki,>50,Ya,pribadi,tunggal,pengemudi,tidak,tidak_dijamin,tidak_ada,0
5/4/2022,2022,5,Bandung,345,373,30,11,Hujan,Pagi,Mobil,Pelanggaran Lalu Lintas,Jalan Provinsi,Baik,>60,Simpang T,Perempuan,17-25,Tidak,pribadi,multi_kendaraan,pengemudi,ya,UU 34/1964,meninggal,20370000000
3/28/2024,2024,3,Yogyakarta,621,403,28,19,Cerah,Dini Hari,Mobil,Kecepatan Berlebih,Jalan Nasional,Berlubang,40-60,Simpang 4,Laki-laki,17-25,Tidak,pribadi,multi_kendaraan,pengemudi,ya,UU 34/1964,meninggal,21930000000
9/6/2025,2025,9,Bekasi,884,184,27,23,Hujan,Malam,Bus,Kecepatan Berlebih,Jalan Kota,Berlubang,<40,Lurus,Perempuan,17-25,Ya,umum,tunggal,penumpang,ya,UU 33/1964,meninggal,11010000000
6/21/2024,2024,6,Surabaya,1007,295,26,31,Hujan,Dini Hari,Mobil,Pelanggaran Lalu Lintas,Jalan Provinsi,Berlubang,<40,Tikungan,Perempuan,>50,Ya,pribadi,multi_kendaraan,pengemudi,ya,UU 34/1964,meninggal,16670000000
1/23/2024,2024,1,Medan,528,375,28,30,Cerah,Malam,Truk,Kurang Jarak Aman,Jalan Kota,Rusak,40-60,Simpang T,Perempuan,26-45,Tidak,pribadi,multi_kendaraan,pengemudi,ya,UU 34/1964,meninggal,20750000000
5/4/2021,2021,5,Bandung,289,218,24,13,Cerah,Malam,Truk,Kondisi Jalan,Jalan Nasional,Rusak,<40,Tikungan,Laki-laki,17-25,Tidak,pribadi,multi_kendaraan,pengemudi,ya,UU 34/1964,meninggal,12360000000
11/11/2024,2024,11,Surabaya,700,339,23,25,Hujan,Dini Hari,Mobil,Kelalaian Pengemudi,Jalan Kota,Baik,>60,Simpang 4,Perempuan,>50,Tidak,pribadi,multi_kendaraan,pengemudi,ya,UU 34/1964,meninggal,18600000000
12/15/2025,2025,12,Palembang,1031,119,24,15,Cerah,Pagi,Mobil,Kurang Jarak Aman,Jalan Provinsi,Baik,40-60,Lurus,Laki-laki,<17,Ya,pribadi,tunggal,pengemudi,tidak,tidak_dijamin,tidak_ada,0
8/19/2024,2024,8,Medan,626,419,22,40,Hujan,Dini Hari,Truk,Kondisi Jalan,Jalan Nasional,Berlubang,<40,Lurus,Laki-laki,17-25,Tidak,pribadi,multi_kendaraan,pengemudi,ya,UU 34/1964,meninggal,22850000000
1/21/2024,2024,1,Palembang,503,154,29,23,Hujan,Malam,Mobil,Kurang Jarak Aman,Jalan Provinsi,Baik,>60,Lurus,Perempuan,17-25,Tidak,pribadi,multi_kendaraan,pengemudi,ya,UU 34/1964,meninggal,9610000000
3/18/2021,2021,3,Makassar,319,372,28,9,Cerah,Malam,Truk,Kurang Jarak Aman,Jalan Provinsi,Berlubang,<40,Tikungan,Laki-laki,>50,Ya,pribadi,multi_kendaraan,pengemudi,ya,UU 34/1964,meninggal,20180000000
1/22/2022,2022,1,Jakarta Selatan,389,305,23,7,Hujan,Pagi,Truk,Kecepatan Berlebih,Jalan Nasional,Berlubang,40-60,Simpang Y,Laki-laki,>50,Tidak,pribadi,multi_kendaraan,pengemudi,ya,UU 34/1964,meninggal,16540000000
3/7/2021,2021,3,Palembang,182,360,21,15,Hujan,Siang,Mobil,Rem Blong,Jalan Provinsi,Berlubang,>60,Simpang 4,Perempuan,17-25,Tidak,pribadi,tunggal,pengemudi,tidak,tidak_dijamin,tidak_ada,0
9/3/2021,2021,9,Bekasi,297,288,27,12,Cerah,Siang,Bus,Kondisi Jalan,Jalan Kota,Berlubang,<40,Simpang T,Perempuan,<17,Tidak,umum,tunggal,penumpang,ya,UU 33/1964,meninggal,15990000000
8/31/2025,2025,8,Yogyakarta,799,278,27,57,Hujan,Pagi,Motor,Kelalaian Pengemudi,Jalan Nasional,Berlubang,>60,Tikungan,Laki-laki,26-45,Ya,pribadi,multi_kendaraan,pengemudi,ya,UU 34/1964,meninggal,16390000000
9/19/2021,2021,9,Makassar,263,491,25,7,Hujan,Malam,Bus,Rem Blong,Jalan Nasional,Rusak,>60,Simpang T,Laki-laki,>50,Ya,umum,multi_kendaraan,penumpang,ya,UU 33/1964,meninggal,25940000000
1/9/2022,2022,1,Semarang,403,499,23,44,Cerah,Pagi,Mobil,Kecepatan Berlebih,Jalan Kota,Berlubang,40-60,Tikungan,Perempuan,26-45,Tidak,pribadi,multi_kendaraan,pengemudi,ya,UU 34/1964,meninggal,26980000000
9/23/2024,2024,9,Palembang,774,252,27,16,Cerah,Pagi,Mobil,Kurang Jarak Aman,Jalan Nasional,Baik,40-60,Simpang Y,Laki-laki,<17,Tidak,pribadi,multi_kendaraan,pengemudi,ya,UU 34/1964,meninggal,14270000000
1/20/2022,2022,1,Yogyakarta,312,224,30,18,Hujan,Siang,Mobil,Kondisi Jalan,Jalan Provinsi,Berlubang,>60,Simpang 4,Laki-laki,26-45,Ya,pribadi,tunggal,pengemudi,tidak,tidak_dijamin,tidak_ada,0
12/19/2023,2023,12,Surabaya,890,288,20,56,Hujan,Siang,Mobil,Kecepatan Berlebih,Jalan Kota,Rusak,>60,Tikungan,Perempuan,>50,Ya,pribadi,multi_kendaraan,pengemudi,ya,UU 34/1964,meninggal,16520000000
8/27/2024,2024,8,Bandung,728,285,29,30,Hujan,Dini Hari,Bus,Pelanggaran Lalu Lintas,Jalan Kota,Rusak,40-60,Simpang 4,Laki-laki,>50,Tidak,umum,multi_kendaraan,penumpang,ya,UU 33/1964,meninggal,16300000000
9/8/2023,2023,9,Medan,613,248,24,23,Hujan,Pagi,Truk,Kecepatan Berlebih,Jalan Provinsi,Baik,>60,Simpang 4,Perempuan,<17,Ya,pribadi,multi_kendaraan,pengemudi,ya,UU 34/1964,meninggal,14060000000
4/5/2021,2021,4,Bandung,300,445,30,6,Cerah,Pagi,Truk,Kecepatan Berlebih,Jalan Nasional,Baik,<40,Tikungan,Perempuan,>50,Tidak,pribadi,tunggal,pengemudi,tidak,tidak_dijamin,tidak_ada,0
12/30/2021,2021,12,Bekasi,602,320,21,15,Cerah,Pagi,Truk,Kelalaian Pengemudi,Jalan Kota,Berlubang,<40,Simpang Y,Perempuan,<17,Ya,pribadi,tunggal,pengemudi,tidak,tidak_dijamin,tidak_ada,0
11/17/2024,2024,11,Medan,653,393,21,15,Cerah,Pagi,Bus,Kondisi Jalan,Jalan Provinsi,Berlubang,<40,Tikungan,Laki-laki,>50,Tidak,umum,multi_kendaraan,penumpang,ya,UU 33/1964,meninggal,21000000000
8/10/2023,2023,8,Semarang,565,123,23,45,Cerah,Dini Hari,Motor,Rem Blong,Jalan Provinsi,Berlubang,>60,Tikungan,Laki-laki,26-45,Ya,pribadi,tunggal,pengemudi,tidak,tidak_dijamin,tidak_ada,0
10/3/2021,2021,10,Medan,364,393,25,7,Cerah,Malam,Mobil,Pelanggaran Lalu Lintas,Jalan Provinsi,Baik,40-60,Simpang 4,Perempuan,26-45,Ya,pribadi,multi_kendaraan,pengemudi,ya,UU 34/1964,meninggal,21040000000
6/14/2023,2023,6,Jakarta Timur,712,272,20,31,Hujan,Siang,Truk,Kecepatan Berlebih,Jalan Kota,Rusak,40-60,Simpang 4,Perempuan,<17,Tidak,pribadi,multi_kendaraan,pengemudi,ya,UU 34/1964,meninggal,15220000000
12/7/2021,2021,12,Bandung,666,458,23,15,Cerah,Pagi,Mobil,Kondisi Jalan,Jalan Provinsi,Berlubang,>60,Tikungan,Laki-laki,26-45,Tidak,pribadi,tunggal,pengemudi,tidak,tidak_dijamin,tidak_ada,0
11/7/2021,2021,11,Yogyakarta,378,171,30,38,Cerah,Pagi,Mobil,Rem Blong,Jalan Provinsi,Rusak,40-60,Lurus,Perempuan,26-45,Ya,pribadi,tunggal,pengemudi,tidak,tidak_dijamin,tidak_ada,0
2/17/2022,2022,2,Bekasi,343,302,23,30,Hujan,Malam,Motor,Rem Blong,Jalan Nasional,Rusak,<40,Tikungan,Perempuan,<17,Tidak,pribadi,tunggal,pengemudi,tidak,tidak_dijamin,tidak_ada,0
9/1/2023,2023,9,Bandung,519,145,27,6,Hujan,Siang,Mobil,Kecepatan Berlebih,Jalan Nasional,Berlubang,<40,Simpang 4,Perempuan,<17,Tidak,pribadi,multi_kendaraan,pengemudi,ya,UU 34/1964,meninggal,8720000000
3/14/2023,2023,3,Medan,411,472,24,22,Cerah,Dini Hari,Truk,Kondisi Jalan,Jalan Nasional,Berlubang,<40,Simpang 4,Laki-laki,<17,Ya,pribadi,multi_kendaraan,pengemudi,ya,UU 34/1964,meninggal,25240000000
12/17/2023,2023,12,Yogyakarta,783,362,23,11,Hujan,Pagi,Truk,Kondisi Jalan,Jalan Kota,Baik,40-60,Simpang 4,Laki-laki,<17,Tidak,pribadi,tunggal,pengemudi,tidak,tidak_dijamin,tidak_ada,0
12/15/2024,2024,12,Semarang,1067,460,22,30,Hujan,Dini Hari,Truk,Kecepatan Berlebih,Jalan Nasional,Baik,40-60,Simpang 4,Laki-laki,26-45,Ya,pribadi,multi_kendaraan,pengemudi,ya,UU 34/1964,meninggal,24700000000
2/2/2024,2024,2,Makassar,586,379,21,43,Hujan,Pagi,Motor,Rem Blong,Jalan Nasional,Berlubang,40-60,Simpang 4,Perempuan,<17,Tidak,pribadi,multi_kendaraan,pengemudi,ya,UU 34/1964,meninggal,20860000000
12/13/2024,2024,12,Semarang,901,125,21,30,Hujan,Dini Hari,Truk,Kecepatan Berlebih,Jalan Nasional,Baik,40-60,Simpang T,Perempuan,<17,Tidak,pribadi,multi_kendaraan,pengemudi,ya,UU 34/1964,meninggal,7900000000
9/28/2024,2024,9,Palembang,646,154,22,3,Hujan,Siang,Motor,Kecepatan Berlebih,Jalan Provinsi,Rusak,40-60,Simpang 4,Perempuan,26-45,Ya,pribadi,tunggal,pengemudi,tidak,tidak_dijamin,tidak_ada,0
1/26/2025,2025,1,Medan,630,223,25,9,Hujan,Pagi,Mobil,Kecepatan Berlebih,Jalan Nasional,Rusak,>60,Simpang T,Perempuan,>50,Tidak,pribadi,multi_kendaraan,pengemudi,ya,UU 34/1964,meninggal,12580000000
2/23/2021,2021,2,Yogyakarta,279,308,26,5,Cerah,Dini Hari,Truk,Kondisi Jalan,Jalan Nasional,Baik,>60,Simpang T,Perempuan,<17,Ya,pribadi,multi_kendaraan,pengemudi,ya,UU 34/1964,meninggal,16800000000
6/28/2024,2024,6,Jakarta Selatan,908,489,20,37,Cerah,Siang,Truk,Rem Blong,Jalan Kota,Rusak,40-60,Lurus,Perempuan,>50,Tidak,pribadi,tunggal,pengemudi,tidak,tidak_dijamin,tidak_ada,0
1/7/2021,2021,1,Bekasi,135,110,21,14,Hujan,Pagi,Bus,Kurang Jarak Aman,Jalan Nasional,Rusak,>60,Simpang T,Perempuan,26-45,Ya,umum,multi_kendaraan,penumpang,ya,UU 33/1964,meninggal,6830000000
11/24/2025,2025,11,Jakarta Timur,803,305,24,6,Hujan,Dini Hari,Bus,Kelalaian Pengemudi,Jalan Provinsi,Baik,<40,Lurus,Perempuan,17-25,Ya,umum,multi_kendaraan,penumpang,ya,UU 33/1964,meninggal,16570000000
8/31/2021,2021,8,Jakarta Selatan,266,393,21,1,Hujan,Siang,Mobil,Kondisi Jalan,Jalan Provinsi,Baik,40-60,Simpang 4,Perempuan,>50,Tidak,pribadi,multi_kendaraan,pengemudi,ya,UU 34/1964,meninggal,20720000000
8/30/2021,2021,8,Yogyakarta,280,207,28,22,Hujan,Malam,Bus,Kondisi Jalan,Jalan Nasional,Rusak,40-60,Lurus,Laki-laki,26-45,Tidak,umum,multi_kendaraan,penumpang,ya,UU 33/1964,meninggal,12190000000
4/9/2024,2024,4,Makassar,574,500,20,36,Cerah,Siang,Bus,Kondisi Jalan,Jalan Kota,Berlubang,<40,Simpang 4,Perempuan,26-45,Tidak,umum,multi_kendaraan,penumpang,ya,UU 33/1964,meninggal,26720000000
11/25/2025,2025,11,Bekasi,908,274,21,31,Hujan,Malam,Mobil,Kondisi Jalan,Jalan Kota,Baik,>60,Simpang T,Perempuan,<17,Tidak,pribadi,multi_kendaraan,pengemudi,ya,UU 34/1964,meninggal,15370000000
11/4/2021,2021,11,Bandung,313,128,27,22,Cerah,Dini Hari,Motor,Kelalaian Pengemudi,Jalan Kota,Baik,40-60,Tikungan,Perempuan,17-25,Ya,pribadi,tunggal,pengemudi,tidak,tidak_dijamin,tidak_ada,0
3/24/2024,2024,3,Jakarta Selatan,545,232,29,12,Cerah,Malam,Motor,Rem Blong,Jalan Provinsi,Baik,40-60,Simpang T,Laki-laki,>50,Ya,pribadi,multi_kendaraan,pengemudi,ya,UU 34/1964,meninggal,13290000000
9/6/2022,2022,9,Bekasi,400,189,20,68,Hujan,Pagi,Truk,Kondisi Jalan,Jalan Kota,Rusak,<40,Simpang T,Laki-laki,<17,Ya,pribadi,tunggal,pengemudi,tidak,tidak_dijamin,tidak_ada,0
9/15/2025,2025,9,Bekasi,783,183,20,31,Cerah,Dini Hari,Bus,Kurang Jarak Aman,Jalan Provinsi,Berlubang,<40,Lurus,Laki-laki,26-45,Tidak,umum,multi_kendaraan,penumpang,ya,UU 33/1964,meninggal,10770000000
5/19/2021,2021,5,Bandung,214,498,30,13,Cerah,Malam,Truk,Kondisi Jalan,Jalan Nasional,Rusak,>60,Simpang Y,Laki-laki,26-45,Tidak,pribadi,multi_kendaraan,pengemudi,ya,UU 34/1964,meninggal,26660000000
6/10/2024,2024,6,Palembang,902,127,26,33,Cerah,Dini Hari,Truk,Kurang Jarak Aman,Jalan Provinsi,Baik,<40,Simpang 4,Laki-laki,>50,Ya,pribadi,multi_kendaraan,pengemudi,ya,UU 34/1964,meninggal,8310000000
3/18/2022,2022,3,Bandung,294,135,30,10,Cerah,Dini Hari,Mobil,Kondisi Jalan,Jalan Nasional,Baik,>60,Simpang Y,Laki-laki,26-45,Ya,pribadi,multi_kendaraan,pengemudi,ya,UU 34/1964,meninggal,8450000000
1/7/2022,2022,1,Palembang,297,261,23,57,Hujan,Siang,Truk,Pelanggaran Lalu Lintas,Jalan Kota,Rusak,<40,Lurus,Perempuan,17-25,Ya,pribadi,tunggal,pengemudi,tidak,tidak_dijamin,tidak_ada,0
2/5/2022,2022,2,Yogyakarta,343,174,20,25,Hujan,Siang,Mobil,Pelanggaran Lalu Lintas,Jalan Provinsi,Baik,>60,Simpang T,Laki-laki,<17,Ya,pribadi,multi_kendaraan,pengemudi,ya,UU 34/1964,meninggal,10200000000
5/27/2025,2025,5,Jakarta Timur,790,324,24,1,Hujan,Dini Hari,Mobil,Pelanggaran Lalu Lintas,Jalan Nasional,Berlubang,<40,Simpang Y,Perempuan,26-45,Ya,pribadi,multi_kendaraan,pengemudi,ya,UU 34/1964,meninggal,17420000000
2/4/2022,2022,2,Makassar,316,375,21,17,Hujan,Pagi,Truk,Pelanggaran Lalu Lintas,Jalan Provinsi,Rusak,>60,Tikungan,Perempuan,26-45,Ya,pribadi,tunggal,pengemudi,tidak,tidak_dijamin,tidak_ada,0
3/10/2025,2025,3,Makassar,687,494,23,27,Cerah,Dini Hari,Truk,Kecepatan Berlebih,Jalan Nasional,Baik,40-60,Lurus,Perempuan,26-45,Ya,pribadi,tunggal,pengemudi,tidak,tidak_dijamin,tidak_ada,0
6/24/2024,2024,6,Bandung,837,207,24,6,Hujan,Dini Hari,Truk,Kecepatan Berlebih,Jalan Kota,Rusak,>60,Simpang 4,Laki-laki,<17,Tidak,pribadi,tunggal,pengemudi,tidak,tidak_dijamin,tidak_ada,0
7/7/2025,2025,7,Medan,802,160,27,26,Hujan,Dini Hari,Bus,Kelalaian Pengemudi,Jalan Kota,Baik,40-60,Tikungan,Laki-laki,>50,Tidak,umum,multi_kendaraan,penumpang,ya,UU 33/1964,meninggal,9870000000
2/19/2021,2021,2,Bekasi,249,444,24,43,Cerah,Malam,Mobil,Kelalaian Pengemudi,Jalan Provinsi,Baik,>60,Lurus,Laki-laki,17-25,Ya,pribadi,tunggal,pengemudi,tidak,tidak_dijamin,tidak_ada,0
7/19/2025,2025,7,Makassar,787,227,20,5,Hujan,Malam,Motor,Kecepatan Berlebih,Jalan Nasional,Berlubang,40-60,Simpang 4,Laki-laki,17-25,Tidak,pribadi,multi_kendaraan,pengemudi,ya,UU 34/1964,meninggal,12450000000
4/20/2022,2022,4,Bekasi,441,271,24,17,Cerah,Dini Hari,Mobil,Kecepatan Berlebih,Jalan Nasional,Baik,<40,Simpang Y,Laki-laki,>50,Ya,pribadi,multi_kendaraan,pengemudi,ya,UU 34/1964,meninggal,15090000000
12/14/2025,2025,12,Jakarta Selatan,1144,463,24,31,Cerah,Dini Hari,Bus,Kondisi Jalan,Jalan Kota,Berlubang,>60,Simpang T,Laki-laki,17-25,Ya,umum,multi_kendaraan,penumpang,ya,UU 33/1964,meninggal,24970000000
10/23/2024,2024,10,Makassar,672,272,27,4,Hujan,Malam,Truk,Pelanggaran Lalu Lintas,Jalan Kota,Berlubang,>60,Simpang 4,Laki-laki,26-45,Tidak,pribadi,multi_kendaraan,pengemudi,ya,UU 34/1964,meninggal,15030000000
12/13/2024,2024,12,Makassar,968,451,21,4,Hujan,Pagi,Mobil,Kelalaian Pengemudi,Jalan Kota,Rusak,40-60,Simpang 4,Perempuan,<17,Tidak,pribadi,multi_kendaraan,pengemudi,ya,UU 34/1964,meninggal,23680000000
3/15/2023,2023,3,Bekasi,464,197,22,45,Cerah,Malam,Truk,Kecepatan Berlebih,Jalan Provinsi,Baik,40-60,Tikungan,Perempuan,26-45,Tidak,pribadi,multi_kendaraan,pengemudi,ya,UU 34/1964,meninggal,11850000000
7/25/2025,2025,7,Yogyakarta,849,498,21,68,Cerah,Pagi,Mobil,Kecepatan Berlebih,Jalan Nasional,Rusak,<40,Simpang T,Perempuan,17-25,Tidak,pribadi,tunggal,pengemudi,tidak,tidak_dijamin,tidak_ada,0
10/2/2024,2024,10,Yogyakarta,764,192,29,5,Hujan,Siang,Motor,Kondisi Jalan,Jalan Provinsi,Berlubang,<40,Lurus,Laki-laki,<17,Ya,pribadi,multi_kendaraan,pengemudi,ya,UU 34/1964,meninggal,11150000000
4/2/2024,2024,4,Jakarta Selatan,675,206,27,2,Hujan,Dini Hari,Mobil,Kelalaian Pengemudi,Jalan Provinsi,Rusak,40-60,Simpang 4,Laki-laki,<17,Tidak,pribadi,multi_kendaraan,pengemudi,ya,UU 34/1964,meninggal,11690000000
4/8/2024,2024,4,Surabaya,557,279,24,10,Cerah,Siang,Bus,Kurang Jarak Aman,Jalan Provinsi,Baik,40-60,Simpang Y,Laki-laki,26-45,Ya,umum,multi_kendaraan,penumpang,ya,UU 33/1964,meninggal,15350000000
7/9/2022,2022,7,Medan,423,179,25,34,Cerah,Pagi,Truk,Kurang Jarak Aman,Jalan Nasional,Berlubang,<40,Lurus,Perempuan,<17,Tidak,pribadi,tunggal,pengemudi,tidak,tidak_dijamin,tidak_ada,0
4/10/2022,2022,4,Bandung,323,341,28,14,Hujan,Pagi,Bus,Rem Blong,Jalan Kota,Baik,<40,Tikungan,Laki-laki,>50,Tidak,umum,multi_kendaraan,penumpang,ya,UU 33/1964,meninggal,18730000000
12/26/2025,2025,12,Yogyakarta,1018,481,30,40,Hujan,Pagi,Mobil,Pelanggaran Lalu Lintas,Jalan Nasional,Baik,40-60,Lurus,Laki-laki,17-25,Tidak,pribadi,multi_kendaraan,pengemudi,ya,UU 34/1964,meninggal,26350000000
2/1/2021,2021,2,Surabaya,200,143,29,25,Cerah,Pagi,Mobil,Kondisi Jalan,Jalan Nasional,Rusak,<40,Simpang 4,Perempuan,17-25,Ya,pribadi,tunggal,pengemudi,tidak,tidak_dijamin,tidak_ada,0
3/4/2024,2024,3,Bekasi,617,224,21,35,Cerah,Dini Hari,Motor,Kurang Jarak Aman,Jalan Nasional,Berlubang,40-60,Lurus,Laki-laki,17-25,Ya,pribadi,tunggal,pengemudi,tidak,tidak_dijamin,tidak_ada,0
8/4/2021,2021,8,Bekasi,357,170,25,24,Hujan,Dini Hari,Bus,Rem Blong,Jalan Kota,Rusak,40-60,Simpang T,Laki-laki,17-25,Ya,umum,multi_kendaraan,penumpang,ya,UU 33/1964,meninggal,10230000000
2/24/2025,2025,2,Yogyakarta,738,130,26,29,Cerah,Siang,Motor,Kurang Jarak Aman,Jalan Kota,Rusak,>60,Simpang T,Perempuan,17-25,Tidak,pribadi,tunggal,pengemudi,tidak,tidak_dijamin,tidak_ada,0
9/5/2025,2025,9,Surabaya,876,484,30,30,Cerah,Siang,Truk,Kurang Jarak Aman,Jalan Nasional,Baik,40-60,Lurus,Laki-laki,>50,Ya,pribadi,tunggal,pengemudi,tidak,tidak_dijamin,tidak_ada,0
7/9/2023,2023,7,Semarang,477,178,25,29,Cerah,Siang,Motor,Rem Blong,Jalan Provinsi,Baik,40-60,Simpang Y,Perempuan,>50,Tidak,pribadi,tunggal,pengemudi,tidak,tidak_dijamin,tidak_ada,0
3/4/2021,2021,3,Semarang,247,429,21,54,Hujan,Dini Hari,Mobil,Kondisi Jalan,Jalan Provinsi,Baik,<40,Simpang T,Perempuan,26-45,Ya,pribadi,multi_kendaraan,pengemudi,ya,UU 34/1964,meninggal,23580000000
7/24/2024,2024,7,Yogyakarta,685,169,25,21,Cerah,Malam,Bus,Kecepatan Berlebih,Jalan Provinsi,Berlubang,40-60,Tikungan,Laki-laki,17-25,Tidak,umum,tunggal,penumpang,ya,UU 33/1964,meninggal,10120000000
5/13/2021,2021,5,Jakarta Selatan,301,301,20,9,Cerah,Dini Hari,Bus,Kurang Jarak Aman,Jalan Provinsi,Baik,40-60,Simpang Y,Laki-laki,<17,Tidak,umum,multi_kendaraan,penumpang,ya,UU 33/1964,meninggal,16230000000
12/28/2023,2023,12,Yogyakarta,888,309,21,28,Cerah,Malam,Truk,Kelalaian Pengemudi,Jalan Kota,Berlubang,40-60,Tikungan,Perempuan,26-45,Ya,pribadi,multi_kendaraan,pengemudi,ya,UU 34/1964,meninggal,17060000000
7/27/2021,2021,7,Surabaya,256,268,22,0,Cerah,Dini Hari,Bus,Kurang Jarak Aman,Jalan Provinsi,Berlubang,>60,Tikungan,Perempuan,26-45,Ya,umum,multi_kendaraan,penumpang,ya,UU 33/1964,meninggal,14500000000
7/10/2023,2023,7,Yogyakarta,537,144,26,14,Cerah,Malam,Bus,Kecepatan Berlebih,Jalan Nasional,Berlubang,40-60,Simpang Y,Laki-laki,>50,Tidak,umum,multi_kendaraan,penumpang,ya,UU 33/1964,meninggal,8780000000
8/4/2021,2021,8,Palembang,251,326,29,8,Hujan,Malam,Bus,Pelanggaran Lalu Lintas,Jalan Nasional,Baik,>60,Simpang Y,Perempuan,<17,Tidak,umum,multi_kendaraan,penumpang,ya,UU 33/1964,meninggal,17910000000
8/21/2021,2021,8,Jakarta Timur,387,189,29,16,Cerah,Malam,Motor,Kecepatan Berlebih,Jalan Kota,Berlubang,>60,Simpang Y,Perempuan,26-45,Ya,pribadi,tunggal,pengemudi,tidak,tidak_dijamin,tidak_ada,0
11/27/2022,2022,11,Surabaya,424,284,21,12,Hujan,Dini Hari,Bus,Rem Blong,Jalan Provinsi,Baik,>60,Simpang Y,Laki-laki,>50,Tidak,umum,multi_kendaraan,penumpang,ya,UU 33/1964,meninggal,15490000000
2/13/2023,2023,2,Makassar,495,236,27,47,Hujan,Dini Hari,Truk,Kurang Jarak Aman,Jalan Nasional,Baik,>60,Simpang 4,Perempuan,<17,Tidak,pribadi,multi_kendaraan,pengemudi,ya,UU 34/1964,meninggal,14090000000
11/16/2024,2024,11,Semarang,702,279,23,5,Hujan,Malam,Truk,Kondisi Jalan,Jalan Nasional,Berlubang,40-60,Simpang Y,Perempuan,>50,Ya,pribadi,multi_kendaraan,pengemudi,ya,UU 34/1964,meninggal,15200000000
12/8/2024,2024,12,Bandung,1020,279,30,17,Cerah,Siang,Bus,Rem Blong,Jalan Provinsi,Baik,40-60,Simpang T,Laki-laki,<17,Tidak,umum,multi_kendaraan,penumpang,ya,UU 33/1964,meninggal,15790000000
11/26/2021,2021,11,Jakarta Selatan,304,497,21,9,Cerah,Siang,Mobil,Kurang Jarak Aman,Jalan Nasional,Berlubang,<40,Simpang T,Perempuan,<17,Tidak,pribadi,tunggal,pengemudi,tidak,tidak_dijamin,tidak_ada,0
10/4/2024,2024,10,Semarang,643,434,22,49,Cerah,Dini Hari,Truk,Kecepatan Berlebih,Jalan Nasional,Berlubang,40-60,Simpang T,Perempuan,<17,Tidak,pribadi,multi_kendaraan,pengemudi,ya,UU 34/1964,meninggal,23780000000
12/18/2022,2022,12,Bekasi,670,171,20,27,Hujan,Dini Hari,Mobil,Kecepatan Berlebih,Jalan Kota,Baik,<40,Lurus,Perempuan,17-25,Ya,pribadi,multi_kendaraan,pengemudi,ya,UU 34/1964,meninggal,10090000000
2/11/2022,2022,2,Palembang,374,476,21,5,Hujan,Siang,Truk,Pelanggaran Lalu Lintas,Jalan Kota,Rusak,40-60,Lurus,Laki-laki,26-45,Tidak,pribadi,multi_kendaraan,pengemudi,ya,UU 34/1964,meninggal,24950000000
9/8/2024,2024,9,Jakarta Selatan,722,439,21,33,Hujan,Dini Hari,Truk,Kurang Jarak Aman,Jalan Provinsi,Berlubang,<40,Lurus,Laki-laki,17-25,Tidak,pribadi,multi_kendaraan,pengemudi,ya,UU 34/1964,meninggal,23660000000
2/17/2024,2024,2,Bandung,519,188,22,41,Hujan,Dini Hari,Bus,Kecepatan Berlebih,Jalan Provinsi,Berlubang,<40,Simpang Y,Laki-laki,<17,Ya,umum,multi_kendaraan,penumpang,ya,UU 33/1964,meninggal,11320000000
11/23/2024,2024,11,Makassar,787,303,20,20,Cerah,Malam,Motor,Kurang Jarak Aman,Jalan Nasional,Berlubang,40-60,Simpang T,Perempuan,>50,Ya,pribadi,tunggal,pengemudi,tidak,tidak_dijamin,tidak_ada,0
1/17/2023,2023,1,Semarang,418,203,30,19,Hujan,Pagi,Mobil,Kelalaian Pengemudi,Jalan Nasional,Baik,>60,Tikungan,Perempuan,26-45,Ya,pribadi,tunggal,pengemudi,tidak,tidak_dijamin,tidak_ada,0
5/17/2024,2024,5,Jakarta Timur,575,462,24,4,Cerah,Pagi,Truk,Kecepatan Berlebih,Jalan Provinsi,Rusak,40-60,Lurus,Laki-laki,>50,Tidak,pribadi,multi_kendaraan,pengemudi,ya,UU 34/1964,meninggal,24380000000
5/11/2023,2023,5,Palembang,547,135,24,25,Cerah,Malam,Truk,Kecepatan Berlebih,Jalan Provinsi,Berlubang,>60,Simpang 4,Perempuan,17-25,Ya,pribadi,tunggal,pengemudi,tidak,tidak_dijamin,tidak_ada,0
6/10/2022,2022,6,Palembang,602,325,20,47,Cerah,Dini Hari,Mobil,Kurang Jarak Aman,Jalan Provinsi,Baik,<40,Simpang 4,Perempuan,>50,Ya,pribadi,tunggal,pengemudi,tidak,tidak_dijamin,tidak_ada,0
9/21/2024,2024,9,Bekasi,768,347,29,22,Cerah,Pagi,Truk,Pelanggaran Lalu Lintas,Jalan Provinsi,Baik,40-60,Simpang T,Laki-laki,26-45,Tidak,pribadi,tunggal,pengemudi,tidak,tidak_dijamin,tidak_ada,0
11/30/2022,2022,11,Yogyakarta,539,208,22,42,Cerah,Malam,Mobil,Rem Blong,Jalan Kota,Berlubang,>60,Lurus,Laki-laki,>50,Ya,pribadi,multi_kendaraan,pengemudi,ya,UU 34/1964,meninggal,12340000000
7/22/2021,2021,7,Bekasi,347,180,28,32,Cerah,Pagi,Mobil,Kecepatan Berlebih,Jalan Kota,Baik,40-60,Tikungan,Laki-laki,>50,Tidak,pribadi,multi_kendaraan,pengemudi,ya,UU 34/1964,meninggal,11040000000
5/1/2022,2022,5,Semarang,403,436,21,32,Cerah,Pagi,Motor,Kondisi Jalan,Jalan Provinsi,Rusak,40-60,Lurus,Perempuan,26-45,Ya,pribadi,multi_kendaraan,pengemudi,ya,UU 34/1964,meninggal,23490000000
8/4/2024,2024,8,Yogyakarta,626,249,28,36,Cerah,Pagi,Bus,Kelalaian Pengemudi,Jalan Nasional,Berlubang,>60,Simpang 4,Laki-laki,>50,Tidak,umum,tunggal,penumpang,ya,UU 33/1964,meninggal,14570000000
8/25/2025,2025,8,Jakarta Timur,871,316,23,42,Cerah,Dini Hari,Mobil,Kelalaian Pengemudi,Jalan Nasional,Berlubang,<40,Simpang 4,Laki-laki,17-25,Tidak,pribadi,tunggal,pengemudi,tidak,tidak_dijamin,tidak_ada,0
10/20/2024,2024,10,Makassar,682,277,23,30,Cerah,Pagi,Truk,Kelalaian Pengemudi,Jalan Provinsi,Berlubang,40-60,Simpang Y,Laki-laki,26-45,Ya,pribadi,multi_kendaraan,pengemudi,ya,UU 34/1964,meninggal,15600000000
7/26/2025,2025,7,Medan,859,236,24,29,Cerah,Pagi,Bus,Pelanggaran Lalu Lintas,Jalan Nasional,Baik,>60,Lurus,Perempuan,>50,Ya,umum,multi_kendaraan,penumpang,ya,UU 33/1964,meninggal,13580000000
6/11/2022,2022,6,Bekasi,629,150,22,63,Hujan,Siang,Mobil,Pelanggaran Lalu Lintas,Jalan Kota,Rusak,<40,Simpang 4,Perempuan,>50,Ya,pribadi,tunggal,pengemudi,tidak,tidak_dijamin,tidak_ada,0
10/3/2023,2023,10,Bekasi,645,293,25,25,Hujan,Dini Hari,Motor,Kelalaian Pengemudi,Jalan Kota,Rusak,>60,Simpang T,Perempuan,>50,Tidak,pribadi,tunggal,pengemudi,tidak,tidak_dijamin,tidak_ada,0
5/8/2025,2025,5,Medan,822,353,20,15,Hujan,Pagi,Motor,Rem Blong,Jalan Nasional,Rusak,<40,Lurus,Perempuan,26-45,Tidak,pribadi,tunggal,pengemudi,tidak,tidak_dijamin,tidak_ada,0
6/3/2023,2023,6,Semarang,897,489,23,24,Cerah,Pagi,Truk,Kelalaian Pengemudi,Jalan Provinsi,Berlubang,>60,Tikungan,Perempuan,<17,Ya,pribadi,tunggal,pengemudi,tidak,tidak_dijamin,tidak_ada,0
7/13/2023,2023,7,Jakarta Selatan,522,207,29,33,Hujan,Malam,Motor,Rem Blong,Jalan Nasional,Baik,40-60,Simpang T,Perempuan,17-25,Tidak,pribadi,multi_kendaraan,pengemudi,ya,UU 34/1964,meninggal,12460000000
5/7/2024,2024,5,Yogyakarta,627,100,30,27,Hujan,Malam,Motor,Kurang Jarak Aman,Jalan Nasional,Rusak,>60,Simpang T,Perempuan,>50,Ya,pribadi,multi_kendaraan,pengemudi,ya,UU 34/1964,meninggal,7040000000
4/27/2021,2021,4,Medan,254,300,27,0,Cerah,Dini Hari,Bus,Kecepatan Berlebih,Jalan Nasional,Berlubang,<40,Simpang Y,Perempuan,17-25,Ya,umum,tunggal,penumpang,ya,UU 33/1964,meninggal,16350000000
7/26/2021,2021,7,Medan,271,271,27,49,Cerah,Dini Hari,Motor,Kurang Jarak Aman,Jalan Kota,Rusak,<40,Lurus,Laki-laki,<17,Tidak,pribadi,multi_kendaraan,pengemudi,ya,UU 34/1964,meninggal,15880000000
2/23/2021,2021,2,Makassar,266,453,28,10,Cerah,Malam,Truk,Kelalaian Pengemudi,Jalan Kota,Berlubang,40-60,Simpang Y,Laki-laki,>50,Ya,pribadi,multi_kendaraan,pengemudi,ya,UU 34/1964,meninggal,24250000000
4/22/2021,2021,4,Bekasi,204,150,23,16,Cerah,Malam,Bus,Rem Blong,Jalan Kota,Berlubang,<40,Simpang Y,Perempuan,>50,Tidak,umum,tunggal,penumpang,ya,UU 33/1964,meninggal,8970000000
4/19/2025,2025,4,Semarang,741,280,26,18,Hujan,Malam,Bus,Kelalaian Pengemudi,Jalan Provinsi,Berlubang,>60,Simpang 4,Laki-laki,26-45,Tidak,umum,multi_kendaraan,penumpang,ya,UU 33/1964,meninggal,15660000000
7/1/2021,2021,7,Semarang,331,315,29,50,Cerah,Malam,Mobil,Pelanggaran Lalu Lintas,Jalan Kota,Berlubang,<40,Tikungan,Perempuan,>50,Ya,pribadi,tunggal,pengemudi,tidak,tidak_dijamin,tidak_ada,0
9/13/2023,2023,9,Makassar,612,324,21,25,Cerah,Siang,Bus,Kondisi Jalan,Jalan Nasional,Rusak,>60,Simpang Y,Perempuan,>50,Ya,umum,multi_kendaraan,penumpang,ya,UU 33/1964,meninggal,17750000000
5/27/2024,2024,5,Bekasi,682,307,22,20,Cerah,Siang,Bus,Rem Blong,Jalan Provinsi,Baik,>60,Simpang Y,Perempuan,<17,Ya,umum,tunggal,penumpang,ya,UU 33/1964,meninggal,16850000000
12/11/2021,2021,12,Medan,618,100,25,8,Hujan,Dini Hari,Mobil,Rem Blong,Jalan Nasional,Berlubang,<40,Lurus,Perempuan,17-25,Ya,pribadi,multi_kendaraan,pengemudi,ya,UU 34/1964,meninggal,6410000000
11/1/2023,2023,11,Bekasi,598,253,25,10,Hujan,Pagi,Truk,Kecepatan Berlebih,Jalan Kota,Baik,>60,Simpang T,Perempuan,<17,Ya,pribadi,multi_kendaraan,pengemudi,ya,UU 34/1964,meninggal,14100000000
4/30/2023,2023,4,Medan,470,244,23,63,Hujan,Pagi,Truk,Rem Blong,Jalan Kota,Berlubang,>60,Simpang 4,Laki-laki,<17,Ya,pribadi,multi_kendaraan,pengemudi,ya,UU 34/1964,meninggal,14610000000
2/7/2022,2022,2,Palembang,416,154,30,31,Cerah,Malam,Motor,Rem Blong,Jalan Kota,Baik,<40,Lurus,Laki-laki,26-45,Tidak,pribadi,multi_kendaraan,pengemudi,ya,UU 34/1964,meninggal,9820000000
9/3/2024,2024,9,Surabaya,617,150,22,5,Hujan,Siang,Truk,Kelalaian Pengemudi,Jalan Provinsi,Berlubang,<40,Simpang Y,Perempuan,<17,Ya,pribadi,tunggal,pengemudi,tidak,tidak_dijamin,tidak_ada,0
3/13/2022,2022,3,Jakarta Selatan,340,177,22,45,Hujan,Siang,Bus,Kecepatan Berlebih,Jalan Nasional,Baik,<40,Tikungan,Perempuan,26-45,Ya,umum,tunggal,penumpang,ya,UU 33/1964,meninggal,10850000000
8/16/2023,2023,8,Bandung,639,241,24,11,Cerah,Siang,Bus,Kondisi Jalan,Jalan Kota,Baik,<40,Simpang T,Perempuan,17-25,Ya,umum,multi_kendaraan,penumpang,ya,UU 33/1964,meninggal,13470000000
5/26/2024,2024,5,Semarang,643,288,29,17,Cerah,Pagi,Motor,Rem Blong,Jalan Kota,Baik,40-60,Simpang 4,Perempuan,26-45,Tidak,pribadi,multi_kendaraan,pengemudi,ya,UU 34/1964,meninggal,16190000000
9/30/2024,2024,9,Jakarta Selatan,690,433,27,18,Cerah,Malam,Bus,Rem Blong,Jalan Nasional,Berlubang,>60,Lurus,Laki-laki,26-45,Ya,umum,multi_kendaraan,penumpang,ya,UU 33/1964,meninggal,23360000000
12/18/2022,2022,12,Makassar,664,202,25,12,Hujan,Dini Hari,Mobil,Kelalaian Pengemudi,Jalan Nasional,Berlubang,>60,Lurus,Perempuan,17-25,Tidak,pribadi,multi_kendaraan,pengemudi,ya,UU 34/1964,meninggal,11590000000
6/19/2025,2025,6,Medan,995,201,21,27,Cerah,Malam,Bus,Kelalaian Pengemudi,Jalan Provinsi,Rusak,<40,Simpang T,Laki-laki,26-45,Tidak,umum,tunggal,penumpang,ya,UU 33/1964,meninggal,11640000000
11/30/2022,2022,11,Yogyakarta,547,124,30,28,Cerah,Pagi,Mobil,Pelanggaran Lalu Lintas,Jalan Nasional,Berlubang,>60,Simpang T,Laki-laki,>50,Ya,pribadi,tunggal,pengemudi,tidak,tidak_dijamin,tidak_ada,0
10/31/2021,2021,10,Bekasi,342,154,26,0,Hujan,Dini Hari,Motor,Pelanggaran Lalu Lintas,Jalan Kota,Baik,>60,Simpang Y,Laki-laki,<17,Tidak,pribadi,tunggal,pengemudi,tidak,tidak_dijamin,tidak_ada,0
10/14/2021,2021,10,Bekasi,284,476,25,29,Hujan,Dini Hari,Motor,Kelalaian Pengemudi,Jalan Provinsi,Baik,<40,Simpang 4,Laki-laki,>50,Tidak,pribadi,tunggal,pengemudi,tidak,tidak_dijamin,tidak_ada,0
3/10/2022,2022,3,Jakarta Timur,343,205,30,51,Hujan,Siang,Motor,Kondisi Jalan,Jalan Nasional,Baik,>60,Simpang 4,Laki-laki,17-25,Tidak,pribadi,multi_kendaraan,pengemudi,ya,UU 34/1964,meninggal,12770000000
7/7/2024,2024,7,Yogyakarta,603,264,21,17,Hujan,Dini Hari,Motor,Pelanggaran Lalu Lintas,Jalan Kota,Rusak,>60,Tikungan,Perempuan,>50,Ya,pribadi,tunggal,pengemudi,tidak,tidak_dijamin,tidak_ada,0
5/11/2022,2022,5,Palembang,332,416,25,23,Cerah,Pagi,Motor,Pelanggaran Lalu Lintas,Jalan Provinsi,Rusak,>60,Simpang T,Laki-laki,<17,Tidak,pribadi,tunggal,pengemudi,tidak,tidak_dijamin,tidak_ada,0
5/12/2024,2024,5,Makassar,575,342,27,14,Cerah,Siang,Truk,Pelanggaran Lalu Lintas,Jalan Kota,Baik,40-60,Simpang 4,Laki-laki,17-25,Ya,pribadi,tunggal,pengemudi,tidak,tidak_dijamin,tidak_ada,0
7/10/2023,2023,7,Palembang,545,399,24,7,Cerah,Pagi,Truk,Kurang Jarak Aman,Jalan Provinsi,Rusak,>60,Simpang 4,Laki-laki,17-25,Ya,pribadi,tunggal,pengemudi,tidak,tidak_dijamin,tidak_ada,0
9/4/2021,2021,9,Medan,380,133,27,12,Cerah,Siang,Truk,Kecepatan Berlebih,Jalan Nasional,Rusak,<40,Simpang Y,Perempuan,<17,Ya,pribadi,multi_kendaraan,pengemudi,ya,UU 34/1964,meninggal,8240000000
10/24/2023,2023,10,Palembang,588,391,27,21,Cerah,Pagi,Bus,Kurang Jarak Aman,Jalan Nasional,Rusak,<40,Tikungan,Perempuan,>50,Tidak,umum,tunggal,penumpang,ya,UU 33/1964,meninggal,21320000000
4/17/2022,2022,4,Bandung,321,297,30,21,Hujan,Malam,Bus,Kecepatan Berlebih,Jalan Kota,Berlubang,40-60,Simpang 4,Laki-laki,17-25,Tidak,umum,multi_kendaraan,penumpang,ya,UU 33/1964,meninggal,16770000000
4/25/2024,2024,4,Palembang,689,362,20,21,Hujan,Siang,Motor,Pelanggaran Lalu Lintas,Jalan Nasional,Rusak,<40,Tikungan,Laki-laki,17-25,Tidak,pribadi,multi_kendaraan,pengemudi,ya,UU 34/1964,meninggal,19520000000
8/1/2025,2025,8,Surabaya,817,443,25,22,Cerah,Dini Hari,Truk,Kondisi Jalan,Jalan Nasional,Berlubang,40-60,Lurus,Perempuan,<17,Ya,pribadi,multi_kendaraan,pengemudi,ya,UU 34/1964,meninggal,23840000000
4/7/2025,2025,4,Makassar,661,253,25,27,Cerah,Pagi,Mobil,Rem Blong,Jalan Provinsi,Baik,<40,Simpang 4,Perempuan,26-45,Tidak,pribadi,tunggal,pengemudi,tidak,tidak_dijamin,tidak_ada,0
10/10/2024,2024,10,Jakarta Timur,757,159,26,33,Hujan,Malam,Motor,Rem Blong,Jalan Kota,Berlubang,40-60,Tikungan,Perempuan,17-25,Ya,pribadi,tunggal,pengemudi,tidak,tidak_dijamin,tidak_ada,0
1/3/2024,2024,1,Semarang,522,114,25,28,Cerah,Malam,Motor,Kurang Jarak Aman,Jalan Provinsi,Berlubang,>60,Simpang 4,Perempuan,26-45,Tidak,pribadi,tunggal,pengemudi,tidak,tidak_dijamin,tidak_ada,0
8/4/2023,2023,8,Palembang,590,384,25,27,Cerah,Pagi,Truk,Rem Blong,Jalan Provinsi,Berlubang,<40,Lurus,Laki-laki,26-45,Ya,pribadi,tunggal,pengemudi,tidak,tidak_dijamin,tidak_ada,0
12/28/2025,2025,12,Jakarta Selatan,1099,351,28,5,Hujan,Siang,Bus,Kelalaian Pengemudi,Jalan Provinsi,Baik,40-60,Simpang Y,Perempuan,>50,Tidak,umum,multi_kendaraan,penumpang,ya,UU 33/1964,meninggal,19050000000
1/31/2022,2022,1,Bekasi,394,370,27,39,Cerah,Siang,Bus,Kelalaian Pengemudi,Jalan Kota,Rusak,>60,Lurus,Perempuan,17-25,Ya,umum,tunggal,penumpang,ya,UU 33/1964,meninggal,20630000000
4/7/2024,2024,4,Yogyakarta,554,259,30,51,Hujan,Malam,Motor,Rem Blong,Jalan Provinsi,Baik,40-60,Tikungan,Perempuan,<17,Tidak,pribadi,multi_kendaraan,pengemudi,ya,UU 34/1964,meninggal,15470000000
6/16/2025,2025,6,Medan,1122,457,27,35,Hujan,Malam,Motor,Kondisi Jalan,Jalan Provinsi,Rusak,<40,Lurus,Laki-laki,17-25,Tidak,pribadi,multi_kendaraan,pengemudi,ya,UU 34/1964,meninggal,24900000000
4/19/2024,2024,4,Medan,636,150,21,15,Cerah,Siang,Truk,Kurang Jarak Aman,Jalan Kota,Berlubang,40-60,Simpang T,Perempuan,17-25,Ya,pribadi,multi_kendaraan,pengemudi,ya,UU 34/1964,meninggal,8850000000
5/10/2023,2023,5,Medan,551,248,30,10,Hujan,Siang,Mobil,Kondisi Jalan,Jalan Provinsi,Baik,>60,Tikungan,Laki-laki,>50,Ya,pribadi,tunggal,pengemudi,tidak,tidak_dijamin,tidak_ada,0
11/28/2022,2022,11,Yogyakarta,499,231,20,27,Cerah,Dini Hari,Bus,Pelanggaran Lalu Lintas,Jalan Provinsi,Berlubang,>60,Simpang Y,Perempuan,17-25,Tidak,umum,tunggal,penumpang,ya,UU 33/1964,meninggal,13090000000
1/1/2021,2021,1,Medan,218,298,27,13,Hujan,Pagi,Mobil,Rem Blong,Jalan Nasional,Berlubang,<40,Simpang T,Laki-laki,>50,Tidak,pribadi,multi_kendaraan,pengemudi,ya,UU 34/1964,meninggal,16510000000
11/9/2024,2024,11,Semarang,776,191,21,10,Hujan,Malam,Mobil,Kondisi Jalan,Jalan Provinsi,Berlubang,40-60,Simpang 4,Laki-laki,26-45,Ya,pribadi,multi_kendaraan,pengemudi,ya,UU 34/1964,meninggal,10800000000
3/31/2022,2022,3,Jakarta Selatan,368,363,20,33,Cerah,Siang,Mobil,Kondisi Jalan,Jalan Kota,Rusak,>60,Tikungan,Perempuan,17-25,Tidak,pribadi,tunggal,pengemudi,tidak,tidak_dijamin,tidak_ada,0
11/3/2022,2022,11,Palembang,422,364,25,18,Cerah,Dini Hari,Mobil,Kecepatan Berlebih,Jalan Kota,Baik,40-60,Tikungan,Perempuan,<17,Ya,pribadi,multi_kendaraan,pengemudi,ya,UU 34/1964,meninggal,19810000000
7/27/2025,2025,7,Medan,797,367,26,17,Cerah,Pagi,Truk,Kecepatan Berlebih,Jalan Nasional,Rusak,40-60,Simpang T,Laki-laki,17-25,Ya,pribadi,tunggal,pengemudi,tidak,tidak_dijamin,tidak_ada,0
5/29/2024,2024,5,Bekasi,596,115,21,20,Cerah,Siang,Bus,Rem Blong,Jalan Provinsi,Baik,40-60,Lurus,Laki-laki,<17,Ya,umum,tunggal,penumpang,ya,UU 33/1964,meninggal,7200000000
9/1/2025,2025,9,Jakarta Selatan,862,307,25,27,Hujan,Dini Hari,Bus,Rem Blong,Jalan Nasional,Rusak,40-60,Simpang 4,Perempuan,>50,Tidak,umum,multi_kendaraan,penumpang,ya,UU 33/1964,meninggal,17140000000
2/27/2025,2025,2,Semarang,693,290,23,24,Cerah,Pagi,Bus,Kelalaian Pengemudi,Jalan Provinsi,Berlubang,<40,Simpang T,Perempuan,>50,Tidak,umum,multi_kendaraan,penumpang,ya,UU 33/1964,meninggal,16130000000
12/4/2023,2023,12,Bandung,917,412,27,29,Hujan,Dini Hari,Bus,Kondisi Jalan,Jalan Provinsi,Rusak,40-60,Simpang T,Laki-laki,<17,Tidak,umum,tunggal,penumpang,ya,UU 33/1964,meninggal,22530000000
6/9/2021,2021,6,Bekasi,537,211,28,28,Hujan,Siang,Motor,Rem Blong,Jalan Provinsi,Rusak,>60,Tikungan,Perempuan,26-45,Ya,pribadi,tunggal,pengemudi,tidak,tidak_dijamin,tidak_ada,0
6/16/2024,2024,6,Makassar,948,233,28,23,Cerah,Siang,Mobil,Pelanggaran Lalu Lintas,Jalan Provinsi,Berlubang,40-60,Simpang Y,Perempuan,17-25,Ya,pribadi,multi_kendaraan,pengemudi,ya,UU 34/1964,meninggal,13510000000
12/5/2021,2021,12,Yogyakarta,598,328,29,5,Hujan,Dini Hari,Bus,Kurang Jarak Aman,Jalan Provinsi,Baik,40-60,Lurus,Laki-laki,26-45,Ya,umum,tunggal,penumpang,ya,UU 33/1964,meninggal,17950000000
12/23/2021,2021,12,Palembang,665,346,26,20,Hujan,Malam,Motor,Rem Blong,Jalan Kota,Berlubang,>60,Simpang Y,Laki-laki,26-45,Ya,pribadi,multi_kendaraan,pengemudi,ya,UU 34/1964,meninggal,19000000000
6/22/2024,2024,6,Makassar,839,158,20,24,Hujan,Pagi,Bus,Kurang Jarak Aman,Jalan Nasional,Rusak,>60,Simpang 4,Laki-laki,26-45,Ya,umum,multi_kendaraan,penumpang,ya,UU 33/1964,meninggal,9380000000
9/16/2023,2023,9,Jakarta Selatan,505,219,28,26,Hujan,Siang,Mobil,Kondisi Jalan,Jalan Provinsi,Berlubang,>60,Lurus,Perempuan,<17,Tidak,pribadi,tunggal,pengemudi,tidak,tidak_dijamin,tidak_ada,0
6/14/2024,2024,6,Bandung,875,234,29,16,Cerah,Malam,Mobil,Kurang Jarak Aman,Jalan Provinsi,Berlubang,<40,Lurus,Laki-laki,17-25,Tidak,pribadi,tunggal,pengemudi,tidak,tidak_dijamin,tidak_ada,0
5/27/2021,2021,5,Semarang,281,222,21,29,Cerah,Siang,Motor,Kecepatan Berlebih,Jalan Provinsi,Baik,>60,Simpang 4,Perempuan,>50,Ya,pribadi,multi_kendaraan,pengemudi,ya,UU 34/1964,meninggal,12730000000
11/15/2021,2021,11,Yogyakarta,345,425,28,8,Cerah,Siang,Motor,Kondisi Jalan,Jalan Nasional,Baik,<40,Simpang 4,Laki-laki,<17,Ya,pribadi,tunggal,pengemudi,tidak,tidak_dijamin,tidak_ada,0
12/6/2021,2021,12,Palembang,545,151,29,27,Hujan,Siang,Mobil,Kelalaian Pengemudi,Jalan Nasional,Baik,40-60,Lurus,Perempuan,>50,Tidak,pribadi,multi_kendaraan,pengemudi,ya,UU 34/1964,meninggal,9540000000
5/17/2021,2021,5,Jakarta Selatan,281,420,26,39,Hujan,Siang,Mobil,Kondisi Jalan,Jalan Provinsi,Baik,<40,Simpang T,Perempuan,17-25,Ya,pribadi,multi_kendaraan,pengemudi,ya,UU 34/1964,meninggal,23080000000
2/13/2023,2023,2,Jakarta Selatan,486,274,25,49,Cerah,Malam,Motor,Pelanggaran Lalu Lintas,Jalan Provinsi,Rusak,<40,Lurus,Perempuan,26-45,Ya,pribadi,multi_kendaraan,pengemudi,ya,UU 34/1964,meninggal,15930000000
12/8/2024,2024,12,Jakarta Timur,928,336,22,13,Hujan,Siang,Mobil,Kelalaian Pengemudi,Jalan Provinsi,Baik,<40,Lurus,Perempuan,26-45,Ya,pribadi,tunggal,pengemudi,tidak,tidak_dijamin,tidak_ada,0
6/28/2025,2025,6,Jakarta Timur,1032,299,21,8,Hujan,Siang,Bus,Kecepatan Berlebih,Jalan Nasional,Baik,40-60,Simpang T,Perempuan,17-25,Ya,umum,multi_kendaraan,penumpang,ya,UU 33/1964,meninggal,16160000000
2/11/2022,2022,2,Palembang,428,277,25,31,Cerah,Malam,Motor,Rem Blong,Jalan Kota,Baik,<40,Lurus,Laki-laki,>50,Ya,pribadi,multi_kendaraan,pengemudi,ya,UU 34/1964,meninggal,15720000000
12/30/2024,2024,12,Bandung,957,447,21,35,Cerah,Malam,Motor,Rem Blong,Jalan Nasional,Berlubang,>60,Tikungan,Perempuan,17-25,Tidak,pribadi,multi_kendaraan,pengemudi,ya,UU 34/1964,meninggal,24100000000
4/24/2021,2021,4,Medan,188,205,26,53,Hujan,Pagi,Motor,Kelalaian Pengemudi,Jalan Kota,Rusak,>60,Simpang T,Perempuan,>50,Tidak,pribadi,tunggal,pengemudi,tidak,tidak_dijamin,tidak_ada,0
9/13/2021,2021,9,Bekasi,264,332,26,24,Cerah,Pagi,Mobil,Kecepatan Berlebih,Jalan Nasional,Berlubang,>60,Simpang T,Laki-laki,26-45,Ya,pribadi,tunggal,pengemudi,tidak,tidak_dijamin,tidak_ada,0
10/22/2024,2024,10,Surabaya,693,344,28,25,Cerah,Pagi,Mobil,Kelalaian Pengemudi,Jalan Provinsi,Baik,<40,Tikungan,Laki-laki,26-45,Tidak,pribadi,tunggal,pengemudi,tidak,tidak_dijamin,tidak_ada,0
6/28/2021,2021,6,Jakarta Selatan,552,413,24,11,Cerah,Dini Hari,Motor,Kondisi Jalan,Jalan Kota,Berlubang,>60,Simpang Y,Perempuan,17-25,Ya,pribadi,multi_kendaraan,pengemudi,ya,UU 34/1964,meninggal,22070000000
4/11/2023,2023,4,Bandung,482,178,20,1,Hujan,Siang,Mobil,Kurang Jarak Aman,Jalan Provinsi,Berlubang,40-60,Simpang 4,Perempuan,26-45,Ya,pribadi,multi_kendaraan,pengemudi,ya,UU 34/1964,meninggal,9920000000
3/12/2023,2023,3,Bandung,565,411,28,29,Hujan,Pagi,Truk,Rem Blong,Jalan Nasional,Baik,40-60,Simpang Y,Laki-laki,26-45,Tidak,pribadi,multi_kendaraan,pengemudi,ya,UU 34/1964,meninggal,22530000000
2/17/2021,2021,2,Surabaya,297,459,21,53,Hujan,Siang,Mobil,Kelalaian Pengemudi,Jalan Kota,Baik,>60,Lurus,Perempuan,>50,Tidak,pribadi,tunggal,pengemudi,tidak,tidak_dijamin,tidak_ada,0
8/19/2022,2022,8,Bekasi,398,486,22,24,Cerah,Malam,Bus,Kelalaian Pengemudi,Jalan Nasional,Rusak,40-60,Lurus,Laki-laki,<17,Tidak,umum,tunggal,penumpang,ya,UU 33/1964,meninggal,25880000000
9/21/2021,2021,9,Bekasi,346,161,25,18,Cerah,Pagi,Bus,Kondisi Jalan,Jalan Kota,Baik,>60,Simpang Y,Laki-laki,17-25,Ya,umum,multi_kendaraan,penumpang,ya,UU 33/1964,meninggal,9660000000
7/21/2024,2024,7,Medan,675,251,24,50,Hujan,Dini Hari,Motor,Pelanggaran Lalu Lintas,Jalan Provinsi,Berlubang,40-60,Simpang T,Perempuan,<17,Ya,pribadi,tunggal,pengemudi,tidak,tidak_dijamin,tidak_ada,0
10/1/2024,2024,10,Bandung,662,422,26,7,Hujan,Pagi,Motor,Pelanggaran Lalu Lintas,Jalan Provinsi,Rusak,<40,Simpang Y,Laki-laki,17-25,Tidak,pribadi,multi_kendaraan,pengemudi,ya,UU 34/1964,meninggal,22540000000
8/16/2023,2023,8,Surabaya,488,425,30,30,Cerah,Malam,Motor,Kecepatan Berlebih,Jalan Provinsi,Berlubang,>60,Lurus,Laki-laki,<17,Tidak,pribadi,multi_kendaraan,pengemudi,ya,UU 34/1964,meninggal,23350000000
2/14/2023,2023,2,Bandung,471,245,27,43,Hujan,Pagi,Truk,Kurang Jarak Aman,Jalan Nasional,Berlubang,<40,Simpang Y,Perempuan,26-45,Ya,pribadi,multi_kendaraan,pengemudi,ya,UU 34/1964,meninggal,14460000000
3/15/2025,2025,3,Bandung,709,205,28,29,Cerah,Dini Hari,Mobil,Kondisi Jalan,Jalan Provinsi,Berlubang,>60,Simpang 4,Perempuan,17-25,Ya,pribadi,multi_kendaraan,pengemudi,ya,UU 34/1964,meninggal,12230000000
10/4/2021,2021,10,Bandung,417,497,26,12,Hujan,Pagi,Truk,Kurang Jarak Aman,Jalan Nasional,Baik,40-60,Simpang Y,Perempuan,26-45,Tidak,pribadi,multi_kendaraan,pengemudi,ya,UU 34/1964,meninggal,26390000000
1/16/2022,2022,1,Yogyakarta,339,309,27,18,Hujan,Siang,Mobil,Kondisi Jalan,Jalan Provinsi,Berlubang,<40,Simpang 4,Perempuan,26-45,Tidak,pribadi,multi_kendaraan,pengemudi,ya,UU 34/1964,meninggal,17160000000
7/31/2023,2023,7,Bandung,485,302,30,8,Hujan,Dini Hari,Truk,Kelalaian Pengemudi,Jalan Nasional,Rusak,>60,Tikungan,Perempuan,26-45,Tidak,pribadi,multi_kendaraan,pengemudi,ya,UU 34/1964,meninggal,16760000000
2/2/2024,2024,2,Palembang,638,227,30,44,Hujan,Malam,Mobil,Pelanggaran Lalu Lintas,Jalan Nasional,Baik,<40,Simpang T,Laki-laki,17-25,Tidak,pribadi,tunggal,pengemudi,tidak,tidak_dijamin,tidak_ada,0
1/12/2021,2021,1,Surabaya,232,442,23,11,Hujan,Siang,Mobil,Pelanggaran Lalu Lintas,Jalan Kota,Berlubang,40-60,Lurus,Laki-laki,<17,Ya,pribadi,multi_kendaraan,pengemudi,ya,UU 34/1964,meninggal,23470000000
10/4/2024,2024,10,Jakarta Timur,704,258,20,7,Hujan,Pagi,Motor,Kurang Jarak Aman,Jalan Kota,Berlubang,40-60,Simpang Y,Perempuan,26-45,Tidak,pribadi,multi_kendaraan,pengemudi,ya,UU 34/1964,meninggal,14040000000
8/11/2022,2022,8,Jakarta Timur,441,137,23,23,Hujan,Pagi,Motor,Pelanggaran Lalu Lintas,Jalan Nasional,Rusak,40-60,Simpang T,Laki-laki,17-25,Ya,pribadi,tunggal,pengemudi,tidak,tidak_dijamin,tidak_ada,0
10/22/2023,2023,10,Surabaya,599,329,22,3,Cerah,Siang,Truk,Rem Blong,Jalan Nasional,Rusak,<40,Tikungan,Perempuan,<17,Ya,pribadi,multi_kendaraan,pengemudi,ya,UU 34/1964,meninggal,17610000000
4/18/2024,2024,4,Semarang,680,457,28,3,Cerah,Dini Hari,Bus,Kelalaian Pengemudi,Jalan Provinsi,Baik,40-60,Simpang T,Laki-laki,<17,Tidak,umum,multi_kendaraan,penumpang,ya,UU 33/1964,meninggal,24310000000
12/18/2022,2022,12,Medan,756,386,20,21,Cerah,Pagi,Mobil,Kecepatan Berlebih,Jalan Provinsi,Rusak,>60,Tikungan,Laki-laki,26-45,Tidak,pribadi,tunggal,pengemudi,tidak,tidak_dijamin,tidak_ada,0
11/1/2025,2025,11,Bekasi,784,227,23,15,Hujan,Dini Hari,Motor,Rem Blong,Jalan Kota,Rusak,40-60,Simpang T,Laki-laki,>50,Tidak,pribadi,multi_kendaraan,pengemudi,ya,UU 34/1964,meninggal,12800000000
9/1/2022,2022,9,Semarang,440,171,27,27,Hujan,Malam,Motor,Kondisi Jalan,Jalan Provinsi,Baik,40-60,Lurus,Laki-laki,>50,Ya,pribadi,multi_kendaraan,pengemudi,ya,UU 34/1964,meninggal,10440000000
5/25/2024,2024,5,Jakarta Selatan,678,356,20,22,Cerah,Malam,Bus,Rem Blong,Jalan Provinsi,Baik,<40,Simpang Y,Laki-laki,<17,Tidak,umum,multi_kendaraan,penumpang,ya,UU 33/1964,meninggal,19240000000
7/22/2021,2021,7,Surabaya,235,125,21,8,Cerah,Siang,Bus,Rem Blong,Jalan Provinsi,Baik,>60,Simpang Y,Perempuan,26-45,Ya,umum,tunggal,penumpang,ya,UU 33/1964,meninggal,7460000000
12/7/2025,2025,12,Bandung,1108,311,30,24,Cerah,Pagi,Mobil,Kondisi Jalan,Jalan Provinsi,Baik,<40,Simpang T,Perempuan,17-25,Tidak,pribadi,multi_kendaraan,pengemudi,ya,UU 34/1964,meninggal,17530000000
4/21/2024,2024,4,Makassar,623,444,30,36,Cerah,Siang,Bus,Kondisi Jalan,Jalan Kota,Berlubang,<40,Lurus,Perempuan,<17,Ya,umum,tunggal,penumpang,ya,UU 33/1964,meninggal,24420000000
11/20/2023,2023,11,Medan,624,385,25,10,Hujan,Pagi,Mobil,Rem Blong,Jalan Provinsi,Berlubang,40-60,Lurus,Perempuan,26-45,Tidak,pribadi,multi_kendaraan,pengemudi,ya,UU 34/1964,meninggal,20700000000
12/4/2022,2022,12,Bekasi,629,250,29,27,Hujan,Dini Hari,Mobil,Kecepatan Berlebih,Jalan Kota,Baik,<40,Simpang 4,Laki-laki,<17,Ya,pribadi,multi_kendaraan,pengemudi,ya,UU 34/1964,meninggal,14490000000
10/20/2021,2021,10,Bandung,362,341,20,12,Hujan,Pagi,Truk,Kurang Jarak Aman,Jalan Nasional,Baik,>60,Simpang T,Perempuan,17-25,Tidak,pribadi,multi_kendaraan,pengemudi,ya,UU 34/1964,meninggal,18290000000
9/6/2021,2021,9,Jakarta Selatan,331,273,25,9,Cerah,Siang,Bus,Kelalaian Pengemudi,Jalan Provinsi,Baik,40-60,Simpang 4,Laki-laki,>50,Tidak,umum,tunggal,penumpang,ya,UU 33/1964,meninggal,15080000000
12/16/2023,2023,12,Jakarta Timur,829,474,22,22,Hujan,Malam,Mobil,Kelalaian Pengemudi,Jalan Nasional,Baik,<40,Lurus,Laki-laki,17-25,Ya,pribadi,multi_kendaraan,pengemudi,ya,UU 34/1964,meninggal,25240000000
10/22/2025,2025,10,Makassar,761,282,27,49,Hujan,Malam,Bus,Kelalaian Pengemudi,Jalan Nasional,Berlubang,<40,Simpang T,Perempuan,26-45,Tidak,umum,multi_kendaraan,penumpang,ya,UU 33/1964,meninggal,16430000000
4/3/2023,2023,4,Yogyakarta,500,412,29,11,Cerah,Dini Hari,Mobil,Kelalaian Pengemudi,Jalan Provinsi,Baik,40-60,Simpang Y,Perempuan,<17,Tidak,pribadi,multi_kendaraan,pengemudi,ya,UU 34/1964,meninggal,22270000000
11/18/2022,2022,11,Yogyakarta,430,473,24,40,Hujan,Malam,Truk,Kecepatan Berlebih,Jalan Nasional,Rusak,<40,Tikungan,Laki-laki,>50,Tidak,pribadi,multi_kendaraan,pengemudi,ya,UU 34/1964,meninggal,25650000000
10/19/2023,2023,10,Makassar,625,201,21,18,Cerah,Malam,Truk,Pelanggaran Lalu Lintas,Jalan Nasional,Rusak,40-60,Simpang 4,Perempuan,>50,Ya,pribadi,tunggal,pengemudi,tidak,tidak_dijamin,tidak_ada,0
4/14/2022,2022,4,Yogyakarta,358,332,25,43,Cerah,Malam,Truk,Pelanggaran Lalu Lintas,Jalan Kota,Rusak,>60,Simpang 4,Laki-laki,26-45,Tidak,pribadi,multi_kendaraan,pengemudi,ya,UU 34/1964,meninggal,18710000000
11/3/2024,2024,11,Jakarta Selatan,716,180,30,12,Hujan,Siang,Mobil,Kondisi Jalan,Jalan Nasional,Berlubang,>60,Lurus,Perempuan,>50,Ya,pribadi,multi_kendaraan,pengemudi,ya,UU 34/1964,meninggal,10740000000
9/11/2025,2025,9,Bekasi,811,387,27,31,Cerah,Dini Hari,Bus,Kurang Jarak Aman,Jalan Provinsi,Berlubang,>60,Simpang T,Laki-laki,26-45,Ya,umum,multi_kendaraan,penumpang,ya,UU 33/1964,meninggal,21320000000
3/5/2023,2023,3,Jakarta Timur,461,232,26,6,Cerah,Siang,Motor,Pelanggaran Lalu Lintas,Jalan Nasional,Berlubang,40-60,Tikungan,Laki-laki,17-25,Tidak,pribadi,tunggal,pengemudi,tidak,tidak_dijamin,tidak_ada,0
8/15/2024,2024,8,Jakarta Timur,636,229,23,17,Hujan,Siang,Mobil,Kondisi Jalan,Jalan Kota,Rusak,<40,Tikungan,Perempuan,17-25,Ya,pribadi,multi_kendaraan,pengemudi,ya,UU 34/1964,meninggal,12940000000
6/23/2024,2024,6,Palembang,882,368,30,44,Cerah,Dini Hari,Mobil,Pelanggaran Lalu Lintas,Jalan Provinsi,Baik,>60,Tikungan,Perempuan,<17,Tidak,pribadi,multi_kendaraan,pengemudi,ya,UU 34/1964,meninggal,20780000000
8/2/2023,2023,8,Makassar,619,463,22,13,Cerah,Dini Hari,Bus,Kurang Jarak Aman,Jalan Nasional,Baik,<40,Tikungan,Perempuan,17-25,Tidak,umum,tunggal,penumpang,ya,UU 33/1964,meninggal,24510000000
5/25/2022,2022,5,Yogyakarta,431,363,22,5,Hujan,Pagi,Motor,Kecepatan Berlebih,Jalan Nasional,Baik,>60,Tikungan,Perempuan,>50,Tidak,pribadi,tunggal,pengemudi,tidak,tidak_dijamin,tidak_ada,0
10/16/2025,2025,10,Bekasi,756,339,30,14,Hujan,Siang,Motor,Pelanggaran Lalu Lintas,Jalan Provinsi,Berlubang,>60,Simpang Y,Perempuan,<17,Tidak,pribadi,multi_kendaraan,pengemudi,ya,UU 34/1964,meninggal,18730000000
7/17/2025,2025,7,Yogyakarta,851,476,20,13,Hujan,Dini Hari,Motor,Rem Blong,Jalan Nasional,Rusak,<40,Lurus,Laki-laki,17-25,Ya,pribadi,multi_kendaraan,pengemudi,ya,UU 34/1964,meninggal,25060000000
4/29/2024,2024,4,Semarang,687,352,25,23,Hujan,Siang,Mobil,Kecepatan Berlebih,Jalan Nasional,Rusak,<40,Lurus,Perempuan,26-45,Tidak,pribadi,multi_kendaraan,pengemudi,ya,UU 34/1964,meninggal,19310000000
7/19/2022,2022,7,Palembang,386,157,24,46,Hujan,Dini Hari,Truk,Rem Blong,Jalan Nasional,Berlubang,<40,Simpang 4,Perempuan,>50,Ya,pribadi,multi_kendaraan,pengemudi,ya,UU 34/1964,meninggal,9970000000
2/3/2023,2023,2,Makassar,398,144,22,39,Cerah,Siang,Truk,Kondisi Jalan,Jalan Provinsi,Baik,40-60,Simpang Y,Perempuan,<17,Ya,pribadi,multi_kendaraan,pengemudi,ya,UU 34/1964,meninggal,9080000000
11/16/2024,2024,11,Semarang,747,270,27,42,Hujan,Pagi,Mobil,Kecepatan Berlebih,Jalan Provinsi,Berlubang,<40,Lurus,Laki-laki,17-25,Tidak,pribadi,multi_kendaraan,pengemudi,ya,UU 34/1964,meninggal,15690000000
7/30/2025,2025,7,Surabaya,721,103,23,11,Cerah,Pagi,Truk,Kondisi Jalan,Jalan Provinsi,Baik,40-60,Simpang Y,Laki-laki,26-45,Tidak,pribadi,multi_kendaraan,pengemudi,ya,UU 34/1964,meninggal,6520000000
1/1/2025,2025,1,Bandung,747,321,20,16,Cerah,Dini Hari,Truk,Kurang Jarak Aman,Jalan Nasional,Berlubang,>60,Simpang 4,Laki-laki,<17,Tidak,pribadi,multi_kendaraan,pengemudi,ya,UU 34/1964,meninggal,17370000000
6/18/2024,2024,6,Makassar,912,313,24,6,Cerah,Siang,Motor,Kondisi Jalan,Jalan Nasional,Rusak,40-60,Tikungan,Perempuan,26-45,Ya,pribadi,tunggal,pengemudi,tidak,tidak_dijamin,tidak_ada,0
1/13/2025,2025,1,Bekasi,684,457,28,9,Cerah,Pagi,Motor,Rem Blong,Jalan Kota,Berlubang,40-60,Simpang T,Laki-laki,17-25,Ya,pribadi,tunggal,pengemudi,tidak,tidak_dijamin,tidak_ada,0
6/19/2021,2021,6,Yogyakarta,496,312,24,10,Cerah,Siang,Truk,Kondisi Jalan,Jalan Nasional,Rusak,40-60,Simpang 4,Perempuan,17-25,Tidak,pribadi,multi_kendaraan,pengemudi,ya,UU 34/1964,meninggal,17000000000
12/13/2024,2024,12,Medan,944,152,25,7,Cerah,Dini Hari,Bus,Rem Blong,Jalan Kota,Baik,>60,Lurus,Laki-laki,>50,Ya,umum,multi_kendaraan,penumpang,ya,UU 33/1964,meninggal,8990000000
9/14/2025,2025,9,Bekasi,759,178,28,34,Hujan,Dini Hari,Mobil,Kondisi Jalan,Jalan Provinsi,Rusak,<40,Tikungan,Laki-laki,26-45,Tidak,pribadi,multi_kendaraan,pengemudi,ya,UU 34/1964,meninggal,10980000000
6/14/2024,2024,6,Bekasi,989,390,21,7,Cerah,Malam,Truk,Kelalaian Pengemudi,Jalan Provinsi,Rusak,>60,Lurus,Perempuan,>50,Ya,pribadi,tunggal,pengemudi,tidak,tidak_dijamin,tidak_ada,0
1/1/2024,2024,1,Surabaya,537,383,26,4,Hujan,Siang,Motor,Rem Blong,Jalan Provinsi,Baik,40-60,Simpang T,Laki-laki,17-25,Ya,pribadi,multi_kendaraan,pengemudi,ya,UU 34/1964,meninggal,20530000000
7/29/2022,2022,7,Palembang,396,265,23,12,Cerah,Dini Hari,Mobil,Kondisi Jalan,Jalan Kota,Baik,<40,Lurus,Laki-laki,<17,Tidak,pribadi,multi_kendaraan,pengemudi,ya,UU 34/1964,meninggal,14640000000
7/18/2023,2023,7,Bekasi,619,186,26,58,Cerah,Dini Hari,Mobil,Kurang Jarak Aman,Jalan Nasional,Berlubang,<40,Lurus,Perempuan,17-25,Ya,pribadi,multi_kendaraan,pengemudi,ya,UU 34/1964,meninggal,11760000000
9/9/2025,2025,9,Surabaya,809,427,30,29,Cerah,Dini Hari,Motor,Kelalaian Pengemudi,Jalan Provinsi,Baik,>60,Simpang Y,Laki-laki,17-25,Ya,pribadi,multi_kendaraan,pengemudi,ya,UU 34/1964,meninggal,23430000000
1/15/2025,2025,1,Jakarta Selatan,726,259,21,12,Cerah,Malam,Mobil,Kecepatan Berlebih,Jalan Nasional,Rusak,<40,Simpang Y,Perempuan,>50,Ya,pribadi,multi_kendaraan,pengemudi,ya,UU 34/1964,meninggal,14240000000
9/10/2023,2023,9,Surabaya,622,281,26,15,Hujan,Pagi,Truk,Kelalaian Pengemudi,Jalan Nasional,Baik,40-60,Tikungan,Perempuan,>50,Ya,pribadi,multi_kendaraan,pengemudi,ya,UU 34/1964,meninggal,15650000000
7/15/2022,2022,7,Bekasi,463,263,22,52,Cerah,Malam,Motor,Kurang Jarak Aman,Jalan Nasional,Baik,40-60,Simpang Y,Perempuan,>50,Ya,pribadi,multi_kendaraan,pengemudi,ya,UU 34/1964,meninggal,15290000000
8/15/2022,2022,8,Palembang,460,485,27,19,Hujan,Dini Hari,Motor,Kecepatan Berlebih,Jalan Nasional,Berlubang,<40,Lurus,Laki-laki,26-45,Tidak,pribadi,tunggal,pengemudi,tidak,tidak_dijamin,tidak_ada,0
12/21/2025,2025,12,Palembang,1053,182,24,9,Hujan,Malam,Motor,Kecepatan Berlebih,Jalan Kota,Rusak,>60,Tikungan,Perempuan,26-45,Tidak,pribadi,multi_kendaraan,pengemudi,ya,UU 34/1964,meninggal,10480000000
9/22/2022,2022,9,Surabaya,484,343,27,30,Hujan,Pagi,Motor,Pelanggaran Lalu Lintas,Jalan Kota,Rusak,>60,Simpang 4,Laki-laki,26-45,Ya,pribadi,tunggal,pengemudi,tidak,tidak_dijamin,tidak_ada,0
1/25/2022,2022,1,Semarang,293,475,23,30,Hujan,Siang,Bus,Pelanggaran Lalu Lintas,Jalan Nasional,Berlubang,<40,Lurus,Perempuan,>50,Ya,umum,tunggal,penumpang,ya,UU 33/1964,meninggal,25500000000
4/12/2024,2024,4,Makassar,639,324,24,10,Cerah,Malam,Truk,Kondisi Jalan,Jalan Nasional,Berlubang,>60,Simpang Y,Perempuan,26-45,Tidak,pribadi,multi_kendaraan,pengemudi,ya,UU 34/1964,meninggal,17600000000
2/1/2023,2023,2,Medan,470,279,26,21,Hujan,Pagi,Truk,Kurang Jarak Aman,Jalan Provinsi,Berlubang,40-60,Simpang Y,Perempuan,26-45,Tidak,pribadi,multi_kendaraan,pengemudi,ya,UU 34/1964,meninggal,15670000000
9/5/2022,2022,9,Makassar,482,299,29,12,Cerah,Pagi,Mobil,Kurang Jarak Aman,Jalan Nasional,Rusak,>60,Tikungan,Perempuan,26-45,Tidak,pribadi,multi_kendaraan,pengemudi,ya,UU 34/1964,meninggal,16640000000
7/12/2022,2022,7,Makassar,434,397,28,11,Cerah,Dini Hari,Truk,Kecepatan Berlebih,Jalan Kota,Baik,>60,Simpang 4,Laki-laki,>50,Tidak,pribadi,multi_kendaraan,pengemudi,ya,UU 34/1964,meninggal,21470000000
12/29/2023,2023,12,Bandung,777,360,25,11,Hujan,Pagi,Mobil,Rem Blong,Jalan Provinsi,Rusak,<40,Lurus,Perempuan,<17,Tidak,pribadi,tunggal,pengemudi,tidak,tidak_dijamin,tidak_ada,0
12/23/2024,2024,12,Jakarta Timur,1080,270,26,8,Cerah,Dini Hari,Mobil,Kurang Jarak Aman,Jalan Provinsi,Baik,<40,Simpang 4,Perempuan,>50,Tidak,pribadi,tunggal,pengemudi,tidak,tidak_dijamin,tidak_ada,0
7/12/2022,2022,7,Bekasi,401,309,29,19,Hujan,Siang,Mobil,Kurang Jarak Aman,Jalan Kota,Berlubang,<40,Simpang 4,Perempuan,>50,Ya,pribadi,multi_kendaraan,pengemudi,ya,UU 34/1964,meninggal,17280000000
4/1/2021,2021,4,Makassar,274,453,25,7,Hujan,Dini Hari,Motor,Kecepatan Berlebih,Jalan Nasional,Rusak,>60,Simpang T,Perempuan,<17,Tidak,pribadi,multi_kendaraan,pengemudi,ya,UU 34/1964,meninggal,24040000000
11/18/2025,2025,11,Medan,834,486,26,7,Hujan,Siang,Truk,Kurang Jarak Aman,Jalan Nasional,Baik,<40,Lurus,Perempuan,26-45,Ya,pribadi,tunggal,pengemudi,tidak,tidak_dijamin,tidak_ada,0
10/1/2023,2023,10,Surabaya,596,336,21,13,Hujan,Pagi,Bus,Kurang Jarak Aman,Jalan Nasional,Rusak,>60,Tikungan,Laki-laki,17-25,Ya,umum,tunggal,penumpang,ya,UU 33/1964,meninggal,18110000000
4/5/2023,2023,4,Surabaya,470,228,26,32,Hujan,Dini Hari,Mobil,Kondisi Jalan,Jalan Nasional,Berlubang,40-60,Simpang Y,Perempuan,>50,Ya,pribadi,tunggal,pengemudi,tidak,tidak_dijamin,tidak_ada,0
3/12/2022,2022,3,Palembang,407,229,24,5,Cerah,Malam,Mobil,Kelalaian Pengemudi,Jalan Nasional,Rusak,<40,Lurus,Laki-laki,17-25,Ya,pribadi,multi_kendaraan,pengemudi,ya,UU 34/1964,meninggal,12750000000
1/6/2024,2024,1,Makassar,642,478,27,8,Cerah,Dini Hari,Mobil,Kondisi Jalan,Jalan Provinsi,Baik,>60,Simpang Y,Perempuan,17-25,Ya,pribadi,multi_kendaraan,pengemudi,ya,UU 34/1964,meninggal,25410000000
4/8/2022,2022,4,Yogyakarta,421,433,29,43,Hujan,Pagi,Bus,Rem Blong,Jalan Kota,Berlubang,<40,Lurus,Perempuan,26-45,Ya,umum,tunggal,penumpang,ya,UU 33/1964,meninggal,23960000000
9/24/2024,2024,9,Makassar,769,155,24,17,Hujan,Malam,Mobil,Kurang Jarak Aman,Jalan Nasional,Berlubang,40-60,Simpang Y,Laki-laki,<17,Ya,pribadi,tunggal,pengemudi,tidak,tidak_dijamin,tidak_ada,0
6/18/2024,2024,6,Bandung,859,140,28,55,Cerah,Pagi,Truk,Kelalaian Pengemudi,Jalan Nasional,Rusak,>60,Tikungan,Laki-laki,17-25,Ya,pribadi,multi_kendaraan,pengemudi,ya,UU 34/1964,meninggal,9500000000
3/12/2024,2024,3,Bandung,608,251,20,39,Hujan,Pagi,Mobil,Kelalaian Pengemudi,Jalan Nasional,Baik,<40,Lurus,Perempuan,>50,Tidak,pribadi,multi_kendaraan,pengemudi,ya,UU 34/1964,meninggal,14330000000
7/3/2025,2025,7,Medan,803,487,25,36,Cerah,Malam,Mobil,Kelalaian Pengemudi,Jalan Nasional,Baik,<40,Simpang T,Laki-laki,<17,Tidak,pribadi,multi_kendaraan,pengemudi,ya,UU 34/1964,meninggal,26320000000
9/6/2023,2023,9,Palembang,518,209,23,14,Cerah,Pagi,Bus,Rem Blong,Jalan Nasional,Baik,<40,Simpang T,Laki-laki,26-45,Ya,umum,multi_kendaraan,penumpang,ya,UU 33/1964,meninggal,11880000000
4/26/2021,2021,4,Bandung,271,162,22,7,Cerah,Siang,Motor,Kelalaian Pengemudi,Jalan Provinsi,Rusak,>60,Simpang T,Laki-laki,26-45,Ya,pribadi,multi_kendaraan,pengemudi,ya,UU 34/1964,meninggal,9340000000
8/18/2022,2022,8,Yogyakarta,516,441,28,17,Cerah,Dini Hari,Mobil,Kondisi Jalan,Jalan Provinsi,Rusak,>60,Simpang Y,Laki-laki,17-25,Tidak,pribadi,tunggal,pengemudi,tidak,tidak_dijamin,tidak_ada,0
5/16/2022,2022,5,Makassar,450,231,29,8,Hujan,Malam,Truk,Kecepatan Berlebih,Jalan Kota,Baik,<40,Simpang Y,Laki-laki,>50,Ya,pribadi,multi_kendaraan,pengemudi,ya,UU 34/1964,meninggal,13160000000
9/16/2025,2025,9,Surabaya,794,431,27,29,Cerah,Dini Hari,Motor,Kelalaian Pengemudi,Jalan Provinsi,Baik,40-60,Simpang Y,Perempuan,>50,Ya,pribadi,tunggal,pengemudi,tidak,tidak_dijamin,tidak_ada,0
7/7/2024,2024,7,Yogyakarta,731,481,20,17,Hujan,Dini Hari,Motor,Pelanggaran Lalu Lintas,Jalan Kota,Rusak,<40,Simpang 4,Laki-laki,17-25,Tidak,pribadi,multi_kendaraan,pengemudi,ya,UU 34/1964,meninggal,25390000000
11/22/2025,2025,11,Jakarta Timur,903,150,27,18,Hujan,Siang,Mobil,Kurang Jarak Aman,Jalan Kota,Berlubang,>60,Simpang 4,Laki-laki,26-45,Tidak,pribadi,tunggal,pengemudi,tidak,tidak_dijamin,tidak_ada,0
1/9/2025,2025,1,Jakarta Selatan,671,409,28,11,Hujan,Malam,Truk,Kurang Jarak Aman,Jalan Nasional,Rusak,40-60,Lurus,Perempuan,<17,Ya,pribadi,tunggal,pengemudi,tidak,tidak_dijamin,tidak_ada,0
11/1/2024,2024,11,Palembang,698,458,24,23,Hujan,Malam,Mobil,Kecepatan Berlebih,Jalan Nasional,Rusak,40-60,Simpang 4,Laki-laki,26-45,Tidak,pribadi,multi_kendaraan,pengemudi,ya,UU 34/1964,meninggal,24560000000
10/22/2021,2021,10,Surabaya,330,423,23,4,Cerah,Pagi,Motor,Kondisi Jalan,Jalan Nasional,Rusak,<40,Simpang Y,Laki-laki,26-45,Ya,pribadi,multi_kendaraan,pengemudi,ya,UU 34/1964,meninggal,22380000000
6/13/2021,2021,6,Makassar,484,346,24,14,Hujan,Malam,Truk,Kurang Jarak Aman,Jalan Nasional,Rusak,40-60,Lurus,Laki-laki,<17,Ya,pribadi,multi_kendaraan,pengemudi,ya,UU 34/1964,meninggal,18780000000
3/31/2025,2025,3,Bekasi,746,434,23,36,Cerah,Malam,Motor,Pelanggaran Lalu Lintas,Jalan Provinsi,Berlubang,40-60,Tikungan,Laki-laki,26-45,Tidak,pribadi,multi_kendaraan,pengemudi,ya,UU 34/1964,meninggal,23570000000
8/12/2022,2022,8,Yogyakarta,464,208,26,24,Cerah,Dini Hari,Mobil,Rem Blong,Jalan Nasional,Berlubang,<40,Lurus,Laki-laki,17-25,Ya,pribadi,tunggal,pengemudi,tidak,tidak_dijamin,tidak_ada,0
11/19/2024,2024,11,Semarang,674,125,25,42,Hujan,Pagi,Mobil,Kecepatan Berlebih,Jalan Provinsi,Berlubang,40-60,Tikungan,Laki-laki,26-45,Ya,pribadi,tunggal,pengemudi,tidak,tidak_dijamin,tidak_ada,0
6/5/2025,2025,6,Makassar,922,349,27,58,Hujan,Pagi,Bus,Kondisi Jalan,Jalan Provinsi,Berlubang,>60,Tikungan,Laki-laki,<17,Tidak,umum,multi_kendaraan,penumpang,ya,UU 33/1964,meninggal,19960000000
4/6/2025,2025,4,Semarang,660,114,27,67,Hujan,Pagi,Motor,Kondisi Jalan,Jalan Nasional,Berlubang,<40,Tikungan,Perempuan,26-45,Ya,pribadi,multi_kendaraan,pengemudi,ya,UU 34/1964,meninggal,8390000000
12/27/2024,2024,12,Jakarta Timur,942,415,24,8,Cerah,Dini Hari,Mobil,Kurang Jarak Aman,Jalan Provinsi,Baik,<40,Simpang T,Perempuan,<17,Ya,pribadi,multi_kendaraan,pengemudi,ya,UU 34/1964,meninggal,22110000000
3/13/2021,2021,3,Medan,253,133,25,10,Hujan,Malam,Mobil,Rem Blong,Jalan Provinsi,Baik,>60,Simpang T,Perempuan,17-25,Ya,pribadi,tunggal,pengemudi,tidak,tidak_dijamin,tidak_ada,0
11/4/2021,2021,11,Yogyakarta,312,180,22,38,Cerah,Pagi,Mobil,Rem Blong,Jalan Provinsi,Rusak,40-60,Tikungan,Laki-laki,<17,Ya,pribadi,multi_kendaraan,pengemudi,ya,UU 34/1964,meninggal,10860000000
12/2/2023,2023,12,Bekasi,931,101,28,33,Cerah,Malam,Mobil,Kurang Jarak Aman,Jalan Provinsi,Rusak,>60,Tikungan,Perempuan,26-45,Tidak,pribadi,multi_kendaraan,pengemudi,ya,UU 34/1964,meninggal,7110000000
5/25/2024,2024,5,Surabaya,602,198,30,16,Hujan,Siang,Motor,Kurang Jarak Aman,Jalan Nasional,Berlubang,<40,Simpang T,Laki-laki,26-45,Tidak,pribadi,multi_kendaraan,pengemudi,ya,UU 34/1964,meninggal,11720000000
12/27/2025,2025,12,Bekasi,1028,250,24,52,Cerah,Siang,Bus,Kondisi Jalan,Jalan Nasional,Baik,40-60,Simpang 4,Perempuan,>50,Tidak,umum,multi_kendaraan,penumpang,ya,UU 33/1964,meninggal,14740000000
2/19/2021,2021,2,Jakarta Selatan,152,125,30,8,Cerah,Malam,Truk,Rem Blong,Jalan Kota,Baik,40-60,Lurus,Laki-laki,26-45,Ya,pribadi,multi_kendaraan,pengemudi,ya,UU 34/1964,meninggal,7910000000
7/31/2025,2025,7,Jakarta Timur,838,471,28,8,Hujan,Pagi,Mobil,Kecepatan Berlebih,Jalan Provinsi,Baik,>60,Tikungan,Perempuan,17-25,Tidak,pribadi,tunggal,pengemudi,tidak,tidak_dijamin,tidak_ada,0
11/2/2023,2023,11,Medan,645,141,23,6,Cerah,Malam,Bus,Kondisi Jalan,Jalan Nasional,Berlubang,40-60,Simpang 4,Perempuan,>50,Ya,umum,multi_kendaraan,penumpang,ya,UU 33/1964,meninggal,8320000000
6/26/2024,2024,6,Surabaya,914,139,28,31,Hujan,Siang,Motor,Pelanggaran Lalu Lintas,Jalan Provinsi,Baik,<40,Simpang Y,Perempuan,17-25,Ya,pribadi,multi_kendaraan,pengemudi,ya,UU 34/1964,meninggal,8970000000
8/5/2021,2021,8,Bandung,280,438,24,23,Cerah,Pagi,Bus,Kondisi Jalan,Jalan Provinsi,Baik,40-60,Tikungan,Laki-laki,26-45,Tidak,umum,tunggal,penumpang,ya,UU 33/1964,meninggal,23560000000
12/2/2021,2021,12,Makassar,609,177,20,4,Hujan,Siang,Mobil,Kurang Jarak Aman,Jalan Provinsi,Berlubang,40-60,Simpang T,Perempuan,26-45,Tidak,pribadi,tunggal,pengemudi,tidak,tidak_dijamin,tidak_ada,0
9/8/2022,2022,9,Semarang,418,126,25,4,Hujan,Dini Hari,Bus,Kurang Jarak Aman,Jalan Kota,Berlubang,40-60,Simpang 4,Laki-laki,17-25,Tidak,umum,multi_kendaraan,penumpang,ya,UU 33/1964,meninggal,7630000000
8/9/2022,2022,8,Makassar,486,464,28,27,Cerah,Siang,Motor,Pelanggaran Lalu Lintas,Jalan Nasional,Baik,>60,Simpang Y,Laki-laki,26-45,Tidak,pribadi,multi_kendaraan,pengemudi,ya,UU 34/1964,meninggal,25140000000
10/10/2021,2021,10,Yogyakarta,348,456,29,19,Cerah,Malam,Bus,Pelanggaran Lalu Lintas,Jalan Provinsi,Rusak,>60,Simpang Y,Perempuan,26-45,Tidak,umum,multi_kendaraan,penumpang,ya,UU 33/1964,meninggal,24630000000
1/12/2023,2023,1,Bekasi,408,334,21,2,Hujan,Malam,Mobil,Kurang Jarak Aman,Jalan Nasional,Rusak,<40,Simpang Y,Perempuan,26-45,Ya,pribadi,multi_kendaraan,pengemudi,ya,UU 34/1964,meninggal,17790000000
7/20/2022,2022,7,Jakarta Selatan,435,206,27,11,Hujan,Pagi,Bus,Kecepatan Berlebih,Jalan Nasional,Rusak,>60,Lurus,Laki-laki,26-45,Tidak,umum,multi_kendaraan,penumpang,ya,UU 33/1964,meninggal,11870000000
9/17/2022,2022,9,Medan,389,334,22,18,Hujan,Pagi,Mobil,Rem Blong,Jalan Provinsi,Rusak,>60,Simpang 4,Laki-laki,<17,Ya,pribadi,multi_kendaraan,pengemudi,ya,UU 34/1964,meninggal,18160000000
7/19/2025,2025,7,Bekasi,713,157,27,18,Cerah,Dini Hari,Motor,Kurang Jarak Aman,Jalan Kota,Berlubang,40-60,Tikungan,Perempuan,17-25,Ya,pribadi,multi_kendaraan,pengemudi,ya,UU 34/1964,meninggal,9560000000
4/6/2022,2022,4,Semarang,400,149,30,8,Hujan,Pagi,Bus,Kurang Jarak Aman,Jalan Nasional,Baik,>60,Lurus,Perempuan,17-25,Tidak,umum,tunggal,penumpang,ya,UU 33/1964,meninggal,9110000000
2/2/2024,2024,2,Palembang,622,213,29,44,Hujan,Malam,Mobil,Pelanggaran Lalu Lintas,Jalan Nasional,Baik,<40,Lurus,Laki-laki,>50,Ya,pribadi,multi_kendaraan,pengemudi,ya,UU 34/1964,meninggal,12980000000
8/22/2021,2021,8,Medan,398,219,21,45,Cerah,Malam,Bus,Pelanggaran Lalu Lintas,Jalan Provinsi,Berlubang,<40,Simpang 4,Perempuan,>50,Ya,umum,tunggal,penumpang,ya,UU 33/1964,meninggal,12900000000
2/13/2022,2022,2,Bandung,375,472,30,33,Cerah,Malam,Motor,Kecepatan Berlebih,Jalan Provinsi,Rusak,40-60,Tikungan,Perempuan,26-45,Ya,pribadi,multi_kendaraan,pengemudi,ya,UU 34/1964,meninggal,25760000000
2/22/2023,2023,2,Jakarta Timur,469,450,30,9,Cerah,Dini Hari,Bus,Kelalaian Pengemudi,Jalan Kota,Berlubang,<40,Simpang T,Laki-laki,17-25,Ya,umum,tunggal,penumpang,ya,UU 33/1964,meninggal,24180000000
4/25/2021,2021,4,Bandung,288,363,27,6,Cerah,Pagi,Truk,Kecepatan Berlebih,Jalan Nasional,Baik,40-60,Simpang Y,Laki-laki,26-45,Tidak,pribadi,tunggal,pengemudi,tidak,tidak_dijamin,tidak_ada,0
4/12/2024,2024,4,Yogyakarta,620,121,20,51,Hujan,Malam,Motor,Rem Blong,Jalan Provinsi,Baik,<40,Simpang 4,Laki-laki,<17,Tidak,pribadi,tunggal,pengemudi,tidak,tidak_dijamin,tidak_ada,0
10/9/2022,2022,10,Palembang,533,312,24,55,Hujan,Malam,Bus,Kelalaian Pengemudi,Jalan Kota,Rusak,>60,Simpang Y,Laki-laki,>50,Tidak,umum,tunggal,penumpang,ya,UU 33/1964,meninggal,17900000000
11/24/2024,2024,11,Jakarta Timur,755,316,29,12,Hujan,Siang,Truk,Rem Blong,Jalan Nasional,Berlubang,>60,Simpang T,Perempuan,26-45,Ya,pribadi,tunggal,pengemudi,tidak,tidak_dijamin,tidak_ada,0
10/16/2022,2022,10,Bandung,488,376,23,66,Hujan,Malam,Mobil,Pelanggaran Lalu Lintas,Jalan Kota,Berlubang,<40,Lurus,Laki-laki,26-45,Ya,pribadi,multi_kendaraan,pengemudi,ya,UU 34/1964,meninggal,21270000000
3/14/2022,2022,3,Makassar,406,398,20,11,Hujan,Dini Hari,Bus,Pelanggaran Lalu Lintas,Jalan Nasional,Berlubang,>60,Lurus,Perempuan,>50,Ya,umum,multi_kendaraan,penumpang,ya,UU 33/1964,meninggal,21120000000
7/25/2023,2023,7,Bandung,547,111,28,8,Cerah,Malam,Bus,Pelanggaran Lalu Lintas,Jalan Provinsi,Rusak,>60,Simpang T,Laki-laki,<17,Tidak,umum,multi_kendaraan,penumpang,ya,UU 33/1964,meninggal,7110000000
9/27/2022,2022,9,Yogyakarta,421,405,26,3,Cerah,Pagi,Motor,Rem Blong,Jalan Kota,Baik,<40,Lurus,Perempuan,<17,Tidak,pribadi,tunggal,pengemudi,tidak,tidak_dijamin,tidak_ada,0
4/20/2025,2025,4,Semarang,721,160,22,11,Cerah,Dini Hari,Mobil,Pelanggaran Lalu Lintas,Jalan Kota,Baik,>60,Simpang T,Perempuan,17-25,Ya,pribadi,tunggal,pengemudi,tidak,tidak_dijamin,tidak_ada,0
9/29/2021,2021,9,Semarang,275,312,29,9,Cerah,Siang,Truk,Kondisi Jalan,Jalan Nasional,Baik,<40,Simpang T,Laki-laki,26-45,Tidak,pribadi,multi_kendaraan,pengemudi,ya,UU 34/1964,meninggal,17230000000
4/24/2025,2025,4,Semarang,701,302,25,11,Cerah,Dini Hari,Mobil,Pelanggaran Lalu Lintas,Jalan Kota,Baik,<40,Simpang 4,Perempuan,26-45,Tidak,pribadi,multi_kendaraan,pengemudi,ya,UU 34/1964,meninggal,16570000000
1/5/2023,2023,1,Bandung,469,375,29,7,Cerah,Dini Hari,Mobil,Kecepatan Berlebih,Jalan Kota,Rusak,<40,Tikungan,Laki-laki,>50,Tidak,pribadi,multi_kendaraan,pengemudi,ya,UU 34/1964,meninggal,20340000000
6/13/2022,2022,6,Semarang,621,237,29,42,Hujan,Dini Hari,Bus,Rem Blong,Jalan Nasional,Berlubang,40-60,Lurus,Laki-laki,17-25,Tidak,umum,tunggal,penumpang,ya,UU 33/1964,meninggal,14140000000
7/31/2022,2022,7,Semarang,351,394,21,2,Hujan,Malam,Motor,Pelanggaran Lalu Lintas,Jalan Nasional,Rusak,<40,Simpang Y,Perempuan,<17,Ya,pribadi,multi_kendaraan,pengemudi,ya,UU 34/1964,meninggal,20790000000
9/7/2022,2022,9,Medan,471,293,30,7,Cerah,Malam,Truk,Kelalaian Pengemudi,Jalan Kota,Baik,>60,Simpang T,Laki-laki,>50,Ya,pribadi,multi_kendaraan,pengemudi,ya,UU 34/1964,meninggal,16290000000
10/12/2023,2023,10,Semarang,644,221,29,12,Cerah,Dini Hari,Motor,Rem Blong,Jalan Provinsi,Rusak,>60,Tikungan,Laki-laki,26-45,Ya,pribadi,multi_kendaraan,pengemudi,ya,UU 34/1964,meninggal,12740000000
3/31/2021,2021,3,Medan,275,496,21,11,Hujan,Pagi,Bus,Kurang Jarak Aman,Jalan Provinsi,Baik,<40,Tikungan,Perempuan,<17,Tidak,umum,multi_kendaraan,penumpang,ya,UU 33/1964,meninggal,26070000000
9/7/2024,2024,9,Palembang,669,500,27,50,Cerah,Dini Hari,Bus,Kurang Jarak Aman,Jalan Kota,Rusak,40-60,Tikungan,Perempuan,>50,Ya,umum,tunggal,penumpang,ya,UU 33/1964,meninggal,27350000000
4/14/2021,2021,4,Surabaya,226,467,23,40,Cerah,Malam,Bus,Kurang Jarak Aman,Jalan Kota,Baik,<40,Tikungan,Laki-laki,17-25,Tidak,umum,tunggal,penumpang,ya,UU 33/1964,meninggal,25300000000
12/6/2022,2022,12,Bekasi,782,433,21,67,Hujan,Pagi,Motor,Rem Blong,Jalan Provinsi,Baik,>60,Tikungan,Perempuan,26-45,Tidak,pribadi,tunggal,pengemudi,tidak,tidak_dijamin,tidak_ada,0
12/31/2021,2021,12,Palembang,610,492,25,27,Hujan,Dini Hari,Mobil,Kelalaian Pengemudi,Jalan Provinsi,Rusak,<40,Lurus,Laki-laki,26-45,Tidak,pribadi,multi_kendaraan,pengemudi,ya,UU 34/1964,meninggal,26390000000
9/9/2023,2023,9,Bekasi,554,365,25,22,Cerah,Dini Hari,Mobil,Kurang Jarak Aman,Jalan Provinsi,Baik,<40,Simpang 4,Perempuan,>50,Ya,pribadi,multi_kendaraan,pengemudi,ya,UU 34/1964,meninggal,19940000000
8/21/2022,2022,8,Surabaya,383,341,25,42,Hujan,Malam,Motor,Rem Blong,Jalan Provinsi,Berlubang,40-60,Lurus,Laki-laki,26-45,Tidak,pribadi,multi_kendaraan,pengemudi,ya,UU 34/1964,meninggal,19140000000
1/16/2024,2024,1,Medan,575,264,23,48,Hujan,Dini Hari,Truk,Kurang Jarak Aman,Jalan Provinsi,Berlubang,40-60,Simpang Y,Perempuan,26-45,Tidak,pribadi,tunggal,pengemudi,tidak,tidak_dijamin,tidak_ada,0
8/22/2021,2021,8,Jakarta Timur,375,338,26,16,Cerah,Malam,Motor,Kecepatan Berlebih,Jalan Kota,Berlubang,>60,Lurus,Perempuan,17-25,Tidak,pribadi,multi_kendaraan,pengemudi,ya,UU 34/1964,meninggal,18520000000
8/4/2023,2023,8,Semarang,522,490,28,3,Cerah,Siang,Bus,Kurang Jarak Aman,Jalan Nasional,Rusak,<40,Simpang Y,Perempuan,>50,Ya,umum,multi_kendaraan,penumpang,ya,UU 33/1964,meninggal,25960000000
6/1/2023,2023,6,Jakarta Selatan,807,123,20,58,Cerah,Dini Hari,Mobil,Kondisi Jalan,Jalan Provinsi,Rusak,40-60,Tikungan,Perempuan,17-25,Tidak,pribadi,multi_kendaraan,pengemudi,ya,UU 34/1964,meninggal,8310000000
3/12/2024,2024,3,Palembang,631,371,23,42,Hujan,Malam,Motor,Kecepatan Berlebih,Jalan Nasional,Rusak,40-60,Simpang 4,Perempuan,>50,Tidak,pribadi,tunggal,pengemudi,tidak,tidak_dijamin,tidak_ada,0
4/14/2024,2024,4,Palembang,687,215,26,21,Hujan,Siang,Motor,Pelanggaran Lalu Lintas,Jalan Nasional,Rusak,<40,Simpang Y,Laki-laki,>50,Ya,pribadi,multi_kendaraan,pengemudi,ya,UU 34/1964,meninggal,12470000000
2/4/2021,2021,2,Bandung,279,125,20,33,Hujan,Pagi,Mobil,Pelanggaran Lalu Lintas,Jalan Nasional,Baik,40-60,Lurus,Laki-laki,26-45,Tidak,pribadi,tunggal,pengemudi,tidak,tidak_dijamin,tidak_ada,0
5/21/2024,2024,5,Jakarta Selatan,584,353,30,46,Cerah,Pagi,Truk,Rem Blong,Jalan Kota,Rusak,>60,Simpang Y,Laki-laki,26-45,Tidak,pribadi,multi_kendaraan,pengemudi,ya,UU 34/1964,meninggal,20070000000
11/9/2021,2021,11,Medan,356,373,20,17,Hujan,Malam,Mobil,Kelalaian Pengemudi,Jalan Kota,Baik,>60,Lurus,Perempuan,17-25,Ya,pribadi,multi_kendaraan,pengemudi,ya,UU 34/1964,meninggal,19990000000
4/9/2022,2022,4,Jakarta Timur,353,296,26,11,Cerah,Pagi,Bus,Rem Blong,Jalan Kota,Berlubang,40-60,Simpang 4,Laki-laki,>50,Ya,umum,multi_kendaraan,penumpang,ya,UU 33/1964,meninggal,16320000000
5/13/2023,2023,5,Jakarta Selatan,445,465,25,8,Hujan,Pagi,Bus,Kurang Jarak Aman,Jalan Kota,Rusak,40-60,Simpang Y,Perempuan,>50,Ya,umum,multi_kendaraan,penumpang,ya,UU 33/1964,meninggal,24660000000
10/13/2021,2021,10,Jakarta Selatan,343,139,25,9,Cerah,Malam,Motor,Kelalaian Pengemudi,Jalan Nasional,Baik,>60,Simpang T,Perempuan,<17,Ya,pribadi,multi_kendaraan,pengemudi,ya,UU 34/1964,meninggal,8380000000
6/22/2023,2023,6,Bandung,744,336,24,10,Hujan,Dini Hari,Mobil,Kelalaian Pengemudi,Jalan Nasional,Baik,<40,Lurus,Laki-laki,26-45,Ya,pribadi,multi_kendaraan,pengemudi,ya,UU 34/1964,meninggal,18200000000
3/28/2021,2021,3,Bekasi,315,494,28,3,Cerah,Malam,Mobil,Kecepatan Berlebih,Jalan Nasional,Baik,<40,Tikungan,Laki-laki,>50,Tidak,pribadi,multi_kendaraan,pengemudi,ya,UU 34/1964,meninggal,26160000000
3/22/2024,2024,3,Surabaya,554,181,29,27,Cerah,Malam,Truk,Kondisi Jalan,Jalan Provinsi,Baik,40-60,Lurus,Laki-laki,17-25,Ya,pribadi,tunggal,pengemudi,tidak,tidak_dijamin,tidak_ada,0
9/2/2023,2023,9,Palembang,590,397,20,19,Hujan,Pagi,Mobil,Kondisi Jalan,Jalan Kota,Baik,<40,Simpang Y,Laki-laki,<17,Tidak,pribadi,multi_kendaraan,pengemudi,ya,UU 34/1964,meninggal,21230000000
6/10/2022,2022,6,Semarang,644,440,21,23,Hujan,Pagi,Bus,Kurang Jarak Aman,Jalan Provinsi,Rusak,<40,Simpang 4,Perempuan,26-45,Tidak,umum,tunggal,penumpang,ya,UU 33/1964,meninggal,23510000000
7/27/2023,2023,7,Jakarta Selatan,478,359,25,2,Hujan,Dini Hari,Bus,Kecepatan Berlebih,Jalan Kota,Berlubang,<40,Tikungan,Perempuan,17-25,Ya,umum,multi_kendaraan,penumpang,ya,UU 33/1964,meninggal,19240000000
11/26/2023,2023,11,Surabaya,676,439,23,38,Cerah,Dini Hari,Truk,Rem Blong,Jalan Kota,Berlubang,<40,Tikungan,Perempuan,17-25,Ya,pribadi,tunggal,pengemudi,tidak,tidak_dijamin,tidak_ada,0
7/8/2024,2024,7,Bandung,642,472,22,54,Hujan,Malam,Bus,Kondisi Jalan,Jalan Nasional,Berlubang,40-60,Tikungan,Laki-laki,>50,Ya,umum,multi_kendaraan,penumpang,ya,UU 33/1964,meninggal,25780000000
2/20/2024,2024,2,Jakarta Selatan,649,324,20,8,Cerah,Malam,Motor,Kecepatan Berlebih,Jalan Nasional,Rusak,<40,Lurus,Laki-laki,17-25,Ya,pribadi,multi_kendaraan,pengemudi,ya,UU 34/1964,meninggal,17360000000
3/8/2025,2025,3,Semarang,701,450,30,12,Hujan,Siang,Bus,Kurang Jarak Aman,Jalan Nasional,Berlubang,>60,Simpang T,Perempuan,17-25,Ya,umum,multi_kendaraan,penumpang,ya,UU 33/1964,meninggal,24240000000
11/12/2023,2023,11,Medan,583,474,29,9,Hujan,Dini Hari,Motor,Kondisi Jalan,Jalan Provinsi,Rusak,<40,Simpang Y,Laki-laki,<17,Ya,pribadi,multi_kendaraan,pengemudi,ya,UU 34/1964,meninggal,25330000000
12/2/2024,2024,12,Yogyakarta,1079,227,28,65,Cerah,Malam,Truk,Kurang Jarak Aman,Jalan Provinsi,Berlubang,>60,Simpang Y,Laki-laki,>50,Tidak,pribadi,multi_kendaraan,pengemudi,ya,UU 34/1964,meninggal,14050000000
4/4/2025,2025,4,Surabaya,797,328,26,53,Cerah,Dini Hari,Bus,Kelalaian Pengemudi,Jalan Provinsi,Baik,>60,Lurus,Laki-laki,<17,Tidak,umum,tunggal,penumpang,ya,UU 33/1964,meninggal,18760000000
3/7/2023,2023,3,Semarang,542,468,27,42,Hujan,Malam,Motor,Pelanggaran Lalu Lintas,Jalan Kota,Baik,>60,Lurus,Perempuan,26-45,Ya,pribadi,tunggal,pengemudi,tidak,tidak_dijamin,tidak_ada,0
10/7/2021,2021,10,Medan,299,289,27,3,Cerah,Dini Hari,Bus,Kurang Jarak Aman,Jalan Kota,Baik,>60,Tikungan,Laki-laki,17-25,Ya,umum,tunggal,penumpang,ya,UU 33/1964,meninggal,15860000000
5/28/2022,2022,5,Yogyakarta,316,487,27,30,Hujan,Dini Hari,Truk,Kecepatan Berlebih,Jalan Provinsi,Rusak,<40,Simpang T,Perempuan,26-45,Ya,pribadi,tunggal,pengemudi,tidak,tidak_dijamin,tidak_ada,0
11/19/2021,2021,11,Bekasi,387,301,23,12,Cerah,Pagi,Motor,Kelalaian Pengemudi,Jalan Kota,Baik,<40,Simpang T,Perempuan,>50,Ya,pribadi,multi_kendaraan,pengemudi,ya,UU 34/1964,meninggal,16440000000
2/24/2023,2023,2,Jakarta Timur,465,121,28,51,Cerah,Malam,Mobil,Pelanggaran Lalu Lintas,Jalan Nasional,Baik,40-60,Simpang 4,Laki-laki,17-25,Tidak,pribadi,multi_kendaraan,pengemudi,ya,UU 34/1964,meninggal,8470000000
12/24/2023,2023,12,Medan,845,359,30,8,Cerah,Siang,Truk,Kondisi Jalan,Jalan Nasional,Baik,<40,Simpang Y,Laki-laki,>50,Tidak,pribadi,multi_kendaraan,pengemudi,ya,UU 34/1964,meninggal,19610000000
1/19/2024,2024,1,Semarang,553,251,27,28,Cerah,Malam,Motor,Kurang Jarak Aman,Jalan Provinsi,Berlubang,>60,Simpang Y,Perempuan,>50,Tidak,pribadi,multi_kendaraan,pengemudi,ya,UU 34/1964,meninggal,14460000000
3/7/2024,2024,3,Surabaya,582,475,27,15,Cerah,Malam,Motor,Pelanggaran Lalu Lintas,Jalan Kota,Rusak,>60,Lurus,Perempuan,<17,Ya,pribadi,multi_kendaraan,pengemudi,ya,UU 34/1964,meninggal,25400000000
7/6/2025,2025,7,Bandung,721,361,29,19,Cerah,Pagi,Motor,Pelanggaran Lalu Lintas,Jalan Kota,Berlubang,>60,Tikungan,Perempuan,26-45,Ya,pribadi,multi_kendaraan,pengemudi,ya,UU 34/1964,meninggal,19880000000
10/3/2025,2025,10,Semarang,878,199,28,7,Hujan,Dini Hari,Truk,Pelanggaran Lalu Lintas,Jalan Provinsi,Baik,>60,Simpang T,Laki-laki,<17,Ya,pribadi,multi_kendaraan,pengemudi,ya,UU 34/1964,meninggal,11490000000
1/20/2022,2022,1,Yogyakarta,322,138,25,12,Cerah,Siang,Motor,Kecepatan Berlebih,Jalan Provinsi,Baik,<40,Tikungan,Laki-laki,26-45,Ya,pribadi,multi_kendaraan,pengemudi,ya,UU 34/1964,meninggal,8390000000
7/15/2024,2024,7,Surabaya,726,498,22,8,Hujan,Siang,Bus,Kecepatan Berlebih,Jalan Nasional,Berlubang,>60,Simpang 4,Laki-laki,17-25,Tidak,umum,tunggal,penumpang,ya,UU 33/1964,meninggal,26160000000
9/11/2024,2024,9,Jakarta Timur,753,354,21,12,Cerah,Dini Hari,Bus,Rem Blong,Jalan Provinsi,Rusak,40-60,Simpang 4,Laki-laki,<17,Ya,umum,tunggal,penumpang,ya,UU 33/1964,meninggal,18990000000
6/30/2023,2023,6,Medan,679,122,21,7,Cerah,Siang,Bus,Kondisi Jalan,Jalan Kota,Rusak,40-60,Simpang T,Laki-laki,>50,Ya,umum,multi_kendaraan,penumpang,ya,UU 33/1964,meninggal,7290000000
12/6/2021,2021,12,Surabaya,593,288,20,12,Cerah,Dini Hari,Motor,Kurang Jarak Aman,Jalan Provinsi,Baik,<40,Tikungan,Perempuan,17-25,Tidak,pribadi,tunggal,pengemudi,tidak,tidak_dijamin,tidak_ada,0
4/10/2025,2025,4,Jakarta Timur,809,430,21,8,Hujan,Pagi,Bus,Rem Blong,Jalan Kota,Rusak,40-60,Tikungan,Perempuan,17-25,Ya,umum,tunggal,penumpang,ya,UU 33/1964,meninggal,22710000000
7/15/2022,2022,7,Bekasi,439,458,22,36,Hujan,Dini Hari,Truk,Kelalaian Pengemudi,Jalan Provinsi,Rusak,40-60,Tikungan,Laki-laki,<17,Ya,pribadi,multi_kendaraan,pengemudi,ya,UU 34/1964,meninggal,24720000000
7/14/2025,2025,7,Surabaya,775,245,30,8,Cerah,Pagi,Motor,Kurang Jarak Aman,Jalan Nasional,Berlubang,<40,Tikungan,Laki-laki,26-45,Ya,pribadi,multi_kendaraan,pengemudi,ya,UU 34/1964,meninggal,13910000000
12/13/2021,2021,12,Surabaya,621,410,25,23,Cerah,Siang,Truk,Rem Blong,Jalan Nasional,Rusak,>60,Simpang 4,Laki-laki,17-25,Ya,pribadi,multi_kendaraan,pengemudi,ya,UU 34/1964,meninggal,22210000000
5/31/2025,2025,5,Jakarta Selatan,726,201,20,68,Cerah,Dini Hari,Truk,Kecepatan Berlebih,Jalan Nasional,Rusak,<40,Tikungan,Perempuan,>50,Ya,pribadi,tunggal,pengemudi,tidak,tidak_dijamin,tidak_ada,0
1/19/2025,2025,1,Semarang,681,486,22,18,Hujan,Pagi,Bus,Pelanggaran Lalu Lintas,Jalan Kota,Berlubang,40-60,Simpang 4,Perempuan,<17,Ya,umum,tunggal,penumpang,ya,UU 33/1964,meninggal,25760000000
11/26/2023,2023,11,Jakarta Selatan,533,185,20,44,Cerah,Malam,Bus,Kurang Jarak Aman,Jalan Kota,Berlubang,>60,Simpang 4,Laki-laki,17-25,Tidak,umum,multi_kendaraan,penumpang,ya,UU 33/1964,meninggal,11130000000
5/12/2025,2025,5,Bandung,764,322,24,3,Hujan,Malam,Bus,Kecepatan Berlebih,Jalan Kota,Berlubang,<40,Simpang T,Laki-laki,>50,Ya,umum,multi_kendaraan,penumpang,ya,UU 33/1964,meninggal,17360000000
10/24/2022,2022,10,Palembang,520,404,20,19,Hujan,Siang,Mobil,Kondisi Jalan,Jalan Nasional,Baik,40-60,Simpang Y,Perempuan,<17,Ya,pribadi,multi_kendaraan,pengemudi,ya,UU 34/1964,meninggal,21580000000
1/24/2022,2022,1,Bekasi,407,390,29,39,Cerah,Siang,Bus,Kelalaian Pengemudi,Jalan Kota,Rusak,40-60,Simpang T,Laki-laki,<17,Tidak,umum,multi_kendaraan,penumpang,ya,UU 33/1964,meninggal,21730000000
10/23/2023,2023,10,Palembang,516,340,25,48,Hujan,Pagi,Mobil,Kondisi Jalan,Jalan Nasional,Berlubang,40-60,Simpang 4,Laki-laki,>50,Ya,pribadi,multi_kendaraan,pengemudi,ya,UU 34/1964,meninggal,19210000000
4/11/2021,2021,4,Bandung,251,366,24,7,Cerah,Siang,Motor,Kelalaian Pengemudi,Jalan Provinsi,Rusak,<40,Simpang 4,Perempuan,26-45,Ya,pribadi,tunggal,pengemudi,tidak,tidak_dijamin,tidak_ada,0
6/30/2023,2023,6,Yogyakarta,702,441,27,3,Cerah,Malam,Bus,Kelalaian Pengemudi,Jalan Provinsi,Berlubang,>60,Simpang T,Perempuan,26-45,Tidak,umum,tunggal,penumpang,ya,UU 33/1964,meninggal,23460000000
7/21/2023,2023,7,Palembang,578,242,27,14,Cerah,Dini Hari,Motor,Kondisi Jalan,Jalan Nasional,Baik,>60,Simpang Y,Laki-laki,<17,Ya,pribadi,tunggal,pengemudi,tidak,tidak_dijamin,tidak_ada,0
6/4/2022,2022,6,Medan,632,285,23,23,Hujan,Dini Hari,Motor,Kecepatan Berlebih,Jalan Kota,Baik,>60,Simpang Y,Laki-laki,26-45,Ya,pribadi,tunggal,pengemudi,tidak,tidak_dijamin,tidak_ada,0
10/29/2021,2021,10,Medan,420,169,28,25,Cerah,Siang,Mobil,Kondisi Jalan,Jalan Nasional,Rusak,>60,Lurus,Perempuan,>50,Ya,pribadi,tunggal,pengemudi,tidak,tidak_dijamin,tidak_ada,0
3/22/2025,2025,3,Palembang,776,379,23,20,Cerah,Malam,Mobil,Pelanggaran Lalu Lintas,Jalan Kota,Baik,<40,Simpang T,Perempuan,>50,Ya,pribadi,multi_kendaraan,pengemudi,ya,UU 34/1964,meninggal,20500000000
7/3/2025,2025,7,Bekasi,825,458,29,20,Cerah,Dini Hari,Bus,Kelalaian Pengemudi,Jalan Nasional,Rusak,>60,Tikungan,Perempuan,<17,Ya,umum,multi_kendaraan,penumpang,ya,UU 33/1964,meninggal,24750000000
3/13/2023,2023,3,Bandung,487,164,24,32,Cerah,Dini Hari,Truk,Kecepatan Berlebih,Jalan Kota,Berlubang,<40,Simpang T,Laki-laki,<17,Tidak,pribadi,multi_kendaraan,pengemudi,ya,UU 34/1964,meninggal,10040000000
4/28/2022,2022,4,Medan,324,257,26,27,Cerah,Pagi,Motor,Pelanggaran Lalu Lintas,Jalan Kota,Rusak,>60,Simpang Y,Laki-laki,26-45,Tidak,pribadi,tunggal,pengemudi,tidak,tidak_dijamin,tidak_ada,0
12/28/2021,2021,12,Jakarta Selatan,493,341,22,27,Hujan,Malam,Motor,Rem Blong,Jalan Nasional,Rusak,40-60,Simpang 4,Perempuan,17-25,Ya,pribadi,multi_kendaraan,pengemudi,ya,UU 34/1964,meninggal,18690000000
10/7/2024,2024,10,Jakarta Timur,780,354,20,33,Hujan,Malam,Motor,Rem Blong,Jalan Kota,Berlubang,<40,Simpang 4,Laki-laki,<17,Tidak,pribadi,tunggal,pengemudi,tidak,tidak_dijamin,tidak_ada,0
1/19/2023,2023,1,Makassar,474,312,26,5,Hujan,Malam,Bus,Kurang Jarak Aman,Jalan Nasional,Rusak,>60,Lurus,Laki-laki,17-25,Tidak,umum,multi_kendaraan,penumpang,ya,UU 33/1964,meninggal,17000000000
11/4/2022,2022,11,Semarang,408,376,24,13,Hujan,Malam,Truk,Kecepatan Berlebih,Jalan Kota,Rusak,<40,Simpang 4,Laki-laki,>50,Tidak,pribadi,multi_kendaraan,pengemudi,ya,UU 34/1964,meninggal,20260000000
5/28/2022,2022,5,Bandung,359,395,28,8,Hujan,Malam,Motor,Pelanggaran Lalu Lintas,Jalan Kota,Berlubang,40-60,Simpang 4,Laki-laki,26-45,Tidak,pribadi,multi_kendaraan,pengemudi,ya,UU 34/1964,meninggal,21310000000
3/24/2021,2021,3,Palembang,299,274,21,8,Cerah,Malam,Mobil,Kecepatan Berlebih,Jalan Provinsi,Rusak,40-60,Simpang Y,Laki-laki,26-45,Tidak,pribadi,multi_kendaraan,pengemudi,ya,UU 34/1964,meninggal,14910000000
1/31/2024,2024,1,Jakarta Selatan,539,218,30,18,Hujan,Dini Hari,Mobil,Kondisi Jalan,Jalan Kota,Berlubang,>60,Tikungan,Perempuan,26-45,Ya,pribadi,tunggal,pengemudi,tidak,tidak_dijamin,tidak_ada,0
5/28/2021,2021,5,Medan,351,273,26,8,Hujan,Malam,Motor,Kelalaian Pengemudi,Jalan Nasional,Baik,<40,Lurus,Laki-laki,17-25,Ya,pribadi,tunggal,pengemudi,tidak,tidak_dijamin,tidak_ada,0
12/5/2021,2021,12,Bekasi,667,109,24,14,Cerah,Malam,Truk,Kondisi Jalan,Jalan Nasional,Rusak,<40,Simpang T,Laki-laki,17-25,Tidak,pribadi,multi_kendaraan,pengemudi,ya,UU 34/1964,meninggal,6930000000
5/20/2022,2022,5,Bandung,318,177,22,19,Cerah,Malam,Motor,Kurang Jarak Aman,Jalan Kota,Berlubang,40-60,Simpang 4,Laki-laki,<17,Tidak,pribadi,multi_kendaraan,pengemudi,ya,UU 34/1964,meninggal,10330000000
12/15/2025,2025,12,Jakarta Timur,1182,102,26,20,Cerah,Siang,Truk,Kurang Jarak Aman,Jalan Kota,Baik,40-60,Simpang 4,Perempuan,<17,Tidak,pribadi,multi_kendaraan,pengemudi,ya,UU 34/1964,meninggal,6800000000
1/7/2024,2024,1,Medan,636,314,24,10,Hujan,Pagi,Bus,Kurang Jarak Aman,Jalan Nasional,Rusak,>60,Simpang T,Laki-laki,>50,Tidak,umum,multi_kendaraan,penumpang,ya,UU 33/1964,meninggal,17100000000
7/14/2023,2023,7,Jakarta Selatan,494,149,28,14,Cerah,Siang,Motor,Kelalaian Pengemudi,Jalan Nasional,Berlubang,>60,Tikungan,Laki-laki,>50,Tidak,pribadi,multi_kendaraan,pengemudi,ya,UU 34/1964,meninggal,9130000000
4/28/2021,2021,4,Semarang,264,417,26,30,Hujan,Pagi,Motor,Kondisi Jalan,Jalan Provinsi,Berlubang,<40,Simpang T,Perempuan,17-25,Tidak,pribadi,tunggal,pengemudi,tidak,tidak_dijamin,tidak_ada,0
11/15/2021,2021,11,Bekasi,361,114,30,13,Hujan,Malam,Bus,Kondisi Jalan,Jalan Nasional,Berlubang,40-60,Simpang T,Laki-laki,26-45,Tidak,umum,multi_kendaraan,penumpang,ya,UU 33/1964,meninggal,7460000000
6/11/2023,2023,6,Jakarta Selatan,717,290,23,44,Cerah,Pagi,Mobil,Pelanggaran Lalu Lintas,Jalan Kota,Berlubang,>60,Tikungan,Laki-laki,<17,Ya,pribadi,multi_kendaraan,pengemudi,ya,UU 34/1964,meninggal,16530000000
4/4/2022,2022,4,Jakarta Timur,334,456,25,17,Hujan,Pagi,Bus,Kurang Jarak Aman,Jalan Kota,Berlubang,<40,Simpang 4,Perempuan,<17,Tidak,umum,multi_kendaraan,penumpang,ya,UU 33/1964,meninggal,24390000000
10/10/2023,2023,10,Semarang,526,180,20,12,Cerah,Dini Hari,Motor,Rem Blong,Jalan Provinsi,Rusak,<40,Tikungan,Laki-laki,17-25,Tidak,pribadi,multi_kendaraan,pengemudi,ya,UU 34/1964,meninggal,10240000000
11/2/2022,2022,11,Medan,467,491,22,9,Cerah,Siang,Motor,Kurang Jarak Aman,Jalan Provinsi,Berlubang,>60,Simpang Y,Laki-laki,17-25,Tidak,pribadi,multi_kendaraan,pengemudi,ya,UU 34/1964,meninggal,25830000000
8/21/2023,2023,8,Bekasi,620,240,23,15,Hujan,Malam,Motor,Rem Blong,Jalan Nasional,Rusak,40-60,Simpang 4,Perempuan,<17,Ya,pribadi,multi_kendaraan,pengemudi,ya,UU 34/1964,meninggal,13450000000
7/10/2023,2023,7,Jakarta Selatan,572,418,21,2,Hujan,Dini Hari,Bus,Kecepatan Berlebih,Jalan Kota,Berlubang,40-60,Lurus,Laki-laki,<17,Ya,umum,multi_kendaraan,penumpang,ya,UU 33/1964,meninggal,21990000000
1/25/2025,2025,1,Bandung,638,458,29,9,Hujan,Malam,Motor,Kecepatan Berlebih,Jalan Nasional,Baik,40-60,Simpang T,Laki-laki,17-25,Tidak,pribadi,multi_kendaraan,pengemudi,ya,UU 34/1964,meninggal,24530000000
7/3/2024,2024,7,Bandung,702,240,23,23,Hujan,Dini Hari,Bus,Kelalaian Pengemudi,Jalan Nasional,Berlubang,>60,Tikungan,Perempuan,17-25,Tidak,umum,multi_kendaraan,penumpang,ya,UU 33/1964,meninggal,13610000000
4/4/2022,2022,4,Medan,395,376,21,10,Hujan,Malam,Motor,Rem Blong,Jalan Nasional,Berlubang,<40,Simpang 4,Perempuan,>50,Tidak,pribadi,multi_kendaraan,pengemudi,ya,UU 34/1964,meninggal,20050000000
3/2/2023,2023,3,Palembang,488,193,20,10,Cerah,Malam,Bus,Rem Blong,Jalan Kota,Baik,40-60,Simpang 4,Laki-laki,<17,Tidak,umum,multi_kendaraan,penumpang,ya,UU 33/1964,meninggal,10850000000
6/7/2024,2024,6,Jakarta Timur,878,207,23,51,Hujan,Siang,Mobil,Rem Blong,Jalan Provinsi,Berlubang,>60,Simpang Y,Perempuan,>50,Ya,pribadi,tunggal,pengemudi,tidak,tidak_dijamin,tidak_ada,0
1/1/2022,2022,1,Bekasi,318,147,24,34,Cerah,Dini Hari,Bus,Kondisi Jalan,Jalan Kota,Rusak,<40,Simpang Y,Laki-laki,17-25,Ya,umum,multi_kendaraan,penumpang,ya,UU 33/1964,meninggal,9230000000
1/8/2024,2024,1,Medan,645,411,30,48,Hujan,Dini Hari,Truk,Kurang Jarak Aman,Jalan Provinsi,Berlubang,>60,Simpang T,Laki-laki,17-25,Ya,pribadi,multi_kendaraan,pengemudi,ya,UU 34/1964,meninggal,23010000000
10/30/2025,2025,10,Surabaya,896,246,26,32,Hujan,Dini Hari,Motor,Rem Blong,Jalan Provinsi,Baik,40-60,Simpang Y,Perempuan,<17,Ya,pribadi,multi_kendaraan,pengemudi,ya,UU 34/1964,meninggal,14240000000
2/13/2025,2025,2,Jakarta Selatan,665,483,29,11,Hujan,Malam,Bus,Rem Blong,Jalan Kota,Berlubang,40-60,Lurus,Perempuan,<17,Ya,umum,multi_kendaraan,penumpang,ya,UU 33/1964,meninggal,25820000000
3/26/2023,2023,3,Jakarta Selatan,433,137,29,26,Cerah,Pagi,Mobil,Kelalaian Pengemudi,Jalan Provinsi,Rusak,40-60,Tikungan,Perempuan,26-45,Ya,pribadi,multi_kendaraan,pengemudi,ya,UU 34/1964,meninggal,8820000000
1/9/2024,2024,1,Semarang,552,270,20,38,Cerah,Malam,Truk,Kecepatan Berlebih,Jalan Kota,Berlubang,>60,Lurus,Perempuan,<17,Tidak,pribadi,tunggal,pengemudi,tidak,tidak_dijamin,tidak_ada,0
1/12/2022,2022,1,Jakarta Selatan,256,456,25,7,Hujan,Pagi,Truk,Kecepatan Berlebih,Jalan Nasional,Berlubang,>60,Tikungan,Perempuan,<17,Tidak,pribadi,tunggal,pengemudi,tidak,tidak_dijamin,tidak_ada,0
12/8/2025,2025,12,Yogyakarta,1094,270,29,30,Hujan,Malam,Bus,Kecepatan Berlebih,Jalan Kota,Berlubang,40-60,Simpang T,Laki-laki,26-45,Tidak,umum,multi_kendaraan,penumpang,ya,UU 33/1964,meninggal,15550000000
10/22/2022,2022,10,Bandung,535,114,20,12,Cerah,Malam,Bus,Kurang Jarak Aman,Jalan Provinsi,Berlubang,>60,Simpang T,Laki-laki,26-45,Ya,umum,multi_kendaraan,penumpang,ya,UU 33/1964,meninggal,6940000000
4/14/2023,2023,4,Surabaya,544,111,21,0,Hujan,Malam,Bus,Kecepatan Berlebih,Jalan Provinsi,Rusak,<40,Simpang Y,Laki-laki,26-45,Tidak,umum,multi_kendaraan,penumpang,ya,UU 33/1964,meninggal,6600000000
6/30/2022,2022,6,Jakarta Selatan,633,134,24,58,Cerah,Pagi,Motor,Kurang Jarak Aman,Jalan Nasional,Berlubang,40-60,Tikungan,Perempuan,>50,Ya,pribadi,tunggal,pengemudi,tidak,tidak_dijamin,tidak_ada,0
6/21/2024,2024,6,Jakarta Timur,981,247,29,53,Hujan,Dini Hari,Bus,Kurang Jarak Aman,Jalan Nasional,Berlubang,40-60,Tikungan,Perempuan,>50,Ya,umum,multi_kendaraan,penumpang,ya,UU 33/1964,meninggal,14860000000
3/15/2023,2023,3,Semarang,491,159,21,42,Hujan,Malam,Motor,Pelanggaran Lalu Lintas,Jalan Kota,Baik,40-60,Tikungan,Perempuan,<17,Ya,pribadi,multi_kendaraan,pengemudi,ya,UU 34/1964,meninggal,9840000000
11/19/2024,2024,11,Surabaya,667,194,29,15,Hujan,Siang,Mobil,Rem Blong,Jalan Nasional,Rusak,<40,Tikungan,Laki-laki,17-25,Tidak,pribadi,multi_kendaraan,pengemudi,ya,UU 34/1964,meninggal,11450000000
5/6/2022,2022,5,Jakarta Timur,466,184,22,20,Cerah,Dini Hari,Bus,Pelanggaran Lalu Lintas,Jalan Kota,Rusak,40-60,Simpang 4,Laki-laki,<17,Ya,umum,multi_kendaraan,penumpang,ya,UU 33/1964,meninggal,10700000000
5/3/2024,2024,5,Jakarta Timur,650,482,27,8,Cerah,Malam,Truk,Rem Blong,Jalan Kota,Baik,<40,Lurus,Perempuan,<17,Ya,pribadi,multi_kendaraan,pengemudi,ya,UU 34/1964,meninggal,25610000000
1/31/2023,2023,1,Bekasi,443,435,30,11,Cerah,Dini Hari,Truk,Pelanggaran Lalu Lintas,Jalan Kota,Rusak,40-60,Simpang 4,Laki-laki,17-25,Ya,pribadi,multi_kendaraan,pengemudi,ya,UU 34/1964,meninggal,23470000000
3/23/2021,2021,3,Palembang,309,170,25,14,Cerah,Siang,Bus,Rem Blong,Jalan Nasional,Rusak,>60,Lurus,Perempuan,<17,Tidak,umum,multi_kendaraan,penumpang,ya,UU 33/1964,meninggal,10030000000
8/23/2024,2024,8,Bekasi,629,495,20,40,Hujan,Siang,Mobil,Kecepatan Berlebih,Jalan Nasional,Berlubang,<40,Tikungan,Laki-laki,>50,Tidak,pribadi,tunggal,pengemudi,tidak,tidak_dijamin,tidak_ada,0
2/19/2024,2024,2,Makassar,592,310,26,43,Hujan,Pagi,Motor,Rem Blong,Jalan Nasional,Berlubang,>60,Tikungan,Laki-laki,<17,Tidak,pribadi,multi_kendaraan,pengemudi,ya,UU 34/1964,meninggal,17660000000
9/29/2022,2022,9,Jakarta Selatan,400,394,29,17,Hujan,Malam,Bus,Kondisi Jalan,Jalan Provinsi,Rusak,>60,Lurus,Laki-laki,<17,Ya,umum,multi_kendaraan,penumpang,ya,UU 33/1964,meninggal,21490000000
11/14/2025,2025,11,Bekasi,884,483,30,7,Cerah,Malam,Motor,Kurang Jarak Aman,Jalan Kota,Baik,>60,Lurus,Perempuan,26-45,Tidak,pribadi,tunggal,pengemudi,tidak,tidak_dijamin,tidak_ada,0
8/14/2023,2023,8,Makassar,629,471,29,42,Cerah,Siang,Bus,Rem Blong,Jalan Kota,Berlubang,<40,Lurus,Laki-laki,26-45,Tidak,umum,multi_kendaraan,penumpang,ya,UU 33/1964,meninggal,25840000000
8/26/2025,2025,8,Surabaya,780,461,30,28,Hujan,Malam,Bus,Kondisi Jalan,Jalan Nasional,Rusak,>60,Simpang 4,Laki-laki,17-25,Tidak,umum,multi_kendaraan,penumpang,ya,UU 33/1964,meninggal,25110000000
8/29/2024,2024,8,Jakarta Timur,685,287,26,11,Cerah,Dini Hari,Truk,Pelanggaran Lalu Lintas,Jalan Kota,Baik,>60,Lurus,Perempuan,<17,Ya,pribadi,multi_kendaraan,pengemudi,ya,UU 34/1964,meninggal,15870000000
12/3/2023,2023,12,Bekasi,841,310,28,33,Cerah,Malam,Mobil,Kurang Jarak Aman,Jalan Provinsi,Rusak,>60,Tikungan,Laki-laki,>50,Ya,pribadi,multi_kendaraan,pengemudi,ya,UU 34/1964,meninggal,17560000000
7/10/2021,2021,7,Semarang,294,284,24,23,Hujan,Malam,Bus,Kondisi Jalan,Jalan Nasional,Rusak,<40,Simpang 4,Perempuan,17-25,Ya,umum,tunggal,penumpang,ya,UU 33/1964,meninggal,15860000000
11/29/2023,2023,11,Bekasi,615,494,22,28,Hujan,Dini Hari,Motor,Pelanggaran Lalu Lintas,Jalan Kota,Rusak,<40,Tikungan,Laki-laki,17-25,Ya,pribadi,multi_kendaraan,pengemudi,ya,UU 34/1964,meninggal,26360000000
4/4/2022,2022,4,Bekasi,427,303,26,14,Cerah,Dini Hari,Bus,Pelanggaran Lalu Lintas,Jalan Provinsi,Berlubang,40-60,Simpang 4,Perempuan,17-25,Tidak,umum,multi_kendaraan,penumpang,ya,UU 33/1964,meninggal,16730000000
7/27/2021,2021,7,Palembang,268,389,24,20,Cerah,Pagi,Mobil,Kelalaian Pengemudi,Jalan Nasional,Berlubang,40-60,Lurus,Laki-laki,>50,Tidak,pribadi,multi_kendaraan,pengemudi,ya,UU 34/1964,meninggal,21050000000
12/2/2023,2023,12,Bandung,874,290,23,30,Hujan,Siang,Truk,Kecepatan Berlebih,Jalan Provinsi,Rusak,<40,Lurus,Laki-laki,17-25,Tidak,pribadi,multi_kendaraan,pengemudi,ya,UU 34/1964,meninggal,16250000000
10/26/2024,2024,10,Yogyakarta,775,274,28,18,Cerah,Malam,Mobil,Kurang Jarak Aman,Jalan Kota,Baik,<40,Lurus,Perempuan,17-25,Tidak,pribadi,tunggal,pengemudi,tidak,tidak_dijamin,tidak_ada,0
8/22/2021,2021,8,Yogyakarta,304,261,21,22,Hujan,Malam,Bus,Kondisi Jalan,Jalan Nasional,Rusak,<40,Lurus,Perempuan,26-45,Ya,umum,multi_kendaraan,penumpang,ya,UU 33/1964,meninggal,14540000000
5/10/2024,2024,5,Semarang,637,286,27,17,Cerah,Malam,Truk,Rem Blong,Jalan Nasional,Baik,>60,Tikungan,Perempuan,17-25,Tidak,pribadi,multi_kendaraan,pengemudi,ya,UU 34/1964,meninggal,15990000000
12/8/2025,2025,12,Jakarta Selatan,1070,381,28,22,Hujan,Malam,Bus,Kondisi Jalan,Jalan Nasional,Berlubang,<40,Simpang Y,Perempuan,>50,Ya,umum,tunggal,penumpang,ya,UU 33/1964,meninggal,20890000000
12/21/2021,2021,12,Bekasi,619,366,26,15,Cerah,Pagi,Truk,Kelalaian Pengemudi,Jalan Kota,Berlubang,>60,Simpang 4,Laki-laki,17-25,Tidak,pribadi,multi_kendaraan,pengemudi,ya,UU 34/1964,meninggal,19900000000
5/3/2022,2022,5,Jakarta Selatan,425,442,28,8,Hujan,Malam,Mobil,Kurang Jarak Aman,Jalan Nasional,Baik,>60,Simpang T,Laki-laki,17-25,Ya,pribadi,tunggal,pengemudi,tidak,tidak_dijamin,tidak_ada,0
11/23/2024,2024,11,Bekasi,719,186,30,3,Cerah,Dini Hari,Mobil,Rem Blong,Jalan Nasional,Baik,<40,Simpang T,Laki-laki,<17,Ya,pribadi,tunggal,pengemudi,tidak,tidak_dijamin,tidak_ada,0
9/18/2025,2025,9,Jakarta Selatan,784,217,25,53,Hujan,Malam,Motor,Rem Blong,Jalan Provinsi,Rusak,<40,Lurus,Laki-laki,<17,Tidak,pribadi,tunggal,pengemudi,tidak,tidak_dijamin,tidak_ada,0
8/22/2024,2024,8,Yogyakarta,657,224,29,18,Cerah,Siang,Truk,Kelalaian Pengemudi,Jalan Provinsi,Baik,>60,Simpang 4,Perempuan,>50,Tidak,pribadi,multi_kendaraan,pengemudi,ya,UU 34/1964,meninggal,13010000000
11/25/2021,2021,11,Yogyakarta,366,288,23,8,Cerah,Siang,Motor,Kondisi Jalan,Jalan Nasional,Baik,<40,Lurus,Laki-laki,26-45,Tidak,pribadi,multi_kendaraan,pengemudi,ya,UU 34/1964,meninggal,15710000000
8/23/2025,2025,8,Makassar,803,327,27,24,Cerah,Siang,Mobil,Kurang Jarak Aman,Jalan Provinsi,Baik,<40,Simpang T,Perempuan,17-25,Ya,pribadi,tunggal,pengemudi,tidak,tidak_dijamin,tidak_ada,0
7/22/2024,2024,7,Palembang,632,321,20,15,Cerah,Pagi,Mobil,Kondisi Jalan,Jalan Nasional,Baik,>60,Simpang Y,Laki-laki,<17,Ya,pribadi,multi_kendaraan,pengemudi,ya,UU 34/1964,meninggal,17350000000
11/5/2021,2021,11,Yogyakarta,410,193,27,44,Hujan,Pagi,Mobil,Kurang Jarak Aman,Jalan Kota,Rusak,>60,Simpang T,Perempuan,26-45,Tidak,pribadi,multi_kendaraan,pengemudi,ya,UU 34/1964,meninggal,11880000000
7/6/2023,2023,7,Palembang,509,153,26,14,Cerah,Dini Hari,Motor,Kondisi Jalan,Jalan Nasional,Baik,40-60,Simpang T,Perempuan,<17,Ya,pribadi,tunggal,pengemudi,tidak,tidak_dijamin,tidak_ada,0
11/4/2021,2021,11,Bandung,372,255,20,31,Cerah,Siang,Bus,Kelalaian Pengemudi,Jalan Kota,Baik,>60,Tikungan,Laki-laki,26-45,Tidak,umum,tunggal,penumpang,ya,UU 33/1964,meninggal,14370000000
3/10/2024,2024,3,Jakarta Selatan,654,343,21,58,Hujan,Dini Hari,Motor,Kecepatan Berlebih,Jalan Kota,Rusak,40-60,Simpang T,Perempuan,26-45,Ya,pribadi,multi_kendaraan,pengemudi,ya,UU 34/1964,meninggal,19360000000
7/22/2025,2025,7,Makassar,755,239,20,3,Cerah,Malam,Motor,Kecepatan Berlebih,Jalan Nasional,Rusak,<40,Tikungan,Laki-laki,>50,Ya,pribadi,multi_kendaraan,pengemudi,ya,UU 34/1964,meninggal,13010000000
3/27/2024,2024,3,Bekasi,617,433,29,35,Cerah,Dini Hari,Motor,Kurang Jarak Aman,Jalan Nasional,Berlubang,<40,Lurus,Perempuan,17-25,Ya,pribadi,multi_kendaraan,pengemudi,ya,UU 34/1964,meninggal,23800000000
8/19/2023,2023,8,Jakarta Timur,517,400,27,47,Hujan,Dini Hari,Motor,Pelanggaran Lalu Lintas,Jalan Nasional,Baik,<40,Simpang Y,Laki-laki,17-25,Tidak,pribadi,tunggal,pengemudi,tidak,tidak_dijamin,tidak_ada,0
10/5/2024,2024,10,Bandung,778,171,30,17,Cerah,Pagi,Mobil,Rem Blong,Jalan Kota,Berlubang,>60,Tikungan,Laki-laki,<17,Ya,pribadi,tunggal,pengemudi,tidak,tidak_dijamin,tidak_ada,0
4/14/2021,2021,4,Jakarta Selatan,298,247,23,23,Hujan,Dini Hari,Motor,Kecepatan Berlebih,Jalan Provinsi,Rusak,>60,Simpang T,Laki-laki,>50,Ya,pribadi,multi_kendaraan,pengemudi,ya,UU 34/1964,meninggal,13960000000
10/7/2021,2021,10,Surabaya,290,464,23,16,Hujan,Malam,Truk,Kurang Jarak Aman,Jalan Nasional,Baik,40-60,Simpang T,Perempuan,26-45,Ya,pribadi,multi_kendaraan,pengemudi,ya,UU 34/1964,meninggal,24670000000
6/21/2023,2023,6,Makassar,716,474,23,11,Hujan,Pagi,Truk,Kondisi Jalan,Jalan Provinsi,Berlubang,40-60,Simpang T,Laki-laki,<17,Ya,pribadi,tunggal,pengemudi,tidak,tidak_dijamin,tidak_ada,0
6/3/2022,2022,6,Surabaya,600,208,28,18,Hujan,Dini Hari,Truk,Kecepatan Berlebih,Jalan Nasional,Baik,40-60,Simpang T,Laki-laki,>50,Ya,pribadi,multi_kendaraan,pengemudi,ya,UU 34/1964,meninggal,12160000000
4/7/2023,2023,4,Palembang,454,194,20,1,Cerah,Pagi,Motor,Kelalaian Pengemudi,Jalan Kota,Baik,40-60,Tikungan,Perempuan,17-25,Tidak,pribadi,multi_kendaraan,pengemudi,ya,UU 34/1964,meninggal,10720000000
4/28/2021,2021,4,Surabaya,296,500,26,40,Cerah,Malam,Bus,Kurang Jarak Aman,Jalan Kota,Baik,<40,Simpang Y,Perempuan,<17,Ya,umum,tunggal,penumpang,ya,UU 33/1964,meninggal,27100000000
1/29/2025,2025,1,Surabaya,654,427,21,7,Hujan,Malam,Truk,Kecepatan Berlebih,Jalan Nasional,Baik,>60,Lurus,Perempuan,>50,Tidak,pribadi,multi_kendaraan,pengemudi,ya,UU 34/1964,meninggal,22540000000
5/12/2025,2025,5,Palembang,809,263,20,4,Cerah,Pagi,Truk,Pelanggaran Lalu Lintas,Jalan Nasional,Rusak,<40,Tikungan,Perempuan,>50,Tidak,pribadi,multi_kendaraan,pengemudi,ya,UU 34/1964,meninggal,14230000000
4/1/2022,2022,4,Bekasi,305,470,29,14,Cerah,Dini Hari,Bus,Pelanggaran Lalu Lintas,Jalan Provinsi,Berlubang,<40,Simpang T,Perempuan,<17,Tidak,umum,multi_kendaraan,penumpang,ya,UU 33/1964,meninggal,25230000000
5/23/2023,2023,5,Bandung,516,206,21,31,Cerah,Dini Hari,Truk,Kurang Jarak Aman,Jalan Nasional,Berlubang,<40,Simpang Y,Perempuan,<17,Tidak,pribadi,multi_kendaraan,pengemudi,ya,UU 34/1964,meninggal,11970000000
2/5/2024,2024,2,Makassar,557,429,24,28,Cerah,Malam,Truk,Kelalaian Pengemudi,Jalan Provinsi,Baik,<40,Simpang T,Laki-laki,<17,Ya,pribadi,tunggal,pengemudi,tidak,tidak_dijamin,tidak_ada,0
11/19/2025,2025,11,Jakarta Selatan,765,257,30,6,Cerah,Malam,Truk,Kurang Jarak Aman,Jalan Kota,Baik,>60,Simpang T,Perempuan,17-25,Ya,pribadi,multi_kendaraan,pengemudi,ya,UU 34/1964,meninggal,14470000000
8/12/2022,2022,8,Yogyakarta,518,497,26,17,Cerah,Dini Hari,Mobil,Kondisi Jalan,Jalan Provinsi,Rusak,>60,Simpang Y,Perempuan,17-25,Tidak,pribadi,tunggal,pengemudi,tidak,tidak_dijamin,tidak_ada,0
10/28/2025,2025,10,Bekasi,868,188,30,14,Hujan,Siang,Motor,Pelanggaran Lalu Lintas,Jalan Provinsi,Berlubang,40-60,Simpang T,Perempuan,<17,Ya,pribadi,multi_kendaraan,pengemudi,ya,UU 34/1964,meninggal,11180000000
5/17/2025,2025,5,Palembang,676,199,29,4,Cerah,Pagi,Truk,Pelanggaran Lalu Lintas,Jalan Nasional,Rusak,<40,Simpang T,Laki-laki,<17,Ya,pribadi,multi_kendaraan,pengemudi,ya,UU 34/1964,meninggal,11480000000
2/17/2021,2021,2,Semarang,199,250,20,6,Cerah,Malam,Motor,Kelalaian Pengemudi,Jalan Kota,Rusak,40-60,Lurus,Laki-laki,26-45,Ya,pribadi,multi_kendaraan,pengemudi,ya,UU 34/1964,meninggal,13620000000
11/9/2025,2025,11,Semarang,844,406,24,40,Cerah,Dini Hari,Motor,Kecepatan Berlebih,Jalan Kota,Rusak,<40,Simpang Y,Perempuan,<17,Ya,pribadi,multi_kendaraan,pengemudi,ya,UU 34/1964,meninggal,22300000000
11/12/2023,2023,11,Medan,576,203,21,17,Hujan,Dini Hari,Mobil,Kecepatan Berlebih,Jalan Provinsi,Rusak,<40,Tikungan,Perempuan,26-45,Tidak,pribadi,multi_kendaraan,pengemudi,ya,UU 34/1964,meninggal,11540000000
8/20/2021,2021,8,Palembang,283,218,25,23,Cerah,Malam,Mobil,Kurang Jarak Aman,Jalan Nasional,Rusak,>60,Lurus,Laki-laki,26-45,Ya,pribadi,multi_kendaraan,pengemudi,ya,UU 34/1964,meninggal,12610000000
12/17/2021,2021,12,Surabaya,615,275,27,37,Hujan,Siang,Bus,Rem Blong,Jalan Provinsi,Rusak,>60,Tikungan,Laki-laki,26-45,Tidak,umum,multi_kendaraan,penumpang,ya,UU 33/1964,meninggal,15840000000
10/13/2025,2025,10,Yogyakarta,858,468,30,38,Hujan,Dini Hari,Mobil,Kecepatan Berlebih,Jalan Kota,Baik,>60,Lurus,Perempuan,>50,Tidak,pribadi,multi_kendaraan,pengemudi,ya,UU 34/1964,meninggal,25660000000
11/16/2021,2021,11,Surabaya,425,329,27,28,Cerah,Malam,Bus,Kecepatan Berlebih,Jalan Nasional,Baik,<40,Lurus,Laki-laki,26-45,Ya,umum,tunggal,penumpang,ya,UU 33/1964,meninggal,18360000000
7/5/2021,2021,7,Jakarta Selatan,260,439,26,26,Cerah,Siang,Truk,Rem Blong,Jalan Kota,Baik,>60,Tikungan,Laki-laki,>50,Ya,pribadi,tunggal,pengemudi,tidak,tidak_dijamin,tidak_ada,0
1/28/2023,2023,1,Jakarta Selatan,401,405,22,47,Cerah,Siang,Bus,Kelalaian Pengemudi,Jalan Kota,Berlubang,40-60,Tikungan,Laki-laki,<17,Tidak,umum,tunggal,penumpang,ya,UU 33/1964,meninggal,22290000000
1/3/2024,2024,1,Jakarta Timur,507,107,22,6,Cerah,Siang,Truk,Kecepatan Berlebih,Jalan Provinsi,Rusak,<40,Tikungan,Laki-laki,26-45,Ya,pribadi,multi_kendaraan,pengemudi,ya,UU 34/1964,meninggal,6570000000
11/12/2021,2021,11,Bandung,369,411,25,9,Hujan,Siang,Truk,Pelanggaran Lalu Lintas,Jalan Nasional,Berlubang,40-60,Tikungan,Laki-laki,17-25,Ya,pribadi,multi_kendaraan,pengemudi,ya,UU 34/1964,meninggal,21980000000
11/22/2021,2021,11,Makassar,378,432,20,9,Hujan,Pagi,Truk,Kelalaian Pengemudi,Jalan Kota,Baik,>60,Tikungan,Laki-laki,<17,Tidak,pribadi,tunggal,pengemudi,tidak,tidak_dijamin,tidak_ada,0
8/5/2023,2023,8,Surabaya,545,470,25,33,Hujan,Pagi,Motor,Kurang Jarak Aman,Jalan Kota,Berlubang,<40,Simpang Y,Perempuan,<17,Ya,pribadi,multi_kendaraan,pengemudi,ya,UU 34/1964,meninggal,25410000000
7/18/2024,2024,7,Jakarta Selatan,699,129,23,21,Cerah,Siang,Motor,Kurang Jarak Aman,Jalan Provinsi,Berlubang,40-60,Simpang Y,Perempuan,26-45,Tidak,pribadi,multi_kendaraan,pengemudi,ya,UU 34/1964,meninggal,8020000000
10/10/2023,2023,10,Makassar,554,493,26,7,Hujan,Dini Hari,Motor,Pelanggaran Lalu Lintas,Jalan Kota,Baik,40-60,Tikungan,Laki-laki,>50,Ya,pribadi,tunggal,pengemudi,tidak,tidak_dijamin,tidak_ada,0
12/7/2024,2024,12,Yogyakarta,920,139,23,6,Cerah,Dini Hari,Motor,Kurang Jarak Aman,Jalan Provinsi,Baik,40-60,Lurus,Perempuan,<17,Tidak,pribadi,tunggal,pengemudi,tidak,tidak_dijamin,tidak_ada,0
6/21/2022,2022,6,Bekasi,661,393,20,38,Cerah,Dini Hari,Bus,Pelanggaran Lalu Lintas,Jalan Nasional,Rusak,<40,Tikungan,Laki-laki,<17,Tidak,umum,multi_kendaraan,penumpang,ya,UU 33/1964,meninggal,21410000000
3/18/2024,2024,3,Jakarta Timur,603,286,28,12,Cerah,Siang,Bus,Rem Blong,Jalan Kota,Baik,>60,Simpang Y,Laki-laki,17-25,Tidak,umum,multi_kendaraan,penumpang,ya,UU 33/1964,meninggal,15940000000
9/5/2024,2024,9,Medan,699,355,20,9,Hujan,Malam,Motor,Pelanggaran Lalu Lintas,Jalan Nasional,Berlubang,<40,Simpang Y,Perempuan,>50,Tidak,pribadi,tunggal,pengemudi,tidak,tidak_dijamin,tidak_ada,0
7/11/2024,2024,7,Yogyakarta,616,500,24,21,Cerah,Malam,Bus,Kecepatan Berlebih,Jalan Provinsi,Berlubang,40-60,Simpang Y,Laki-laki,17-25,Ya,umum,multi_kendaraan,penumpang,ya,UU 33/1964,meninggal,26620000000
10/12/2021,2021,10,Semarang,396,390,21,28,Cerah,Malam,Mobil,Kurang Jarak Aman,Jalan Nasional,Rusak,>60,Tikungan,Laki-laki,17-25,Ya,pribadi,tunggal,pengemudi,tidak,tidak_dijamin,tidak_ada,0
10/15/2022,2022,10,Bekasi,524,338,25,13,Cerah,Pagi,Truk,Pelanggaran Lalu Lintas,Jalan Kota,Berlubang,<40,Simpang T,Perempuan,17-25,Tidak,pribadi,tunggal,pengemudi,tidak,tidak_dijamin,tidak_ada,0
9/23/2024,2024,9,Semarang,705,353,26,21,Cerah,Dini Hari,Bus,Kecepatan Berlebih,Jalan Kota,Baik,<40,Simpang Y,Laki-laki,<17,Tidak,umum,tunggal,penumpang,ya,UU 33/1964,meninggal,19370000000
8/15/2022,2022,8,Palembang,447,240,28,19,Hujan,Pagi,Motor,Kecepatan Berlebih,Jalan Provinsi,Rusak,40-60,Simpang T,Perempuan,<17,Ya,pribadi,multi_kendaraan,pengemudi,ya,UU 34/1964,meninggal,13780000000
11/10/2023,2023,11,Medan,584,216,23,6,Cerah,Malam,Bus,Kondisi Jalan,Jalan Nasional,Berlubang,40-60,Simpang 4,Perempuan,<17,Ya,umum,multi_kendaraan,penumpang,ya,UU 33/1964,meninggal,12070000000
4/5/2022,2022,4,Makassar,338,147,27,5,Cerah,Malam,Truk,Kondisi Jalan,Jalan Kota,Baik,>60,Simpang Y,Perempuan,<17,Ya,pribadi,tunggal,pengemudi,tidak,tidak_dijamin,tidak_ada,0
6/12/2024,2024,6,Surabaya,908,124,27,38,Hujan,Siang,Bus,Kurang Jarak Aman,Jalan Provinsi,Berlubang,>60,Simpang 4,Perempuan,17-25,Ya,umum,multi_kendaraan,penumpang,ya,UU 33/1964,meninggal,8310000000
7/30/2023,2023,7,Medan,518,289,30,35,Hujan,Dini Hari,Truk,Rem Blong,Jalan Provinsi,Rusak,>60,Tikungan,Laki-laki,17-25,Tidak,pribadi,tunggal,pengemudi,tidak,tidak_dijamin,tidak_ada,0
9/21/2024,2024,9,Surabaya,761,377,27,61,Cerah,Dini Hari,Bus,Kondisi Jalan,Jalan Provinsi,Baik,>60,Lurus,Perempuan,26-45,Tidak,umum,multi_kendaraan,penumpang,ya,UU 33/1964,meninggal,21420000000
4/23/2025,2025,4,Bandung,742,308,27,14,Hujan,Malam,Truk,Kurang Jarak Aman,Jalan Nasional,Rusak,>60,Lurus,Laki-laki,17-25,Tidak,pribadi,multi_kendaraan,pengemudi,ya,UU 34/1964,meninggal,17030000000
6/26/2024,2024,6,Surabaya,814,228,23,31,Hujan,Dini Hari,Mobil,Pelanggaran Lalu Lintas,Jalan Provinsi,Berlubang,<40,Simpang 4,Laki-laki,>50,Ya,pribadi,tunggal,pengemudi,tidak,tidak_dijamin,tidak_ada,0
3/14/2024,2024,3,Makassar,643,247,27,24,Cerah,Dini Hari,Truk,Kelalaian Pengemudi,Jalan Nasional,Berlubang,<40,Simpang Y,Laki-laki,<17,Ya,pribadi,tunggal,pengemudi,tidak,tidak_dijamin,tidak_ada,0
8/2/2023,2023,8,Palembang,481,119,29,4,Cerah,Malam,Motor,Kondisi Jalan,Jalan Nasional,Rusak,40-60,Simpang Y,Laki-laki,>50,Ya,pribadi,tunggal,pengemudi,tidak,tidak_dijamin,tidak_ada,0
1/5/2025,2025,1,Palembang,767,232,21,38,Cerah,Pagi,Truk,Pelanggaran Lalu Lintas,Jalan Nasional,Berlubang,>60,Simpang 4,Perempuan,26-45,Ya,pribadi,tunggal,pengemudi,tidak,tidak_dijamin,tidak_ada,0
1/24/2025,2025,1,Bekasi,756,126,23,8,Hujan,Pagi,Motor,Kondisi Jalan,Jalan Provinsi,Berlubang,>60,Simpang T,Laki-laki,<17,Ya,pribadi,multi_kendaraan,pengemudi,ya,UU 34/1964,meninggal,7610000000
3/8/2022,2022,3,Jakarta Selatan,313,384,27,36,Hujan,Malam,Bus,Kelalaian Pengemudi,Jalan Provinsi,Baik,40-60,Lurus,Laki-laki,>50,Ya,umum,tunggal,penumpang,ya,UU 33/1964,meninggal,21270000000
8/18/2025,2025,8,Medan,880,284,22,30,Cerah,Siang,Mobil,Kurang Jarak Aman,Jalan Kota,Baik,<40,Simpang T,Perempuan,<17,Ya,pribadi,tunggal,pengemudi,tidak,tidak_dijamin,tidak_ada,0
2/4/2025,2025,2,Makassar,664,369,26,32,Cerah,Malam,Motor,Kelalaian Pengemudi,Jalan Nasional,Rusak,>60,Tikungan,Laki-laki,26-45,Tidak,pribadi,multi_kendaraan,pengemudi,ya,UU 34/1964,meninggal,20390000000
3/19/2024,2024,3,Semarang,594,465,24,25,Hujan,Dini Hari,Motor,Kelalaian Pengemudi,Jalan Kota,Baik,>60,Simpang Y,Perempuan,26-45,Ya,pribadi,multi_kendaraan,pengemudi,ya,UU 34/1964,meninggal,24950000000
9/26/2025,2025,9,Yogyakarta,746,465,29,23,Cerah,Siang,Motor,Pelanggaran Lalu Lintas,Jalan Nasional,Baik,>60,Simpang 4,Laki-laki,26-45,Ya,pribadi,multi_kendaraan,pengemudi,ya,UU 34/1964,meninggal,25160000000
4/2/2022,2022,4,Palembang,400,248,24,0,Hujan,Siang,Truk,Kondisi Jalan,Jalan Provinsi,Berlubang,<40,Simpang 4,Perempuan,<17,Ya,pribadi,multi_kendaraan,pengemudi,ya,UU 34/1964,meninggal,13600000000
9/19/2021,2021,9,Jakarta Selatan,372,253,23,18,Hujan,Pagi,Motor,Rem Blong,Jalan Nasional,Berlubang,<40,Simpang T,Laki-laki,17-25,Tidak,pribadi,tunggal,pengemudi,tidak,tidak_dijamin,tidak_ada,0
3/12/2024,2024,3,Yogyakarta,637,222,20,16,Hujan,Malam,Mobil,Kelalaian Pengemudi,Jalan Kota,Rusak,40-60,Simpang 4,Laki-laki,17-25,Ya,pribadi,multi_kendaraan,pengemudi,ya,UU 34/1964,meninggal,12420000000
9/12/2023,2023,9,Semarang,572,488,21,27,Hujan,Malam,Motor,Kondisi Jalan,Jalan Kota,Rusak,>60,Tikungan,Perempuan,<17,Ya,pribadi,multi_kendaraan,pengemudi,ya,UU 34/1964,meninggal,25990000000
12/3/2022,2022,12,Bandung,770,178,21,34,Hujan,Siang,Mobil,Kurang Jarak Aman,Jalan Provinsi,Rusak,40-60,Lurus,Laki-laki,26-45,Ya,pribadi,multi_kendaraan,pengemudi,ya,UU 34/1964,meninggal,10630000000
1/8/2024,2024,1,Bekasi,525,208,23,6,Cerah,Pagi,Mobil,Kondisi Jalan,Jalan Provinsi,Rusak,>60,Lurus,Laki-laki,<17,Ya,pribadi,multi_kendaraan,pengemudi,ya,UU 34/1964,meninggal,11670000000
8/6/2022,2022,8,Bekasi,506,127,30,24,Cerah,Malam,Bus,Kelalaian Pengemudi,Jalan Nasional,Rusak,>60,Tikungan,Laki-laki,<17,Tidak,umum,multi_kendaraan,penumpang,ya,UU 33/1964,meninggal,8330000000
10/6/2025,2025,10,Palembang,866,449,21,28,Cerah,Pagi,Truk,Kondisi Jalan,Jalan Kota,Rusak,>60,Lurus,Laki-laki,<17,Tidak,pribadi,multi_kendaraan,pengemudi,ya,UU 34/1964,meninggal,24060000000
5/4/2023,2023,5,Makassar,481,336,25,29,Cerah,Malam,Bus,Kecepatan Berlebih,Jalan Kota,Berlubang,40-60,Simpang 4,Laki-laki,<17,Tidak,umum,tunggal,penumpang,ya,UU 33/1964,meninggal,18630000000
7/2/2022,2022,7,Bekasi,468,491,29,17,Hujan,Pagi,Bus,Kurang Jarak Aman,Jalan Provinsi,Rusak,40-60,Simpang T,Laki-laki,>50,Ya,umum,multi_kendaraan,penumpang,ya,UU 33/1964,meninggal,26340000000
6/14/2024,2024,6,Medan,839,319,21,5,Hujan,Siang,Motor,Kelalaian Pengemudi,Jalan Provinsi,Rusak,40-60,Tikungan,Laki-laki,26-45,Ya,pribadi,multi_kendaraan,pengemudi,ya,UU 34/1964,meninggal,17100000000
2/10/2022,2022,2,Palembang,293,127,20,70,Cerah,Malam,Mobil,Kelalaian Pengemudi,Jalan Nasional,Berlubang,<40,Simpang T,Perempuan,26-45,Tidak,pribadi,multi_kendaraan,pengemudi,ya,UU 34/1964,meninggal,8750000000
2/9/2025,2025,2,Palembang,777,223,27,21,Cerah,Pagi,Motor,Pelanggaran Lalu Lintas,Jalan Kota,Berlubang,40-60,Tikungan,Laki-laki,>50,Ya,pribadi,tunggal,pengemudi,tidak,tidak_dijamin,tidak_ada,0
10/11/2023,2023,10,Jakarta Timur,603,241,25,7,Hujan,Malam,Bus,Kondisi Jalan,Jalan Kota,Baik,>60,Lurus,Perempuan,<17,Tidak,umum,multi_kendaraan,penumpang,ya,UU 33/1964,meninggal,13440000000
1/16/2025,2025,1,Bandung,656,490,29,49,Cerah,Siang,Mobil,Rem Blong,Jalan Nasional,Rusak,<40,Tikungan,Laki-laki,17-25,Tidak,pribadi,tunggal,pengemudi,tidak,tidak_dijamin,tidak_ada,0
9/27/2024,2024,9,Semarang,692,139,29,22,Hujan,Pagi,Mobil,Kelalaian Pengemudi,Jalan Provinsi,Rusak,>60,Tikungan,Laki-laki,<17,Tidak,pribadi,tunggal,pengemudi,tidak,tidak_dijamin,tidak_ada,0
10/10/2022,2022,10,Medan,414,496,30,5,Cerah,Malam,Truk,Pelanggaran Lalu Lintas,Jalan Nasional,Rusak,40-60,Simpang 4,Perempuan,26-45,Tidak,pribadi,tunggal,pengemudi,tidak,tidak_dijamin,tidak_ada,0
3/16/2023,2023,3,Semarang,471,243,27,27,Hujan,Dini Hari,Bus,Kondisi Jalan,Jalan Nasional,Baik,>60,Simpang Y,Perempuan,<17,Tidak,umum,multi_kendaraan,penumpang,ya,UU 33/1964,meninggal,14040000000
3/8/2025,2025,3,Semarang,748,244,30,30,Hujan,Malam,Mobil,Kecepatan Berlebih,Jalan Kota,Baik,<40,Simpang Y,Perempuan,26-45,Ya,pribadi,tunggal,pengemudi,tidak,tidak_dijamin,tidak_ada,0
6/5/2021,2021,6,Surabaya,516,173,25,15,Cerah,Malam,Bus,Kurang Jarak Aman,Jalan Provinsi,Berlubang,40-60,Lurus,Perempuan,>50,Tidak,umum,multi_kendaraan,penumpang,ya,UU 33/1964,meninggal,10200000000
3/25/2022,2022,3,Jakarta Selatan,303,423,21,34,Hujan,Pagi,Truk,Kurang Jarak Aman,Jalan Kota,Baik,40-60,Simpang 4,Perempuan,26-45,Tidak,pribadi,tunggal,pengemudi,tidak,tidak_dijamin,tidak_ada,0
11/9/2024,2024,11,Yogyakarta,740,161,30,41,Cerah,Pagi,Bus,Kondisi Jalan,Jalan Provinsi,Baik,>60,Simpang Y,Perempuan,<17,Ya,umum,multi_kendaraan,penumpang,ya,UU 33/1964,meninggal,10370000000
7/3/2024,2024,7,Semarang,594,276,20,28,Cerah,Siang,Bus,Kelalaian Pengemudi,Jalan Provinsi,Baik,>60,Simpang T,Laki-laki,<17,Tidak,umum,multi_kendaraan,penumpang,ya,UU 33/1964,meninggal,15360000000
1/16/2021,2021,1,Jakarta Timur,248,112,28,10,Cerah,Dini Hari,Truk,Kurang Jarak Aman,Jalan Kota,Rusak,<40,Lurus,Laki-laki,>50,Ya,pribadi,multi_kendaraan,pengemudi,ya,UU 34/1964,meninggal,7200000000
11/4/2024,2024,11,Medan,773,178,30,32,Hujan,Dini Hari,Truk,Pelanggaran Lalu Lintas,Jalan Provinsi,Rusak,<40,Simpang Y,Laki-laki,17-25,Ya,pribadi,multi_kendaraan,pengemudi,ya,UU 34/1964,meninggal,11040000000
9/21/2021,2021,9,Semarang,270,186,27,9,Cerah,Siang,Truk,Kondisi Jalan,Jalan Nasional,Baik,<40,Simpang Y,Laki-laki,>50,Ya,pribadi,tunggal,pengemudi,tidak,tidak_dijamin,tidak_ada,0
1/31/2023,2023,1,Jakarta Selatan,409,306,22,2,Hujan,Dini Hari,Mobil,Kecepatan Berlebih,Jalan Provinsi,Rusak,40-60,Simpang 4,Laki-laki,>50,Tidak,pribadi,multi_kendaraan,pengemudi,ya,UU 34/1964,meninggal,16440000000
5/28/2024,2024,5,Semarang,697,209,25,34,Hujan,Siang,Bus,Kelalaian Pengemudi,Jalan Kota,Berlubang,40-60,Tikungan,Laki-laki,26-45,Ya,umum,multi_kendaraan,penumpang,ya,UU 33/1964,meninggal,12380000000
9/19/2021,2021,9,Medan,402,163,29,24,Hujan,Malam,Mobil,Rem Blong,Jalan Provinsi,Rusak,>60,Simpang 4,Laki-laki,<17,Tidak,pribadi,multi_kendaraan,pengemudi,ya,UU 34/1964,meninggal,10080000000
10/25/2025,2025,10,Surabaya,768,342,26,58,Hujan,Dini Hari,Motor,Kurang Jarak Aman,Jalan Nasional,Berlubang,40-60,Simpang 4,Perempuan,17-25,Tidak,pribadi,tunggal,pengemudi,tidak,tidak_dijamin,tidak_ada,0
12/10/2024,2024,12,Medan,886,481,30,30,Hujan,Malam,Motor,Kecepatan Berlebih,Jalan Provinsi,Berlubang,>60,Simpang 4,Laki-laki,17-25,Tidak,pribadi,tunggal,pengemudi,tidak,tidak_dijamin,tidak_ada,0
5/27/2022,2022,5,Bandung,403,407,26,11,Cerah,Siang,Motor,Kecepatan Berlebih,Jalan Nasional,Berlubang,>60,Simpang Y,Laki-laki,>50,Tidak,pribadi,tunggal,pengemudi,tidak,tidak_dijamin,tidak_ada,0
11/2/2021,2021,11,Jakarta Selatan,409,402,23,13,Cerah,Siang,Bus,Kecepatan Berlebih,Jalan Provinsi,Berlubang,>60,Lurus,Laki-laki,<17,Tidak,umum,tunggal,penumpang,ya,UU 33/1964,meninggal,21510000000
12/23/2023,2023,12,Makassar,861,197,29,41,Hujan,Dini Hari,Truk,Kecepatan Berlebih,Jalan Nasional,Rusak,>60,Simpang 4,Perempuan,26-45,Tidak,pribadi,multi_kendaraan,pengemudi,ya,UU 34/1964,meninggal,12120000000
6/22/2024,2024,6,Makassar,854,348,21,23,Cerah,Siang,Mobil,Pelanggaran Lalu Lintas,Jalan Provinsi,Berlubang,40-60,Simpang Y,Perempuan,26-45,Tidak,pribadi,multi_kendaraan,pengemudi,ya,UU 34/1964,meninggal,18910000000
9/6/2022,2022,9,Surabaya,461,221,29,55,Hujan,Pagi,Truk,Kecepatan Berlebih,Jalan Provinsi,Rusak,40-60,Tikungan,Perempuan,>50,Tidak,pribadi,tunggal,pengemudi,tidak,tidak_dijamin,tidak_ada,0
11/15/2022,2022,11,Surabaya,470,271,20,40,Cerah,Siang,Bus,Kondisi Jalan,Jalan Provinsi,Rusak,40-60,Simpang Y,Perempuan,>50,Ya,umum,multi_kendaraan,penumpang,ya,UU 33/1964,meninggal,15350000000
12/12/2024,2024,12,Semarang,849,233,24,30,Hujan,Dini Hari,Truk,Kecepatan Berlebih,Jalan Nasional,Baik,<40,Tikungan,Perempuan,<17,Tidak,pribadi,multi_kendaraan,pengemudi,ya,UU 34/1964,meninggal,13450000000
5/2/2025,2025,5,Semarang,763,287,27,5,Cerah,Pagi,Truk,Kurang Jarak Aman,Jalan Kota,Rusak,40-60,Simpang T,Perempuan,17-25,Tidak,pribadi,multi_kendaraan,pengemudi,ya,UU 34/1964,meninggal,15800000000
9/23/2021,2021,9,Surabaya,372,359,29,8,Hujan,Dini Hari,Bus,Kecepatan Berlebih,Jalan Provinsi,Berlubang,<40,Simpang Y,Perempuan,26-45,Tidak,umum,multi_kendaraan,penumpang,ya,UU 33/1964,meninggal,19560000000
9/19/2024,2024,9,Yogyakarta,724,165,27,3,Hujan,Siang,Bus,Kondisi Jalan,Jalan Kota,Baik,40-60,Simpang T,Laki-laki,<17,Tidak,umum,multi_kendaraan,penumpang,ya,UU 33/1964,meninggal,9660000000
4/15/2025,2025,4,Medan,664,189,21,38,Cerah,Siang,Motor,Pelanggaran Lalu Lintas,Jalan Nasional,Rusak,40-60,Lurus,Laki-laki,17-25,Ya,pribadi,tunggal,pengemudi,tidak,tidak_dijamin,tidak_ada,0
4/30/2022,2022,4,Bandung,392,139,25,7,Hujan,Pagi,Motor,Kurang Jarak Aman,Jalan Nasional,Rusak,>60,Tikungan,Laki-laki,>50,Ya,pribadi,multi_kendaraan,pengemudi,ya,UU 34/1964,meninggal,8340000000
9/19/2024,2024,9,Yogyakarta,641,349,20,16,Hujan,Pagi,Mobil,Kelalaian Pengemudi,Jalan Kota,Berlubang,<40,Tikungan,Perempuan,26-45,Ya,pribadi,multi_kendaraan,pengemudi,ya,UU 34/1964,meninggal,18770000000
6/19/2025,2025,6,Surabaya,950,425,22,14,Hujan,Pagi,Motor,Kurang Jarak Aman,Jalan Nasional,Rusak,>60,Simpang Y,Perempuan,26-45,Tidak,pribadi,multi_kendaraan,pengemudi,ya,UU 34/1964,meninggal,22630000000
5/10/2021,2021,5,Yogyakarta,208,134,22,22,Hujan,Pagi,Bus,Kurang Jarak Aman,Jalan Kota,Berlubang,>60,Simpang 4,Laki-laki,26-45,Ya,umum,tunggal,penumpang,ya,UU 33/1964,meninggal,8240000000
6/18/2021,2021,6,Jakarta Selatan,485,364,23,11,Cerah,Dini Hari,Motor,Kondisi Jalan,Jalan Kota,Berlubang,<40,Lurus,Laki-laki,>50,Ya,pribadi,multi_kendaraan,pengemudi,ya,UU 34/1964,meninggal,19570000000
7/14/2023,2023,7,Jakarta Timur,609,394,29,15,Hujan,Pagi,Bus,Rem Blong,Jalan Nasional,Rusak,<40,Simpang Y,Laki-laki,<17,Tidak,umum,tunggal,penumpang,ya,UU 33/1964,meninggal,21450000000
11/17/2023,2023,11,Yogyakarta,664,279,24,11,Cerah,Dini Hari,Truk,Kondisi Jalan,Jalan Nasional,Berlubang,>60,Simpang Y,Perempuan,26-45,Tidak,pribadi,tunggal,pengemudi,tidak,tidak_dijamin,tidak_ada,0
1/30/2021,2021,1,Medan,263,434,25,5,Hujan,Siang,Mobil,Rem Blong,Jalan Provinsi,Baik,>60,Simpang Y,Perempuan,<17,Tidak,pribadi,multi_kendaraan,pengemudi,ya,UU 34/1964,meninggal,23050000000
11/21/2024,2024,11,Bandung,657,381,26,19,Cerah,Siang,Bus,Kondisi Jalan,Jalan Kota,Rusak,40-60,Tikungan,Laki-laki,17-25,Tidak,umum,tunggal,penumpang,ya,UU 33/1964,meninggal,20730000000
7/10/2025,2025,7,Surabaya,756,495,27,48,Cerah,Pagi,Truk,Kondisi Jalan,Jalan Nasional,Baik,<40,Simpang 4,Laki-laki,26-45,Ya,pribadi,tunggal,pengemudi,tidak,tidak_dijamin,tidak_ada,0
6/26/2024,2024,6,Semarang,965,417,27,40,Cerah,Pagi,Motor,Rem Blong,Jalan Provinsi,Berlubang,<40,Simpang Y,Laki-laki,17-25,Ya,pribadi,tunggal,pengemudi,tidak,tidak_dijamin,tidak_ada,0
11/29/2025,2025,11,Bekasi,851,354,25,31,Cerah,Dini Hari,Bus,Kurang Jarak Aman,Jalan Provinsi,Berlubang,40-60,Simpang 4,Laki-laki,26-45,Tidak,umum,tunggal,penumpang,ya,UU 33/1964,meninggal,19570000000
7/26/2022,2022,7,Bekasi,467,132,29,52,Cerah,Malam,Motor,Kurang Jarak Aman,Jalan Nasional,Baik,<40,Tikungan,Laki-laki,26-45,Ya,pribadi,multi_kendaraan,pengemudi,ya,UU 34/1964,meninggal,9090000000
9/6/2025,2025,9,Jakarta Timur,858,143,24,20,Hujan,Malam,Truk,Kurang Jarak Aman,Jalan Nasional,Berlubang,<40,Lurus,Perempuan,17-25,Tidak,pribadi,multi_kendaraan,pengemudi,ya,UU 34/1964,meninggal,8750000000
11/2/2021,2021,11,Makassar,439,474,27,17,Hujan,Malam,Truk,Pelanggaran Lalu Lintas,Jalan Nasional,Berlubang,<40,Simpang T,Perempuan,<17,Tidak,pribadi,multi_kendaraan,pengemudi,ya,UU 34/1964,meninggal,25390000000
7/15/2025,2025,7,Surabaya,858,332,20,34,Hujan,Siang,Truk,Pelanggaran Lalu Lintas,Jalan Provinsi,Berlubang,>60,Simpang Y,Perempuan,>50,Ya,pribadi,multi_kendaraan,pengemudi,ya,UU 34/1964,meninggal,18280000000
11/25/2023,2023,11,Makassar,632,366,23,26,Cerah,Malam,Motor,Kecepatan Berlebih,Jalan Provinsi,Rusak,>60,Simpang Y,Laki-laki,26-45,Ya,pribadi,tunggal,pengemudi,tidak,tidak_dijamin,tidak_ada,0
1/30/2022,2022,1,Bekasi,289,329,21,39,Cerah,Malam,Mobil,Kelalaian Pengemudi,Jalan Provinsi,Baik,<40,Lurus,Perempuan,<17,Ya,pribadi,multi_kendaraan,pengemudi,ya,UU 34/1964,meninggal,18280000000
11/18/2021,2021,11,Makassar,345,350,28,17,Hujan,Malam,Truk,Pelanggaran Lalu Lintas,Jalan Nasional,Berlubang,<40,Tikungan,Laki-laki,>50,Tidak,pribadi,tunggal,pengemudi,tidak,tidak_dijamin,tidak_ada,0
7/30/2024,2024,7,Bekasi,629,155,22,19,Cerah,Dini Hari,Truk,Kelalaian Pengemudi,Jalan Provinsi,Berlubang,<40,Simpang Y,Perempuan,17-25,Tidak,pribadi,tunggal,pengemudi,tidak,tidak_dijamin,tidak_ada,0
8/31/2025,2025,8,Semarang,733,185,30,21,Cerah,Malam,Truk,Kelalaian Pengemudi,Jalan Nasional,Berlubang,>60,Simpang T,Laki-laki,>50,Ya,pribadi,tunggal,pengemudi,tidak,tidak_dijamin,tidak_ada,0
8/5/2025,2025,8,Jakarta Timur,877,180,28,8,Cerah,Pagi,Truk,Kondisi Jalan,Jalan Kota,Baik,>60,Simpang 4,Perempuan,26-45,Ya,pribadi,tunggal,pengemudi,tidak,tidak_dijamin,tidak_ada,0
9/21/2024,2024,9,Bekasi,634,433,30,39,Cerah,Dini Hari,Truk,Pelanggaran Lalu Lintas,Jalan Kota,Berlubang,>60,Tikungan,Laki-laki,17-25,Ya,pribadi,multi_kendaraan,pengemudi,ya,UU 34/1964,meninggal,23930000000
9/5/2023,2023,9,Semarang,553,416,20,12,Hujan,Dini Hari,Bus,Kelalaian Pengemudi,Jalan Nasional,Rusak,<40,Simpang Y,Laki-laki,>50,Tidak,umum,multi_kendaraan,penumpang,ya,UU 33/1964,meninggal,22040000000
10/3/2023,2023,10,Jakarta Timur,639,413,26,30,Cerah,Siang,Mobil,Kondisi Jalan,Jalan Nasional,Rusak,<40,Simpang T,Laki-laki,26-45,Tidak,pribadi,multi_kendaraan,pengemudi,ya,UU 34/1964,meninggal,22550000000
12/25/2024,2024,12,Bekasi,933,319,28,19,Hujan,Dini Hari,Mobil,Kurang Jarak Aman,Jalan Provinsi,Berlubang,40-60,Simpang Y,Perempuan,26-45,Ya,pribadi,multi_kendaraan,pengemudi,ya,UU 34/1964,meninggal,17730000000
2/24/2025,2025,2,Bandung,722,158,24,11,Hujan,Dini Hari,Truk,Kecepatan Berlebih,Jalan Kota,Baik,40-60,Simpang 4,Laki-laki,<17,Tidak,pribadi,multi_kendaraan,pengemudi,ya,UU 34/1964,meninggal,9320000000
5/31/2023,2023,5,Surabaya,436,219,24,53,Cerah,Dini Hari,Truk,Kelalaian Pengemudi,Jalan Nasional,Berlubang,40-60,Simpang Y,Laki-laki,<17,Ya,pribadi,multi_kendaraan,pengemudi,ya,UU 34/1964,meninggal,13210000000
12/1/2023,2023,12,Bandung,807,286,28,7,Hujan,Dini Hari,Motor,Kelalaian Pengemudi,Jalan Kota,Rusak,>60,Simpang T,Laki-laki,>50,Ya,pribadi,tunggal,pengemudi,tidak,tidak_dijamin,tidak_ada,0
5/9/2025,2025,5,Bekasi,688,123,26,44,Hujan,Pagi,Truk,Kondisi Jalan,Jalan Provinsi,Berlubang,<40,Simpang T,Laki-laki,>50,Tidak,pribadi,multi_kendaraan,pengemudi,ya,UU 34/1964,meninggal,8330000000
9/18/2025,2025,9,Surabaya,765,252,26,12,Hujan,Siang,Mobil,Kecepatan Berlebih,Jalan Nasional,Berlubang,40-60,Simpang Y,Laki-laki,17-25,Ya,pribadi,multi_kendaraan,pengemudi,ya,UU 34/1964,meninggal,14140000000
9/23/2022,2022,9,Makassar,408,423,29,28,Hujan,Malam,Truk,Kelalaian Pengemudi,Jalan Provinsi,Baik,40-60,Simpang 4,Laki-laki,>50,Ya,pribadi,tunggal,pengemudi,tidak,tidak_dijamin,tidak_ada,0
11/5/2021,2021,11,Bandung,425,201,26,59,Hujan,Dini Hari,Mobil,Kecepatan Berlebih,Jalan Nasional,Rusak,<40,Simpang 4,Laki-laki,>50,Ya,pribadi,multi_kendaraan,pengemudi,ya,UU 34/1964,meninggal,12530000000
11/8/2025,2025,11,Jakarta Selatan,903,317,26,33,Hujan,Dini Hari,Mobil,Kurang Jarak Aman,Jalan Provinsi,Rusak,40-60,Simpang Y,Perempuan,17-25,Tidak,pribadi,multi_kendaraan,pengemudi,ya,UU 34/1964,meninggal,17810000000
11/7/2023,2023,11,Makassar,595,196,26,3,Cerah,Dini Hari,Motor,Rem Blong,Jalan Provinsi,Berlubang,<40,Lurus,Laki-laki,>50,Tidak,pribadi,tunggal,pengemudi,tidak,tidak_dijamin,tidak_ada,0
7/12/2022,2022,7,Bekasi,428,429,23,6,Cerah,Pagi,Motor,Kondisi Jalan,Jalan Kota,Baik,>60,Simpang 4,Perempuan,<17,Ya,pribadi,multi_kendaraan,pengemudi,ya,UU 34/1964,meninggal,22720000000
1/16/2022,2022,1,Jakarta Selatan,295,162,26,9,Cerah,Siang,Bus,Kelalaian Pengemudi,Jalan Nasional,Rusak,>60,Simpang T,Perempuan,17-25,Tidak,umum,tunggal,penumpang,ya,UU 33/1964,meninggal,9580000000
5/9/2021,2021,5,Medan,269,177,28,25,Hujan,Pagi,Truk,Kelalaian Pengemudi,Jalan Provinsi,Rusak,<40,Lurus,Perempuan,<17,Tidak,pribadi,multi_kendaraan,pengemudi,ya,UU 34/1964,meninggal,10750000000
11/18/2025,2025,11,Palembang,779,128,20,31,Cerah,Malam,Truk,Kondisi Jalan,Jalan Kota,Rusak,>60,Simpang Y,Perempuan,>50,Ya,pribadi,tunggal,pengemudi,tidak,tidak_dijamin,tidak_ada,0
12/29/2022,2022,12,Bekasi,683,276,25,67,Hujan,Pagi,Motor,Rem Blong,Jalan Provinsi,Baik,<40,Simpang Y,Laki-laki,>50,Ya,pribadi,multi_kendaraan,pengemudi,ya,UU 34/1964,meninggal,16390000000
5/28/2022,2022,5,Yogyakarta,422,434,27,54,Hujan,Dini Hari,Mobil,Pelanggaran Lalu Lintas,Jalan Nasional,Berlubang,>60,Simpang 4,Laki-laki,<17,Ya,pribadi,multi_kendaraan,pengemudi,ya,UU 34/1964,meninggal,24130000000
9/25/2022,2022,9,Surabaya,419,174,24,16,Cerah,Malam,Mobil,Kondisi Jalan,Jalan Kota,Baik,40-60,Lurus,Perempuan,<17,Tidak,pribadi,multi_kendaraan,pengemudi,ya,UU 34/1964,meninggal,10220000000
5/23/2023,2023,5,Jakarta Selatan,539,468,22,51,Cerah,Pagi,Truk,Pelanggaran Lalu Lintas,Jalan Nasional,Rusak,<40,Simpang Y,Laki-laki,>50,Tidak,pribadi,tunggal,pengemudi,tidak,tidak_dijamin,tidak_ada,0
9/30/2023,2023,9,Jakarta Selatan,609,256,29,24,Hujan,Malam,Truk,Kurang Jarak Aman,Jalan Kota,Baik,<40,Simpang 4,Perempuan,>50,Tidak,pribadi,multi_kendaraan,pengemudi,ya,UU 34/1964,meninggal,14730000000
6/19/2023,2023,6,Bandung,855,313,27,30,Cerah,Malam,Mobil,Kondisi Jalan,Jalan Provinsi,Baik,<40,Lurus,Laki-laki,>50,Tidak,pribadi,multi_kendaraan,pengemudi,ya,UU 34/1964,meninggal,17600000000
5/16/2021,2021,5,Bekasi,212,299,21,3,Hujan,Pagi,Mobil,Kelalaian Pengemudi,Jalan Provinsi,Berlubang,>60,Simpang Y,Perempuan,26-45,Tidak,pribadi,tunggal,pengemudi,tidak,tidak_dijamin,tidak_ada,0
5/24/2023,2023,5,Yogyakarta,538,189,23,6,Cerah,Siang,Mobil,Rem Blong,Jalan Nasional,Baik,<40,Simpang T,Perempuan,<17,Ya,pribadi,tunggal,pengemudi,tidak,tidak_dijamin,tidak_ada,0
4/17/2024,2024,4,Makassar,665,294,28,20,Cerah,Pagi,Truk,Kecepatan Berlebih,Jalan Kota,Berlubang,<40,Simpang 4,Laki-laki,17-25,Tidak,pribadi,multi_kendaraan,pengemudi,ya,UU 34/1964,meninggal,16500000000
9/22/2024,2024,9,Jakarta Timur,688,340,30,25,Cerah,Malam,Bus,Kondisi Jalan,Jalan Nasional,Baik,40-60,Lurus,Laki-laki,26-45,Tidak,umum,tunggal,penumpang,ya,UU 33/1964,meninggal,19000000000
6/18/2024,2024,6,Jakarta Timur,920,117,27,51,Hujan,Siang,Mobil,Rem Blong,Jalan Provinsi,Berlubang,40-60,Lurus,Laki-laki,17-25,Tidak,pribadi,multi_kendaraan,pengemudi,ya,UU 34/1964,meninggal,8220000000
12/10/2023,2023,12,Surabaya,778,190,25,28,Hujan,Pagi,Mobil,Kelalaian Pengemudi,Jalan Nasional,Berlubang,<40,Simpang Y,Perempuan,<17,Tidak,pribadi,multi_kendaraan,pengemudi,ya,UU 34/1964,meninggal,11310000000
5/11/2022,2022,5,Medan,445,224,25,6,Cerah,Pagi,Bus,Kurang Jarak Aman,Jalan Provinsi,Baik,<40,Tikungan,Laki-laki,17-25,Tidak,umum,multi_kendaraan,penumpang,ya,UU 33/1964,meninggal,12570000000
9/8/2025,2025,9,Jakarta Selatan,758,456,24,27,Hujan,Dini Hari,Bus,Rem Blong,Jalan Nasional,Rusak,40-60,Simpang 4,Perempuan,26-45,Tidak,umum,tunggal,penumpang,ya,UU 33/1964,meninggal,24540000000
2/28/2025,2025,2,Bandung,704,344,29,20,Hujan,Malam,Motor,Kelalaian Pengemudi,Jalan Nasional,Baik,>60,Simpang T,Laki-laki,17-25,Ya,pribadi,tunggal,pengemudi,tidak,tidak_dijamin,tidak_ada,0
4/23/2021,2021,4,Makassar,225,343,25,7,Hujan,Dini Hari,Motor,Kecepatan Berlebih,Jalan Nasional,Rusak,40-60,Lurus,Laki-laki,17-25,Tidak,pribadi,multi_kendaraan,pengemudi,ya,UU 34/1964,meninggal,18540000000
3/28/2025,2025,3,Bekasi,753,345,25,22,Hujan,Dini Hari,Mobil,Kecepatan Berlebih,Jalan Provinsi,Berlubang,40-60,Tikungan,Perempuan,26-45,Ya,pribadi,multi_kendaraan,pengemudi,ya,UU 34/1964,meninggal,18940000000
5/9/2021,2021,5,Medan,285,377,26,35,Hujan,Malam,Bus,Pelanggaran Lalu Lintas,Jalan Provinsi,Rusak,40-60,Lurus,Laki-laki,17-25,Ya,umum,multi_kendaraan,penumpang,ya,UU 33/1964,meninggal,20850000000
2/15/2023,2023,2,Semarang,455,246,27,50,Cerah,Dini Hari,Mobil,Pelanggaran Lalu Lintas,Jalan Kota,Baik,>60,Tikungan,Perempuan,26-45,Tidak,pribadi,tunggal,pengemudi,tidak,tidak_dijamin,tidak_ada,0
3/15/2023,2023,3,Medan,542,372,28,57,Hujan,Siang,Truk,Kecepatan Berlebih,Jalan Provinsi,Baik,>60,Simpang Y,Laki-laki,17-25,Tidak,pribadi,tunggal,pengemudi,tidak,tidak_dijamin,tidak_ada,0
12/15/2021,2021,12,Semarang,586,376,21,32,Cerah,Siang,Mobil,Pelanggaran Lalu Lintas,Jalan Nasional,Baik,40-60,Simpang T,Perempuan,<17,Ya,pribadi,multi_kendaraan,pengemudi,ya,UU 34/1964,meninggal,20490000000
6/10/2024,2024,6,Surabaya,961,156,24,31,Hujan,Siang,Motor,Pelanggaran Lalu Lintas,Jalan Provinsi,Baik,<40,Tikungan,Perempuan,17-25,Ya,pribadi,tunggal,pengemudi,tidak,tidak_dijamin,tidak_ada,0
3/8/2023,2023,3,Jakarta Selatan,545,373,30,19,Cerah,Malam,Bus,Kurang Jarak Aman,Jalan Kota,Berlubang,<40,Tikungan,Perempuan,17-25,Tidak,umum,tunggal,penumpang,ya,UU 33/1964,meninggal,20530000000
4/23/2023,2023,4,Jakarta Selatan,486,284,24,20,Hujan,Dini Hari,Mobil,Kelalaian Pengemudi,Jalan Kota,Rusak,40-60,Lurus,Perempuan,17-25,Ya,pribadi,multi_kendaraan,pengemudi,ya,UU 34/1964,meninggal,15800000000
7/3/2025,2025,7,Medan,816,483,20,17,Cerah,Pagi,Truk,Kecepatan Berlebih,Jalan Nasional,Rusak,<40,Simpang Y,Perempuan,>50,Ya,pribadi,multi_kendaraan,pengemudi,ya,UU 34/1964,meninggal,25490000000
2/11/2023,2023,2,Surabaya,395,302,26,10,Cerah,Pagi,Bus,Kondisi Jalan,Jalan Nasional,Berlubang,<40,Lurus,Perempuan,17-25,Tidak,umum,multi_kendaraan,penumpang,ya,UU 33/1964,meninggal,16600000000
11/11/2023,2023,11,Medan,644,289,25,10,Hujan,Pagi,Mobil,Rem Blong,Jalan Provinsi,Berlubang,>60,Simpang Y,Laki-laki,>50,Tidak,pribadi,tunggal,pengemudi,tidak,tidak_dijamin,tidak_ada,0
10/26/2024,2024,10,Palembang,650,346,21,15,Hujan,Dini Hari,Bus,Rem Blong,Jalan Nasional,Baik,<40,Tikungan,Laki-laki,<17,Tidak,umum,tunggal,penumpang,ya,UU 33/1964,meninggal,18650000000
3/20/2025,2025,3,Palembang,719,410,23,20,Cerah,Malam,Mobil,Pelanggaran Lalu Lintas,Jalan Kota,Baik,>60,Simpang 4,Laki-laki,17-25,Tidak,pribadi,multi_kendaraan,pengemudi,ya,UU 34/1964,meninggal,22050000000
11/26/2022,2022,11,Yogyakarta,479,244,24,28,Cerah,Pagi,Mobil,Pelanggaran Lalu Lintas,Jalan Nasional,Berlubang,<40,Simpang 4,Laki-laki,<17,Ya,pribadi,tunggal,pengemudi,tidak,tidak_dijamin,tidak_ada,0
6/10/2022,2022,6,Medan,604,344,27,14,Hujan,Malam,Bus,Rem Blong,Jalan Provinsi,Berlubang,<40,Tikungan,Laki-laki,<17,Tidak,umum,multi_kendaraan,penumpang,ya,UU 33/1964,meninggal,18830000000
9/8/2022,2022,9,Makassar,442,222,23,28,Hujan,Siang,Mobil,Kecepatan Berlebih,Jalan Kota,Berlubang,<40,Lurus,Perempuan,26-45,Tidak,pribadi,multi_kendaraan,pengemudi,ya,UU 34/1964,meninggal,12810000000
11/10/2021,2021,11,Surabaya,401,102,28,28,Cerah,Malam,Bus,Kecepatan Berlebih,Jalan Nasional,Baik,40-60,Tikungan,Laki-laki,17-25,Ya,umum,tunggal,penumpang,ya,UU 33/1964,meninggal,7060000000
9/28/2021,2021,9,Semarang,363,312,27,9,Cerah,Siang,Truk,Kondisi Jalan,Jalan Nasional,Baik,>60,Simpang Y,Perempuan,26-45,Tidak,pribadi,tunggal,pengemudi,tidak,tidak_dijamin,tidak_ada,0
10/13/2023,2023,10,Bandung,561,425,28,13,Hujan,Siang,Truk,Kurang Jarak Aman,Jalan Provinsi,Berlubang,<40,Simpang Y,Laki-laki,<17,Tidak,pribadi,multi_kendaraan,pengemudi,ya,UU 34/1964,meninggal,22910000000
6/3/2022,2022,6,Medan,557,482,29,13,Cerah,Malam,Mobil,Pelanggaran Lalu Lintas,Jalan Nasional,Baik,>60,Simpang 4,Perempuan,>50,Tidak,pribadi,multi_kendaraan,pengemudi,ya,UU 34/1964,meninggal,25810000000
5/7/2024,2024,5,Surabaya,606,215,26,10,Hujan,Pagi,Motor,Kurang Jarak Aman,Jalan Provinsi,Rusak,>60,Lurus,Laki-laki,>50,Ya,pribadi,multi_kendaraan,pengemudi,ya,UU 34/1964,meninggal,12250000000
11/23/2022,2022,11,Semarang,420,282,20,7,Cerah,Siang,Bus,Rem Blong,Jalan Nasional,Baik,>60,Simpang T,Laki-laki,26-45,Ya,umum,multi_kendaraan,penumpang,ya,UU 33/1964,meninggal,15240000000
4/27/2021,2021,4,Bekasi,297,454,22,16,Cerah,Malam,Bus,Rem Blong,Jalan Kota,Berlubang,40-60,Simpang Y,Laki-laki,17-25,Ya,umum,multi_kendaraan,penumpang,ya,UU 33/1964,meninggal,24120000000
3/20/2023,2023,3,Bekasi,522,454,20,23,Hujan,Dini Hari,Mobil,Kurang Jarak Aman,Jalan Kota,Rusak,<40,Simpang 4,Perempuan,26-45,Ya,pribadi,multi_kendaraan,pengemudi,ya,UU 34/1964,meninggal,24160000000
6/3/2022,2022,6,Yogyakarta,652,175,30,37,Hujan,Siang,Mobil,Kondisi Jalan,Jalan Provinsi,Rusak,>60,Simpang Y,Perempuan,<17,Tidak,pribadi,tunggal,pengemudi,tidak,tidak_dijamin,tidak_ada,0
7/25/2023,2023,7,Makassar,481,216,23,10,Hujan,Pagi,Bus,Kelalaian Pengemudi,Jalan Provinsi,Berlubang,>60,Tikungan,Laki-laki,>50,Ya,umum,multi_kendaraan,penumpang,ya,UU 33/1964,meninggal,12150000000
8/10/2023,2023,8,Bandung,536,287,24,50,Cerah,Malam,Truk,Rem Blong,Jalan Nasional,Berlubang,40-60,Simpang Y,Perempuan,>50,Tidak,pribadi,tunggal,pengemudi,tidak,tidak_dijamin,tidak_ada,0
12/25/2024,2024,12,Bekasi,951,310,21,6,Cerah,Malam,Bus,Pelanggaran Lalu Lintas,Jalan Kota,Rusak,40-60,Tikungan,Perempuan,17-25,Ya,umum,tunggal,penumpang,ya,UU 33/1964,meninggal,16670000000
1/4/2021,2021,1,Medan,169,393,23,11,Hujan,Dini Hari,Truk,Pelanggaran Lalu Lintas,Jalan Kota,Rusak,>60,Simpang T,Perempuan,<17,Tidak,pribadi,multi_kendaraan,pengemudi,ya,UU 34/1964,meninggal,21020000000
8/26/2024,2024,8,Bandung,680,282,20,48,Cerah,Dini Hari,Bus,Kelalaian Pengemudi,Jalan Nasional,Berlubang,>60,Lurus,Perempuan,26-45,Ya,umum,multi_kendaraan,penumpang,ya,UU 33/1964,meninggal,16060000000
6/16/2022,2022,6,Jakarta Selatan,688,493,25,32,Hujan,Dini Hari,Motor,Rem Blong,Jalan Kota,Berlubang,>60,Simpang Y,Laki-laki,26-45,Ya,pribadi,tunggal,pengemudi,tidak,tidak_dijamin,tidak_ada,0
6/6/2021,2021,6,Makassar,522,198,30,60,Hujan,Malam,Motor,Kelalaian Pengemudi,Jalan Nasional,Baik,>60,Simpang Y,Perempuan,26-45,Ya,pribadi,multi_kendaraan,pengemudi,ya,UU 34/1964,meninggal,12600000000
1/12/2023,2023,1,Bekasi,436,476,20,2,Hujan,Malam,Mobil,Kurang Jarak Aman,Jalan Nasional,Rusak,>60,Simpang Y,Laki-laki,<17,Tidak,pribadi,tunggal,pengemudi,tidak,tidak_dijamin,tidak_ada,0
8/2/2022,2022,8,Makassar,423,411,22,32,Hujan,Malam,Motor,Rem Blong,Jalan Provinsi,Baik,<40,Simpang Y,Laki-laki,26-45,Tidak,pribadi,tunggal,pengemudi,tidak,tidak_dijamin,tidak_ada,0
7/14/2025,2025,7,Makassar,746,100,20,19,Cerah,Siang,Bus,Rem Blong,Jalan Kota,Berlubang,>60,Simpang 4,Perempuan,26-45,Tidak,umum,tunggal,penumpang,ya,UU 33/1964,meninggal,6380000000
7/10/2024,2024,7,Medan,728,365,29,48,Hujan,Dini Hari,Motor,Kondisi Jalan,Jalan Kota,Baik,<40,Lurus,Perempuan,17-25,Ya,pribadi,tunggal,pengemudi,tidak,tidak_dijamin,tidak_ada,0
12/15/2025,2025,12,Jakarta Selatan,1109,144,30,12,Cerah,Dini Hari,Truk,Pelanggaran Lalu Lintas,Jalan Nasional,Rusak,<40,Tikungan,Laki-laki,>50,Tidak,pribadi,multi_kendaraan,pengemudi,ya,UU 34/1964,meninggal,8940000000
5/2/2022,2022,5,Jakarta Timur,356,244,23,20,Cerah,Dini Hari,Bus,Pelanggaran Lalu Lintas,Jalan Kota,Rusak,<40,Simpang T,Perempuan,17-25,Tidak,umum,multi_kendaraan,penumpang,ya,UU 33/1964,meninggal,13750000000
7/13/2024,2024,7,Yogyakarta,641,336,22,17,Hujan,Dini Hari,Motor,Pelanggaran Lalu Lintas,Jalan Kota,Rusak,>60,Lurus,Perempuan,<17,Tidak,pribadi,multi_kendaraan,pengemudi,ya,UU 34/1964,meninggal,18240000000
5/25/2025,2025,5,Medan,724,420,27,28,Cerah,Siang,Truk,Kelalaian Pengemudi,Jalan Nasional,Berlubang,>60,Simpang 4,Perempuan,<17,Ya,pribadi,multi_kendaraan,pengemudi,ya,UU 34/1964,meninggal,22910000000
1/30/2025,2025,1,Yogyakarta,771,479,23,38,Cerah,Dini Hari,Mobil,Kondisi Jalan,Jalan Nasional,Berlubang,40-60,Simpang Y,Laki-laki,>50,Tidak,pribadi,multi_kendaraan,pengemudi,ya,UU 34/1964,meninggal,25860000000
7/9/2023,2023,7,Yogyakarta,524,197,21,14,Cerah,Malam,Bus,Kecepatan Berlebih,Jalan Nasional,Berlubang,>60,Tikungan,Laki-laki,17-25,Ya,umum,multi_kendaraan,penumpang,ya,UU 33/1964,meninggal,11180000000
6/15/2025,2025,6,Bandung,937,478,22,42,Cerah,Dini Hari,Mobil,Kondisi Jalan,Jalan Kota,Rusak,>60,Lurus,Perempuan,26-45,Tidak,pribadi,tunggal,pengemudi,tidak,tidak_dijamin,tidak_ada,0
5/19/2022,2022,5,Medan,454,360,26,42,Hujan,Pagi,Bus,Kurang Jarak Aman,Jalan Provinsi,Rusak,<40,Simpang 4,Perempuan,26-45,Tidak,umum,multi_kendaraan,penumpang,ya,UU 33/1964,meninggal,20140000000
6/6/2021,2021,6,Jakarta Timur,557,304,26,16,Cerah,Dini Hari,Motor,Pelanggaran Lalu Lintas,Jalan Nasional,Rusak,<40,Simpang 4,Laki-laki,26-45,Ya,pribadi,multi_kendaraan,pengemudi,ya,UU 34/1964,meninggal,16820000000
1/26/2022,2022,1,Makassar,285,288,22,26,Cerah,Pagi,Bus,Kecepatan Berlebih,Jalan Kota,Rusak,40-60,Lurus,Laki-laki,>50,Ya,umum,multi_kendaraan,penumpang,ya,UU 33/1964,meninggal,16020000000
6/16/2025,2025,6,Medan,1001,284,26,23,Cerah,Siang,Mobil,Kecepatan Berlebih,Jalan Nasional,Baik,<40,Simpang 4,Laki-laki,26-45,Ya,pribadi,multi_kendaraan,pengemudi,ya,UU 34/1964,meninggal,15960000000
7/10/2024,2024,7,Yogyakarta,612,496,25,29,Hujan,Dini Hari,Truk,Kecepatan Berlebih,Jalan Provinsi,Baik,>60,Simpang Y,Laki-laki,<17,Tidak,pribadi,multi_kendaraan,pengemudi,ya,UU 34/1964,meninggal,26630000000
12/31/2023,2023,12,Yogyakarta,801,469,30,12,Cerah,Pagi,Truk,Rem Blong,Jalan Nasional,Rusak,>60,Tikungan,Perempuan,<17,Ya,pribadi,multi_kendaraan,pengemudi,ya,UU 34/1964,meninggal,25190000000
8/31/2022,2022,8,Medan,486,137,26,14,Cerah,Pagi,Motor,Kelalaian Pengemudi,Jalan Provinsi,Rusak,>60,Simpang 4,Perempuan,>50,Tidak,pribadi,multi_kendaraan,pengemudi,ya,UU 34/1964,meninggal,8430000000
9/17/2021,2021,9,Yogyakarta,292,218,21,17,Cerah,Malam,Truk,Kondisi Jalan,Jalan Provinsi,Rusak,<40,Lurus,Laki-laki,>50,Tidak,pribadi,multi_kendaraan,pengemudi,ya,UU 34/1964,meninggal,12290000000
5/30/2022,2022,5,Palembang,373,200,28,23,Cerah,Pagi,Motor,Pelanggaran Lalu Lintas,Jalan Provinsi,Rusak,40-60,Simpang T,Perempuan,<17,Tidak,pribadi,tunggal,pengemudi,tidak,tidak_dijamin,tidak_ada,0
7/13/2024,2024,7,Jakarta Timur,727,255,25,17,Hujan,Pagi,Bus,Kondisi Jalan,Jalan Nasional,Baik,>60,Lurus,Laki-laki,<17,Tidak,umum,tunggal,penumpang,ya,UU 33/1964,meninggal,14340000000
3/9/2021,2021,3,Yogyakarta,220,377,30,14,Hujan,Pagi,Mobil,Kelalaian Pengemudi,Jalan Provinsi,Rusak,>60,Lurus,Laki-laki,>50,Ya,pribadi,tunggal,pengemudi,tidak,tidak_dijamin,tidak_ada,0
8/7/2022,2022,8,Surabaya,399,388,25,42,Hujan,Malam,Motor,Rem Blong,Jalan Provinsi,Berlubang,40-60,Simpang T,Laki-laki,17-25,Tidak,pribadi,multi_kendaraan,pengemudi,ya,UU 34/1964,meninggal,21490000000
12/24/2023,2023,12,Medan,851,336,30,9,Cerah,Pagi,Motor,Kecepatan Berlebih,Jalan Nasional,Rusak,>60,Simpang T,Laki-laki,17-25,Ya,pribadi,tunggal,pengemudi,tidak,tidak_dijamin,tidak_ada,0
10/21/2024,2024,10,Medan,723,250,26,11,Hujan,Malam,Truk,Kelalaian Pengemudi,Jalan Nasional,Rusak,<40,Simpang 4,Perempuan,17-25,Ya,pribadi,tunggal,pengemudi,tidak,tidak_dijamin,tidak_ada,0
6/20/2024,2024,6,Bandung,952,143,20,27,Cerah,Dini Hari,Truk,Pelanggaran Lalu Lintas,Jalan Kota,Baik,40-60,Lurus,Perempuan,>50,Ya,pribadi,multi_kendaraan,pengemudi,ya,UU 34/1964,meninggal,8690000000
7/26/2023,2023,7,Medan,601,229,24,19,Hujan,Dini Hari,Truk,Kelalaian Pengemudi,Jalan Provinsi,Berlubang,>60,Simpang 4,Laki-laki,>50,Tidak,pribadi,tunggal,pengemudi,tidak,tidak_dijamin,tidak_ada,0
3/15/2021,2021,3,Jakarta Selatan,200,463,25,41,Cerah,Dini Hari,Mobil,Kelalaian Pengemudi,Jalan Nasional,Baik,<40,Simpang Y,Perempuan,17-25,Ya,pribadi,multi_kendaraan,pengemudi,ya,UU 34/1964,meninggal,25220000000
2/28/2024,2024,2,Semarang,517,306,29,36,Hujan,Dini Hari,Truk,Kondisi Jalan,Jalan Kota,Berlubang,40-60,Simpang T,Laki-laki,17-25,Ya,pribadi,tunggal,pengemudi,tidak,tidak_dijamin,tidak_ada,0
6/2/2022,2022,6,Surabaya,611,334,20,47,Hujan,Dini Hari,Bus,Rem Blong,Jalan Nasional,Berlubang,<40,Simpang T,Perempuan,<17,Ya,umum,tunggal,penumpang,ya,UU 33/1964,meninggal,18640000000
4/9/2022,2022,4,Bekasi,323,333,20,4,Hujan,Siang,Motor,Pelanggaran Lalu Lintas,Jalan Provinsi,Rusak,<40,Simpang Y,Perempuan,<17,Tidak,pribadi,multi_kendaraan,pengemudi,ya,UU 34/1964,meninggal,17730000000
12/9/2021,2021,12,Surabaya,628,165,30,26,Cerah,Pagi,Motor,Rem Blong,Jalan Provinsi,Rusak,<40,Simpang Y,Laki-laki,>50,Ya,pribadi,tunggal,pengemudi,tidak,tidak_dijamin,tidak_ada,0
6/23/2024,2024,6,Jakarta Selatan,856,445,20,53,Hujan,Dini Hari,Motor,Pelanggaran Lalu Lintas,Jalan Provinsi,Baik,>60,Tikungan,Laki-laki,<17,Tidak,pribadi,multi_kendaraan,pengemudi,ya,UU 34/1964,meninggal,24310000000
6/21/2023,2023,6,Bekasi,657,254,27,17,Hujan,Dini Hari,Bus,Pelanggaran Lalu Lintas,Jalan Nasional,Rusak,40-60,Simpang T,Perempuan,>50,Tidak,umum,tunggal,penumpang,ya,UU 33/1964,meninggal,14390000000
11/2/2024,2024,11,Palembang,651,201,22,23,Hujan,Malam,Mobil,Kecepatan Berlebih,Jalan Nasional,Rusak,40-60,Simpang 4,Laki-laki,26-45,Tidak,pribadi,multi_kendaraan,pengemudi,ya,UU 34/1964,meninggal,11610000000
8/12/2021,2021,8,Makassar,398,169,23,7,Hujan,Pagi,Mobil,Kecepatan Berlebih,Jalan Kota,Baik,<40,Simpang T,Laki-laki,<17,Tidak,pribadi,tunggal,pengemudi,tidak,tidak_dijamin,tidak_ada,0
12/7/2023,2023,12,Semarang,906,158,21,9,Hujan,Pagi,Motor,Kecepatan Berlebih,Jalan Nasional,Rusak,<40,Lurus,Perempuan,17-25,Ya,pribadi,multi_kendaraan,pengemudi,ya,UU 34/1964,meninggal,9130000000
10/8/2023,2023,10,Yogyakarta,658,359,28,21,Hujan,Dini Hari,Bus,Kurang Jarak Aman,Jalan Nasional,Rusak,40-60,Simpang T,Laki-laki,<17,Ya,umum,multi_kendaraan,penumpang,ya,UU 33/1964,meninggal,19770000000
10/12/2023,2023,10,Surabaya,541,276,26,55,Cerah,Malam,Truk,Kurang Jarak Aman,Jalan Kota,Rusak,>60,Tikungan,Laki-laki,>50,Tidak,pribadi,multi_kendaraan,pengemudi,ya,UU 34/1964,meninggal,16200000000
5/21/2024,2024,5,Bandung,670,137,28,53,Cerah,Malam,Mobil,Rem Blong,Jalan Provinsi,Rusak,<40,Simpang T,Perempuan,<17,Tidak,pribadi,tunggal,pengemudi,tidak,tidak_dijamin,tidak_ada,0
12/2/2025,2025,12,Bekasi,934,426,22,12,Hujan,Siang,Truk,Rem Blong,Jalan Provinsi,Rusak,>60,Lurus,Laki-laki,26-45,Tidak,pribadi,tunggal,pengemudi,tidak,tidak_dijamin,tidak_ada,0
10/31/2021,2021,10,Semarang,370,294,28,17,Cerah,Malam,Mobil,Rem Blong,Jalan Provinsi,Berlubang,>60,Lurus,Perempuan,<17,Tidak,pribadi,tunggal,pengemudi,tidak,tidak_dijamin,tidak_ada,0
6/23/2024,2024,6,Medan,990,206,27,5,Hujan,Siang,Motor,Kelalaian Pengemudi,Jalan Provinsi,Rusak,<40,Simpang Y,Laki-laki,17-25,Tidak,pribadi,tunggal,pengemudi,tidak,tidak_dijamin,tidak_ada,0
1/10/2023,2023,1,Bekasi,494,350,21,11,Cerah,Dini Hari,Truk,Pelanggaran Lalu Lintas,Jalan Kota,Rusak,>60,Lurus,Laki-laki,<17,Tidak,pribadi,multi_kendaraan,pengemudi,ya,UU 34/1964,meninggal,18770000000
6/16/2022,2022,6,Jakarta Timur,746,440,27,11,Cerah,Pagi,Mobil,Kondisi Jalan,Jalan Kota,Baik,40-60,Tikungan,Laki-laki,<17,Ya,pribadi,multi_kendaraan,pengemudi,ya,UU 34/1964,meninggal,23570000000
1/31/2024,2024,1,Palembang,565,377,20,34,Cerah,Malam,Bus,Rem Blong,Jalan Provinsi,Baik,40-60,Tikungan,Laki-laki,<17,Tidak,umum,multi_kendaraan,penumpang,ya,UU 33/1964,meninggal,20530000000
9/13/2021,2021,9,Bandung,299,210,30,29,Hujan,Dini Hari,Mobil,Kondisi Jalan,Jalan Provinsi,Baik,>60,Tikungan,Laki-laki,<17,Ya,pribadi,multi_kendaraan,pengemudi,ya,UU 34/1964,meninggal,12580000000
10/31/2021,2021,10,Palembang,428,487,20,3,Hujan,Siang,Bus,Kondisi Jalan,Jalan Kota,Berlubang,>60,Simpang 4,Laki-laki,>50,Tidak,umum,multi_kendaraan,penumpang,ya,UU 33/1964,meninggal,25410000000
8/19/2021,2021,8,Jakarta Selatan,311,326,24,1,Hujan,Siang,Mobil,Kondisi Jalan,Jalan Provinsi,Baik,40-60,Tikungan,Laki-laki,<17,Ya,pribadi,multi_kendaraan,pengemudi,ya,UU 34/1964,meninggal,17520000000
9/17/2023,2023,9,Yogyakarta,529,208,26,39,Cerah,Siang,Mobil,Kondisi Jalan,Jalan Nasional,Berlubang,>60,Simpang T,Perempuan,<17,Tidak,pribadi,multi_kendaraan,pengemudi,ya,UU 34/1964,meninggal,12480000000
4/16/2022,2022,4,Bandung,342,317,22,14,Hujan,Pagi,Bus,Rem Blong,Jalan Kota,Baik,40-60,Simpang T,Perempuan,17-25,Tidak,umum,multi_kendaraan,penumpang,ya,UU 33/1964,meninggal,17230000000
12/28/2025,2025,12,Medan,1112,197,28,35,Cerah,Siang,Motor,Kelalaian Pengemudi,Jalan Nasional,Berlubang,40-60,Tikungan,Perempuan,<17,Ya,pribadi,multi_kendaraan,pengemudi,ya,UU 34/1964,meninggal,11950000000
6/3/2024,2024,6,Bekasi,772,124,29,9,Hujan,Malam,Truk,Kelalaian Pengemudi,Jalan Kota,Rusak,>60,Simpang 4,Laki-laki,>50,Tidak,pribadi,multi_kendaraan,pengemudi,ya,UU 34/1964,meninggal,7830000000
9/16/2022,2022,9,Yogyakarta,388,334,23,2,Cerah,Malam,Bus,Pelanggaran Lalu Lintas,Jalan Kota,Baik,40-60,Simpang Y,Perempuan,26-45,Tidak,umum,tunggal,penumpang,ya,UU 33/1964,meninggal,17890000000
12/7/2021,2021,12,Semarang,563,320,24,32,Cerah,Siang,Mobil,Pelanggaran Lalu Lintas,Jalan Nasional,Baik,40-60,Simpang Y,Perempuan,17-25,Ya,pribadi,tunggal,pengemudi,tidak,tidak_dijamin,tidak_ada,0
6/24/2024,2024,6,Semarang,903,143,21,2,Hujan,Malam,Motor,Kecepatan Berlebih,Jalan Provinsi,Rusak,40-60,Simpang T,Perempuan,17-25,Ya,pribadi,tunggal,pengemudi,tidak,tidak_dijamin,tidak_ada,0
10/17/2024,2024,10,Jakarta Selatan,663,395,22,42,Cerah,Siang,Bus,Kelalaian Pengemudi,Jalan Provinsi,Berlubang,40-60,Tikungan,Perempuan,<17,Tidak,umum,multi_kendaraan,penumpang,ya,UU 33/1964,meninggal,21690000000
3/18/2023,2023,3,Palembang,431,149,28,31,Cerah,Siang,Truk,Kondisi Jalan,Jalan Nasional,Baik,>60,Simpang Y,Perempuan,17-25,Ya,pribadi,multi_kendaraan,pengemudi,ya,UU 34/1964,meninggal,9470000000
2/26/2023,2023,2,Bandung,408,196,24,15,Hujan,Pagi,Motor,Kecepatan Berlebih,Jalan Kota,Berlubang,<40,Simpang 4,Laki-laki,17-25,Ya,pribadi,tunggal,pengemudi,tidak,tidak_dijamin,tidak_ada,0
6/1/2025,2025,6,Medan,1037,103,23,35,Hujan,Malam,Motor,Kondisi Jalan,Jalan Provinsi,Rusak,40-60,Tikungan,Perempuan,>50,Tidak,pribadi,multi_kendaraan,pengemudi,ya,UU 34/1964,meninggal,7000000000
12/26/2024,2024,12,Yogyakarta,951,308,25,22,Hujan,Pagi,Bus,Pelanggaran Lalu Lintas,Jalan Kota,Rusak,40-60,Simpang Y,Laki-laki,26-45,Ya,umum,multi_kendaraan,penumpang,ya,UU 33/1964,meninggal,17090000000
12/19/2024,2024,12,Surabaya,843,305,22,34,Cerah,Pagi,Bus,Rem Blong,Jalan Provinsi,Rusak,>60,Lurus,Perempuan,>50,Tidak,umum,multi_kendaraan,penumpang,ya,UU 33/1964,meninggal,17030000000
3/22/2021,2021,3,Bekasi,220,124,29,22,Cerah,Pagi,Bus,Kecepatan Berlebih,Jalan Provinsi,Rusak,>60,Lurus,Perempuan,>50,Ya,umum,multi_kendaraan,penumpang,ya,UU 33/1964,meninggal,8090000000
1/4/2025,2025,1,Semarang,629,395,21,18,Hujan,Pagi,Bus,Pelanggaran Lalu Lintas,Jalan Kota,Berlubang,>60,Simpang T,Perempuan,>50,Ya,umum,multi_kendaraan,penumpang,ya,UU 33/1964,meninggal,21160000000
10/22/2021,2021,10,Jakarta Selatan,400,107,24,7,Cerah,Dini Hari,Bus,Rem Blong,Jalan Nasional,Rusak,<40,Simpang T,Perempuan,>50,Ya,umum,multi_kendaraan,penumpang,ya,UU 33/1964,meninggal,6690000000
4/11/2022,2022,4,Jakarta Timur,415,145,21,9,Cerah,Dini Hari,Bus,Rem Blong,Jalan Nasional,Berlubang,40-60,Tikungan,Perempuan,26-45,Tidak,umum,tunggal,penumpang,ya,UU 33/1964,meninggal,8480000000
3/24/2025,2025,3,Surabaya,673,142,30,11,Hujan,Dini Hari,Motor,Kecepatan Berlebih,Jalan Nasional,Baik,40-60,Lurus,Laki-laki,17-25,Ya,pribadi,multi_kendaraan,pengemudi,ya,UU 34/1964,meninggal,8820000000
7/31/2023,2023,7,Medan,557,388,27,28,Hujan,Pagi,Motor,Kondisi Jalan,Jalan Kota,Baik,<40,Lurus,Perempuan,17-25,Ya,pribadi,multi_kendaraan,pengemudi,ya,UU 34/1964,meninggal,21310000000
5/2/2023,2023,5,Medan,529,134,24,24,Hujan,Siang,Mobil,Kelalaian Pengemudi,Jalan Kota,Berlubang,>60,Simpang T,Laki-laki,26-45,Ya,pribadi,tunggal,pengemudi,tidak,tidak_dijamin,tidak_ada,0
2/18/2024,2024,2,Surabaya,593,230,29,43,Hujan,Dini Hari,Mobil,Kecepatan Berlebih,Jalan Nasional,Berlubang,>60,Simpang Y,Perempuan,<17,Tidak,pribadi,multi_kendaraan,pengemudi,ya,UU 34/1964,meninggal,13810000000
5/31/2023,2023,5,Jakarta Selatan,502,463,21,56,Hujan,Pagi,Truk,Rem Blong,Jalan Kota,Rusak,40-60,Simpang Y,Laki-laki,<17,Ya,pribadi,multi_kendaraan,pengemudi,ya,UU 34/1964,meninggal,25320000000
11/25/2021,2021,11,Yogyakarta,289,342,28,12,Cerah,Malam,Truk,Kecepatan Berlebih,Jalan Provinsi,Berlubang,<40,Simpang 4,Laki-laki,>50,Ya,pribadi,tunggal,pengemudi,tidak,tidak_dijamin,tidak_ada,0
11/13/2023,2023,11,Palembang,644,186,29,25,Cerah,Siang,Motor,Kondisi Jalan,Jalan Provinsi,Berlubang,>60,Simpang T,Perempuan,26-45,Tidak,pribadi,multi_kendaraan,pengemudi,ya,UU 34/1964,meninggal,11250000000
6/2/2021,2021,6,Jakarta Selatan,490,133,20,13,Cerah,Siang,Mobil,Kurang Jarak Aman,Jalan Provinsi,Rusak,40-60,Simpang T,Perempuan,<17,Tidak,pribadi,multi_kendaraan,pengemudi,ya,UU 34/1964,meninggal,7910000000
8/8/2021,2021,8,Semarang,371,264,26,54,Hujan,Malam,Truk,Kelalaian Pengemudi,Jalan Provinsi,Rusak,40-60,Lurus,Laki-laki,26-45,Tidak,pribadi,multi_kendaraan,pengemudi,ya,UU 34/1964,meninggal,15580000000
6/25/2025,2025,6,Jakarta Selatan,969,165,30,6,Hujan,Pagi,Bus,Rem Blong,Jalan Kota,Berlubang,>60,Simpang Y,Laki-laki,<17,Ya,umum,multi_kendaraan,penumpang,ya,UU 33/1964,meninggal,9870000000
5/7/2021,2021,5,Medan,267,380,20,8,Hujan,Malam,Motor,Kelalaian Pengemudi,Jalan Nasional,Baik,<40,Lurus,Laki-laki,17-25,Tidak,pribadi,multi_kendaraan,pengemudi,ya,UU 34/1964,meninggal,20160000000
3/9/2021,2021,3,Yogyakarta,304,226,26,12,Cerah,Siang,Bus,Pelanggaran Lalu Lintas,Jalan Provinsi,Rusak,40-60,Simpang T,Perempuan,>50,Ya,umum,tunggal,penumpang,ya,UU 33/1964,meninggal,12840000000
1/26/2025,2025,1,Semarang,640,125,27,8,Hujan,Dini Hari,Bus,Kecepatan Berlebih,Jalan Provinsi,Baik,<40,Tikungan,Perempuan,17-25,Tidak,umum,multi_kendaraan,penumpang,ya,UU 33/1964,meninggal,7760000000
8/9/2023,2023,8,Makassar,626,330,25,4,Hujan,Siang,Mobil,Kelalaian Pengemudi,Jalan Nasional,Rusak,40-60,Simpang 4,Perempuan,26-45,Tidak,pribadi,multi_kendaraan,pengemudi,ya,UU 34/1964,meninggal,17830000000
12/7/2021,2021,12,Palembang,532,302,28,27,Hujan,Siang,Mobil,Kelalaian Pengemudi,Jalan Nasional,Baik,>60,Lurus,Perempuan,<17,Tidak,pribadi,multi_kendaraan,pengemudi,ya,UU 34/1964,meninggal,17040000000
12/17/2023,2023,12,Makassar,951,121,27,41,Hujan,Dini Hari,Truk,Kecepatan Berlebih,Jalan Nasional,Rusak,40-60,Simpang 4,Perempuan,26-45,Ya,pribadi,multi_kendaraan,pengemudi,ya,UU 34/1964,meninggal,8220000000
2/19/2021,2021,2,Bekasi,239,112,28,33,Cerah,Pagi,Mobil,Rem Blong,Jalan Provinsi,Baik,40-60,Tikungan,Laki-laki,<17,Ya,pribadi,multi_kendaraan,pengemudi,ya,UU 34/1964,meninggal,7660000000
7/21/2025,2025,7,Palembang,845,139,27,16,Cerah,Siang,Truk,Pelanggaran Lalu Lintas,Jalan Kota,Berlubang,40-60,Simpang 4,Perempuan,17-25,Ya,pribadi,multi_kendaraan,pengemudi,ya,UU 34/1964,meninggal,8620000000
6/14/2025,2025,6,Palembang,929,322,24,24,Cerah,Pagi,Truk,Pelanggaran Lalu Lintas,Jalan Kota,Berlubang,>60,Simpang 4,Laki-laki,26-45,Ya,pribadi,multi_kendaraan,pengemudi,ya,UU 34/1964,meninggal,17780000000
3/17/2023,2023,3,Semarang,538,212,21,42,Hujan,Malam,Motor,Pelanggaran Lalu Lintas,Jalan Kota,Baik,40-60,Simpang 4,Perempuan,17-25,Ya,pribadi,multi_kendaraan,pengemudi,ya,UU 34/1964,meninggal,12490000000
12/5/2022,2022,12,Yogyakarta,668,244,24,22,Cerah,Dini Hari,Bus,Kurang Jarak Aman,Jalan Kota,Baik,>60,Lurus,Perempuan,17-25,Tidak,umum,multi_kendaraan,penumpang,ya,UU 33/1964,meninggal,13840000000
7/2/2024,2024,7,Medan,714,292,29,49,Cerah,Siang,Bus,Rem Blong,Jalan Nasional,Rusak,40-60,Tikungan,Perempuan,<17,Ya,umum,multi_kendaraan,penumpang,ya,UU 33/1964,meninggal,17030000000
6/27/2022,2022,6,Yogyakarta,545,338,28,19,Cerah,Dini Hari,Motor,Kurang Jarak Aman,Jalan Kota,Rusak,>60,Simpang Y,Laki-laki,17-25,Tidak,pribadi,tunggal,pengemudi,tidak,tidak_dijamin,tidak_ada,0
5/12/2024,2024,5,Medan,702,420,24,1,Cerah,Malam,Truk,Kelalaian Pengemudi,Jalan Provinsi,Berlubang,>60,Simpang Y,Laki-laki,26-45,Ya,pribadi,multi_kendaraan,pengemudi,ya,UU 34/1964,meninggal,22220000000
10/31/2025,2025,10,Bekasi,891,208,23,3,Cerah,Dini Hari,Truk,Pelanggaran Lalu Lintas,Jalan Provinsi,Rusak,<40,Lurus,Perempuan,>50,Ya,pribadi,multi_kendaraan,pengemudi,ya,UU 34/1964,meninggal,11610000000
10/12/2025,2025,10,Surabaya,752,301,24,15,Hujan,Siang,Motor,Kecepatan Berlebih,Jalan Kota,Rusak,40-60,Simpang Y,Laki-laki,>50,Tidak,pribadi,multi_kendaraan,pengemudi,ya,UU 34/1964,meninggal,16550000000
4/22/2025,2025,4,Semarang,802,184,28,11,Cerah,Dini Hari,Mobil,Pelanggaran Lalu Lintas,Jalan Kota,Baik,>60,Simpang T,Laki-laki,17-25,Tidak,pribadi,tunggal,pengemudi,tidak,tidak_dijamin,tidak_ada,0
7/22/2023,2023,7,Surabaya,466,211,22,6,Hujan,Siang,Truk,Kurang Jarak Aman,Jalan Kota,Baik,<40,Simpang 4,Perempuan,26-45,Tidak,pribadi,multi_kendaraan,pengemudi,ya,UU 34/1964,meninggal,11770000000
2/8/2023,2023,2,Yogyakarta,418,256,30,46,Cerah,Siang,Motor,Pelanggaran Lalu Lintas,Jalan Nasional,Baik,40-60,Lurus,Perempuan,17-25,Tidak,pribadi,tunggal,pengemudi,tidak,tidak_dijamin,tidak_ada,0
12/14/2021,2021,12,Bekasi,642,178,30,5,Hujan,Malam,Bus,Kecepatan Berlebih,Jalan Nasional,Rusak,<40,Simpang 4,Perempuan,26-45,Ya,umum,tunggal,penumpang,ya,UU 33/1964,meninggal,10500000000
5/5/2023,2023,5,Jakarta Timur,462,490,26,61,Cerah,Siang,Motor,Kondisi Jalan,Jalan Provinsi,Berlubang,>60,Simpang 4,Perempuan,26-45,Tidak,pribadi,tunggal,pengemudi,tidak,tidak_dijamin,tidak_ada,0
3/5/2022,2022,3,Jakarta Timur,314,203,27,2,Cerah,Siang,Mobil,Pelanggaran Lalu Lintas,Jalan Nasional,Baik,40-60,Lurus,Laki-laki,<17,Tidak,pribadi,multi_kendaraan,pengemudi,ya,UU 34/1964,meninggal,11540000000
7/8/2025,2025,7,Medan,865,271,26,17,Cerah,Pagi,Truk,Kecepatan Berlebih,Jalan Nasional,Rusak,>60,Simpang Y,Perempuan,26-45,Tidak,pribadi,multi_kendaraan,pengemudi,ya,UU 34/1964,meninggal,15190000000
8/7/2025,2025,8,Makassar,773,334,21,13,Cerah,Malam,Motor,Kecepatan Berlebih,Jalan Provinsi,Berlubang,<40,Simpang 4,Laki-laki,>50,Ya,pribadi,tunggal,pengemudi,tidak,tidak_dijamin,tidak_ada,0
8/6/2021,2021,8,Jakarta Timur,278,471,21,6,Cerah,Siang,Bus,Kurang Jarak Aman,Jalan Kota,Berlubang,>60,Tikungan,Perempuan,>50,Tidak,umum,tunggal,penumpang,ya,UU 33/1964,meninggal,24720000000
9/12/2022,2022,9,Medan,507,141,24,52,Hujan,Dini Hari,Truk,Kurang Jarak Aman,Jalan Kota,Baik,<40,Simpang 4,Laki-laki,17-25,Tidak,pribadi,tunggal,pengemudi,tidak,tidak_dijamin,tidak_ada,0
5/19/2022,2022,5,Medan,463,134,20,22,Hujan,Pagi,Motor,Kurang Jarak Aman,Jalan Provinsi,Rusak,>60,Tikungan,Laki-laki,26-45,Tidak,pribadi,multi_kendaraan,pengemudi,ya,UU 34/1964,meninggal,8140000000
3/5/2023,2023,3,Medan,475,118,26,11,Cerah,Dini Hari,Bus,Pelanggaran Lalu Lintas,Jalan Nasional,Berlubang,>60,Tikungan,Perempuan,<17,Ya,umum,multi_kendaraan,penumpang,ya,UU 33/1964,meninggal,7420000000
10/21/2023,2023,10,Palembang,593,484,20,34,Hujan,Pagi,Mobil,Rem Blong,Jalan Nasional,Berlubang,>60,Lurus,Perempuan,<17,Tidak,pribadi,multi_kendaraan,pengemudi,ya,UU 34/1964,meninggal,25880000000
2/13/2025,2025,2,Palembang,660,366,28,12,Hujan,Pagi,Truk,Kelalaian Pengemudi,Jalan Nasional,Berlubang,40-60,Tikungan,Laki-laki,26-45,Ya,pribadi,tunggal,pengemudi,tidak,tidak_dijamin,tidak_ada,0
7/26/2025,2025,7,Semarang,728,422,26,45,Cerah,Pagi,Bus,Rem Blong,Jalan Kota,Rusak,>60,Simpang Y,Perempuan,26-45,Tidak,umum,multi_kendaraan,penumpang,ya,UU 33/1964,meninggal,23300000000
10/10/2024,2024,10,Makassar,750,278,22,38,Hujan,Pagi,Mobil,Pelanggaran Lalu Lintas,Jalan Provinsi,Baik,>60,Simpang 4,Laki-laki,26-45,Ya,pribadi,multi_kendaraan,pengemudi,ya,UU 34/1964,meninggal,15760000000
6/2/2021,2021,6,Jakarta Timur,583,435,29,17,Cerah,Dini Hari,Bus,Kondisi Jalan,Jalan Provinsi,Baik,>60,Simpang 4,Laki-laki,>50,Tidak,umum,tunggal,penumpang,ya,UU 33/1964,meninggal,23540000000
5/28/2021,2021,5,Medan,349,280,27,35,Hujan,Malam,Bus,Pelanggaran Lalu Lintas,Jalan Provinsi,Rusak,<40,Simpang 4,Perempuan,>50,Tidak,umum,multi_kendaraan,penumpang,ya,UU 33/1964,meninggal,16050000000
8/19/2024,2024,8,Surabaya,682,268,25,9,Hujan,Dini Hari,Bus,Kecepatan Berlebih,Jalan Kota,Baik,<40,Lurus,Laki-laki,>50,Ya,umum,tunggal,penumpang,ya,UU 33/1964,meninggal,14830000000
2/12/2025,2025,2,Medan,747,207,27,53,Cerah,Pagi,Motor,Kurang Jarak Aman,Jalan Nasional,Baik,40-60,Simpang 4,Perempuan,17-25,Ya,pribadi,multi_kendaraan,pengemudi,ya,UU 34/1964,meninggal,12760000000
5/29/2025,2025,5,Surabaya,720,319,25,23,Hujan,Dini Hari,Truk,Kelalaian Pengemudi,Jalan Kota,Berlubang,40-60,Tikungan,Laki-laki,<17,Tidak,pribadi,multi_kendaraan,pengemudi,ya,UU 34/1964,meninggal,17660000000
4/1/2024,2024,4,Jakarta Timur,582,273,30,8,Hujan,Siang,Mobil,Pelanggaran Lalu Lintas,Jalan Kota,Rusak,<40,Simpang T,Perempuan,>50,Tidak,pribadi,multi_kendaraan,pengemudi,ya,UU 34/1964,meninggal,15310000000
7/28/2023,2023,7,Yogyakarta,584,198,21,5,Cerah,Malam,Motor,Kelalaian Pengemudi,Jalan Nasional,Berlubang,40-60,Simpang T,Laki-laki,26-45,Ya,pribadi,tunggal,pengemudi,tidak,tidak_dijamin,tidak_ada,0
11/26/2022,2022,11,Bandung,418,384,25,22,Cerah,Dini Hari,Mobil,Pelanggaran Lalu Lintas,Jalan Nasional,Baik,>60,Simpang T,Perempuan,17-25,Tidak,pribadi,multi_kendaraan,pengemudi,ya,UU 34/1964,meninggal,20890000000
3/1/2022,2022,3,Medan,429,336,26,24,Hujan,Siang,Mobil,Kondisi Jalan,Jalan Nasional,Rusak,>60,Simpang 4,Laki-laki,<17,Tidak,pribadi,multi_kendaraan,pengemudi,ya,UU 34/1964,meninggal,18580000000
9/10/2023,2023,9,Jakarta Timur,586,221,21,9,Hujan,Siang,Truk,Kondisi Jalan,Jalan Nasional,Baik,>60,Simpang Y,Laki-laki,17-25,Tidak,pribadi,tunggal,pengemudi,tidak,tidak_dijamin,tidak_ada,0
8/18/2025,2025,8,Medan,833,284,20,30,Cerah,Siang,Mobil,Kurang Jarak Aman,Jalan Kota,Baik,40-60,Simpang T,Perempuan,<17,Ya,pribadi,multi_kendaraan,pengemudi,ya,UU 34/1964,meninggal,15800000000
8/25/2024,2024,8,Medan,682,138,26,38,Cerah,Pagi,Truk,Kurang Jarak Aman,Jalan Provinsi,Rusak,>60,Tikungan,Perempuan,<17,Ya,pribadi,multi_kendaraan,pengemudi,ya,UU 34/1964,meninggal,8960000000
6/19/2024,2024,6,Yogyakarta,992,484,28,31,Hujan,Siang,Motor,Kurang Jarak Aman,Jalan Nasional,Berlubang,<40,Simpang 4,Laki-laki,17-25,Tidak,pribadi,multi_kendaraan,pengemudi,ya,UU 34/1964,meninggal,26220000000
1/8/2021,2021,1,Medan,226,394,27,11,Hujan,Dini Hari,Truk,Pelanggaran Lalu Lintas,Jalan Kota,Rusak,40-60,Lurus,Perempuan,<17,Tidak,pribadi,multi_kendaraan,pengemudi,ya,UU 34/1964,meninggal,21270000000
8/1/2023,2023,8,Semarang,630,418,20,45,Cerah,Dini Hari,Motor,Rem Blong,Jalan Provinsi,Berlubang,>60,Simpang Y,Laki-laki,<17,Ya,pribadi,multi_kendaraan,pengemudi,ya,UU 34/1964,meninggal,22800000000
2/22/2021,2021,2,Jakarta Timur,204,418,28,41,Cerah,Malam,Mobil,Kondisi Jalan,Jalan Kota,Baik,<40,Simpang T,Laki-laki,<17,Tidak,pribadi,multi_kendaraan,pengemudi,ya,UU 34/1964,meninggal,23120000000
6/17/2022,2022,6,Palembang,703,116,25,16,Cerah,Siang,Truk,Kecepatan Berlebih,Jalan Provinsi,Baik,<40,Lurus,Laki-laki,>50,Ya,pribadi,multi_kendaraan,pengemudi,ya,UU 34/1964,meninggal,7370000000
9/29/2023,2023,9,Makassar,514,484,29,11,Cerah,Malam,Truk,Kecepatan Berlebih,Jalan Nasional,Berlubang,40-60,Simpang 4,Laki-laki,>50,Ya,pribadi,multi_kendaraan,pengemudi,ya,UU 34/1964,meninggal,25870000000
11/25/2024,2024,11,Palembang,694,151,28,7,Cerah,Dini Hari,Mobil,Kurang Jarak Aman,Jalan Kota,Berlubang,40-60,Simpang T,Perempuan,17-25,Tidak,pribadi,tunggal,pengemudi,tidak,tidak_dijamin,tidak_ada,0
6/7/2023,2023,6,Yogyakarta,752,392,20,8,Cerah,Siang,Bus,Kurang Jarak Aman,Jalan Nasional,Berlubang,<40,Lurus,Laki-laki,17-25,Tidak,umum,multi_kendaraan,penumpang,ya,UU 33/1964,meninggal,20760000000
7/7/2023,2023,7,Bekasi,507,157,27,36,Cerah,Siang,Truk,Kecepatan Berlebih,Jalan Kota,Berlubang,>60,Simpang T,Perempuan,>50,Ya,pribadi,multi_kendaraan,pengemudi,ya,UU 34/1964,meninggal,9920000000
11/5/2025,2025,11,Bandung,854,379,30,10,Cerah,Pagi,Mobil,Rem Blong,Jalan Provinsi,Baik,<40,Simpang Y,Perempuan,17-25,Ya,pribadi,multi_kendaraan,pengemudi,ya,UU 34/1964,meninggal,20650000000
12/20/2022,2022,12,Bekasi,791,136,24,10,Hujan,Pagi,Bus,Kecepatan Berlebih,Jalan Nasional,Baik,40-60,Lurus,Perempuan,>50,Tidak,umum,multi_kendaraan,penumpang,ya,UU 33/1964,meninggal,8200000000
1/13/2022,2022,1,Surabaya,413,408,28,49,Hujan,Dini Hari,Mobil,Kurang Jarak Aman,Jalan Nasional,Berlubang,<40,Simpang Y,Laki-laki,>50,Tidak,pribadi,multi_kendaraan,pengemudi,ya,UU 34/1964,meninggal,22780000000
9/30/2025,2025,9,Surabaya,891,454,28,12,Hujan,Siang,Mobil,Kecepatan Berlebih,Jalan Nasional,Berlubang,40-60,Tikungan,Laki-laki,26-45,Tidak,pribadi,multi_kendaraan,pengemudi,ya,UU 34/1964,meninggal,24340000000
11/21/2024,2024,11,Jakarta Timur,792,438,20,46,Hujan,Dini Hari,Bus,Pelanggaran Lalu Lintas,Jalan Provinsi,Berlubang,<40,Lurus,Perempuan,>50,Tidak,umum,tunggal,penumpang,ya,UU 33/1964,meninggal,23820000000
8/31/2022,2022,8,Medan,364,452,29,3,Cerah,Siang,Truk,Rem Blong,Jalan Nasional,Berlubang,<40,Simpang 4,Laki-laki,17-25,Tidak,pribadi,multi_kendaraan,pengemudi,ya,UU 34/1964,meninggal,24110000000
6/10/2025,2025,6,Semarang,1011,477,25,9,Cerah,Dini Hari,Truk,Kurang Jarak Aman,Jalan Provinsi,Berlubang,>60,Lurus,Perempuan,17-25,Tidak,pribadi,tunggal,pengemudi,tidak,tidak_dijamin,tidak_ada,0
10/15/2024,2024,10,Bekasi,671,396,22,13,Hujan,Dini Hari,Motor,Kondisi Jalan,Jalan Kota,Berlubang,<40,Simpang T,Laki-laki,>50,Ya,pribadi,tunggal,pengemudi,tidak,tidak_dijamin,tidak_ada,0
7/29/2023,2023,7,Makassar,622,123,23,14,Cerah,Malam,Motor,Kondisi Jalan,Jalan Nasional,Baik,<40,Simpang Y,Laki-laki,<17,Ya,pribadi,multi_kendaraan,pengemudi,ya,UU 34/1964,meninggal,7580000000
7/13/2024,2024,7,Semarang,695,332,20,28,Cerah,Siang,Bus,Kelalaian Pengemudi,Jalan Provinsi,Baik,>60,Simpang 4,Laki-laki,17-25,Tidak,umum,multi_kendaraan,penumpang,ya,UU 33/1964,meninggal,18160000000
8/20/2022,2022,8,Bandung,376,467,20,17,Hujan,Dini Hari,Truk,Kondisi Jalan,Jalan Nasional,Baik,>60,Simpang Y,Laki-laki,26-45,Tidak,pribadi,multi_kendaraan,pengemudi,ya,UU 34/1964,meninggal,24690000000
3/20/2022,2022,3,Jakarta Selatan,444,345,21,34,Hujan,Pagi,Truk,Kurang Jarak Aman,Jalan Kota,Baik,>60,Lurus,Perempuan,<17,Tidak,pribadi,tunggal,pengemudi,tidak,tidak_dijamin,tidak_ada,0
9/16/2021,2021,9,Palembang,358,202,28,33,Hujan,Malam,Truk,Pelanggaran Lalu Lintas,Jalan Provinsi,Baik,>60,Simpang 4,Laki-laki,17-25,Tidak,pribadi,multi_kendaraan,pengemudi,ya,UU 34/1964,meninggal,12160000000
6/5/2023,2023,6,Jakarta Timur,746,100,20,51,Cerah,Siang,Truk,Kurang Jarak Aman,Jalan Provinsi,Rusak,40-60,Lurus,Perempuan,>50,Tidak,pribadi,multi_kendaraan,pengemudi,ya,UU 34/1964,meninggal,7020000000
4/21/2023,2023,4,Surabaya,421,271,25,32,Hujan,Dini Hari,Mobil,Kondisi Jalan,Jalan Nasional,Berlubang,<40,Simpang 4,Perempuan,26-45,Ya,pribadi,multi_kendaraan,pengemudi,ya,UU 34/1964,meninggal,15440000000
9/4/2023,2023,9,Medan,540,204,29,8,Cerah,Siang,Motor,Rem Blong,Jalan Provinsi,Rusak,>60,Lurus,Perempuan,17-25,Ya,pribadi,tunggal,pengemudi,tidak,tidak_dijamin,tidak_ada,0
12/13/2021,2021,12,Palembang,645,348,26,14,Hujan,Malam,Bus,Kecepatan Berlebih,Jalan Nasional,Rusak,>60,Simpang Y,Laki-laki,>50,Ya,umum,tunggal,penumpang,ya,UU 33/1964,meninggal,18980000000
1/17/2023,2023,1,Semarang,444,363,30,49,Hujan,Pagi,Motor,Pelanggaran Lalu Lintas,Jalan Kota,Baik,>60,Simpang T,Laki-laki,>50,Ya,pribadi,multi_kendaraan,pengemudi,ya,UU 34/1964,meninggal,20630000000
1/4/2023,2023,1,Bandung,510,427,23,2,Cerah,Dini Hari,Motor,Pelanggaran Lalu Lintas,Jalan Provinsi,Baik,<40,Simpang 4,Perempuan,>50,Tidak,pribadi,tunggal,pengemudi,tidak,tidak_dijamin,tidak_ada,0
12/21/2022,2022,12,Yogyakarta,839,226,20,14,Cerah,Malam,Mobil,Kecepatan Berlebih,Jalan Nasional,Rusak,<40,Simpang Y,Perempuan,<17,Tidak,pribadi,multi_kendaraan,pengemudi,ya,UU 34/1964,meninggal,12580000000
1/18/2024,2024,1,Bandung,511,429,22,18,Hujan,Siang,Mobil,Kecepatan Berlebih,Jalan Nasional,Baik,>60,Simpang 4,Perempuan,<17,Ya,pribadi,multi_kendaraan,pengemudi,ya,UU 34/1964,meninggal,22910000000
8/8/2025,2025,8,Makassar,740,403,27,9,Hujan,Pagi,Truk,Rem Blong,Jalan Kota,Berlubang,<40,Lurus,Perempuan,>50,Tidak,pribadi,tunggal,pengemudi,tidak,tidak_dijamin,tidak_ada,0
2/26/2024,2024,2,Surabaya,541,244,23,14,Cerah,Malam,Mobil,Pelanggaran Lalu Lintas,Jalan Provinsi,Rusak,>60,Tikungan,Laki-laki,>50,Ya,pribadi,multi_kendaraan,pengemudi,ya,UU 34/1964,meninggal,13630000000
12/11/2025,2025,12,Yogyakarta,1057,165,24,4,Cerah,Malam,Motor,Kurang Jarak Aman,Jalan Nasional,Rusak,<40,Lurus,Perempuan,26-45,Ya,pribadi,multi_kendaraan,pengemudi,ya,UU 34/1964,meninggal,9530000000
12/14/2023,2023,12,Bandung,906,196,22,5,Hujan,Siang,Mobil,Kurang Jarak Aman,Jalan Kota,Berlubang,40-60,Tikungan,Perempuan,17-25,Tidak,pribadi,multi_kendaraan,pengemudi,ya,UU 34/1964,meninggal,11000000000
1/13/2023,2023,1,Semarang,493,355,27,43,Cerah,Dini Hari,Truk,Rem Blong,Jalan Provinsi,Rusak,>60,Simpang Y,Perempuan,<17,Tidak,pribadi,tunggal,pengemudi,tidak,tidak_dijamin,tidak_ada,0
8/1/2022,2022,8,Bandung,369,248,25,17,Hujan,Dini Hari,Truk,Kondisi Jalan,Jalan Nasional,Baik,40-60,Tikungan,Perempuan,<17,Tidak,pribadi,tunggal,pengemudi,tidak,tidak_dijamin,tidak_ada,0
6/28/2022,2022,6,Yogyakarta,693,390,28,16,Hujan,Siang,Mobil,Kurang Jarak Aman,Jalan Kota,Berlubang,>60,Simpang 4,Laki-laki,>50,Ya,pribadi,multi_kendaraan,pengemudi,ya,UU 34/1964,meninggal,21220000000
9/30/2021,2021,9,Yogyakarta,319,183,24,24,Hujan,Malam,Mobil,Kondisi Jalan,Jalan Provinsi,Baik,>60,Simpang 4,Laki-laki,<17,Ya,pribadi,tunggal,pengemudi,tidak,tidak_dijamin,tidak_ada,0
2/27/2022,2022,2,Jakarta Selatan,309,385,21,52,Hujan,Siang,Motor,Kondisi Jalan,Jalan Nasional,Rusak,>60,Simpang 4,Perempuan,>50,Ya,pribadi,multi_kendaraan,pengemudi,ya,UU 34/1964,meninggal,21340000000
11/2/2024,2024,11,Jakarta Timur,763,457,21,52,Hujan,Malam,Mobil,Kecepatan Berlebih,Jalan Kota,Baik,>60,Simpang 4,Perempuan,<17,Ya,pribadi,multi_kendaraan,pengemudi,ya,UU 34/1964,meninggal,24940000000
10/4/2025,2025,10,Bekasi,810,462,28,32,Cerah,Malam,Mobil,Pelanggaran Lalu Lintas,Jalan Kota,Rusak,40-60,Tikungan,Perempuan,<17,Tidak,pribadi,multi_kendaraan,pengemudi,ya,UU 34/1964,meninggal,25140000000
7/29/2022,2022,7,Medan,411,253,23,34,Cerah,Pagi,Truk,Kurang Jarak Aman,Jalan Nasional,Berlubang,>60,Simpang Y,Laki-laki,17-25,Tidak,pribadi,multi_kendaraan,pengemudi,ya,UU 34/1964,meninggal,14480000000
7/29/2021,2021,7,Jakarta Selatan,280,386,30,24,Hujan,Malam,Motor,Rem Blong,Jalan Provinsi,Berlubang,40-60,Simpang 4,Perempuan,26-45,Tidak,pribadi,multi_kendaraan,pengemudi,ya,UU 34/1964,meninggal,21280000000
3/26/2023,2023,3,Semarang,544,482,21,13,Cerah,Malam,Bus,Kecepatan Berlebih,Jalan Provinsi,Berlubang,>60,Simpang 4,Perempuan,26-45,Tidak,umum,tunggal,penumpang,ya,UU 33/1964,meninggal,25410000000
8/17/2024,2024,8,Medan,681,244,22,11,Cerah,Pagi,Mobil,Rem Blong,Jalan Kota,Berlubang,40-60,Tikungan,Laki-laki,17-25,Ya,pribadi,multi_kendaraan,pengemudi,ya,UU 34/1964,meninggal,13520000000
10/5/2024,2024,10,Surabaya,759,123,27,45,Cerah,Siang,Truk,Rem Blong,Jalan Provinsi,Rusak,<40,Lurus,Laki-laki,26-45,Tidak,pribadi,multi_kendaraan,pengemudi,ya,UU 34/1964,meninggal,8400000000
5/24/2024,2024,5,Medan,593,437,28,5,Hujan,Siang,Mobil,Kondisi Jalan,Jalan Kota,Berlubang,>60,Tikungan,Perempuan,<17,Tidak,pribadi,multi_kendaraan,pengemudi,ya,UU 34/1964,meninggal,23350000000
12/21/2024,2024,12,Yogyakarta,960,208,22,19,Hujan,Malam,Mobil,Kelalaian Pengemudi,Jalan Kota,Baik,40-60,Simpang Y,Laki-laki,17-25,Ya,pribadi,multi_kendaraan,pengemudi,ya,UU 34/1964,meninggal,11880000000
10/21/2021,2021,10,Surabaya,340,132,30,10,Cerah,Malam,Mobil,Pelanggaran Lalu Lintas,Jalan Nasional,Rusak,<40,Lurus,Perempuan,>50,Tidak,pribadi,tunggal,pengemudi,tidak,tidak_dijamin,tidak_ada,0
11/11/2023,2023,11,Yogyakarta,613,462,21,26,Hujan,Dini Hari,Mobil,Kelalaian Pengemudi,Jalan Kota,Rusak,<40,Simpang Y,Perempuan,>50,Tidak,pribadi,multi_kendaraan,pengemudi,ya,UU 34/1964,meninggal,24670000000
12/18/2021,2021,12,Palembang,602,460,27,10,Hujan,Siang,Mobil,Kecepatan Berlebih,Jalan Nasional,Rusak,40-60,Simpang T,Laki-laki,>50,Tidak,pribadi,multi_kendaraan,pengemudi,ya,UU 34/1964,meninggal,24550000000
3/16/2024,2024,3,Jakarta Selatan,675,311,21,3,Cerah,Pagi,Bus,Kelalaian Pengemudi,Jalan Kota,Baik,<40,Simpang 4,Perempuan,<17,Tidak,umum,tunggal,penumpang,ya,UU 33/1964,meninggal,16660000000
3/21/2022,2022,3,Medan,435,240,20,42,Cerah,Malam,Mobil,Pelanggaran Lalu Lintas,Jalan Kota,Rusak,>60,Lurus,Laki-laki,>50,Ya,pribadi,multi_kendaraan,pengemudi,ya,UU 34/1964,meninggal,13840000000
1/18/2025,2025,1,Bekasi,763,169,24,39,Hujan,Pagi,Truk,Kecepatan Berlebih,Jalan Nasional,Rusak,40-60,Tikungan,Perempuan,>50,Tidak,pribadi,multi_kendaraan,pengemudi,ya,UU 34/1964,meninggal,10430000000
8/14/2021,2021,8,Bandung,269,221,23,23,Cerah,Pagi,Bus,Kondisi Jalan,Jalan Provinsi,Baik,40-60,Simpang 4,Laki-laki,<17,Tidak,umum,multi_kendaraan,penumpang,ya,UU 33/1964,meninggal,12660000000
6/5/2024,2024,6,Palembang,883,105,22,33,Cerah,Dini Hari,Truk,Kurang Jarak Aman,Jalan Provinsi,Baik,>60,Lurus,Perempuan,26-45,Tidak,pribadi,multi_kendaraan,pengemudi,ya,UU 34/1964,meninggal,7010000000
12/13/2024,2024,12,Jakarta Timur,1083,310,24,36,Hujan,Siang,Motor,Rem Blong,Jalan Provinsi,Baik,>60,Simpang 4,Laki-laki,>50,Ya,pribadi,tunggal,pengemudi,tidak,tidak_dijamin,tidak_ada,0
5/30/2023,2023,5,Palembang,547,138,27,25,Cerah,Malam,Truk,Kecepatan Berlebih,Jalan Provinsi,Berlubang,>60,Lurus,Laki-laki,<17,Tidak,pribadi,tunggal,pengemudi,tidak,tidak_dijamin,tidak_ada,0
10/6/2023,2023,10,Jakarta Timur,634,113,24,43,Hujan,Siang,Mobil,Pelanggaran Lalu Lintas,Jalan Nasional,Rusak,40-60,Lurus,Perempuan,17-25,Ya,pribadi,multi_kendaraan,pengemudi,ya,UU 34/1964,meninggal,7710000000
10/19/2021,2021,10,Jakarta Selatan,357,115,20,32,Cerah,Dini Hari,Truk,Kondisi Jalan,Jalan Kota,Baik,<40,Simpang Y,Perempuan,26-45,Tidak,pribadi,tunggal,pengemudi,tidak,tidak_dijamin,tidak_ada,0
4/5/2021,2021,4,Jakarta Timur,210,240,25,13,Cerah,Siang,Motor,Kelalaian Pengemudi,Jalan Provinsi,Baik,>60,Tikungan,Laki-laki,17-25,Ya,pribadi,multi_kendaraan,pengemudi,ya,UU 34/1964,meninggal,13510000000
3/26/2021,2021,3,Jakarta Timur,314,433,22,42,Hujan,Dini Hari,Bus,Kelalaian Pengemudi,Jalan Nasional,Berlubang,<40,Simpang 4,Laki-laki,26-45,Tidak,umum,multi_kendaraan,penumpang,ya,UU 33/1964,meninggal,23590000000
10/16/2023,2023,10,Medan,533,340,22,13,Hujan,Pagi,Motor,Kelalaian Pengemudi,Jalan Kota,Rusak,40-60,Simpang Y,Laki-laki,>50,Ya,pribadi,multi_kendaraan,pengemudi,ya,UU 34/1964,meninggal,18360000000
4/6/2023,2023,4,Jakarta Timur,530,270,28,31,Cerah,Siang,Mobil,Kelalaian Pengemudi,Jalan Provinsi,Rusak,<40,Simpang T,Perempuan,>50,Ya,pribadi,multi_kendaraan,pengemudi,ya,UU 34/1964,meninggal,15520000000
9/14/2024,2024,9,Jakarta Selatan,774,155,28,26,Cerah,Malam,Bus,Pelanggaran Lalu Lintas,Jalan Nasional,Baik,40-60,Tikungan,Laki-laki,>50,Ya,umum,multi_kendaraan,penumpang,ya,UU 33/1964,meninggal,9670000000
12/20/2024,2024,12,Bandung,1022,129,20,17,Cerah,Siang,Bus,Rem Blong,Jalan Provinsi,Baik,>60,Lurus,Perempuan,26-45,Tidak,umum,multi_kendaraan,penumpang,ya,UU 33/1964,meninggal,7790000000
2/3/2022,2022,2,Palembang,334,123,23,36,Cerah,Siang,Bus,Pelanggaran Lalu Lintas,Jalan Provinsi,Berlubang,40-60,Simpang Y,Perempuan,17-25,Tidak,umum,tunggal,penumpang,ya,UU 33/1964,meninggal,8020000000
3/5/2023,2023,3,Bandung,561,326,23,69,Hujan,Dini Hari,Bus,Rem Blong,Jalan Kota,Rusak,40-60,Lurus,Laki-laki,26-45,Ya,umum,multi_kendaraan,penumpang,ya,UU 33/1964,meninggal,18830000000
3/21/2024,2024,3,Palembang,538,247,27,30,Cerah,Malam,Truk,Kondisi Jalan,Jalan Kota,Berlubang,<40,Simpang Y,Perempuan,26-45,Ya,pribadi,multi_kendaraan,pengemudi,ya,UU 34/1964,meninggal,14300000000
11/20/2021,2021,11,Bekasi,362,496,27,29,Cerah,Siang,Motor,Kurang Jarak Aman,Jalan Nasional,Rusak,>60,Tikungan,Laki-laki,17-25,Ya,pribadi,multi_kendaraan,pengemudi,ya,UU 34/1964,meninggal,26730000000
6/6/2025,2025,6,Jakarta Selatan,996,296,22,42,Cerah,Pagi,Truk,Pelanggaran Lalu Lintas,Jalan Nasional,Berlubang,40-60,Simpang Y,Laki-laki,17-25,Tidak,pribadi,multi_kendaraan,pengemudi,ya,UU 34/1964,meninggal,16740000000
4/1/2023,2023,4,Palembang,493,352,29,4,Hujan,Dini Hari,Bus,Kondisi Jalan,Jalan Nasional,Rusak,<40,Simpang Y,Perempuan,26-45,Tidak,umum,multi_kendaraan,penumpang,ya,UU 33/1964,meninggal,19130000000
4/13/2021,2021,4,Bekasi,318,460,29,9,Cerah,Dini Hari,Motor,Pelanggaran Lalu Lintas,Jalan Kota,Baik,40-60,Tikungan,Laki-laki,26-45,Ya,pribadi,multi_kendaraan,pengemudi,ya,UU 34/1964,meninggal,24630000000
1/16/2024,2024,1,Yogyakarta,644,376,20,18,Cerah,Malam,Motor,Rem Blong,Jalan Kota,Berlubang,>60,Simpang 4,Perempuan,<17,Ya,pribadi,tunggal,pengemudi,tidak,tidak_dijamin,tidak_ada,0
10/17/2022,2022,10,Surabaya,515,239,20,27,Cerah,Pagi,Bus,Pelanggaran Lalu Lintas,Jalan Nasional,Baik,40-60,Simpang T,Perempuan,26-45,Tidak,umum,multi_kendaraan,penumpang,ya,UU 33/1964,meninggal,13490000000
8/3/2024,2024,8,Makassar,659,367,28,41,Hujan,Dini Hari,Truk,Pelanggaran Lalu Lintas,Jalan Provinsi,Berlubang,<40,Simpang 4,Laki-laki,26-45,Ya,pribadi,multi_kendaraan,pengemudi,ya,UU 34/1964,meninggal,20570000000
7/18/2025,2025,7,Palembang,828,352,23,16,Hujan,Pagi,Truk,Kurang Jarak Aman,Jalan Nasional,Berlubang,<40,Simpang 4,Laki-laki,26-45,Ya,pribadi,multi_kendaraan,pengemudi,ya,UU 34/1964,meninggal,19070000000
2/9/2023,2023,2,Bekasi,441,271,24,9,Cerah,Siang,Mobil,Kondisi Jalan,Jalan Nasional,Berlubang,>60,Simpang T,Laki-laki,<17,Ya,pribadi,multi_kendaraan,pengemudi,ya,UU 34/1964,meninggal,14930000000
9/3/2023,2023,9,Medan,629,389,21,4,Hujan,Pagi,Truk,Rem Blong,Jalan Kota,Berlubang,<40,Lurus,Laki-laki,26-45,Tidak,pribadi,multi_kendaraan,pengemudi,ya,UU 34/1964,meninggal,20580000000
9/30/2022,2022,9,Jakarta Timur,390,329,21,17,Hujan,Dini Hari,Truk,Rem Blong,Jalan Provinsi,Rusak,>60,Simpang 4,Laki-laki,>50,Ya,pribadi,tunggal,pengemudi,tidak,tidak_dijamin,tidak_ada,0
6/18/2024,2024,6,Surabaya,957,192,30,38,Hujan,Siang,Bus,Kurang Jarak Aman,Jalan Provinsi,Berlubang,>60,Lurus,Perempuan,26-45,Ya,umum,multi_kendaraan,penumpang,ya,UU 33/1964,meninggal,11860000000
12/13/2023,2023,12,Bekasi,917,125,21,12,Cerah,Siang,Truk,Pelanggaran Lalu Lintas,Jalan Provinsi,Rusak,<40,Tikungan,Perempuan,>50,Ya,pribadi,multi_kendaraan,pengemudi,ya,UU 34/1964,meninggal,7540000000
12/30/2024,2024,12,Palembang,862,193,28,16,Cerah,Dini Hari,Motor,Pelanggaran Lalu Lintas,Jalan Provinsi,Rusak,>60,Simpang Y,Laki-laki,26-45,Tidak,pribadi,multi_kendaraan,pengemudi,ya,UU 34/1964,meninggal,11370000000
3/24/2022,2022,3,Jakarta Selatan,350,339,21,33,Cerah,Siang,Mobil,Kondisi Jalan,Jalan Kota,Rusak,>60,Lurus,Perempuan,26-45,Tidak,pribadi,multi_kendaraan,pengemudi,ya,UU 34/1964,meninggal,18660000000
5/24/2021,2021,5,Yogyakarta,319,198,23,38,Hujan,Malam,Mobil,Pelanggaran Lalu Lintas,Jalan Provinsi,Rusak,>60,Simpang Y,Laki-laki,>50,Tidak,pribadi,multi_kendaraan,pengemudi,ya,UU 34/1964,meninggal,11810000000
2/6/2022,2022,2,Jakarta Timur,324,317,27,39,Hujan,Malam,Motor,Kondisi Jalan,Jalan Kota,Baik,40-60,Simpang T,Laki-laki,26-45,Ya,pribadi,tunggal,pengemudi,tidak,tidak_dijamin,tidak_ada,0
6/22/2021,2021,6,Jakarta Selatan,474,257,27,11,Cerah,Dini Hari,Motor,Kondisi Jalan,Jalan Kota,Berlubang,<40,Lurus,Laki-laki,<17,Tidak,pribadi,multi_kendaraan,pengemudi,ya,UU 34/1964,meninggal,14420000000
4/18/2023,2023,4,Bekasi,466,386,29,37,Hujan,Dini Hari,Bus,Pelanggaran Lalu Lintas,Jalan Kota,Rusak,40-60,Lurus,Laki-laki,>50,Tidak,umum,tunggal,penumpang,ya,UU 33/1964,meninggal,21490000000
7/25/2021,2021,7,Surabaya,329,114,23,8,Cerah,Siang,Bus,Rem Blong,Jalan Provinsi,Baik,<40,Simpang 4,Laki-laki,>50,Tidak,umum,multi_kendaraan,penumpang,ya,UU 33/1964,meninggal,7010000000
8/4/2021,2021,8,Makassar,283,478,29,21,Hujan,Dini Hari,Bus,Kelalaian Pengemudi,Jalan Kota,Baik,40-60,Simpang Y,Perempuan,17-25,Tidak,umum,tunggal,penumpang,ya,UU 33/1964,meninggal,25770000000
4/30/2024,2024,4,Bandung,615,346,24,13,Cerah,Dini Hari,Truk,Rem Blong,Jalan Kota,Baik,<40,Tikungan,Perempuan,<17,Ya,pribadi,multi_kendaraan,pengemudi,ya,UU 34/1964,meninggal,18760000000
7/13/2023,2023,7,Jakarta Timur,569,186,28,9,Hujan,Siang,Bus,Pelanggaran Lalu Lintas,Jalan Kota,Rusak,>60,Lurus,Perempuan,<17,Tidak,umum,tunggal,penumpang,ya,UU 33/1964,meninggal,10880000000
4/15/2025,2025,4,Bekasi,787,448,22,18,Cerah,Siang,Mobil,Rem Blong,Jalan Nasional,Rusak,>60,Lurus,Perempuan,17-25,Tidak,pribadi,multi_kendaraan,pengemudi,ya,UU 34/1964,meninggal,23860000000
4/9/2022,2022,4,Semarang,433,466,25,7,Cerah,Siang,Truk,Kurang Jarak Aman,Jalan Kota,Berlubang,<40,Simpang 4,Perempuan,>50,Tidak,pribadi,tunggal,pengemudi,tidak,tidak_dijamin,tidak_ada,0
3/28/2023,2023,3,Semarang,469,365,28,13,Cerah,Malam,Bus,Kecepatan Berlebih,Jalan Provinsi,Berlubang,>60,Simpang Y,Perempuan,26-45,Ya,umum,multi_kendaraan,penumpang,ya,UU 33/1964,meninggal,19910000000
3/18/2021,2021,3,Bekasi,247,474,28,22,Cerah,Pagi,Bus,Kecepatan Berlebih,Jalan Provinsi,Rusak,40-60,Lurus,Perempuan,26-45,Tidak,umum,multi_kendaraan,penumpang,ya,UU 33/1964,meninggal,25540000000
12/7/2022,2022,12,Makassar,772,380,30,44,Hujan,Siang,Motor,Kurang Jarak Aman,Jalan Kota,Baik,>60,Tikungan,Perempuan,26-45,Tidak,pribadi,multi_kendaraan,pengemudi,ya,UU 34/1964,meninggal,21380000000
3/6/2023,2023,3,Yogyakarta,560,155,20,9,Cerah,Siang,Truk,Pelanggaran Lalu Lintas,Jalan Kota,Berlubang,40-60,Lurus,Laki-laki,26-45,Tidak,pribadi,tunggal,pengemudi,tidak,tidak_dijamin,tidak_ada,0
4/22/2025,2025,4,Bandung,801,488,30,13,Cerah,Dini Hari,Truk,Kondisi Jalan,Jalan Nasional,Berlubang,>60,Simpang Y,Laki-laki,17-25,Tidak,pribadi,multi_kendaraan,pengemudi,ya,UU 34/1964,meninggal,26160000000
11/22/2023,2023,11,Bandung,650,474,22,29,Hujan,Malam,Bus,Kelalaian Pengemudi,Jalan Provinsi,Baik,40-60,Lurus,Perempuan,26-45,Ya,umum,tunggal,penumpang,ya,UU 33/1964,meninggal,25380000000
10/17/2023,2023,10,Medan,663,307,28,17,Cerah,Malam,Mobil,Kecepatan Berlebih,Jalan Provinsi,Berlubang,>60,Simpang T,Perempuan,26-45,Ya,pribadi,multi_kendaraan,pengemudi,ya,UU 34/1964,meninggal,17090000000
8/20/2023,2023,8,Bandung,615,326,25,2,Cerah,Malam,Mobil,Kurang Jarak Aman,Jalan Nasional,Berlubang,40-60,Simpang 4,Perempuan,17-25,Tidak,pribadi,multi_kendaraan,pengemudi,ya,UU 34/1964,meninggal,17590000000
2/10/2025,2025,2,Bekasi,719,362,20,61,Cerah,Pagi,Bus,Kelalaian Pengemudi,Jalan Kota,Baik,40-60,Lurus,Perempuan,17-25,Tidak,umum,multi_kendaraan,penumpang,ya,UU 33/1964,meninggal,20320000000
1/7/2022,2022,1,Semarang,329,472,26,71,Hujan,Pagi,Mobil,Kelalaian Pengemudi,Jalan Nasional,Berlubang,>60,Simpang 4,Perempuan,>50,Tidak,pribadi,tunggal,pengemudi,tidak,tidak_dijamin,tidak_ada,0
7/5/2022,2022,7,Jakarta Selatan,431,345,30,11,Hujan,Pagi,Bus,Kecepatan Berlebih,Jalan Nasional,Rusak,40-60,Simpang Y,Laki-laki,26-45,Tidak,umum,tunggal,penumpang,ya,UU 33/1964,meninggal,18970000000
3/20/2024,2024,3,Surabaya,639,272,24,15,Cerah,Malam,Motor,Pelanggaran Lalu Lintas,Jalan Kota,Rusak,<40,Simpang T,Laki-laki,<17,Tidak,pribadi,tunggal,pengemudi,tidak,tidak_dijamin,tidak_ada,0
1/16/2023,2023,1,Jakarta Timur,431,219,22,2,Cerah,Malam,Truk,Kecepatan Berlebih,Jalan Provinsi,Baik,<40,Simpang T,Laki-laki,>50,Tidak,pribadi,multi_kendaraan,pengemudi,ya,UU 34/1964,meninggal,12090000000
4/28/2022,2022,4,Palembang,310,416,20,0,Hujan,Siang,Truk,Kondisi Jalan,Jalan Provinsi,Berlubang,>60,Tikungan,Laki-laki,17-25,Ya,pribadi,multi_kendaraan,pengemudi,ya,UU 34/1964,meninggal,21800000000
11/2/2022,2022,11,Jakarta Selatan,444,454,29,53,Hujan,Siang,Bus,Pelanggaran Lalu Lintas,Jalan Provinsi,Rusak,<40,Lurus,Perempuan,17-25,Tidak,umum,tunggal,penumpang,ya,UU 33/1964,meninggal,25210000000
10/10/2022,2022,10,Jakarta Selatan,433,253,27,27,Cerah,Siang,Motor,Pelanggaran Lalu Lintas,Jalan Provinsi,Berlubang,>60,Lurus,Perempuan,<17,Tidak,pribadi,multi_kendaraan,pengemudi,ya,UU 34/1964,meninggal,14540000000
10/27/2021,2021,10,Makassar,430,500,21,32,Hujan,Malam,Truk,Kecepatan Berlebih,Jalan Provinsi,Berlubang,40-60,Simpang T,Laki-laki,<17,Ya,pribadi,tunggal,pengemudi,tidak,tidak_dijamin,tidak_ada,0
8/23/2021,2021,8,Bandung,374,160,27,12,Cerah,Pagi,Bus,Kondisi Jalan,Jalan Provinsi,Berlubang,<40,Tikungan,Perempuan,>50,Tidak,umum,tunggal,penumpang,ya,UU 33/1964,meninggal,9590000000
5/3/2022,2022,5,Jakarta Selatan,442,252,26,29,Cerah,Pagi,Truk,Kondisi Jalan,Jalan Kota,Baik,>60,Tikungan,Laki-laki,26-45,Ya,pribadi,tunggal,pengemudi,tidak,tidak_dijamin,tidak_ada,0
6/6/2025,2025,6,Bandung,987,455,21,6,Cerah,Siang,Motor,Kecepatan Berlebih,Jalan Provinsi,Berlubang,40-60,Simpang Y,Laki-laki,26-45,Ya,pribadi,tunggal,pengemudi,tidak,tidak_dijamin,tidak_ada,0
11/10/2021,2021,11,Medan,329,379,28,17,Hujan,Malam,Mobil,Kelalaian Pengemudi,Jalan Kota,Baik,<40,Simpang T,Perempuan,<17,Tidak,pribadi,multi_kendaraan,pengemudi,ya,UU 34/1964,meninggal,20690000000
10/4/2023,2023,10,Surabaya,531,124,26,3,Cerah,Siang,Truk,Rem Blong,Jalan Nasional,Rusak,40-60,Tikungan,Laki-laki,>50,Ya,pribadi,multi_kendaraan,pengemudi,ya,UU 34/1964,meninggal,7560000000
7/5/2021,2021,7,Jakarta Selatan,294,455,21,22,Cerah,Dini Hari,Truk,Kecepatan Berlebih,Jalan Nasional,Baik,>60,Simpang Y,Perempuan,17-25,Ya,pribadi,tunggal,pengemudi,tidak,tidak_dijamin,tidak_ada,0
12/20/2023,2023,12,Makassar,777,166,28,15,Hujan,Pagi,Truk,Pelanggaran Lalu Lintas,Jalan Kota,Baik,<40,Simpang T,Perempuan,26-45,Tidak,pribadi,multi_kendaraan,pengemudi,ya,UU 34/1964,meninggal,10000000000
1/29/2022,2022,1,Yogyakarta,264,437,28,12,Cerah,Siang,Motor,Kecepatan Berlebih,Jalan Provinsi,Baik,<40,Tikungan,Laki-laki,17-25,Tidak,pribadi,tunggal,pengemudi,tidak,tidak_dijamin,tidak_ada,0
6/10/2021,2021,6,Yogyakarta,496,317,22,28,Hujan,Pagi,Truk,Kondisi Jalan,Jalan Nasional,Berlubang,<40,Simpang Y,Perempuan,17-25,Ya,pribadi,tunggal,pengemudi,tidak,tidak_dijamin,tidak_ada,0
1/15/2025,2025,1,Yogyakarta,696,349,20,25,Hujan,Siang,Truk,Kurang Jarak Aman,Jalan Kota,Rusak,<40,Simpang 4,Perempuan,17-25,Ya,pribadi,multi_kendaraan,pengemudi,ya,UU 34/1964,meninggal,18950000000
2/5/2023,2023,2,Surabaya,500,204,23,13,Hujan,Siang,Motor,Kelalaian Pengemudi,Jalan Provinsi,Berlubang,>60,Simpang 4,Laki-laki,26-45,Ya,pribadi,tunggal,pengemudi,tidak,tidak_dijamin,tidak_ada,0
9/8/2024,2024,9,Semarang,628,409,26,26,Hujan,Malam,Mobil,Kurang Jarak Aman,Jalan Kota,Berlubang,<40,Simpang T,Laki-laki,>50,Ya,pribadi,multi_kendaraan,pengemudi,ya,UU 34/1964,meninggal,22270000000
6/16/2024,2024,6,Palembang,916,400,29,52,Hujan,Malam,Bus,Kurang Jarak Aman,Jalan Provinsi,Berlubang,<40,Lurus,Perempuan,26-45,Tidak,umum,multi_kendaraan,penumpang,ya,UU 33/1964,meninggal,22490000000
9/25/2023,2023,9,Makassar,533,488,24,25,Cerah,Pagi,Truk,Kecepatan Berlebih,Jalan Provinsi,Rusak,<40,Simpang 4,Perempuan,<17,Tidak,pribadi,multi_kendaraan,pengemudi,ya,UU 34/1964,meninggal,26100000000
1/16/2023,2023,1,Makassar,475,417,24,55,Hujan,Dini Hari,Mobil,Kondisi Jalan,Jalan Nasional,Berlubang,<40,Lurus,Laki-laki,17-25,Tidak,pribadi,multi_kendaraan,pengemudi,ya,UU 34/1964,meninggal,23150000000
5/11/2023,2023,5,Palembang,451,267,26,4,Cerah,Malam,Bus,Kondisi Jalan,Jalan Nasional,Baik,<40,Tikungan,Laki-laki,17-25,Tidak,umum,multi_kendaraan,penumpang,ya,UU 33/1964,meninggal,14730000000
3/15/2022,2022,3,Yogyakarta,442,145,29,45,Cerah,Malam,Mobil,Kondisi Jalan,Jalan Nasional,Berlubang,40-60,Tikungan,Perempuan,>50,Ya,pribadi,multi_kendaraan,pengemudi,ya,UU 34/1964,meninggal,9600000000
10/6/2021,2021,10,Makassar,358,173,30,25,Cerah,Malam,Motor,Kondisi Jalan,Jalan Nasional,Rusak,>60,Simpang Y,Laki-laki,<17,Tidak,pribadi,tunggal,pengemudi,tidak,tidak_dijamin,tidak_ada,0
4/29/2022,2022,4,Bekasi,404,500,21,17,Cerah,Dini Hari,Mobil,Kecepatan Berlebih,Jalan Nasional,Baik,<40,Lurus,Laki-laki,>50,Tidak,pribadi,tunggal,pengemudi,tidak,tidak_dijamin,tidak_ada,0
10/16/2023,2023,10,Jakarta Timur,568,411,25,72,Hujan,Malam,Bus,Pelanggaran Lalu Lintas,Jalan Provinsi,Baik,>60,Simpang T,Perempuan,>50,Ya,umum,multi_kendaraan,penumpang,ya,UU 33/1964,meninggal,23240000000
5/15/2025,2025,5,Surabaya,688,228,25,8,Cerah,Malam,Truk,Kecepatan Berlebih,Jalan Provinsi,Berlubang,40-60,Tikungan,Laki-laki,>50,Ya,pribadi,multi_kendaraan,pengemudi,ya,UU 34/1964,meninggal,12810000000
4/22/2021,2021,4,Bandung,296,180,27,6,Cerah,Pagi,Truk,Kecepatan Berlebih,Jalan Nasional,Baik,<40,Simpang Y,Laki-laki,26-45,Ya,pribadi,tunggal,pengemudi,tidak,tidak_dijamin,tidak_ada,0
9/20/2025,2025,9,Palembang,839,300,26,2,Cerah,Malam,Motor,Kecepatan Berlebih,Jalan Nasional,Baik,>60,Tikungan,Perempuan,26-45,Tidak,pribadi,multi_kendaraan,pengemudi,ya,UU 34/1964,meninggal,16340000000
5/27/2023,2023,5,Palembang,446,463,27,71,Cerah,Pagi,Motor,Kurang Jarak Aman,Jalan Nasional,Rusak,>60,Simpang 4,Perempuan,>50,Ya,pribadi,multi_kendaraan,pengemudi,ya,UU 34/1964,meninggal,25920000000
8/6/2021,2021,8,Jakarta Selatan,267,332,20,18,Hujan,Malam,Bus,Pelanggaran Lalu Lintas,Jalan Provinsi,Rusak,<40,Tikungan,Laki-laki,26-45,Ya,umum,multi_kendaraan,penumpang,ya,UU 33/1964,meninggal,17960000000
8/18/2023,2023,8,Surabaya,569,263,29,33,Hujan,Pagi,Motor,Kurang Jarak Aman,Jalan Kota,Berlubang,<40,Tikungan,Laki-laki,>50,Tidak,pribadi,multi_kendaraan,pengemudi,ya,UU 34/1964,meninggal,15260000000
4/29/2025,2025,4,Medan,728,371,23,37,Cerah,Dini Hari,Truk,Kondisi Jalan,Jalan Provinsi,Rusak,<40,Lurus,Perempuan,>50,Tidak,pribadi,multi_kendaraan,pengemudi,ya,UU 34/1964,meninggal,20440000000
4/1/2023,2023,4,Palembang,516,427,21,1,Cerah,Pagi,Motor,Kelalaian Pengemudi,Jalan Kota,Baik,40-60,Lurus,Laki-laki,>50,Tidak,pribadi,tunggal,pengemudi,tidak,tidak_dijamin,tidak_ada,0
5/21/2022,2022,5,Bekasi,325,157,29,5,Hujan,Pagi,Truk,Kecepatan Berlebih,Jalan Kota,Baik,<40,Simpang T,Perempuan,17-25,Ya,pribadi,multi_kendaraan,pengemudi,ya,UU 34/1964,meninggal,9400000000
1/23/2023,2023,1,Medan,475,280,20,3,Cerah,Malam,Truk,Kelalaian Pengemudi,Jalan Kota,Rusak,40-60,Lurus,Perempuan,17-25,Tidak,pribadi,multi_kendaraan,pengemudi,ya,UU 34/1964,meninggal,15060000000
4/19/2024,2024,4,Palembang,574,339,27,9,Hujan,Pagi,Motor,Kondisi Jalan,Jalan Kota,Berlubang,>60,Tikungan,Laki-laki,>50,Ya,pribadi,multi_kendaraan,pengemudi,ya,UU 34/1964,meninggal,18480000000
1/18/2021,2021,1,Jakarta Selatan,232,489,20,17,Cerah,Malam,Motor,Kondisi Jalan,Jalan Provinsi,Baik,>60,Lurus,Perempuan,<17,Ya,pribadi,multi_kendaraan,pengemudi,ya,UU 34/1964,meninggal,25790000000
11/14/2025,2025,11,Makassar,801,335,21,63,Cerah,Pagi,Truk,Kecepatan Berlebih,Jalan Provinsi,Berlubang,>60,Simpang T,Perempuan,17-25,Tidak,pribadi,tunggal,pengemudi,tidak,tidak_dijamin,tidak_ada,0
1/29/2021,2021,1,Bekasi,191,326,21,55,Cerah,Dini Hari,Bus,Kecepatan Berlebih,Jalan Nasional,Baik,<40,Simpang Y,Perempuan,26-45,Ya,umum,tunggal,penumpang,ya,UU 33/1964,meninggal,18450000000
11/25/2021,2021,11,Surabaya,428,288,23,10,Cerah,Pagi,Mobil,Kecepatan Berlebih,Jalan Nasional,Rusak,40-60,Simpang Y,Perempuan,>50,Tidak,pribadi,tunggal,pengemudi,tidak,tidak_dijamin,tidak_ada,0
9/16/2021,2021,9,Bandung,285,458,30,28,Hujan,Pagi,Truk,Pelanggaran Lalu Lintas,Jalan Provinsi,Berlubang,<40,Simpang 4,Laki-laki,<17,Tidak,pribadi,multi_kendaraan,pengemudi,ya,UU 34/1964,meninggal,24960000000
8/15/2025,2025,8,Jakarta Selatan,762,276,27,10,Hujan,Dini Hari,Truk,Kondisi Jalan,Jalan Kota,Baik,<40,Simpang Y,Laki-laki,>50,Ya,pribadi,tunggal,pengemudi,tidak,tidak_dijamin,tidak_ada,0
2/19/2024,2024,2,Bandung,666,198,25,13,Hujan,Siang,Bus,Kecepatan Berlebih,Jalan Kota,Berlubang,>60,Simpang T,Laki-laki,>50,Ya,umum,tunggal,penumpang,ya,UU 33/1964,meninggal,11410000000
9/7/2022,2022,9,Semarang,472,128,20,4,Hujan,Dini Hari,Bus,Kurang Jarak Aman,Jalan Kota,Berlubang,>60,Tikungan,Perempuan,>50,Tidak,umum,tunggal,penumpang,ya,UU 33/1964,meninggal,7480000000
10/17/2024,2024,10,Yogyakarta,706,239,25,18,Cerah,Malam,Mobil,Kurang Jarak Aman,Jalan Kota,Baik,40-60,Simpang 4,Perempuan,26-45,Tidak,pribadi,multi_kendaraan,pengemudi,ya,UU 34/1964,meninggal,13560000000
12/11/2023,2023,12,Yogyakarta,924,278,23,4,Cerah,Siang,Truk,Kecepatan Berlebih,Jalan Kota,Berlubang,<40,Lurus,Perempuan,<17,Tidak,pribadi,multi_kendaraan,pengemudi,ya,UU 34/1964,meninggal,15130000000
1/5/2025,2025,1,Bekasi,769,335,26,9,Cerah,Pagi,Motor,Rem Blong,Jalan Kota,Berlubang,<40,Tikungan,Perempuan,<17,Ya,pribadi,multi_kendaraan,pengemudi,ya,UU 34/1964,meninggal,18230000000
4/29/2024,2024,4,Surabaya,625,338,21,8,Hujan,Malam,Motor,Kurang Jarak Aman,Jalan Kota,Rusak,>60,Simpang Y,Perempuan,<17,Tidak,pribadi,tunggal,pengemudi,tidak,tidak_dijamin,tidak_ada,0
6/14/2022,2022,6,Palembang,567,143,30,16,Cerah,Siang,Truk,Kecepatan Berlebih,Jalan Provinsi,Baik,<40,Lurus,Perempuan,26-45,Tidak,pribadi,multi_kendaraan,pengemudi,ya,UU 34/1964,meninggal,8970000000
10/28/2021,2021,10,Bekasi,309,275,30,14,Cerah,Pagi,Mobil,Kurang Jarak Aman,Jalan Nasional,Rusak,<40,Simpang T,Perempuan,17-25,Tidak,pribadi,multi_kendaraan,pengemudi,ya,UU 34/1964,meninggal,15530000000
11/8/2025,2025,11,Medan,843,384,20,25,Hujan,Pagi,Truk,Kurang Jarak Aman,Jalan Provinsi,Baik,>60,Tikungan,Perempuan,26-45,Tidak,pribadi,tunggal,pengemudi,tidak,tidak_dijamin,tidak_ada,0
4/30/2022,2022,4,Surabaya,397,300,28,37,Hujan,Malam,Mobil,Pelanggaran Lalu Lintas,Jalan Kota,Baik,>60,Lurus,Perempuan,17-25,Ya,pribadi,tunggal,pengemudi,tidak,tidak_dijamin,tidak_ada,0
4/15/2021,2021,4,Jakarta Selatan,228,299,29,43,Cerah,Malam,Mobil,Rem Blong,Jalan Provinsi,Berlubang,40-60,Simpang 4,Perempuan,26-45,Tidak,pribadi,tunggal,pengemudi,tidak,tidak_dijamin,tidak_ada,0
1/7/2023,2023,1,Makassar,452,406,29,8,Cerah,Pagi,Mobil,Kondisi Jalan,Jalan Provinsi,Baik,>60,Tikungan,Perempuan,26-45,Ya,pribadi,multi_kendaraan,pengemudi,ya,UU 34/1964,meninggal,21910000000
8/8/2025,2025,8,Palembang,799,465,30,11,Cerah,Malam,Mobil,Pelanggaran Lalu Lintas,Jalan Provinsi,Rusak,<40,Lurus,Perempuan,17-25,Tidak,pribadi,tunggal,pengemudi,tidak,tidak_dijamin,tidak_ada,0
10/15/2024,2024,10,Bekasi,728,495,25,64,Hujan,Pagi,Truk,Kurang Jarak Aman,Jalan Nasional,Berlubang,<40,Simpang Y,Laki-laki,>50,Tidak,pribadi,multi_kendaraan,pengemudi,ya,UU 34/1964,meninggal,27280000000
2/9/2022,2022,2,Jakarta Selatan,300,391,27,68,Cerah,Malam,Truk,Kecepatan Berlebih,Jalan Kota,Berlubang,<40,Tikungan,Perempuan,26-45,Ya,pribadi,multi_kendaraan,pengemudi,ya,UU 34/1964,meninggal,22260000000
8/16/2023,2023,8,Bandung,525,279,20,39,Hujan,Siang,Truk,Rem Blong,Jalan Provinsi,Baik,40-60,Tikungan,Laki-laki,<17,Tidak,pribadi,multi_kendaraan,pengemudi,ya,UU 34/1964,meninggal,15730000000
11/17/2023,2023,11,Bandung,558,156,28,29,Hujan,Malam,Bus,Kelalaian Pengemudi,Jalan Provinsi,Baik,<40,Simpang Y,Laki-laki,<17,Ya,umum,multi_kendaraan,penumpang,ya,UU 33/1964,meninggal,9780000000
5/17/2025,2025,5,Makassar,725,454,26,47,Cerah,Dini Hari,Motor,Kondisi Jalan,Jalan Provinsi,Rusak,>60,Simpang 4,Perempuan,>50,Ya,pribadi,multi_kendaraan,pengemudi,ya,UU 34/1964,meninggal,24940000000
7/12/2023,2023,7,Medan,602,146,20,12,Hujan,Siang,Truk,Kondisi Jalan,Jalan Nasional,Berlubang,<40,Simpang Y,Laki-laki,26-45,Tidak,pribadi,tunggal,pengemudi,tidak,tidak_dijamin,tidak_ada,0
1/27/2023,2023,1,Semarang,505,346,24,43,Cerah,Dini Hari,Truk,Rem Blong,Jalan Provinsi,Rusak,>60,Lurus,Laki-laki,>50,Tidak,pribadi,multi_kendaraan,pengemudi,ya,UU 34/1964,meninggal,19360000000
6/15/2022,2022,6,Palembang,564,331,29,9,Cerah,Siang,Bus,Kondisi Jalan,Jalan Nasional,Baik,<40,Simpang 4,Perempuan,26-45,Tidak,umum,tunggal,penumpang,ya,UU 33/1964,meninggal,18180000000
2/12/2025,2025,2,Jakarta Selatan,762,278,28,11,Hujan,Malam,Bus,Rem Blong,Jalan Kota,Berlubang,<40,Simpang Y,Perempuan,26-45,Tidak,umum,multi_kendaraan,penumpang,ya,UU 33/1964,meninggal,15520000000
8/6/2021,2021,8,Semarang,336,263,29,10,Hujan,Dini Hari,Bus,Kondisi Jalan,Jalan Provinsi,Berlubang,40-60,Simpang Y,Perempuan,26-45,Tidak,umum,multi_kendaraan,penumpang,ya,UU 33/1964,meninggal,14800000000
11/8/2021,2021,11,Yogyakarta,377,310,23,38,Cerah,Pagi,Mobil,Rem Blong,Jalan Provinsi,Rusak,<40,Tikungan,Perempuan,<17,Tidak,pribadi,multi_kendaraan,pengemudi,ya,UU 34/1964,meninggal,17410000000
11/4/2024,2024,11,Bandung,748,197,24,23,Hujan,Dini Hari,Truk,Kurang Jarak Aman,Jalan Provinsi,Baik,>60,Simpang T,Perempuan,<17,Tidak,pribadi,multi_kendaraan,pengemudi,ya,UU 34/1964,meninggal,11510000000
9/8/2023,2023,9,Bekasi,570,224,24,36,Hujan,Dini Hari,Motor,Kelalaian Pengemudi,Jalan Kota,Rusak,>60,Simpang T,Laki-laki,>50,Ya,pribadi,multi_kendaraan,pengemudi,ya,UU 34/1964,meninggal,13120000000
10/30/2024,2024,10,Jakarta Selatan,750,368,23,38,Cerah,Siang,Mobil,Kelalaian Pengemudi,Jalan Provinsi,Rusak,>60,Simpang T,Laki-laki,<17,Tidak,pribadi,multi_kendaraan,pengemudi,ya,UU 34/1964,meninggal,20310000000
5/9/2022,2022,5,Palembang,420,379,23,23,Cerah,Pagi,Motor,Pelanggaran Lalu Lintas,Jalan Provinsi,Rusak,>60,Lurus,Laki-laki,<17,Ya,pribadi,multi_kendaraan,pengemudi,ya,UU 34/1964,meninggal,20560000000
9/21/2022,2022,9,Jakarta Selatan,512,388,23,35,Cerah,Pagi,Motor,Kecepatan Berlebih,Jalan Kota,Berlubang,>60,Tikungan,Perempuan,26-45,Tidak,pribadi,multi_kendaraan,pengemudi,ya,UU 34/1964,meninggal,21250000000
9/30/2022,2022,9,Yogyakarta,450,212,29,3,Cerah,Pagi,Motor,Rem Blong,Jalan Kota,Baik,<40,Simpang 4,Laki-laki,26-45,Ya,pribadi,multi_kendaraan,pengemudi,ya,UU 34/1964,meninggal,12110000000
6/8/2021,2021,6,Palembang,573,394,21,19,Hujan,Dini Hari,Mobil,Kondisi Jalan,Jalan Provinsi,Berlubang,<40,Simpang T,Laki-laki,17-25,Tidak,pribadi,tunggal,pengemudi,tidak,tidak_dijamin,tidak_ada,0
2/1/2025,2025,2,Surabaya,781,428,24,36,Hujan,Pagi,Mobil,Kecepatan Berlebih,Jalan Provinsi,Baik,<40,Simpang Y,Laki-laki,<17,Tidak,pribadi,multi_kendaraan,pengemudi,ya,UU 34/1964,meninggal,23320000000
3/11/2024,2024,3,Bandung,625,411,27,38,Hujan,Dini Hari,Motor,Kelalaian Pengemudi,Jalan Provinsi,Rusak,>60,Tikungan,Laki-laki,<17,Tidak,pribadi,tunggal,pengemudi,tidak,tidak_dijamin,tidak_ada,0
9/28/2023,2023,9,Medan,646,273,20,12,Hujan,Siang,Bus,Kecepatan Berlebih,Jalan Kota,Berlubang,<40,Lurus,Laki-laki,>50,Ya,umum,tunggal,penumpang,ya,UU 33/1964,meninggal,14890000000
6/29/2022,2022,6,Bekasi,684,263,20,33,Cerah,Dini Hari,Mobil,Kelalaian Pengemudi,Jalan Provinsi,Berlubang,<40,Simpang Y,Laki-laki,17-25,Ya,pribadi,tunggal,pengemudi,tidak,tidak_dijamin,tidak_ada,0
2/14/2021,2021,2,Yogyakarta,259,187,23,5,Cerah,Dini Hari,Truk,Kondisi Jalan,Jalan Nasional,Baik,>60,Lurus,Perempuan,17-25,Ya,pribadi,tunggal,pengemudi,tidak,tidak_dijamin,tidak_ada,0
4/25/2021,2021,4,Semarang,311,114,29,34,Cerah,Siang,Motor,Rem Blong,Jalan Nasional,Baik,>60,Simpang T,Perempuan,>50,Ya,pribadi,multi_kendaraan,pengemudi,ya,UU 34/1964,meninggal,7830000000
10/10/2024,2024,10,Yogyakarta,721,297,30,49,Cerah,Pagi,Bus,Kondisi Jalan,Jalan Kota,Berlubang,40-60,Simpang 4,Perempuan,17-25,Ya,umum,tunggal,penumpang,ya,UU 33/1964,meninggal,17330000000
10/30/2023,2023,10,Yogyakarta,601,127,26,14,Hujan,Siang,Bus,Kelalaian Pengemudi,Jalan Kota,Baik,40-60,Simpang 4,Perempuan,<17,Ya,umum,tunggal,penumpang,ya,UU 33/1964,meninggal,7930000000
11/4/2023,2023,11,Jakarta Timur,665,120,26,22,Cerah,Malam,Motor,Kecepatan Berlebih,Jalan Kota,Baik,40-60,Simpang T,Perempuan,26-45,Tidak,pribadi,multi_kendaraan,pengemudi,ya,UU 34/1964,meninggal,7740000000
1/19/2024,2024,1,Surabaya,497,327,25,61,Hujan,Siang,Truk,Kecepatan Berlebih,Jalan Nasional,Baik,40-60,Simpang Y,Laki-laki,>50,Ya,pribadi,multi_kendaraan,pengemudi,ya,UU 34/1964,meninggal,18820000000
12/3/2022,2022,12,Surabaya,698,428,24,27,Hujan,Dini Hari,Truk,Rem Blong,Jalan Provinsi,Rusak,40-60,Lurus,Perempuan,<17,Ya,pribadi,multi_kendaraan,pengemudi,ya,UU 34/1964,meninggal,23140000000
5/18/2022,2022,5,Bekasi,358,174,26,29,Cerah,Dini Hari,Bus,Kurang Jarak Aman,Jalan Provinsi,Rusak,40-60,Simpang 4,Perempuan,<17,Tidak,umum,tunggal,penumpang,ya,UU 33/1964,meninggal,10580000000
4/12/2021,2021,4,Yogyakarta,291,343,24,4,Cerah,Dini Hari,Mobil,Kecepatan Berlebih,Jalan Provinsi,Berlubang,>60,Simpang 4,Laki-laki,17-25,Ya,pribadi,tunggal,pengemudi,tidak,tidak_dijamin,tidak_ada,0
11/16/2021,2021,11,Jakarta Selatan,342,351,26,9,Cerah,Siang,Mobil,Kurang Jarak Aman,Jalan Nasional,Berlubang,40-60,Tikungan,Laki-laki,17-25,Ya,pribadi,multi_kendaraan,pengemudi,ya,UU 34/1964,meninggal,19030000000
11/16/2025,2025,11,Jakarta Timur,872,254,25,13,Cerah,Malam,Mobil,Kecepatan Berlebih,Jalan Nasional,Berlubang,>60,Lurus,Laki-laki,17-25,Ya,pribadi,multi_kendaraan,pengemudi,ya,UU 34/1964,meninggal,14210000000
3/3/2025,2025,3,Yogyakarta,716,215,26,24,Cerah,Malam,Truk,Kecepatan Berlebih,Jalan Kota,Berlubang,>60,Lurus,Perempuan,26-45,Tidak,pribadi,multi_kendaraan,pengemudi,ya,UU 34/1964,meninggal,12530000000
5/18/2023,2023,5,Yogyakarta,549,264,25,44,Hujan,Malam,Bus,Kecepatan Berlebih,Jalan Kota,Baik,40-60,Simpang T,Laki-laki,26-45,Tidak,umum,multi_kendaraan,penumpang,ya,UU 33/1964,meninggal,15330000000
2/23/2022,2022,2,Palembang,327,326,21,37,Cerah,Pagi,Bus,Pelanggaran Lalu Lintas,Jalan Provinsi,Berlubang,<40,Simpang T,Perempuan,<17,Ya,umum,tunggal,penumpang,ya,UU 33/1964,meninggal,18090000000
10/27/2025,2025,10,Yogyakarta,776,112,24,2,Hujan,Siang,Truk,Kondisi Jalan,Jalan Provinsi,Baik,40-60,Simpang T,Perempuan,>50,Ya,pribadi,multi_kendaraan,pengemudi,ya,UU 34/1964,meninggal,6840000000
10/3/2024,2024,10,Medan,750,443,28,11,Hujan,Malam,Truk,Kelalaian Pengemudi,Jalan Nasional,Rusak,40-60,Lurus,Perempuan,26-45,Ya,pribadi,multi_kendaraan,pengemudi,ya,UU 34/1964,meninggal,23770000000
2/1/2025,2025,2,Yogyakarta,698,119,28,5,Hujan,Malam,Bus,Rem Blong,Jalan Kota,Baik,>60,Simpang T,Perempuan,26-45,Ya,umum,multi_kendaraan,penumpang,ya,UU 33/1964,meninggal,7450000000
12/16/2021,2021,12,Bekasi,578,448,30,15,Cerah,Pagi,Truk,Kelalaian Pengemudi,Jalan Kota,Berlubang,<40,Simpang 4,Perempuan,17-25,Ya,pribadi,tunggal,pengemudi,tidak,tidak_dijamin,tidak_ada,0
6/11/2023,2023,6,Palembang,704,210,24,12,Hujan,Dini Hari,Mobil,Rem Blong,Jalan Provinsi,Rusak,>60,Simpang 4,Perempuan,>50,Tidak,pribadi,multi_kendaraan,pengemudi,ya,UU 34/1964,meninggal,11940000000
8/19/2023,2023,8,Jakarta Selatan,587,344,22,45,Hujan,Dini Hari,Motor,Pelanggaran Lalu Lintas,Jalan Kota,Berlubang,40-60,Simpang 4,Perempuan,17-25,Tidak,pribadi,tunggal,pengemudi,tidak,tidak_dijamin,tidak_ada,0
7/18/2021,2021,7,Palembang,230,304,21,11,Cerah,Dini Hari,Mobil,Rem Blong,Jalan Provinsi,Rusak,>60,Simpang T,Perempuan,26-45,Ya,pribadi,multi_kendaraan,pengemudi,ya,UU 34/1964,meninggal,16470000000
12/29/2023,2023,12,Bekasi,799,413,21,9,Cerah,Dini Hari,Truk,Kelalaian Pengemudi,Jalan Nasional,Berlubang,>60,Simpang 4,Laki-laki,17-25,Ya,pribadi,multi_kendaraan,pengemudi,ya,UU 34/1964,meninggal,21880000000
8/24/2024,2024,8,Jakarta Selatan,754,372,26,27,Cerah,Pagi,Mobil,Pelanggaran Lalu Lintas,Jalan Kota,Baik,>60,Simpang 4,Perempuan,17-25,Ya,pribadi,multi_kendaraan,pengemudi,ya,UU 34/1964,meninggal,20440000000
7/8/2024,2024,7,Bekasi,644,191,26,25,Cerah,Pagi,Bus,Kurang Jarak Aman,Jalan Provinsi,Rusak,40-60,Simpang T,Laki-laki,>50,Tidak,umum,multi_kendaraan,penumpang,ya,UU 33/1964,meninggal,11350000000
9/22/2022,2022,9,Jakarta Selatan,447,267,28,12,Cerah,Siang,Truk,Rem Blong,Jalan Kota,Rusak,>60,Lurus,Laki-laki,17-25,Tidak,pribadi,multi_kendaraan,pengemudi,ya,UU 34/1964,meninggal,14990000000
5/7/2021,2021,5,Medan,202,367,27,32,Cerah,Siang,Truk,Kecepatan Berlebih,Jalan Kota,Berlubang,>60,Simpang 4,Laki-laki,26-45,Ya,pribadi,tunggal,pengemudi,tidak,tidak_dijamin,tidak_ada,0
10/30/2024,2024,10,Jakarta Timur,703,127,26,50,Cerah,Pagi,Mobil,Kecepatan Berlebih,Jalan Kota,Baik,40-60,Simpang Y,Laki-laki,17-25,Ya,pribadi,tunggal,pengemudi,tidak,tidak_dijamin,tidak_ada,0
6/25/2024,2024,6,Makassar,741,339,21,59,Cerah,Siang,Mobil,Pelanggaran Lalu Lintas,Jalan Nasional,Berlubang,<40,Lurus,Laki-laki,17-25,Tidak,pribadi,tunggal,pengemudi,tidak,tidak_dijamin,tidak_ada,0
10/16/2023,2023,10,Makassar,667,416,28,16,Cerah,Malam,Motor,Kelalaian Pengemudi,Jalan Provinsi,Baik,>60,Lurus,Perempuan,26-45,Tidak,pribadi,multi_kendaraan,pengemudi,ya,UU 34/1964,meninggal,22520000000
1/28/2024,2024,1,Semarang,564,333,27,15,Hujan,Dini Hari,Motor,Kurang Jarak Aman,Jalan Provinsi,Berlubang,<40,Simpang T,Laki-laki,26-45,Ya,pribadi,tunggal,pengemudi,tidak,tidak_dijamin,tidak_ada,0
8/16/2025,2025,8,Semarang,849,499,22,25,Cerah,Malam,Mobil,Kondisi Jalan,Jalan Nasional,Berlubang,40-60,Lurus,Perempuan,>50,Tidak,pribadi,multi_kendaraan,pengemudi,ya,UU 34/1964,meninggal,26550000000
2/26/2023,2023,2,Bandung,548,492,21,47,Cerah,Dini Hari,Mobil,Rem Blong,Jalan Nasional,Berlubang,>60,Tikungan,Perempuan,17-25,Tidak,pribadi,multi_kendaraan,pengemudi,ya,UU 34/1964,meninggal,26590000000
11/27/2022,2022,11,Surabaya,529,272,24,16,Cerah,Malam,Truk,Kurang Jarak Aman,Jalan Provinsi,Rusak,40-60,Simpang 4,Perempuan,17-25,Ya,pribadi,multi_kendaraan,pengemudi,ya,UU 34/1964,meninggal,15120000000
11/15/2021,2021,11,Bandung,383,152,27,37,Hujan,Siang,Truk,Kurang Jarak Aman,Jalan Kota,Rusak,>60,Simpang Y,Perempuan,<17,Ya,pribadi,multi_kendaraan,pengemudi,ya,UU 34/1964,meninggal,9690000000
1/17/2021,2021,1,Palembang,264,113,24,8,Hujan,Malam,Mobil,Kecepatan Berlebih,Jalan Nasional,Berlubang,40-60,Lurus,Perempuan,>50,Tidak,pribadi,tunggal,pengemudi,tidak,tidak_dijamin,tidak_ada,0
9/11/2022,2022,9,Palembang,384,206,23,16,Hujan,Dini Hari,Bus,Kelalaian Pengemudi,Jalan Provinsi,Baik,>60,Simpang Y,Laki-laki,>50,Tidak,umum,multi_kendaraan,penumpang,ya,UU 33/1964,meninggal,11770000000
4/25/2021,2021,4,Palembang,285,348,30,6,Cerah,Dini Hari,Motor,Kurang Jarak Aman,Jalan Nasional,Baik,>60,Tikungan,Perempuan,<17,Tidak,pribadi,multi_kendaraan,pengemudi,ya,UU 34/1964,meninggal,19020000000
7/18/2025,2025,7,Bekasi,865,473,23,32,Hujan,Pagi,Motor,Kelalaian Pengemudi,Jalan Kota,Rusak,>60,Lurus,Laki-laki,<17,Ya,pribadi,multi_kendaraan,pengemudi,ya,UU 34/1964,meninggal,25440000000
3/27/2023,2023,3,Bandung,542,214,27,32,Cerah,Dini Hari,Truk,Kecepatan Berlebih,Jalan Kota,Berlubang,40-60,Simpang T,Laki-laki,<17,Ya,pribadi,multi_kendaraan,pengemudi,ya,UU 34/1964,meninggal,12690000000
5/31/2023,2023,5,Jakarta Selatan,567,341,24,8,Hujan,Pagi,Bus,Kurang Jarak Aman,Jalan Kota,Rusak,<40,Simpang 4,Perempuan,>50,Tidak,umum,multi_kendaraan,penumpang,ya,UU 33/1964,meninggal,18410000000
10/10/2023,2023,10,Bandung,645,266,25,5,Cerah,Malam,Mobil,Kurang Jarak Aman,Jalan Nasional,Berlubang,>60,Simpang 4,Laki-laki,26-45,Ya,pribadi,multi_kendaraan,pengemudi,ya,UU 34/1964,meninggal,14650000000
7/13/2024,2024,7,Yogyakarta,698,421,29,21,Cerah,Malam,Bus,Kecepatan Berlebih,Jalan Provinsi,Berlubang,40-60,Tikungan,Perempuan,26-45,Tidak,umum,tunggal,penumpang,ya,UU 33/1964,meninggal,22920000000
3/14/2023,2023,3,Medan,502,320,30,3,Cerah,Malam,Truk,Kecepatan Berlebih,Jalan Nasional,Baik,40-60,Simpang T,Perempuan,<17,Tidak,pribadi,tunggal,pengemudi,tidak,tidak_dijamin,tidak_ada,0
9/25/2022,2022,9,Semarang,413,311,28,10,Hujan,Siang,Mobil,Pelanggaran Lalu Lintas,Jalan Nasional,Baik,>60,Tikungan,Laki-laki,>50,Ya,pribadi,multi_kendaraan,pengemudi,ya,UU 34/1964,meninggal,17150000000
7/7/2023,2023,7,Medan,563,444,26,12,Hujan,Siang,Truk,Kondisi Jalan,Jalan Nasional,Berlubang,>60,Simpang 4,Perempuan,>50,Tidak,pribadi,multi_kendaraan,pengemudi,ya,UU 34/1964,meninggal,23740000000
10/21/2024,2024,10,Bandung,727,470,29,12,Cerah,Dini Hari,Motor,Kurang Jarak Aman,Jalan Provinsi,Berlubang,<40,Lurus,Perempuan,<17,Tidak,pribadi,multi_kendaraan,pengemudi,ya,UU 34/1964,meninggal,25190000000
1/8/2025,2025,1,Semarang,702,403,23,19,Cerah,Pagi,Truk,Kelalaian Pengemudi,Jalan Nasional,Rusak,<40,Lurus,Perempuan,26-45,Ya,pribadi,tunggal,pengemudi,tidak,tidak_dijamin,tidak_ada,0
7/12/2021,2021,7,Yogyakarta,297,112,27,7,Hujan,Malam,Bus,Rem Blong,Jalan Nasional,Baik,>60,Simpang 4,Laki-laki,26-45,Tidak,umum,multi_kendaraan,penumpang,ya,UU 33/1964,meninggal,7090000000
3/4/2024,2024,3,Medan,634,251,23,2,Cerah,Pagi,Motor,Kelalaian Pengemudi,Jalan Nasional,Baik,<40,Simpang T,Laki-laki,>50,Ya,pribadi,multi_kendaraan,pengemudi,ya,UU 34/1964,meninggal,13740000000
1/24/2024,2024,1,Palembang,632,119,23,10,Cerah,Malam,Truk,Pelanggaran Lalu Lintas,Jalan Nasional,Berlubang,>60,Tikungan,Laki-laki,<17,Tidak,pribadi,multi_kendaraan,pengemudi,ya,UU 34/1964,meninggal,7300000000
8/6/2022,2022,8,Jakarta Timur,360,418,28,23,Hujan,Pagi,Motor,Pelanggaran Lalu Lintas,Jalan Nasional,Rusak,>60,Lurus,Perempuan,17-25,Ya,pribadi,multi_kendaraan,pengemudi,ya,UU 34/1964,meninggal,22760000000
12/6/2025,2025,12,Bekasi,1051,168,28,52,Cerah,Siang,Bus,Kondisi Jalan,Jalan Nasional,Baik,<40,Tikungan,Perempuan,<17,Ya,umum,multi_kendaraan,penumpang,ya,UU 33/1964,meninggal,10840000000
11/9/2023,2023,11,Semarang,558,193,30,66,Cerah,Pagi,Truk,Pelanggaran Lalu Lintas,Jalan Provinsi,Berlubang,>60,Simpang T,Laki-laki,>50,Ya,pribadi,tunggal,pengemudi,tidak,tidak_dijamin,tidak_ada,0
10/4/2023,2023,10,Bandung,542,328,21,53,Cerah,Dini Hari,Mobil,Kondisi Jalan,Jalan Provinsi,Baik,<40,Lurus,Perempuan,>50,Ya,pribadi,multi_kendaraan,pengemudi,ya,UU 34/1964,meninggal,18510000000
4/15/2023,2023,4,Jakarta Selatan,477,210,26,1,Hujan,Dini Hari,Mobil,Pelanggaran Lalu Lintas,Jalan Nasional,Baik,>60,Simpang 4,Laki-laki,26-45,Ya,pribadi,multi_kendaraan,pengemudi,ya,UU 34/1964,meninggal,11820000000
6/14/2024,2024,6,Jakarta Timur,899,479,28,3,Cerah,Siang,Mobil,Kondisi Jalan,Jalan Provinsi,Rusak,<40,Lurus,Perempuan,26-45,Tidak,pribadi,tunggal,pengemudi,tidak,tidak_dijamin,tidak_ada,0
10/5/2022,2022,10,Bekasi,412,192,25,55,Hujan,Pagi,Motor,Kelalaian Pengemudi,Jalan Nasional,Baik,<40,Lurus,Laki-laki,<17,Tidak,pribadi,tunggal,pengemudi,tidak,tidak_dijamin,tidak_ada,0
12/8/2025,2025,12,Jakarta Selatan,1018,179,29,5,Hujan,Siang,Bus,Kelalaian Pengemudi,Jalan Provinsi,Baik,40-60,Simpang T,Laki-laki,26-45,Ya,umum,multi_kendaraan,penumpang,ya,UU 33/1964,meninggal,10500000000
5/17/2025,2025,5,Palembang,802,250,27,10,Hujan,Siang,Bus,Rem Blong,Jalan Kota,Baik,>60,Simpang 4,Laki-laki,<17,Ya,umum,multi_kendaraan,penumpang,ya,UU 33/1964,meninggal,14050000000
8/27/2022,2022,8,Bekasi,502,290,27,16,Cerah,Pagi,Motor,Rem Blong,Jalan Nasional,Rusak,>60,Simpang T,Perempuan,<17,Ya,pribadi,multi_kendaraan,pengemudi,ya,UU 34/1964,meninggal,16170000000
10/18/2025,2025,10,Bekasi,849,167,25,3,Cerah,Dini Hari,Truk,Pelanggaran Lalu Lintas,Jalan Provinsi,Rusak,>60,Simpang 4,Perempuan,<17,Ya,pribadi,tunggal,pengemudi,tidak,tidak_dijamin,tidak_ada,0
2/25/2024,2024,2,Makassar,594,318,30,7,Hujan,Dini Hari,Motor,Kondisi Jalan,Jalan Kota,Rusak,40-60,Simpang T,Laki-laki,26-45,Tidak,pribadi,multi_kendaraan,pengemudi,ya,UU 34/1964,meninggal,17540000000
7/16/2021,2021,7,Bekasi,351,410,21,32,Cerah,Pagi,Mobil,Kecepatan Berlebih,Jalan Kota,Baik,<40,Lurus,Perempuan,17-25,Tidak,pribadi,tunggal,pengemudi,tidak,tidak_dijamin,tidak_ada,0
10/29/2025,2025,10,Semarang,786,431,26,11,Cerah,Dini Hari,Mobil,Kelalaian Pengemudi,Jalan Nasional,Baik,>60,Simpang T,Perempuan,<17,Tidak,pribadi,tunggal,pengemudi,tidak,tidak_dijamin,tidak_ada,0
12/17/2024,2024,12,Yogyakarta,996,349,25,12,Cerah,Dini Hari,Motor,Kelalaian Pengemudi,Jalan Provinsi,Baik,40-60,Lurus,Laki-laki,>50,Ya,pribadi,multi_kendaraan,pengemudi,ya,UU 34/1964,meninggal,18940000000
2/24/2025,2025,2,Medan,703,227,21,48,Hujan,Dini Hari,Bus,Kecepatan Berlebih,Jalan Nasional,Rusak,<40,Simpang 4,Perempuan,17-25,Ya,umum,multi_kendaraan,penumpang,ya,UU 33/1964,meninggal,13360000000
2/2/2024,2024,2,Bekasi,532,178,29,26,Hujan,Dini Hari,Mobil,Kecepatan Berlebih,Jalan Nasional,Berlubang,>60,Lurus,Perempuan,26-45,Tidak,pribadi,multi_kendaraan,pengemudi,ya,UU 34/1964,meninggal,10870000000
9/3/2022,2022,9,Medan,504,290,20,7,Cerah,Malam,Truk,Kelalaian Pengemudi,Jalan Kota,Baik,40-60,Simpang Y,Perempuan,26-45,Ya,pribadi,multi_kendaraan,pengemudi,ya,UU 34/1964,meninggal,15640000000
6/5/2023,2023,6,Makassar,846,414,26,37,Hujan,Dini Hari,Motor,Rem Blong,Jalan Kota,Rusak,<40,Simpang T,Laki-laki,>50,Ya,pribadi,multi_kendaraan,pengemudi,ya,UU 34/1964,meninggal,22740000000
2/26/2023,2023,2,Medan,449,117,22,12,Hujan,Dini Hari,Mobil,Rem Blong,Jalan Provinsi,Rusak,<40,Simpang 4,Perempuan,17-25,Ya,pribadi,tunggal,pengemudi,tidak,tidak_dijamin,tidak_ada,0
12/9/2023,2023,12,Semarang,881,479,20,30,Hujan,Siang,Motor,Pelanggaran Lalu Lintas,Jalan Kota,Baik,>60,Tikungan,Perempuan,>50,Ya,pribadi,tunggal,pengemudi,tidak,tidak_dijamin,tidak_ada,0
1/1/2022,2022,1,Jakarta Timur,332,138,20,15,Cerah,Malam,Truk,Kondisi Jalan,Jalan Nasional,Baik,>60,Tikungan,Perempuan,>50,Ya,pribadi,multi_kendaraan,pengemudi,ya,UU 34/1964,meninggal,8200000000
10/5/2024,2024,10,Semarang,771,448,20,30,Cerah,Siang,Bus,Kurang Jarak Aman,Jalan Nasional,Baik,40-60,Simpang T,Perempuan,17-25,Tidak,umum,tunggal,penumpang,ya,UU 33/1964,meninggal,24000000000
7/10/2025,2025,7,Semarang,834,128,22,32,Hujan,Siang,Mobil,Kecepatan Berlebih,Jalan Kota,Berlubang,>60,Simpang 4,Laki-laki,26-45,Tidak,pribadi,multi_kendaraan,pengemudi,ya,UU 34/1964,meninggal,8140000000
1/24/2021,2021,1,Jakarta Timur,195,268,28,12,Hujan,Pagi,Truk,Pelanggaran Lalu Lintas,Jalan Nasional,Rusak,<40,Simpang 4,Perempuan,26-45,Ya,pribadi,multi_kendaraan,pengemudi,ya,UU 34/1964,meninggal,15040000000
12/31/2025,2025,12,Semarang,1058,252,28,33,Hujan,Malam,Bus,Kondisi Jalan,Jalan Provinsi,Berlubang,>60,Simpang T,Perempuan,>50,Ya,umum,multi_kendaraan,penumpang,ya,UU 33/1964,meninggal,14660000000
10/9/2024,2024,10,Bandung,637,226,24,7,Hujan,Pagi,Motor,Pelanggaran Lalu Lintas,Jalan Provinsi,Rusak,>60,Simpang T,Laki-laki,26-45,Ya,pribadi,multi_kendaraan,pengemudi,ya,UU 34/1964,meninggal,12640000000
6/27/2023,2023,6,Jakarta Timur,884,241,22,35,Hujan,Malam,Motor,Kurang Jarak Aman,Jalan Kota,Rusak,<40,Lurus,Laki-laki,>50,Tidak,pribadi,tunggal,pengemudi,tidak,tidak_dijamin,tidak_ada,0
4/15/2022,2022,4,Jakarta Selatan,421,261,21,9,Hujan,Pagi,Mobil,Kurang Jarak Aman,Jalan Provinsi,Baik,>60,Simpang T,Perempuan,>50,Ya,pribadi,tunggal,pengemudi,tidak,tidak_dijamin,tidak_ada,0
12/30/2025,2025,12,Surabaya,1083,376,22,16,Cerah,Siang,Bus,Kondisi Jalan,Jalan Nasional,Berlubang,40-60,Tikungan,Perempuan,17-25,Ya,umum,multi_kendaraan,penumpang,ya,UU 33/1964,meninggal,20220000000
12/26/2024,2024,12,Yogyakarta,896,385,26,19,Hujan,Malam,Mobil,Kelalaian Pengemudi,Jalan Kota,Baik,<40,Tikungan,Laki-laki,17-25,Tidak,pribadi,multi_kendaraan,pengemudi,ya,UU 34/1964,meninggal,20930000000
11/14/2025,2025,11,Yogyakarta,788,201,25,15,Cerah,Dini Hari,Mobil,Kurang Jarak Aman,Jalan Nasional,Rusak,40-60,Lurus,Perempuan,26-45,Ya,pribadi,multi_kendaraan,pengemudi,ya,UU 34/1964,meninggal,11600000000
10/4/2023,2023,10,Jakarta Timur,623,405,23,30,Cerah,Siang,Mobil,Kondisi Jalan,Jalan Nasional,Rusak,>60,Lurus,Perempuan,17-25,Tidak,pribadi,multi_kendaraan,pengemudi,ya,UU 34/1964,meninggal,22000000000
12/27/2025,2025,12,Yogyakarta,1145,416,27,12,Hujan,Pagi,Bus,Pelanggaran Lalu Lintas,Jalan Provinsi,Rusak,40-60,Tikungan,Perempuan,<17,Ya,umum,tunggal,penumpang,ya,UU 33/1964,meninggal,22390000000
5/28/2022,2022,5,Surabaya,474,241,30,2,Hujan,Siang,Truk,Kurang Jarak Aman,Jalan Kota,Baik,>60,Simpang T,Perempuan,>50,Tidak,pribadi,tunggal,pengemudi,tidak,tidak_dijamin,tidak_ada,0
1/11/2024,2024,1,Medan,642,196,23,57,Hujan,Dini Hari,Mobil,Pelanggaran Lalu Lintas,Jalan Nasional,Berlubang,<40,Tikungan,Laki-laki,<17,Ya,pribadi,multi_kendaraan,pengemudi,ya,UU 34/1964,meninggal,12090000000
3/19/2023,2023,3,Surabaya,455,109,28,11,Hujan,Pagi,Bus,Kelalaian Pengemudi,Jalan Provinsi,Berlubang,>60,Simpang Y,Laki-laki,<17,Ya,umum,multi_kendaraan,penumpang,ya,UU 33/1964,meninggal,7070000000
3/2/2023,2023,3,Semarang,432,247,24,27,Hujan,Dini Hari,Bus,Kondisi Jalan,Jalan Nasional,Baik,<40,Tikungan,Laki-laki,17-25,Ya,umum,multi_kendaraan,penumpang,ya,UU 33/1964,meninggal,14090000000
8/3/2025,2025,8,Palembang,835,303,30,14,Hujan,Siang,Bus,Kelalaian Pengemudi,Jalan Kota,Berlubang,>60,Tikungan,Perempuan,>50,Tidak,umum,multi_kendaraan,penumpang,ya,UU 33/1964,meninggal,16930000000
4/8/2023,2023,4,Semarang,426,354,21,29,Cerah,Malam,Truk,Pelanggaran Lalu Lintas,Jalan Kota,Baik,<40,Simpang Y,Laki-laki,17-25,Tidak,pribadi,multi_kendaraan,pengemudi,ya,UU 34/1964,meninggal,19330000000
3/15/2021,2021,3,Jakarta Selatan,283,341,29,36,Hujan,Siang,Truk,Kurang Jarak Aman,Jalan Nasional,Rusak,<40,Tikungan,Laki-laki,>50,Tidak,pribadi,multi_kendaraan,pengemudi,ya,UU 34/1964,meninggal,19220000000
9/21/2024,2024,9,Palembang,712,297,20,16,Cerah,Pagi,Mobil,Kurang Jarak Aman,Jalan Nasional,Baik,<40,Simpang T,Laki-laki,17-25,Ya,pribadi,tunggal,pengemudi,tidak,tidak_dijamin,tidak_ada,0
3/23/2022,2022,3,Yogyakarta,419,285,21,45,Cerah,Malam,Mobil,Kondisi Jalan,Jalan Nasional,Berlubang,>60,Simpang 4,Perempuan,<17,Tidak,pribadi,tunggal,pengemudi,tidak,tidak_dijamin,tidak_ada,0
6/18/2025,2025,6,Semarang,1053,347,26,9,Cerah,Dini Hari,Truk,Kurang Jarak Aman,Jalan Provinsi,Berlubang,>60,Simpang 4,Laki-laki,17-25,Tidak,pribadi,multi_kendaraan,pengemudi,ya,UU 34/1964,meninggal,18830000000
10/29/2023,2023,10,Surabaya,529,255,22,55,Cerah,Malam,Truk,Kurang Jarak Aman,Jalan Kota,Rusak,<40,Tikungan,Perempuan,<17,Ya,pribadi,multi_kendaraan,pengemudi,ya,UU 34/1964,meninggal,14950000000
11/2/2021,2021,11,Bandung,318,490,30,30,Cerah,Siang,Motor,Rem Blong,Jalan Kota,Baik,>60,Lurus,Perempuan,26-45,Tidak,pribadi,multi_kendaraan,pengemudi,ya,UU 34/1964,meninggal,26600000000
8/22/2024,2024,8,Semarang,606,112,28,30,Cerah,Pagi,Mobil,Kelalaian Pengemudi,Jalan Nasional,Baik,>60,Simpang 4,Laki-laki,<17,Ya,pribadi,multi_kendaraan,pengemudi,ya,UU 34/1964,meninggal,7600000000
2/5/2023,2023,2,Makassar,423,480,30,25,Cerah,Malam,Motor,Kecepatan Berlebih,Jalan Kota,Berlubang,>60,Lurus,Laki-laki,<17,Ya,pribadi,tunggal,pengemudi,tidak,tidak_dijamin,tidak_ada,0
5/26/2022,2022,5,Medan,350,486,25,6,Cerah,Pagi,Bus,Kurang Jarak Aman,Jalan Provinsi,Baik,>60,Simpang 4,Perempuan,17-25,Tidak,umum,multi_kendaraan,penumpang,ya,UU 33/1964,meninggal,25670000000
3/1/2023,2023,3,Palembang,432,297,24,58,Cerah,Siang,Truk,Kecepatan Berlebih,Jalan Nasional,Baik,40-60,Simpang T,Laki-laki,17-25,Tidak,pribadi,multi_kendaraan,pengemudi,ya,UU 34/1964,meninggal,17210000000
12/1/2025,2025,12,Yogyakarta,1193,339,22,23,Cerah,Siang,Motor,Kecepatan Berlebih,Jalan Provinsi,Baik,40-60,Simpang 4,Perempuan,26-45,Ya,pribadi,multi_kendaraan,pengemudi,ya,UU 34/1964,meninggal,18510000000
4/10/2022,2022,4,Jakarta Selatan,316,301,24,9,Hujan,Pagi,Mobil,Kurang Jarak Aman,Jalan Provinsi,Baik,>60,Tikungan,Laki-laki,26-45,Tidak,pribadi,tunggal,pengemudi,tidak,tidak_dijamin,tidak_ada,0
8/22/2022,2022,8,Jakarta Timur,387,436,20,23,Hujan,Pagi,Bus,Rem Blong,Jalan Kota,Baik,<40,Simpang 4,Laki-laki,17-25,Tidak,umum,multi_kendaraan,penumpang,ya,UU 33/1964,meninggal,23260000000
7/27/2023,2023,7,Jakarta Timur,569,415,26,11,Cerah,Siang,Mobil,Rem Blong,Jalan Provinsi,Rusak,<40,Tikungan,Laki-laki,17-25,Ya,pribadi,multi_kendaraan,pengemudi,ya,UU 34/1964,meninggal,22270000000
11/10/2023,2023,11,Medan,602,283,27,9,Hujan,Dini Hari,Motor,Kondisi Jalan,Jalan Provinsi,Rusak,<40,Lurus,Laki-laki,26-45,Tidak,pribadi,multi_kendaraan,pengemudi,ya,UU 34/1964,meninggal,15680000000
3/20/2023,2023,3,Medan,451,444,26,57,Hujan,Siang,Truk,Kecepatan Berlebih,Jalan Provinsi,Baik,>60,Tikungan,Laki-laki,<17,Tidak,pribadi,tunggal,pengemudi,tidak,tidak_dijamin,tidak_ada,0
5/6/2025,2025,5,Medan,748,322,27,28,Cerah,Siang,Truk,Kelalaian Pengemudi,Jalan Nasional,Berlubang,<40,Simpang T,Perempuan,<17,Ya,pribadi,tunggal,pengemudi,tidak,tidak_dijamin,tidak_ada,0
7/23/2025,2025,7,Bekasi,782,413,29,20,Cerah,Dini Hari,Bus,Kelalaian Pengemudi,Jalan Nasional,Rusak,>60,Lurus,Perempuan,>50,Ya,umum,multi_kendaraan,penumpang,ya,UU 33/1964,meninggal,22500000000
2/19/2023,2023,2,Yogyakarta,411,325,22,50,Cerah,Pagi,Truk,Kurang Jarak Aman,Jalan Provinsi,Rusak,>60,Simpang Y,Perempuan,>50,Tidak,pribadi,tunggal,pengemudi,tidak,tidak_dijamin,tidak_ada,0
8/26/2021,2021,8,Makassar,325,431,24,15,Hujan,Malam,Mobil,Pelanggaran Lalu Lintas,Jalan Kota,Baik,>60,Tikungan,Perempuan,>50,Tidak,pribadi,tunggal,pengemudi,tidak,tidak_dijamin,tidak_ada,0
3/20/2024,2024,3,Palembang,628,190,21,27,Hujan,Pagi,Mobil,Rem Blong,Jalan Kota,Baik,>60,Simpang 4,Perempuan,26-45,Ya,pribadi,tunggal,pengemudi,tidak,tidak_dijamin,tidak_ada,0
10/4/2021,2021,10,Makassar,274,355,29,24,Cerah,Pagi,Bus,Kecepatan Berlebih,Jalan Provinsi,Berlubang,40-60,Simpang T,Perempuan,>50,Ya,umum,multi_kendaraan,penumpang,ya,UU 33/1964,meninggal,19680000000
10/29/2022,2022,10,Bekasi,534,196,27,36,Cerah,Dini Hari,Truk,Pelanggaran Lalu Lintas,Jalan Provinsi,Baik,>60,Simpang Y,Laki-laki,<17,Ya,pribadi,multi_kendaraan,pengemudi,ya,UU 34/1964,meninggal,11870000000
2/4/2024,2024,2,Bandung,528,466,20,41,Hujan,Dini Hari,Bus,Kecepatan Berlebih,Jalan Provinsi,Berlubang,>60,Simpang T,Laki-laki,26-45,Tidak,umum,multi_kendaraan,penumpang,ya,UU 33/1964,meninggal,25120000000
7/8/2021,2021,7,Surabaya,281,132,27,26,Hujan,Pagi,Truk,Pelanggaran Lalu Lintas,Jalan Nasional,Baik,<40,Simpang T,Perempuan,<17,Ya,pribadi,tunggal,pengemudi,tidak,tidak_dijamin,tidak_ada,0
10/26/2024,2024,10,Yogyakarta,652,346,21,33,Cerah,Dini Hari,Motor,Kondisi Jalan,Jalan Provinsi,Berlubang,<40,Simpang T,Perempuan,26-45,Tidak,pribadi,multi_kendaraan,pengemudi,ya,UU 34/1964,meninggal,19010000000
11/13/2022,2022,11,Palembang,450,102,29,34,Hujan,Dini Hari,Motor,Kelalaian Pengemudi,Jalan Provinsi,Baik,40-60,Simpang Y,Perempuan,>50,Ya,pribadi,tunggal,pengemudi,tidak,tidak_dijamin,tidak_ada,0
10/16/2023,2023,10,Yogyakarta,607,185,30,11,Hujan,Siang,Mobil,Rem Blong,Jalan Kota,Baik,40-60,Simpang 4,Laki-laki,<17,Ya,pribadi,multi_kendaraan,pengemudi,ya,UU 34/1964,meninggal,10970000000
7/3/2024,2024,7,Surabaya,709,238,28,14,Hujan,Pagi,Mobil,Pelanggaran Lalu Lintas,Jalan Nasional,Berlubang,>60,Tikungan,Perempuan,>50,Tidak,pribadi,tunggal,pengemudi,tidak,tidak_dijamin,tidak_ada,0
10/23/2023,2023,10,Palembang,585,441,25,21,Cerah,Pagi,Bus,Kurang Jarak Aman,Jalan Nasional,Rusak,<40,Tikungan,Perempuan,<17,Ya,umum,tunggal,penumpang,ya,UU 33/1964,meninggal,23720000000
4/2/2024,2024,4,Palembang,698,374,23,32,Cerah,Dini Hari,Mobil,Pelanggaran Lalu Lintas,Jalan Nasional,Baik,<40,Simpang T,Perempuan,26-45,Tidak,pribadi,multi_kendaraan,pengemudi,ya,UU 34/1964,meninggal,20490000000
5/14/2022,2022,5,Bekasi,379,163,24,9,Cerah,Malam,Motor,Kelalaian Pengemudi,Jalan Kota,Baik,>60,Simpang Y,Perempuan,<17,Tidak,pribadi,tunggal,pengemudi,tidak,tidak_dijamin,tidak_ada,0
5/27/2021,2021,5,Bekasi,308,366,28,3,Hujan,Dini Hari,Motor,Kondisi Jalan,Jalan Provinsi,Berlubang,<40,Simpang Y,Laki-laki,<17,Ya,pribadi,multi_kendaraan,pengemudi,ya,UU 34/1964,meninggal,19760000000
10/5/2021,2021,10,Yogyakarta,429,379,29,19,Cerah,Malam,Bus,Pelanggaran Lalu Lintas,Jalan Provinsi,Rusak,<40,Simpang 4,Perempuan,<17,Ya,umum,tunggal,penumpang,ya,UU 33/1964,meninggal,20780000000
11/7/2024,2024,11,Bandung,678,427,23,23,Hujan,Dini Hari,Truk,Kurang Jarak Aman,Jalan Provinsi,Baik,<40,Simpang 4,Perempuan,>50,Tidak,pribadi,multi_kendaraan,pengemudi,ya,UU 34/1964,meninggal,22960000000
4/19/2024,2024,4,Medan,700,500,30,15,Cerah,Siang,Truk,Kurang Jarak Aman,Jalan Kota,Berlubang,<40,Tikungan,Perempuan,>50,Ya,pribadi,multi_kendaraan,pengemudi,ya,UU 34/1964,meninggal,26800000000
4/5/2024,2024,4,Palembang,645,149,27,32,Cerah,Dini Hari,Mobil,Pelanggaran Lalu Lintas,Jalan Nasional,Baik,<40,Tikungan,Perempuan,<17,Ya,pribadi,tunggal,pengemudi,tidak,tidak_dijamin,tidak_ada,0
5/5/2023,2023,5,Palembang,588,205,29,4,Cerah,Malam,Bus,Kondisi Jalan,Jalan Nasional,Baik,>60,Simpang 4,Laki-laki,<17,Ya,umum,multi_kendaraan,penumpang,ya,UU 33/1964,meninggal,11780000000
5/9/2024,2024,5,Yogyakarta,627,355,22,9,Hujan,Siang,Mobil,Kurang Jarak Aman,Jalan Kota,Berlubang,40-60,Lurus,Laki-laki,26-45,Tidak,pribadi,tunggal,pengemudi,tidak,tidak_dijamin,tidak_ada,0
3/26/2021,2021,3,Jakarta Selatan,188,443,20,41,Cerah,Dini Hari,Mobil,Kelalaian Pengemudi,Jalan Nasional,Baik,40-60,Tikungan,Laki-laki,26-45,Ya,pribadi,multi_kendaraan,pengemudi,ya,UU 34/1964,meninggal,23970000000
9/4/2025,2025,9,Medan,884,496,23,19,Hujan,Dini Hari,Mobil,Kecepatan Berlebih,Jalan Kota,Baik,<40,Tikungan,Perempuan,>50,Tidak,pribadi,multi_kendaraan,pengemudi,ya,UU 34/1964,meninggal,26330000000
10/16/2025,2025,10,Yogyakarta,793,259,30,70,Hujan,Dini Hari,Bus,Kurang Jarak Aman,Jalan Nasional,Baik,>60,Simpang Y,Perempuan,26-45,Tidak,umum,multi_kendaraan,penumpang,ya,UU 33/1964,meninggal,15850000000
2/27/2025,2025,2,Bandung,777,371,27,38,Hujan,Malam,Bus,Kondisi Jalan,Jalan Nasional,Baik,<40,Simpang Y,Perempuan,26-45,Ya,umum,multi_kendaraan,penumpang,ya,UU 33/1964,meninggal,20660000000
8/12/2023,2023,8,Semarang,494,263,24,45,Cerah,Dini Hari,Motor,Rem Blong,Jalan Provinsi,Berlubang,>60,Tikungan,Laki-laki,>50,Tidak,pribadi,multi_kendaraan,pengemudi,ya,UU 34/1964,meninggal,15250000000
3/27/2022,2022,3,Jakarta Timur,360,343,28,32,Cerah,Dini Hari,Bus,Rem Blong,Jalan Provinsi,Berlubang,<40,Simpang T,Perempuan,<17,Tidak,umum,multi_kendaraan,penumpang,ya,UU 33/1964,meninggal,19190000000
2/4/2024,2024,2,Surabaya,535,120,30,24,Cerah,Siang,Truk,Kondisi Jalan,Jalan Nasional,Baik,<40,Simpang 4,Laki-laki,26-45,Ya,pribadi,multi_kendaraan,pengemudi,ya,UU 34/1964,meninggal,7980000000
6/7/2024,2024,6,Bandung,775,454,21,27,Cerah,Dini Hari,Truk,Pelanggaran Lalu Lintas,Jalan Kota,Baik,<40,Tikungan,Laki-laki,<17,Tidak,pribadi,multi_kendaraan,pengemudi,ya,UU 34/1964,meninggal,24290000000
9/28/2024,2024,9,Bekasi,721,285,21,3,Hujan,Dini Hari,Truk,Kecepatan Berlebih,Jalan Provinsi,Berlubang,<40,Simpang Y,Perempuan,>50,Ya,pribadi,tunggal,pengemudi,tidak,tidak_dijamin,tidak_ada,0
3/22/2022,2022,3,Bekasi,314,122,20,34,Hujan,Pagi,Motor,Rem Blong,Jalan Provinsi,Rusak,40-60,Tikungan,Laki-laki,26-45,Ya,pribadi,tunggal,pengemudi,tidak,tidak_dijamin,tidak_ada,0
2/14/2021,2021,2,Bandung,184,444,30,34,Cerah,Pagi,Bus,Kelalaian Pengemudi,Jalan Provinsi,Rusak,>60,Lurus,Perempuan,<17,Ya,umum,multi_kendaraan,penumpang,ya,UU 33/1964,meninggal,24380000000
2/6/2021,2021,2,Jakarta Selatan,213,396,26,36,Cerah,Malam,Bus,Kecepatan Berlebih,Jalan Provinsi,Baik,40-60,Tikungan,Perempuan,>50,Tidak,umum,tunggal,penumpang,ya,UU 33/1964,meninggal,21820000000
10/25/2024,2024,10,Bekasi,703,103,21,64,Hujan,Pagi,Truk,Kurang Jarak Aman,Jalan Nasional,Berlubang,40-60,Simpang 4,Perempuan,17-25,Ya,pribadi,multi_kendaraan,pengemudi,ya,UU 34/1964,meninggal,7480000000
2/5/2025,2025,2,Jakarta Selatan,764,220,20,5,Cerah,Pagi,Bus,Kecepatan Berlebih,Jalan Provinsi,Rusak,40-60,Simpang Y,Laki-laki,26-45,Tidak,umum,tunggal,penumpang,ya,UU 33/1964,meninggal,12100000000
4/1/2023,2023,4,Makassar,561,245,27,58,Hujan,Malam,Truk,Kecepatan Berlebih,Jalan Kota,Baik,40-60,Tikungan,Perempuan,>50,Tidak,pribadi,tunggal,pengemudi,tidak,tidak_dijamin,tidak_ada,0
12/15/2023,2023,12,Bekasi,828,498,25,12,Cerah,Siang,Truk,Pelanggaran Lalu Lintas,Jalan Provinsi,Rusak,<40,Simpang 4,Perempuan,>50,Tidak,pribadi,tunggal,pengemudi,tidak,tidak_dijamin,tidak_ada,0
4/10/2024,2024,4,Semarang,609,268,20,3,Cerah,Pagi,Motor,Kurang Jarak Aman,Jalan Kota,Berlubang,>60,Simpang Y,Perempuan,17-25,Tidak,pribadi,multi_kendaraan,pengemudi,ya,UU 34/1964,meninggal,14460000000
8/7/2025,2025,8,Palembang,739,296,30,24,Hujan,Dini Hari,Truk,Kondisi Jalan,Jalan Nasional,Rusak,<40,Simpang 4,Laki-laki,>50,Tidak,pribadi,tunggal,pengemudi,tidak,tidak_dijamin,tidak_ada,0
12/10/2022,2022,12,Yogyakarta,817,472,21,48,Hujan,Pagi,Mobil,Kelalaian Pengemudi,Jalan Provinsi,Baik,40-60,Simpang Y,Laki-laki,>50,Tidak,pribadi,multi_kendaraan,pengemudi,ya,UU 34/1964,meninggal,25610000000
2/22/2021,2021,2,Jakarta Timur,160,397,25,41,Cerah,Malam,Mobil,Kondisi Jalan,Jalan Kota,Baik,<40,Lurus,Perempuan,17-25,Ya,pribadi,tunggal,pengemudi,tidak,tidak_dijamin,tidak_ada,0
10/16/2025,2025,10,Surabaya,821,167,25,33,Cerah,Dini Hari,Bus,Kondisi Jalan,Jalan Nasional,Baik,>60,Simpang Y,Perempuan,26-45,Tidak,umum,multi_kendaraan,penumpang,ya,UU 33/1964,meninggal,10260000000
11/3/2025,2025,11,Makassar,909,298,23,26,Cerah,Siang,Motor,Rem Blong,Jalan Provinsi,Rusak,40-60,Simpang 4,Laki-laki,<17,Tidak,pribadi,multi_kendaraan,pengemudi,ya,UU 34/1964,meninggal,16570000000
8/2/2024,2024,8,Jakarta Timur,743,178,27,11,Cerah,Dini Hari,Truk,Pelanggaran Lalu Lintas,Jalan Kota,Baik,>60,Lurus,Perempuan,26-45,Tidak,pribadi,tunggal,pengemudi,tidak,tidak_dijamin,tidak_ada,0
12/28/2023,2023,12,Bekasi,859,390,26,53,Cerah,Dini Hari,Motor,Rem Blong,Jalan Nasional,Baik,>60,Simpang Y,Perempuan,>50,Tidak,pribadi,tunggal,pengemudi,tidak,tidak_dijamin,tidak_ada,0
2/28/2025,2025,2,Palembang,782,169,24,64,Cerah,Pagi,Bus,Rem Blong,Jalan Provinsi,Rusak,<40,Tikungan,Perempuan,26-45,Tidak,umum,multi_kendaraan,penumpang,ya,UU 33/1964,meninggal,10930000000
7/11/2021,2021,7,Surabaya,322,215,29,29,Cerah,Malam,Bus,Kondisi Jalan,Jalan Provinsi,Rusak,>60,Simpang Y,Laki-laki,>50,Tidak,umum,tunggal,penumpang,ya,UU 33/1964,meninggal,12780000000
3/18/2022,2022,3,Medan,396,139,24,24,Hujan,Siang,Mobil,Kondisi Jalan,Jalan Nasional,Rusak,>60,Simpang 4,Laki-laki,26-45,Ya,pribadi,multi_kendaraan,pengemudi,ya,UU 34/1964,meninggal,8630000000
2/17/2023,2023,2,Medan,397,258,22,1,Hujan,Pagi,Motor,Pelanggaran Lalu Lintas,Jalan Nasional,Baik,<40,Tikungan,Laki-laki,>50,Tidak,pribadi,multi_kendaraan,pengemudi,ya,UU 34/1964,meninggal,14020000000
8/15/2024,2024,8,Palembang,620,273,29,17,Cerah,Malam,Motor,Kecepatan Berlebih,Jalan Provinsi,Baik,<40,Simpang Y,Laki-laki,17-25,Tidak,pribadi,multi_kendaraan,pengemudi,ya,UU 34/1964,meninggal,15440000000
6/22/2022,2022,6,Jakarta Timur,714,407,28,37,Cerah,Siang,Mobil,Rem Blong,Jalan Kota,Berlubang,<40,Simpang T,Perempuan,<17,Tidak,pribadi,multi_kendaraan,pengemudi,ya,UU 34/1964,meninggal,22490000000
6/6/2025,2025,6,Palembang,945,433,25,24,Cerah,Pagi,Truk,Pelanggaran Lalu Lintas,Jalan Kota,Berlubang,40-60,Simpang Y,Perempuan,<17,Tidak,pribadi,multi_kendaraan,pengemudi,ya,UU 34/1964,meninggal,23380000000
5/22/2023,2023,5,Makassar,440,316,22,29,Cerah,Malam,Bus,Kecepatan Berlebih,Jalan Kota,Berlubang,>60,Simpang Y,Perempuan,<17,Ya,umum,multi_kendaraan,penumpang,ya,UU 33/1964,meninggal,17480000000
2/9/2023,2023,2,Bandung,436,344,29,15,Hujan,Pagi,Motor,Kecepatan Berlebih,Jalan Kota,Berlubang,>60,Tikungan,Laki-laki,<17,Ya,pribadi,multi_kendaraan,pengemudi,ya,UU 34/1964,meninggal,18950000000
3/7/2023,2023,3,Bekasi,432,203,20,45,Cerah,Malam,Truk,Kecepatan Berlebih,Jalan Provinsi,Baik,<40,Lurus,Perempuan,>50,Ya,pribadi,multi_kendaraan,pengemudi,ya,UU 34/1964,meninggal,12050000000
11/2/2025,2025,11,Jakarta Selatan,847,103,26,33,Hujan,Dini Hari,Mobil,Kurang Jarak Aman,Jalan Provinsi,Rusak,>60,Tikungan,Perempuan,17-25,Tidak,pribadi,multi_kendaraan,pengemudi,ya,UU 34/1964,meninggal,7110000000
2/3/2022,2022,2,Yogyakarta,389,178,30,5,Hujan,Siang,Motor,Kelalaian Pengemudi,Jalan Provinsi,Berlubang,>60,Simpang T,Laki-laki,26-45,Ya,pribadi,tunggal,pengemudi,tidak,tidak_dijamin,tidak_ada,0
7/4/2021,2021,7,Jakarta Selatan,376,444,30,22,Cerah,Dini Hari,Truk,Kecepatan Berlebih,Jalan Nasional,Baik,40-60,Tikungan,Perempuan,>50,Ya,pribadi,tunggal,pengemudi,tidak,tidak_dijamin,tidak_ada,0
7/10/2025,2025,7,Medan,729,441,29,36,Cerah,Malam,Mobil,Kelalaian Pengemudi,Jalan Nasional,Baik,<40,Simpang 4,Laki-laki,>50,Tidak,pribadi,multi_kendaraan,pengemudi,ya,UU 34/1964,meninggal,24220000000
7/31/2021,2021,7,Palembang,382,445,22,31,Cerah,Dini Hari,Mobil,Kelalaian Pengemudi,Jalan Provinsi,Baik,>60,Simpang T,Perempuan,<17,Tidak,pribadi,multi_kendaraan,pengemudi,ya,UU 34/1964,meninggal,23970000000
7/3/2022,2022,7,Jakarta Timur,463,142,30,29,Cerah,Dini Hari,Mobil,Kondisi Jalan,Jalan Kota,Baik,<40,Tikungan,Perempuan,17-25,Ya,pribadi,multi_kendaraan,pengemudi,ya,UU 34/1964,meninggal,9180000000
5/21/2023,2023,5,Semarang,472,433,23,45,Hujan,Malam,Mobil,Rem Blong,Jalan Provinsi,Baik,<40,Lurus,Perempuan,>50,Tidak,pribadi,multi_kendaraan,pengemudi,ya,UU 34/1964,meninggal,23700000000
6/4/2021,2021,6,Bekasi,540,491,28,5,Hujan,Dini Hari,Mobil,Kelalaian Pengemudi,Jalan Nasional,Rusak,>60,Simpang Y,Perempuan,26-45,Ya,pribadi,tunggal,pengemudi,tidak,tidak_dijamin,tidak_ada,0
3/16/2021,2021,3,Bekasi,184,367,22,49,Cerah,Malam,Truk,Kurang Jarak Aman,Jalan Nasional,Baik,>60,Tikungan,Laki-laki,17-25,Tidak,pribadi,multi_kendaraan,pengemudi,ya,UU 34/1964,meninggal,20430000000
7/22/2021,2021,7,Bekasi,341,342,26,66,Cerah,Malam,Mobil,Kondisi Jalan,Jalan Nasional,Baik,40-60,Simpang 4,Laki-laki,>50,Tidak,pribadi,multi_kendaraan,pengemudi,ya,UU 34/1964,meninggal,19720000000
4/29/2022,2022,4,Jakarta Selatan,329,330,30,35,Hujan,Malam,Motor,Kecepatan Berlebih,Jalan Nasional,Berlubang,40-60,Simpang T,Perempuan,17-25,Ya,pribadi,multi_kendaraan,pengemudi,ya,UU 34/1964,meninggal,18700000000
4/7/2023,2023,4,Makassar,433,266,28,2,Cerah,Malam,Motor,Pelanggaran Lalu Lintas,Jalan Nasional,Rusak,>60,Lurus,Perempuan,>50,Tidak,pribadi,multi_kendaraan,pengemudi,ya,UU 34/1964,meninggal,14740000000
6/16/2023,2023,6,Medan,785,152,22,24,Hujan,Siang,Mobil,Pelanggaran Lalu Lintas,Jalan Provinsi,Rusak,>60,Lurus,Perempuan,>50,Ya,pribadi,tunggal,pengemudi,tidak,tidak_dijamin,tidak_ada,0
1/25/2024,2024,1,Bandung,636,459,23,13,Cerah,Malam,Truk,Rem Blong,Jalan Nasional,Berlubang,<40,Simpang Y,Perempuan,17-25,Tidak,pribadi,tunggal,pengemudi,tidak,tidak_dijamin,tidak_ada,0
12/7/2022,2022,12,Medan,589,460,23,52,Cerah,Malam,Truk,Kondisi Jalan,Jalan Provinsi,Baik,>60,Lurus,Laki-laki,>50,Tidak,pribadi,multi_kendaraan,pengemudi,ya,UU 34/1964,meninggal,25190000000
11/9/2024,2024,11,Bandung,792,354,26,8,Cerah,Siang,Mobil,Kondisi Jalan,Jalan Kota,Rusak,40-60,Tikungan,Laki-laki,17-25,Tidak,pribadi,multi_kendaraan,pengemudi,ya,UU 34/1964,meninggal,19160000000
5/23/2022,2022,5,Bekasi,441,455,22,52,Cerah,Pagi,Bus,Kondisi Jalan,Jalan Provinsi,Baik,>60,Tikungan,Laki-laki,26-45,Ya,umum,tunggal,penumpang,ya,UU 33/1964,meninggal,24890000000
9/1/2022,2022,9,Semarang,483,331,23,27,Hujan,Malam,Motor,Kondisi Jalan,Jalan Provinsi,Baik,>60,Lurus,Perempuan,<17,Ya,pribadi,tunggal,pengemudi,tidak,tidak_dijamin,tidak_ada,0
6/8/2025,2025,6,Bandung,1036,326,27,28,Hujan,Malam,Truk,Kecepatan Berlebih,Jalan Nasional,Baik,40-60,Simpang T,Perempuan,26-45,Tidak,pribadi,multi_kendaraan,pengemudi,ya,UU 34/1964,meninggal,18210000000
5/23/2024,2024,5,Jakarta Timur,686,460,29,19,Hujan,Malam,Bus,Kelalaian Pengemudi,Jalan Provinsi,Rusak,<40,Simpang 4,Perempuan,26-45,Tidak,umum,multi_kendaraan,penumpang,ya,UU 33/1964,meninggal,24830000000
6/2/2022,2022,6,Makassar,723,247,23,37,Hujan,Malam,Truk,Kurang Jarak Aman,Jalan Nasional,Baik,>60,Lurus,Laki-laki,<17,Ya,pribadi,multi_kendaraan,pengemudi,ya,UU 34/1964,meninggal,14240000000
10/5/2024,2024,10,Surabaya,701,289,23,13,Hujan,Malam,Mobil,Kelalaian Pengemudi,Jalan Provinsi,Rusak,<40,Lurus,Perempuan,17-25,Ya,pribadi,multi_kendaraan,pengemudi,ya,UU 34/1964,meninggal,15860000000
11/28/2024,2024,11,Medan,697,307,25,3,Cerah,Malam,Truk,Pelanggaran Lalu Lintas,Jalan Nasional,Baik,40-60,Simpang Y,Perempuan,>50,Ya,pribadi,multi_kendaraan,pengemudi,ya,UU 34/1964,meninggal,16660000000
7/11/2024,2024,7,Yogyakarta,668,194,29,17,Hujan,Dini Hari,Motor,Pelanggaran Lalu Lintas,Jalan Kota,Rusak,<40,Simpang 4,Laki-laki,>50,Ya,pribadi,multi_kendaraan,pengemudi,ya,UU 34/1964,meninggal,11490000000
10/9/2025,2025,10,Palembang,841,208,28,21,Hujan,Malam,Truk,Pelanggaran Lalu Lintas,Jalan Nasional,Berlubang,40-60,Simpang 4,Perempuan,<17,Tidak,pribadi,multi_kendaraan,pengemudi,ya,UU 34/1964,meninggal,12220000000
4/13/2024,2024,4,Surabaya,561,321,22,13,Hujan,Siang,Motor,Kelalaian Pengemudi,Jalan Provinsi,Baik,>60,Simpang 4,Laki-laki,17-25,Tidak,pribadi,multi_kendaraan,pengemudi,ya,UU 34/1964,meninggal,17410000000
11/26/2022,2022,11,Surabaya,444,150,24,22,Cerah,Malam,Truk,Kurang Jarak Aman,Jalan Provinsi,Berlubang,40-60,Lurus,Perempuan,26-45,Tidak,pribadi,tunggal,pengemudi,tidak,tidak_dijamin,tidak_ada,0
9/3/2023,2023,9,Semarang,627,121,28,9,Cerah,Malam,Motor,Kondisi Jalan,Jalan Provinsi,Rusak,<40,Tikungan,Laki-laki,17-25,Ya,pribadi,multi_kendaraan,pengemudi,ya,UU 34/1964,meninggal,7630000000
4/25/2025,2025,4,Semarang,795,388,21,48,Hujan,Pagi,Bus,Pelanggaran Lalu Lintas,Jalan Nasional,Baik,<40,Simpang 4,Laki-laki,26-45,Ya,umum,multi_kendaraan,penumpang,ya,UU 33/1964,meninggal,21410000000
4/24/2025,2025,4,Makassar,682,100,25,11,Cerah,Malam,Truk,Kurang Jarak Aman,Jalan Nasional,Berlubang,>60,Lurus,Laki-laki,<17,Tidak,pribadi,multi_kendaraan,pengemudi,ya,UU 34/1964,meninggal,6470000000
3/19/2021,2021,3,Palembang,266,206,27,14,Cerah,Siang,Bus,Rem Blong,Jalan Nasional,Rusak,<40,Simpang 4,Laki-laki,17-25,Tidak,umum,multi_kendaraan,penumpang,ya,UU 33/1964,meninggal,11930000000
7/11/2022,2022,7,Jakarta Selatan,483,226,28,55,Hujan,Pagi,Truk,Kondisi Jalan,Jalan Kota,Baik,>60,Tikungan,Perempuan,>50,Tidak,pribadi,tunggal,pengemudi,tidak,tidak_dijamin,tidak_ada,0
11/9/2024,2024,11,Makassar,679,181,22,20,Cerah,Malam,Motor,Kurang Jarak Aman,Jalan Nasional,Berlubang,40-60,Simpang Y,Perempuan,<17,Ya,pribadi,multi_kendaraan,pengemudi,ya,UU 34/1964,meninggal,10550000000
12/27/2022,2022,12,Palembang,709,347,27,10,Hujan,Dini Hari,Motor,Kelalaian Pengemudi,Jalan Nasional,Baik,<40,Simpang T,Laki-laki,17-25,Ya,pribadi,multi_kendaraan,pengemudi,ya,UU 34/1964,meninggal,18900000000
11/6/2024,2024,11,Palembang,668,475,24,42,Cerah,Dini Hari,Motor,Kondisi Jalan,Jalan Kota,Baik,40-60,Simpang Y,Laki-laki,17-25,Tidak,pribadi,tunggal,pengemudi,tidak,tidak_dijamin,tidak_ada,0
12/28/2021,2021,12,Palembang,612,110,23,31,Hujan,Siang,Mobil,Kurang Jarak Aman,Jalan Nasional,Rusak,40-60,Simpang 4,Perempuan,26-45,Tidak,pribadi,multi_kendaraan,pengemudi,ya,UU 34/1964,meninggal,7270000000
1/22/2025,2025,1,Semarang,622,210,27,44,Cerah,Pagi,Mobil,Rem Blong,Jalan Nasional,Berlubang,<40,Tikungan,Laki-laki,<17,Ya,pribadi,tunggal,pengemudi,tidak,tidak_dijamin,tidak_ada,0
5/6/2024,2024,5,Semarang,701,107,30,34,Hujan,Siang,Bus,Kelalaian Pengemudi,Jalan Kota,Berlubang,>60,Simpang Y,Laki-laki,17-25,Ya,umum,multi_kendaraan,penumpang,ya,UU 33/1964,meninggal,7530000000
11/2/2023,2023,11,Palembang,669,283,23,22,Cerah,Pagi,Bus,Kondisi Jalan,Jalan Kota,Berlubang,>60,Simpang T,Perempuan,<17,Ya,umum,multi_kendaraan,penumpang,ya,UU 33/1964,meninggal,15740000000
2/7/2024,2024,2,Surabaya,526,101,30,43,Hujan,Dini Hari,Mobil,Kecepatan Berlebih,Jalan Nasional,Berlubang,>60,Tikungan,Perempuan,<17,Tidak,pribadi,multi_kendaraan,pengemudi,ya,UU 34/1964,meninggal,7410000000
3/7/2024,2024,3,Yogyakarta,542,171,29,59,Cerah,Siang,Bus,Pelanggaran Lalu Lintas,Jalan Kota,Rusak,<40,Tikungan,Laki-laki,26-45,Tidak,umum,multi_kendaraan,penumpang,ya,UU 33/1964,meninggal,11180000000
10/4/2025,2025,10,Medan,902,358,26,14,Hujan,Pagi,Mobil,Kondisi Jalan,Jalan Kota,Berlubang,40-60,Tikungan,Perempuan,17-25,Tidak,pribadi,tunggal,pengemudi,tidak,tidak_dijamin,tidak_ada,0
9/4/2022,2022,9,Medan,519,216,21,18,Hujan,Pagi,Mobil,Rem Blong,Jalan Provinsi,Rusak,>60,Simpang 4,Laki-laki,17-25,Tidak,pribadi,tunggal,pengemudi,tidak,tidak_dijamin,tidak_ada,0
11/2/2023,2023,11,Semarang,605,332,30,66,Cerah,Pagi,Truk,Pelanggaran Lalu Lintas,Jalan Provinsi,Berlubang,40-60,Simpang T,Laki-laki,>50,Ya,pribadi,multi_kendaraan,pengemudi,ya,UU 34/1964,meninggal,19420000000
5/23/2021,2021,5,Medan,244,403,21,51,Cerah,Pagi,Bus,Rem Blong,Jalan Nasional,Baik,>60,Simpang T,Perempuan,26-45,Tidak,umum,multi_kendaraan,penumpang,ya,UU 33/1964,meninggal,22220000000
10/21/2023,2023,10,Medan,602,259,29,10,Cerah,Siang,Bus,Kurang Jarak Aman,Jalan Kota,Baik,40-60,Simpang 4,Laki-laki,>50,Ya,umum,tunggal,penumpang,ya,UU 33/1964,meninggal,14600000000
8/13/2023,2023,8,Jakarta Timur,524,224,26,7,Hujan,Siang,Bus,Kelalaian Pengemudi,Jalan Kota,Rusak,40-60,Tikungan,Laki-laki,26-45,Ya,umum,tunggal,penumpang,ya,UU 33/1964,meninggal,12640000000
11/24/2025,2025,11,Semarang,853,462,23,42,Cerah,Siang,Motor,Kondisi Jalan,Jalan Kota,Rusak,>60,Tikungan,Laki-laki,>50,Tidak,pribadi,multi_kendaraan,pengemudi,ya,UU 34/1964,meninggal,25090000000
7/27/2024,2024,7,Jakarta Timur,671,395,22,49,Cerah,Pagi,Truk,Kecepatan Berlebih,Jalan Provinsi,Berlubang,40-60,Simpang T,Laki-laki,17-25,Ya,pribadi,multi_kendaraan,pengemudi,ya,UU 34/1964,meninggal,21830000000
9/2/2024,2024,9,Palembang,752,228,30,16,Cerah,Pagi,Mobil,Kurang Jarak Aman,Jalan Nasional,Baik,40-60,Simpang Y,Laki-laki,26-45,Ya,pribadi,multi_kendaraan,pengemudi,ya,UU 34/1964,meninggal,13220000000
4/8/2023,2023,4,Medan,555,185,25,42,Cerah,Siang,Motor,Pelanggaran Lalu Lintas,Jalan Kota,Berlubang,40-60,Simpang T,Perempuan,>50,Tidak,pribadi,tunggal,pengemudi,tidak,tidak_dijamin,tidak_ada,0
9/27/2021,2021,9,Semarang,405,428,29,9,Cerah,Siang,Truk,Kondisi Jalan,Jalan Nasional,Baik,>60,Tikungan,Laki-laki,>50,Ya,pribadi,multi_kendaraan,pengemudi,ya,UU 34/1964,meninggal,23030000000
6/15/2022,2022,6,Yogyakarta,623,280,29,16,Hujan,Siang,Mobil,Kurang Jarak Aman,Jalan Kota,Berlubang,<40,Lurus,Perempuan,17-25,Tidak,pribadi,multi_kendaraan,pengemudi,ya,UU 34/1964,meninggal,15770000000
10/20/2022,2022,10,Palembang,394,493,22,19,Cerah,Pagi,Truk,Kelalaian Pengemudi,Jalan Nasional,Rusak,40-60,Simpang 4,Laki-laki,26-45,Ya,pribadi,tunggal,pengemudi,tidak,tidak_dijamin,tidak_ada,0
7/30/2022,2022,7,Makassar,456,118,23,11,Cerah,Dini Hari,Truk,Kecepatan Berlebih,Jalan Kota,Baik,<40,Simpang Y,Laki-laki,17-25,Tidak,pribadi,multi_kendaraan,pengemudi,ya,UU 34/1964,meninggal,7270000000
12/15/2023,2023,12,Palembang,886,343,25,7,Cerah,Pagi,Truk,Kurang Jarak Aman,Jalan Nasional,Rusak,40-60,Simpang Y,Laki-laki,>50,Tidak,pribadi,multi_kendaraan,pengemudi,ya,UU 34/1964,meninggal,18540000000
11/17/2021,2021,11,Jakarta Selatan,418,486,20,22,Hujan,Pagi,Motor,Kondisi Jalan,Jalan Provinsi,Rusak,>60,Lurus,Perempuan,26-45,Tidak,pribadi,multi_kendaraan,pengemudi,ya,UU 34/1964,meninggal,25740000000
7/17/2022,2022,7,Surabaya,417,227,24,21,Cerah,Malam,Bus,Kecepatan Berlebih,Jalan Provinsi,Baik,40-60,Lurus,Perempuan,17-25,Tidak,umum,multi_kendaraan,penumpang,ya,UU 33/1964,meninggal,12970000000
6/22/2023,2023,6,Surabaya,741,386,27,8,Cerah,Siang,Bus,Rem Blong,Jalan Nasional,Baik,40-60,Tikungan,Perempuan,>50,Ya,umum,multi_kendaraan,penumpang,ya,UU 33/1964,meninggal,20810000000
4/17/2022,2022,4,Palembang,399,293,20,11,Cerah,Dini Hari,Motor,Kecepatan Berlebih,Jalan Kota,Berlubang,>60,Simpang Y,Perempuan,>50,Tidak,pribadi,multi_kendaraan,pengemudi,ya,UU 34/1964,meninggal,15870000000
5/15/2024,2024,5,Bandung,596,124,29,16,Hujan,Malam,Bus,Kondisi Jalan,Jalan Kota,Baik,>60,Simpang 4,Laki-laki,>50,Tidak,umum,multi_kendaraan,penumpang,ya,UU 33/1964,meninggal,7970000000
12/23/2021,2021,12,Makassar,654,487,28,15,Cerah,Siang,Mobil,Rem Blong,Jalan Kota,Baik,40-60,Simpang T,Laki-laki,>50,Ya,pribadi,multi_kendaraan,pengemudi,ya,UU 34/1964,meninggal,26050000000
1/15/2025,2025,1,Yogyakarta,713,176,20,38,Cerah,Dini Hari,Mobil,Kondisi Jalan,Jalan Nasional,Berlubang,40-60,Simpang Y,Perempuan,26-45,Ya,pribadi,tunggal,pengemudi,tidak,tidak_dijamin,tidak_ada,0
9/17/2023,2023,9,Bandung,511,182,29,21,Cerah,Malam,Truk,Pelanggaran Lalu Lintas,Jalan Kota,Rusak,>60,Simpang 4,Laki-laki,<17,Tidak,pribadi,tunggal,pengemudi,tidak,tidak_dijamin,tidak_ada,0
5/4/2025,2025,5,Surabaya,698,324,23,23,Hujan,Dini Hari,Truk,Kelalaian Pengemudi,Jalan Kota,Berlubang,40-60,Lurus,Laki-laki,26-45,Tidak,pribadi,multi_kendaraan,pengemudi,ya,UU 34/1964,meninggal,17810000000
4/18/2022,2022,4,Semarang,310,116,23,12,Hujan,Malam,Truk,Kondisi Jalan,Jalan Kota,Berlubang,<40,Simpang T,Perempuan,17-25,Ya,pribadi,multi_kendaraan,pengemudi,ya,UU 34/1964,meninggal,7190000000
11/22/2021,2021,11,Bekasi,377,129,25,13,Hujan,Malam,Bus,Kondisi Jalan,Jalan Nasional,Berlubang,>60,Tikungan,Perempuan,17-25,Tidak,umum,multi_kendaraan,penumpang,ya,UU 33/1964,meninggal,7960000000
9/29/2025,2025,9,Jakarta Selatan,865,188,29,0,Cerah,Siang,Motor,Kecepatan Berlebih,Jalan Kota,Berlubang,40-60,Simpang Y,Perempuan,26-45,Ya,pribadi,multi_kendaraan,pengemudi,ya,UU 34/1964,meninggal,10850000000
1/29/2022,2022,1,Surabaya,271,283,26,49,Hujan,Dini Hari,Mobil,Kurang Jarak Aman,Jalan Nasional,Berlubang,>60,Simpang 4,Perempuan,>50,Ya,pribadi,multi_kendaraan,pengemudi,ya,UU 34/1964,meninggal,16430000000
11/5/2022,2022,11,Medan,502,471,27,9,Cerah,Siang,Motor,Kurang Jarak Aman,Jalan Provinsi,Berlubang,<40,Lurus,Perempuan,<17,Ya,pribadi,tunggal,pengemudi,tidak,tidak_dijamin,tidak_ada,0
10/27/2025,2025,10,Makassar,864,458,24,18,Cerah,Dini Hari,Motor,Kecepatan Berlebih,Jalan Nasional,Baik,>60,Simpang 4,Laki-laki,26-45,Ya,pribadi,multi_kendaraan,pengemudi,ya,UU 34/1964,meninggal,24460000000
6/26/2023,2023,6,Semarang,836,292,23,50,Cerah,Pagi,Motor,Kelalaian Pengemudi,Jalan Provinsi,Rusak,>60,Simpang 4,Perempuan,<17,Tidak,pribadi,multi_kendaraan,pengemudi,ya,UU 34/1964,meninggal,16750000000
11/24/2022,2022,11,Semarang,432,498,22,16,Cerah,Siang,Bus,Kondisi Jalan,Jalan Kota,Baik,<40,Simpang T,Laki-laki,>50,Ya,umum,multi_kendaraan,penumpang,ya,UU 33/1964,meninggal,26320000000
10/22/2024,2024,10,Jakarta Selatan,742,437,25,42,Cerah,Siang,Bus,Kelalaian Pengemudi,Jalan Provinsi,Berlubang,>60,Simpang 4,Perempuan,17-25,Tidak,umum,tunggal,penumpang,ya,UU 33/1964,meninggal,23940000000
8/1/2021,2021,8,Jakarta Timur,336,105,26,16,Cerah,Malam,Motor,Kecepatan Berlebih,Jalan Kota,Berlubang,<40,Simpang Y,Laki-laki,<17,Tidak,pribadi,multi_kendaraan,pengemudi,ya,UU 34/1964,meninggal,6870000000
12/15/2023,2023,12,Semarang,804,268,30,24,Hujan,Malam,Motor,Kondisi Jalan,Jalan Provinsi,Baik,>60,Simpang 4,Laki-laki,17-25,Tidak,pribadi,multi_kendaraan,pengemudi,ya,UU 34/1964,meninggal,15380000000
1/27/2022,2022,1,Palembang,379,278,23,57,Hujan,Siang,Truk,Pelanggaran Lalu Lintas,Jalan Kota,Rusak,40-60,Lurus,Laki-laki,26-45,Ya,pribadi,multi_kendaraan,pengemudi,ya,UU 34/1964,meninggal,16190000000
1/8/2022,2022,1,Yogyakarta,351,381,24,12,Cerah,Siang,Motor,Kecepatan Berlebih,Jalan Provinsi,Baik,<40,Tikungan,Laki-laki,<17,Tidak,pribadi,tunggal,pengemudi,tidak,tidak_dijamin,tidak_ada,0
4/14/2025,2025,4,Surabaya,733,463,21,38,Hujan,Malam,Truk,Rem Blong,Jalan Kota,Rusak,40-60,Tikungan,Laki-laki,<17,Tidak,pribadi,tunggal,pengemudi,tidak,tidak_dijamin,tidak_ada,0
11/17/2024,2024,11,Semarang,757,261,30,5,Hujan,Malam,Truk,Kondisi Jalan,Jalan Nasional,Berlubang,<40,Tikungan,Perempuan,<17,Tidak,pribadi,multi_kendaraan,pengemudi,ya,UU 34/1964,meninggal,14650000000
8/22/2023,2023,8,Bandung,572,367,24,44,Hujan,Pagi,Bus,Kelalaian Pengemudi,Jalan Nasional,Berlubang,>60,Lurus,Perempuan,>50,Ya,umum,multi_kendaraan,penumpang,ya,UU 33/1964,meninggal,20430000000
1/5/2024,2024,1,Jakarta Selatan,591,160,30,6,Cerah,Siang,Mobil,Kelalaian Pengemudi,Jalan Kota,Berlubang,40-60,Lurus,Perempuan,<17,Tidak,pribadi,multi_kendaraan,pengemudi,ya,UU 34/1964,meninggal,9620000000
8/29/2025,2025,8,Bekasi,825,325,30,12,Hujan,Dini Hari,Motor,Kelalaian Pengemudi,Jalan Nasional,Rusak,40-60,Simpang T,Laki-laki,17-25,Tidak,pribadi,multi_kendaraan,pengemudi,ya,UU 34/1964,meninggal,17990000000
2/23/2021,2021,2,Bekasi,173,312,21,11,Hujan,Malam,Motor,Kondisi Jalan,Jalan Provinsi,Baik,40-60,Simpang Y,Perempuan,<17,Tidak,pribadi,tunggal,pengemudi,tidak,tidak_dijamin,tidak_ada,0
11/16/2021,2021,11,Palembang,382,420,23,32,Cerah,Siang,Mobil,Pelanggaran Lalu Lintas,Jalan Provinsi,Berlubang,<40,Tikungan,Perempuan,26-45,Ya,pribadi,tunggal,pengemudi,tidak,tidak_dijamin,tidak_ada,0
12/20/2023,2023,12,Makassar,892,293,23,5,Cerah,Siang,Mobil,Kecepatan Berlebih,Jalan Nasional,Baik,40-60,Simpang T,Laki-laki,>50,Ya,pribadi,tunggal,pengemudi,tidak,tidak_dijamin,tidak_ada,0
8/11/2023,2023,8,Bandung,540,306,25,39,Hujan,Siang,Truk,Rem Blong,Jalan Provinsi,Baik,>60,Simpang Y,Laki-laki,>50,Tidak,pribadi,tunggal,pengemudi,tidak,tidak_dijamin,tidak_ada,0
2/20/2024,2024,2,Surabaya,623,404,20,43,Hujan,Dini Hari,Mobil,Kecepatan Berlebih,Jalan Nasional,Berlubang,>60,Simpang 4,Laki-laki,26-45,Ya,pribadi,multi_kendaraan,pengemudi,ya,UU 34/1964,meninggal,22060000000
4/30/2025,2025,4,Yogyakarta,670,280,22,18,Hujan,Pagi,Bus,Kondisi Jalan,Jalan Kota,Baik,<40,Lurus,Laki-laki,17-25,Ya,umum,multi_kendaraan,penumpang,ya,UU 33/1964,meninggal,15460000000
5/9/2022,2022,5,Bandung,448,309,21,8,Hujan,Malam,Motor,Pelanggaran Lalu Lintas,Jalan Kota,Berlubang,<40,Lurus,Perempuan,>50,Ya,pribadi,tunggal,pengemudi,tidak,tidak_dijamin,tidak_ada,0
7/11/2021,2021,7,Surabaya,345,126,20,29,Cerah,Malam,Bus,Kondisi Jalan,Jalan Provinsi,Rusak,>60,Lurus,Laki-laki,26-45,Tidak,umum,multi_kendaraan,penumpang,ya,UU 33/1964,meninggal,7880000000
3/6/2021,2021,3,Palembang,172,316,20,8,Cerah,Malam,Mobil,Kecepatan Berlebih,Jalan Provinsi,Rusak,>60,Tikungan,Laki-laki,<17,Tidak,pribadi,tunggal,pengemudi,tidak,tidak_dijamin,tidak_ada,0
10/19/2025,2025,10,Jakarta Selatan,776,225,27,24,Cerah,Malam,Mobil,Rem Blong,Jalan Kota,Rusak,40-60,Simpang Y,Perempuan,17-25,Ya,pribadi,multi_kendaraan,pengemudi,ya,UU 34/1964,meninggal,13080000000
11/4/2024,2024,11,Medan,694,163,30,7,Cerah,Pagi,Mobil,Rem Blong,Jalan Nasional,Berlubang,40-60,Simpang Y,Laki-laki,17-25,Ya,pribadi,multi_kendaraan,pengemudi,ya,UU 34/1964,meninggal,9790000000
11/7/2023,2023,11,Jakarta Selatan,558,335,20,18,Cerah,Pagi,Truk,Kecepatan Berlebih,Jalan Kota,Baik,>60,Tikungan,Perempuan,26-45,Ya,pribadi,tunggal,pengemudi,tidak,tidak_dijamin,tidak_ada,0
2/16/2021,2021,2,Palembang,271,198,21,10,Cerah,Siang,Motor,Kecepatan Berlebih,Jalan Nasional,Rusak,<40,Tikungan,Laki-laki,<17,Ya,pribadi,multi_kendaraan,pengemudi,ya,UU 34/1964,meninggal,11150000000
7/19/2025,2025,7,Medan,776,477,28,48,Cerah,Siang,Bus,Kecepatan Berlebih,Jalan Nasional,Rusak,>60,Lurus,Perempuan,<17,Ya,umum,tunggal,penumpang,ya,UU 33/1964,meninggal,26210000000
8/24/2024,2024,8,Medan,613,255,21,38,Hujan,Malam,Truk,Kecepatan Berlebih,Jalan Provinsi,Rusak,>60,Lurus,Perempuan,<17,Ya,pribadi,tunggal,pengemudi,tidak,tidak_dijamin,tidak_ada,0
4/22/2022,2022,4,Palembang,422,439,20,0,Hujan,Siang,Truk,Kondisi Jalan,Jalan Provinsi,Berlubang,>60,Simpang 4,Perempuan,>50,Tidak,pribadi,tunggal,pengemudi,tidak,tidak_dijamin,tidak_ada,0
4/30/2025,2025,4,Jakarta Timur,783,483,24,65,Cerah,Siang,Bus,Pelanggaran Lalu Lintas,Jalan Nasional,Rusak,40-60,Tikungan,Laki-laki,>50,Ya,umum,tunggal,penumpang,ya,UU 33/1964,meninggal,26650000000
4/6/2022,2022,4,Jakarta Timur,307,126,20,9,Cerah,Dini Hari,Bus,Rem Blong,Jalan Nasional,Berlubang,<40,Simpang T,Perempuan,>50,Tidak,umum,multi_kendaraan,penumpang,ya,UU 33/1964,meninggal,7480000000
5/31/2024,2024,5,Bandung,657,406,30,16,Hujan,Malam,Bus,Kondisi Jalan,Jalan Kota,Baik,40-60,Simpang Y,Laki-laki,<17,Ya,umum,tunggal,penumpang,ya,UU 33/1964,meninggal,22120000000
1/3/2023,2023,1,Semarang,397,359,26,17,Cerah,Dini Hari,Truk,Kelalaian Pengemudi,Jalan Provinsi,Rusak,40-60,Simpang Y,Perempuan,<17,Tidak,pribadi,multi_kendaraan,pengemudi,ya,UU 34/1964,meninggal,19590000000
10/17/2024,2024,10,Semarang,692,442,21,33,Hujan,Malam,Bus,Kondisi Jalan,Jalan Nasional,Rusak,40-60,Tikungan,Perempuan,17-25,Ya,umum,multi_kendaraan,penumpang,ya,UU 33/1964,meninggal,23810000000
5/23/2025,2025,5,Medan,827,277,25,28,Cerah,Siang,Truk,Kelalaian Pengemudi,Jalan Nasional,Berlubang,<40,Lurus,Laki-laki,17-25,Tidak,pribadi,multi_kendaraan,pengemudi,ya,UU 34/1964,meninggal,15660000000
7/7/2022,2022,7,Palembang,388,450,23,46,Hujan,Dini Hari,Truk,Rem Blong,Jalan Nasional,Berlubang,40-60,Tikungan,Perempuan,<17,Ya,pribadi,multi_kendaraan,pengemudi,ya,UU 34/1964,meninggal,24570000000
6/19/2022,2022,6,Jakarta Selatan,606,367,25,32,Hujan,Dini Hari,Motor,Rem Blong,Jalan Kota,Berlubang,>60,Simpang Y,Laki-laki,<17,Tidak,pribadi,multi_kendaraan,pengemudi,ya,UU 34/1964,meninggal,20240000000
8/2/2023,2023,8,Surabaya,521,399,25,30,Cerah,Malam,Motor,Kecepatan Berlebih,Jalan Provinsi,Berlubang,>60,Tikungan,Perempuan,>50,Ya,pribadi,multi_kendaraan,pengemudi,ya,UU 34/1964,meninggal,21800000000
7/3/2024,2024,7,Palembang,587,402,21,22,Hujan,Malam,Mobil,Kelalaian Pengemudi,Jalan Kota,Rusak,>60,Lurus,Perempuan,<17,Ya,pribadi,multi_kendaraan,pengemudi,ya,UU 34/1964,meninggal,21590000000
3/13/2025,2025,3,Medan,724,324,27,6,Hujan,Dini Hari,Motor,Kondisi Jalan,Jalan Nasional,Baik,40-60,Simpang Y,Laki-laki,26-45,Ya,pribadi,tunggal,pengemudi,tidak,tidak_dijamin,tidak_ada,0
9/13/2022,2022,9,Yogyakarta,405,429,27,4,Hujan,Malam,Truk,Kelalaian Pengemudi,Jalan Nasional,Rusak,<40,Lurus,Laki-laki,26-45,Ya,pribadi,multi_kendaraan,pengemudi,ya,UU 34/1964,meninggal,22880000000
11/15/2024,2024,11,Jakarta Timur,686,406,24,52,Hujan,Malam,Mobil,Kecepatan Berlebih,Jalan Kota,Baik,<40,Lurus,Laki-laki,>50,Tidak,pribadi,tunggal,pengemudi,tidak,tidak_dijamin,tidak_ada,0
1/5/2021,2021,1,Surabaya,165,267,25,7,Cerah,Malam,Motor,Pelanggaran Lalu Lintas,Jalan Kota,Berlubang,<40,Simpang Y,Perempuan,26-45,Tidak,pribadi,tunggal,pengemudi,tidak,tidak_dijamin,tidak_ada,0
8/17/2023,2023,8,Palembang,518,165,24,4,Cerah,Malam,Motor,Kondisi Jalan,Jalan Nasional,Rusak,<40,Simpang T,Perempuan,26-45,Ya,pribadi,tunggal,pengemudi,tidak,tidak_dijamin,tidak_ada,0
1/5/2022,2022,1,Bandung,330,175,21,36,Cerah,Pagi,Truk,Kurang Jarak Aman,Jalan Kota,Rusak,>60,Simpang 4,Perempuan,26-45,Tidak,pribadi,multi_kendaraan,pengemudi,ya,UU 34/1964,meninggal,10520000000
7/24/2025,2025,7,Jakarta Selatan,816,103,21,22,Hujan,Malam,Bus,Kecepatan Berlebih,Jalan Nasional,Baik,<40,Simpang T,Laki-laki,>50,Ya,umum,tunggal,penumpang,ya,UU 33/1964,meninggal,6640000000
10/23/2023,2023,10,Semarang,631,231,29,8,Cerah,Pagi,Motor,Rem Blong,Jalan Nasional,Baik,40-60,Simpang 4,Laki-laki,<17,Tidak,pribadi,multi_kendaraan,pengemudi,ya,UU 34/1964,meninggal,13160000000
8/24/2024,2024,8,Surabaya,642,467,26,9,Hujan,Dini Hari,Bus,Kecepatan Berlebih,Jalan Kota,Baik,>60,Simpang T,Laki-laki,<17,Tidak,umum,tunggal,penumpang,ya,UU 33/1964,meninggal,24830000000
3/6/2021,2021,3,Jakarta Selatan,311,436,29,36,Hujan,Siang,Truk,Kurang Jarak Aman,Jalan Nasional,Rusak,>60,Lurus,Laki-laki,17-25,Tidak,pribadi,multi_kendaraan,pengemudi,ya,UU 34/1964,meninggal,23970000000
5/2/2021,2021,5,Makassar,246,296,29,3,Hujan,Siang,Mobil,Rem Blong,Jalan Nasional,Rusak,>60,Tikungan,Laki-laki,17-25,Ya,pribadi,tunggal,pengemudi,tidak,tidak_dijamin,tidak_ada,0
1/14/2024,2024,1,Semarang,653,316,27,35,Cerah,Pagi,Bus,Rem Blong,Jalan Provinsi,Rusak,>60,Simpang Y,Laki-laki,17-25,Ya,umum,tunggal,penumpang,ya,UU 33/1964,meninggal,17850000000
11/7/2022,2022,11,Bandung,496,313,22,42,Hujan,Siang,Bus,Rem Blong,Jalan Nasional,Rusak,<40,Simpang T,Laki-laki,>50,Ya,umum,multi_kendaraan,penumpang,ya,UU 33/1964,meninggal,17590000000
6/28/2024,2024,6,Jakarta Timur,922,383,27,26,Cerah,Dini Hari,Mobil,Kurang Jarak Aman,Jalan Kota,Baik,40-60,Simpang T,Laki-laki,<17,Tidak,pribadi,multi_kendaraan,pengemudi,ya,UU 34/1964,meninggal,21020000000
1/31/2022,2022,1,Surabaya,313,221,29,33,Hujan,Pagi,Truk,Kecepatan Berlebih,Jalan Kota,Baik,>60,Lurus,Laki-laki,<17,Tidak,pribadi,tunggal,pengemudi,tidak,tidak_dijamin,tidak_ada,0
12/29/2022,2022,12,Palembang,676,151,23,68,Hujan,Pagi,Mobil,Rem Blong,Jalan Nasional,Berlubang,40-60,Simpang 4,Laki-laki,>50,Ya,pribadi,multi_kendaraan,pengemudi,ya,UU 34/1964,meninggal,10060000000
1/24/2021,2021,1,Makassar,228,333,25,28,Hujan,Malam,Motor,Rem Blong,Jalan Nasional,Baik,<40,Tikungan,Perempuan,26-45,Ya,pribadi,tunggal,pengemudi,tidak,tidak_dijamin,tidak_ada,0
11/20/2025,2025,11,Palembang,809,175,28,35,Cerah,Pagi,Mobil,Pelanggaran Lalu Lintas,Jalan Nasional,Rusak,<40,Tikungan,Perempuan,>50,Ya,pribadi,multi_kendaraan,pengemudi,ya,UU 34/1964,meninggal,10850000000
1/2/2021,2021,1,Bekasi,158,229,30,55,Cerah,Dini Hari,Bus,Kecepatan Berlebih,Jalan Nasional,Baik,>60,Lurus,Perempuan,>50,Ya,umum,multi_kendaraan,penumpang,ya,UU 33/1964,meninggal,14050000000
7/4/2024,2024,7,Surabaya,615,485,30,19,Cerah,Dini Hari,Motor,Kondisi Jalan,Jalan Kota,Berlubang,40-60,Simpang 4,Perempuan,<17,Tidak,pribadi,tunggal,pengemudi,tidak,tidak_dijamin,tidak_ada,0
5/17/2025,2025,5,Jakarta Selatan,786,422,23,14,Hujan,Dini Hari,Bus,Kelalaian Pengemudi,Jalan Provinsi,Rusak,40-60,Lurus,Laki-laki,>50,Tidak,umum,tunggal,penumpang,ya,UU 33/1964,meninggal,22530000000
2/4/2021,2021,2,Palembang,153,128,24,7,Cerah,Pagi,Mobil,Kurang Jarak Aman,Jalan Kota,Rusak,40-60,Lurus,Laki-laki,>50,Tidak,pribadi,tunggal,pengemudi,tidak,tidak_dijamin,tidak_ada,0
10/24/2021,2021,10,Yogyakarta,406,423,24,19,Cerah,Malam,Bus,Pelanggaran Lalu Lintas,Jalan Provinsi,Rusak,<40,Simpang Y,Laki-laki,>50,Ya,umum,multi_kendaraan,penumpang,ya,UU 33/1964,meninggal,22730000000
2/10/2025,2025,2,Bandung,738,386,25,59,Cerah,Malam,Bus,Pelanggaran Lalu Lintas,Jalan Provinsi,Berlubang,<40,Simpang T,Laki-laki,>50,Ya,umum,tunggal,penumpang,ya,UU 33/1964,meninggal,21730000000
11/15/2021,2021,11,Bekasi,372,192,26,29,Cerah,Siang,Motor,Kurang Jarak Aman,Jalan Nasional,Rusak,<40,Simpang 4,Laki-laki,26-45,Tidak,pribadi,multi_kendaraan,pengemudi,ya,UU 34/1964,meninggal,11480000000
8/18/2022,2022,8,Medan,396,325,25,4,Hujan,Siang,Motor,Kecepatan Berlebih,Jalan Nasional,Baik,<40,Simpang T,Laki-laki,>50,Tidak,pribadi,multi_kendaraan,pengemudi,ya,UU 34/1964,meninggal,17580000000
1/20/2021,2021,1,Surabaya,221,417,25,8,Cerah,Dini Hari,Motor,Rem Blong,Jalan Nasional,Berlubang,40-60,Simpang Y,Laki-laki,17-25,Ya,pribadi,tunggal,pengemudi,tidak,tidak_dijamin,tidak_ada,0
5/24/2023,2023,5,Palembang,491,137,25,4,Cerah,Malam,Bus,Kondisi Jalan,Jalan Nasional,Baik,<40,Simpang 4,Laki-laki,>50,Tidak,umum,multi_kendaraan,penumpang,ya,UU 33/1964,meninggal,8180000000
2/5/2024,2024,2,Semarang,597,274,25,36,Hujan,Dini Hari,Truk,Kondisi Jalan,Jalan Kota,Berlubang,40-60,Simpang Y,Laki-laki,17-25,Tidak,pribadi,multi_kendaraan,pengemudi,ya,UU 34/1964,meninggal,15670000000
7/22/2025,2025,7,Jakarta Timur,707,277,24,5,Hujan,Pagi,Bus,Rem Blong,Jalan Kota,Rusak,<40,Simpang 4,Perempuan,<17,Tidak,umum,multi_kendaraan,penumpang,ya,UU 33/1964,meninggal,15150000000
5/2/2023,2023,5,Palembang,494,204,28,4,Cerah,Malam,Bus,Kondisi Jalan,Jalan Nasional,Baik,<40,Simpang T,Perempuan,26-45,Tidak,umum,tunggal,penumpang,ya,UU 33/1964,meninggal,11680000000
3/4/2021,2021,3,Bekasi,196,480,26,51,Hujan,Siang,Mobil,Kurang Jarak Aman,Jalan Nasional,Berlubang,<40,Simpang T,Laki-laki,<17,Ya,pribadi,multi_kendaraan,pengemudi,ya,UU 34/1964,meninggal,26320000000
9/29/2023,2023,9,Bandung,640,324,22,6,Cerah,Dini Hari,Bus,Kecepatan Berlebih,Jalan Nasional,Rusak,>60,Tikungan,Perempuan,<17,Tidak,umum,tunggal,penumpang,ya,UU 33/1964,meninggal,17420000000
12/29/2021,2021,12,Yogyakarta,551,159,22,33,Cerah,Malam,Motor,Kurang Jarak Aman,Jalan Nasional,Baik,<40,Simpang 4,Perempuan,26-45,Ya,pribadi,multi_kendaraan,pengemudi,ya,UU 34/1964,meninggal,9710000000
6/16/2024,2024,6,Jakarta Selatan,846,438,22,20,Hujan,Siang,Bus,Kondisi Jalan,Jalan Kota,Rusak,>60,Simpang Y,Perempuan,17-25,Ya,umum,multi_kendaraan,penumpang,ya,UU 33/1964,meninggal,23400000000
11/22/2025,2025,11,Bekasi,821,228,30,15,Hujan,Dini Hari,Motor,Rem Blong,Jalan Kota,Rusak,>60,Simpang T,Laki-laki,26-45,Tidak,pribadi,tunggal,pengemudi,tidak,tidak_dijamin,tidak_ada,0
4/28/2021,2021,4,Surabaya,260,354,26,27,Cerah,Siang,Mobil,Rem Blong,Jalan Nasional,Berlubang,<40,Simpang 4,Perempuan,26-45,Tidak,pribadi,multi_kendaraan,pengemudi,ya,UU 34/1964,meninggal,19540000000
11/17/2025,2025,11,Bandung,865,467,28,10,Cerah,Pagi,Mobil,Rem Blong,Jalan Provinsi,Baik,40-60,Tikungan,Perempuan,<17,Tidak,pribadi,multi_kendaraan,pengemudi,ya,UU 34/1964,meninggal,24950000000
5/3/2021,2021,5,Semarang,322,461,21,23,Cerah,Pagi,Truk,Kondisi Jalan,Jalan Provinsi,Rusak,>60,Lurus,Perempuan,>50,Ya,pribadi,multi_kendaraan,pengemudi,ya,UU 34/1964,meninggal,24560000000
10/10/2021,2021,10,Medan,344,302,29,3,Cerah,Dini Hari,Bus,Kurang Jarak Aman,Jalan Kota,Baik,<40,Simpang Y,Laki-laki,26-45,Ya,umum,multi_kendaraan,penumpang,ya,UU 33/1964,meninggal,16610000000
6/23/2024,2024,6,Jakarta Timur,758,432,29,26,Cerah,Dini Hari,Mobil,Kurang Jarak Aman,Jalan Kota,Baik,<40,Simpang 4,Perempuan,<17,Ya,pribadi,tunggal,pengemudi,tidak,tidak_dijamin,tidak_ada,0
3/15/2025,2025,3,Surabaya,729,427,23,9,Cerah,Dini Hari,Truk,Kecepatan Berlebih,Jalan Nasional,Rusak,40-60,Simpang 4,Perempuan,17-25,Tidak,pribadi,multi_kendaraan,pengemudi,ya,UU 34/1964,meninggal,22680000000
10/27/2025,2025,10,Makassar,827,196,27,49,Hujan,Malam,Bus,Kelalaian Pengemudi,Jalan Nasional,Berlubang,>60,Simpang Y,Laki-laki,<17,Tidak,umum,tunggal,penumpang,ya,UU 33/1964,meninggal,12130000000
3/11/2022,2022,3,Surabaya,395,192,24,13,Hujan,Siang,Motor,Rem Blong,Jalan Kota,Baik,<40,Tikungan,Perempuan,<17,Ya,pribadi,multi_kendaraan,pengemudi,ya,UU 34/1964,meninggal,11060000000
5/7/2022,2022,5,Makassar,410,383,27,43,Hujan,Pagi,Motor,Kelalaian Pengemudi,Jalan Kota,Baik,40-60,Tikungan,Laki-laki,<17,Tidak,pribadi,multi_kendaraan,pengemudi,ya,UU 34/1964,meninggal,21360000000
8/14/2021,2021,8,Surabaya,327,268,30,47,Hujan,Pagi,Bus,Rem Blong,Jalan Nasional,Rusak,40-60,Lurus,Perempuan,17-25,Ya,umum,tunggal,penumpang,ya,UU 33/1964,meninggal,15840000000
1/3/2024,2024,1,Medan,509,348,22,10,Hujan,Pagi,Bus,Kurang Jarak Aman,Jalan Nasional,Rusak,40-60,Simpang T,Laki-laki,>50,Tidak,umum,multi_kendaraan,penumpang,ya,UU 33/1964,meninggal,18700000000
2/17/2023,2023,2,Bekasi,493,365,28,34,Cerah,Pagi,Bus,Kecepatan Berlebih,Jalan Provinsi,Berlubang,40-60,Simpang Y,Perempuan,17-25,Tidak,umum,multi_kendaraan,penumpang,ya,UU 33/1964,meninggal,20330000000
8/9/2022,2022,8,Makassar,481,266,30,32,Hujan,Malam,Motor,Rem Blong,Jalan Provinsi,Baik,40-60,Lurus,Perempuan,>50,Ya,pribadi,multi_kendaraan,pengemudi,ya,UU 34/1964,meninggal,15440000000
5/28/2022,2022,5,Bekasi,339,107,27,29,Cerah,Dini Hari,Bus,Kurang Jarak Aman,Jalan Provinsi,Rusak,<40,Simpang Y,Perempuan,26-45,Tidak,umum,multi_kendaraan,penumpang,ya,UU 33/1964,meninggal,7280000000
4/3/2021,2021,4,Bandung,340,290,25,7,Cerah,Siang,Motor,Kelalaian Pengemudi,Jalan Provinsi,Rusak,>60,Simpang Y,Laki-laki,26-45,Ya,pribadi,multi_kendaraan,pengemudi,ya,UU 34/1964,meninggal,15890000000
1/31/2024,2024,1,Palembang,644,290,24,3,Cerah,Siang,Truk,Kecepatan Berlebih,Jalan Kota,Baik,40-60,Simpang T,Laki-laki,17-25,Tidak,pribadi,multi_kendaraan,pengemudi,ya,UU 34/1964,meninggal,15760000000
12/31/2022,2022,12,Makassar,657,106,29,38,Hujan,Pagi,Truk,Kelalaian Pengemudi,Jalan Provinsi,Baik,<40,Simpang T,Laki-laki,>50,Ya,pribadi,multi_kendaraan,pengemudi,ya,UU 34/1964,meninggal,7510000000
3/16/2024,2024,3,Bekasi,626,435,23,1,Hujan,Pagi,Mobil,Kurang Jarak Aman,Jalan Provinsi,Baik,>60,Simpang Y,Laki-laki,<17,Tidak,pribadi,multi_kendaraan,pengemudi,ya,UU 34/1964,meninggal,22920000000
4/1/2024,2024,4,Jakarta Selatan,681,163,23,30,Hujan,Dini Hari,Motor,Kurang Jarak Aman,Jalan Provinsi,Berlubang,>60,Simpang Y,Perempuan,>50,Tidak,pribadi,multi_kendaraan,pengemudi,ya,UU 34/1964,meninggal,9900000000
9/15/2022,2022,9,Palembang,412,149,21,26,Hujan,Pagi,Truk,Kecepatan Berlebih,Jalan Provinsi,Rusak,>60,Simpang 4,Perempuan,26-45,Tidak,pribadi,multi_kendaraan,pengemudi,ya,UU 34/1964,meninggal,9020000000
7/13/2021,2021,7,Bekasi,304,270,20,6,Cerah,Malam,Motor,Pelanggaran Lalu Lintas,Jalan Kota,Baik,<40,Simpang 4,Laki-laki,>50,Ya,pribadi,multi_kendaraan,pengemudi,ya,UU 34/1964,meninggal,14620000000
5/6/2023,2023,5,Surabaya,467,298,30,30,Cerah,Malam,Motor,Pelanggaran Lalu Lintas,Jalan Nasional,Baik,>60,Simpang Y,Laki-laki,>50,Tidak,pribadi,tunggal,pengemudi,tidak,tidak_dijamin,tidak_ada,0
8/28/2022,2022,8,Medan,471,102,20,14,Cerah,Pagi,Motor,Kelalaian Pengemudi,Jalan Provinsi,Rusak,>60,Simpang Y,Laki-laki,17-25,Ya,pribadi,tunggal,pengemudi,tidak,tidak_dijamin,tidak_ada,0
7/4/2025,2025,7,Semarang,786,404,26,45,Cerah,Pagi,Bus,Rem Blong,Jalan Kota,Rusak,<40,Simpang Y,Laki-laki,17-25,Ya,umum,multi_kendaraan,penumpang,ya,UU 33/1964,meninggal,22400000000
7/17/2023,2023,7,Medan,596,232,29,33,Cerah,Malam,Motor,Kondisi Jalan,Jalan Provinsi,Baik,40-60,Simpang Y,Perempuan,17-25,Ya,pribadi,tunggal,pengemudi,tidak,tidak_dijamin,tidak_ada,0
9/21/2024,2024,9,Surabaya,643,135,30,1,Hujan,Malam,Bus,Kondisi Jalan,Jalan Kota,Baik,<40,Simpang Y,Laki-laki,<17,Ya,umum,multi_kendaraan,penumpang,ya,UU 33/1964,meninggal,8270000000
3/10/2021,2021,3,Medan,188,164,25,10,Hujan,Malam,Mobil,Rem Blong,Jalan Provinsi,Baik,>60,Tikungan,Perempuan,>50,Ya,pribadi,multi_kendaraan,pengemudi,ya,UU 34/1964,meninggal,9650000000
12/13/2025,2025,12,Bekasi,1039,279,24,52,Cerah,Siang,Bus,Kondisi Jalan,Jalan Nasional,Baik,40-60,Simpang Y,Laki-laki,>50,Tidak,umum,multi_kendaraan,penumpang,ya,UU 33/1964,meninggal,16190000000
8/26/2024,2024,8,Semarang,744,480,27,28,Hujan,Pagi,Truk,Kecepatan Berlebih,Jalan Nasional,Baik,>60,Simpang 4,Perempuan,>50,Tidak,pribadi,multi_kendaraan,pengemudi,ya,UU 34/1964,meninggal,25910000000
9/11/2021,2021,9,Jakarta Timur,345,295,30,33,Hujan,Pagi,Mobil,Kondisi Jalan,Jalan Nasional,Rusak,40-60,Simpang Y,Laki-laki,<17,Ya,pribadi,multi_kendaraan,pengemudi,ya,UU 34/1964,meninggal,16910000000
4/18/2023,2023,4,Surabaya,518,158,23,2,Cerah,Malam,Truk,Rem Blong,Jalan Nasional,Baik,>60,Simpang T,Laki-laki,>50,Tidak,pribadi,multi_kendaraan,pengemudi,ya,UU 34/1964,meninggal,9090000000
7/23/2022,2022,7,Palembang,458,223,22,46,Hujan,Dini Hari,Truk,Rem Blong,Jalan Nasional,Berlubang,<40,Simpang 4,Perempuan,>50,Tidak,pribadi,multi_kendaraan,pengemudi,ya,UU 34/1964,meninggal,13170000000
5/3/2024,2024,5,Makassar,710,354,20,16,Hujan,Dini Hari,Mobil,Kecepatan Berlebih,Jalan Provinsi,Berlubang,<40,Simpang 4,Laki-laki,>50,Tidak,pribadi,tunggal,pengemudi,tidak,tidak_dijamin,tidak_ada,0
4/3/2024,2024,4,Semarang,659,209,22,46,Hujan,Pagi,Motor,Kelalaian Pengemudi,Jalan Nasional,Berlubang,<40,Lurus,Perempuan,26-45,Ya,pribadi,multi_kendaraan,pengemudi,ya,UU 34/1964,meninggal,12470000000
12/25/2023,2023,12,Yogyakarta,838,170,21,28,Cerah,Malam,Truk,Kelalaian Pengemudi,Jalan Kota,Berlubang,<40,Simpang T,Perempuan,<17,Ya,pribadi,multi_kendaraan,pengemudi,ya,UU 34/1964,meninggal,10110000000
11/27/2024,2024,11,Medan,726,120,23,32,Hujan,Dini Hari,Truk,Pelanggaran Lalu Lintas,Jalan Provinsi,Rusak,40-60,Simpang T,Perempuan,>50,Ya,pribadi,tunggal,pengemudi,tidak,tidak_dijamin,tidak_ada,0
12/2/2022,2022,12,Makassar,701,401,26,38,Hujan,Pagi,Truk,Kelalaian Pengemudi,Jalan Provinsi,Baik,40-60,Simpang 4,Perempuan,26-45,Ya,pribadi,multi_kendaraan,pengemudi,ya,UU 34/1964,meninggal,22110000000
7/16/2024,2024,7,Makassar,607,330,22,16,Cerah,Malam,Mobil,Rem Blong,Jalan Provinsi,Rusak,<40,Lurus,Laki-laki,>50,Tidak,pribadi,multi_kendaraan,pengemudi,ya,UU 34/1964,meninggal,17920000000
6/25/2025,2025,6,Makassar,926,396,29,20,Hujan,Dini Hari,Truk,Kelalaian Pengemudi,Jalan Nasional,Rusak,<40,Lurus,Perempuan,26-45,Tidak,pribadi,tunggal,pengemudi,tidak,tidak_dijamin,tidak_ada,0
11/22/2022,2022,11,Surabaya,420,176,23,24,Hujan,Dini Hari,Truk,Kurang Jarak Aman,Jalan Provinsi,Berlubang,<40,Simpang T,Laki-laki,<17,Tidak,pribadi,tunggal,pengemudi,tidak,tidak_dijamin,tidak_ada,0
6/28/2022,2022,6,Semarang,575,443,28,48,Cerah,Siang,Mobil,Kecepatan Berlebih,Jalan Nasional,Baik,>60,Simpang Y,Perempuan,<17,Tidak,pribadi,tunggal,pengemudi,tidak,tidak_dijamin,tidak_ada,0
12/27/2021,2021,12,Bekasi,584,155,20,14,Cerah,Malam,Truk,Kondisi Jalan,Jalan Nasional,Rusak,<40,Simpang Y,Laki-laki,17-25,Ya,pribadi,tunggal,pengemudi,tidak,tidak_dijamin,tidak_ada,0
6/22/2023,2023,6,Jakarta Timur,727,190,27,25,Cerah,Siang,Mobil,Kecepatan Berlebih,Jalan Nasional,Berlubang,>60,Lurus,Perempuan,<17,Tidak,pribadi,tunggal,pengemudi,tidak,tidak_dijamin,tidak_ada,0
8/20/2022,2022,8,Jakarta Selatan,382,293,28,13,Cerah,Pagi,Bus,Kurang Jarak Aman,Jalan Provinsi,Rusak,>60,Simpang 4,Perempuan,<17,Tidak,umum,tunggal,penumpang,ya,UU 33/1964,meninggal,16310000000
4/8/2025,2025,4,Jakarta Selatan,676,103,28,7,Cerah,Dini Hari,Truk,Rem Blong,Jalan Nasional,Berlubang,40-60,Lurus,Perempuan,>50,Ya,pribadi,multi_kendaraan,pengemudi,ya,UU 34/1964,meninggal,6690000000
6/14/2023,2023,6,Jakarta Timur,632,261,25,4,Cerah,Siang,Bus,Kondisi Jalan,Jalan Kota,Rusak,40-60,Simpang Y,Perempuan,26-45,Ya,umum,multi_kendaraan,penumpang,ya,UU 33/1964,meninggal,14380000000
8/23/2024,2024,8,Semarang,636,186,30,32,Cerah,Malam,Bus,Kecepatan Berlebih,Jalan Kota,Baik,>60,Simpang T,Perempuan,>50,Ya,umum,multi_kendaraan,penumpang,ya,UU 33/1964,meninggal,11440000000
7/22/2025,2025,7,Jakarta Timur,745,357,22,35,Cerah,Siang,Truk,Kondisi Jalan,Jalan Provinsi,Rusak,>60,Simpang 4,Laki-laki,26-45,Tidak,pribadi,multi_kendaraan,pengemudi,ya,UU 34/1964,meninggal,19650000000
7/18/2023,2023,7,Makassar,609,223,28,14,Cerah,Malam,Motor,Kondisi Jalan,Jalan Nasional,Baik,>60,Simpang Y,Perempuan,<17,Tidak,pribadi,tunggal,pengemudi,tidak,tidak_dijamin,tidak_ada,0
8/19/2021,2021,8,Palembang,368,301,22,10,Hujan,Dini Hari,Mobil,Kelalaian Pengemudi,Jalan Nasional,Baik,40-60,Tikungan,Perempuan,>50,Tidak,pribadi,multi_kendaraan,pengemudi,ya,UU 34/1964,meninggal,16350000000
4/18/2025,2025,4,Palembang,796,172,20,35,Cerah,Dini Hari,Motor,Kondisi Jalan,Jalan Provinsi,Berlubang,40-60,Simpang Y,Perempuan,26-45,Tidak,pribadi,multi_kendaraan,pengemudi,ya,UU 34/1964,meninggal,10300000000
5/17/2023,2023,5,Semarang,459,363,26,45,Hujan,Malam,Mobil,Rem Blong,Jalan Provinsi,Baik,40-60,Simpang 4,Perempuan,17-25,Tidak,pribadi,multi_kendaraan,pengemudi,ya,UU 34/1964,meninggal,20350000000
8/16/2022,2022,8,Semarang,490,191,20,60,Cerah,Siang,Truk,Rem Blong,Jalan Provinsi,Berlubang,<40,Tikungan,Laki-laki,17-25,Tidak,pribadi,tunggal,pengemudi,tidak,tidak_dijamin,tidak_ada,0
12/11/2022,2022,12,Medan,744,335,30,21,Cerah,Pagi,Mobil,Kecepatan Berlebih,Jalan Provinsi,Rusak,40-60,Simpang 4,Laki-laki,26-45,Tidak,pribadi,multi_kendaraan,pengemudi,ya,UU 34/1964,meninggal,18670000000
3/3/2025,2025,3,Makassar,719,239,20,27,Cerah,Dini Hari,Truk,Kecepatan Berlebih,Jalan Nasional,Baik,<40,Simpang Y,Perempuan,26-45,Tidak,pribadi,tunggal,pengemudi,tidak,tidak_dijamin,tidak_ada,0
3/14/2024,2024,3,Jakarta Selatan,538,316,20,10,Hujan,Dini Hari,Truk,Kurang Jarak Aman,Jalan Kota,Baik,>60,Simpang Y,Perempuan,<17,Ya,pribadi,multi_kendaraan,pengemudi,ya,UU 34/1964,meninggal,17000000000
8/2/2024,2024,8,Medan,703,196,22,38,Hujan,Malam,Truk,Kecepatan Berlebih,Jalan Provinsi,Rusak,>60,Simpang Y,Perempuan,<17,Tidak,pribadi,multi_kendaraan,pengemudi,ya,UU 34/1964,meninggal,11660000000
4/2/2021,2021,4,Bandung,277,334,24,6,Cerah,Pagi,Truk,Kecepatan Berlebih,Jalan Nasional,Baik,40-60,Simpang 4,Laki-laki,17-25,Ya,pribadi,multi_kendaraan,pengemudi,ya,UU 34/1964,meninggal,18020000000
9/30/2025,2025,9,Semarang,826,224,20,3,Hujan,Malam,Motor,Rem Blong,Jalan Kota,Rusak,<40,Simpang T,Perempuan,<17,Tidak,pribadi,multi_kendaraan,pengemudi,ya,UU 34/1964,meninggal,12260000000
12/1/2024,2024,12,Bekasi,997,477,30,19,Hujan,Dini Hari,Mobil,Kurang Jarak Aman,Jalan Provinsi,Berlubang,40-60,Tikungan,Perempuan,17-25,Tidak,pribadi,tunggal,pengemudi,tidak,tidak_dijamin,tidak_ada,0
3/8/2023,2023,3,Makassar,457,168,30,15,Cerah,Malam,Motor,Rem Blong,Jalan Provinsi,Berlubang,>60,Simpang 4,Perempuan,26-45,Tidak,pribadi,tunggal,pengemudi,tidak,tidak_dijamin,tidak_ada,0
10/18/2025,2025,10,Semarang,811,423,20,7,Hujan,Dini Hari,Truk,Pelanggaran Lalu Lintas,Jalan Provinsi,Baik,<40,Simpang Y,Laki-laki,26-45,Ya,pribadi,multi_kendaraan,pengemudi,ya,UU 34/1964,meninggal,22290000000
9/30/2025,2025,9,Bekasi,854,193,24,31,Cerah,Dini Hari,Bus,Kurang Jarak Aman,Jalan Provinsi,Berlubang,>60,Lurus,Laki-laki,17-25,Tidak,umum,multi_kendaraan,penumpang,ya,UU 33/1964,meninggal,11470000000
4/29/2023,2023,4,Jakarta Timur,437,343,22,7,Hujan,Malam,Mobil,Kecepatan Berlebih,Jalan Nasional,Berlubang,<40,Simpang T,Perempuan,>50,Ya,pribadi,multi_kendaraan,pengemudi,ya,UU 34/1964,meninggal,18390000000
6/21/2023,2023,6,Jakarta Timur,697,213,20,7,Cerah,Malam,Truk,Pelanggaran Lalu Lintas,Jalan Nasional,Rusak,<40,Simpang T,Perempuan,>50,Tidak,pribadi,tunggal,pengemudi,tidak,tidak_dijamin,tidak_ada,0
6/10/2023,2023,6,Jakarta Timur,842,230,22,31,Hujan,Siang,Truk,Kecepatan Berlebih,Jalan Kota,Rusak,40-60,Lurus,Perempuan,26-45,Tidak,pribadi,tunggal,pengemudi,tidak,tidak_dijamin,tidak_ada,0
12/3/2021,2021,12,Palembang,652,128,22,27,Hujan,Dini Hari,Mobil,Kelalaian Pengemudi,Jalan Provinsi,Rusak,40-60,Simpang Y,Laki-laki,<17,Ya,pribadi,multi_kendaraan,pengemudi,ya,UU 34/1964,meninggal,8040000000
3/4/2021,2021,3,Medan,256,439,21,8,Cerah,Malam,Mobil,Pelanggaran Lalu Lintas,Jalan Kota,Berlubang,40-60,Lurus,Laki-laki,17-25,Ya,pribadi,multi_kendaraan,pengemudi,ya,UU 34/1964,meninggal,23160000000
9/17/2025,2025,9,Bekasi,872,311,27,5,Cerah,Dini Hari,Truk,Kelalaian Pengemudi,Jalan Nasional,Rusak,40-60,Simpang T,Perempuan,>50,Tidak,pribadi,tunggal,pengemudi,tidak,tidak_dijamin,tidak_ada,0
12/11/2025,2025,12,Jakarta Selatan,1058,261,27,22,Hujan,Malam,Bus,Kondisi Jalan,Jalan Nasional,Berlubang,<40,Tikungan,Laki-laki,17-25,Tidak,umum,multi_kendaraan,penumpang,ya,UU 33/1964,meninggal,14840000000
10/9/2024,2024,10,Jakarta Selatan,701,151,22,38,Cerah,Siang,Mobil,Kelalaian Pengemudi,Jalan Provinsi,Rusak,40-60,Lurus,Perempuan,26-45,Tidak,pribadi,multi_kendaraan,pengemudi,ya,UU 34/1964,meninggal,9410000000
7/22/2022,2022,7,Bekasi,452,425,21,17,Hujan,Pagi,Bus,Kurang Jarak Aman,Jalan Provinsi,Rusak,40-60,Tikungan,Perempuan,<17,Ya,umum,multi_kendaraan,penumpang,ya,UU 33/1964,meninggal,22640000000
1/13/2021,2021,1,Makassar,180,347,28,15,Hujan,Dini Hari,Truk,Kondisi Jalan,Jalan Provinsi,Berlubang,40-60,Simpang T,Laki-laki,17-25,Tidak,pribadi,multi_kendaraan,pengemudi,ya,UU 34/1964,meninggal,19050000000
10/25/2024,2024,10,Jakarta Selatan,687,114,23,6,Hujan,Dini Hari,Truk,Kondisi Jalan,Jalan Nasional,Rusak,<40,Simpang Y,Laki-laki,<17,Tidak,pribadi,tunggal,pengemudi,tidak,tidak_dijamin,tidak_ada,0
5/16/2025,2025,5,Palembang,703,190,27,10,Hujan,Siang,Bus,Rem Blong,Jalan Kota,Baik,40-60,Simpang Y,Perempuan,17-25,Tidak,umum,tunggal,penumpang,ya,UU 33/1964,meninggal,11050000000
8/31/2022,2022,8,Jakarta Selatan,468,233,25,45,Hujan,Pagi,Bus,Kelalaian Pengemudi,Jalan Kota,Berlubang,40-60,Simpang T,Laki-laki,<17,Tidak,umum,multi_kendaraan,penumpang,ya,UU 33/1964,meninggal,13800000000
8/25/2022,2022,8,Jakarta Timur,382,461,27,23,Hujan,Pagi,Motor,Pelanggaran Lalu Lintas,Jalan Nasional,Rusak,<40,Lurus,Laki-laki,17-25,Ya,pribadi,multi_kendaraan,pengemudi,ya,UU 34/1964,meninggal,24860000000
3/18/2025,2025,3,Surabaya,744,276,27,9,Cerah,Dini Hari,Truk,Kecepatan Berlebih,Jalan Nasional,Rusak,40-60,Simpang Y,Laki-laki,>50,Tidak,pribadi,multi_kendaraan,pengemudi,ya,UU 34/1964,meninggal,15330000000
7/31/2024,2024,7,Bekasi,685,402,24,19,Cerah,Dini Hari,Truk,Kelalaian Pengemudi,Jalan Provinsi,Berlubang,>60,Simpang Y,Perempuan,<17,Tidak,pribadi,multi_kendaraan,pengemudi,ya,UU 34/1964,meninggal,21680000000
11/20/2022,2022,11,Bekasi,420,376,25,5,Hujan,Dini Hari,Bus,Kecepatan Berlebih,Jalan Kota,Berlubang,40-60,Lurus,Laki-laki,<17,Ya,umum,multi_kendaraan,penumpang,ya,UU 33/1964,meninggal,20150000000
10/19/2025,2025,10,Bandung,755,493,27,60,Hujan,Siang,Truk,Kondisi Jalan,Jalan Kota,Berlubang,<40,Tikungan,Laki-laki,>50,Ya,pribadi,multi_kendaraan,pengemudi,ya,UU 34/1964,meninggal,27200000000
4/1/2023,2023,4,Surabaya,445,289,23,47,Cerah,Siang,Motor,Rem Blong,Jalan Nasional,Baik,>60,Simpang Y,Perempuan,<17,Ya,pribadi,multi_kendaraan,pengemudi,ya,UU 34/1964,meninggal,16540000000
4/6/2025,2025,4,Medan,679,392,30,24,Cerah,Dini Hari,Truk,Pelanggaran Lalu Lintas,Jalan Nasional,Baik,40-60,Simpang T,Perempuan,17-25,Tidak,pribadi,multi_kendaraan,pengemudi,ya,UU 34/1964,meninggal,21580000000
4/26/2023,2023,4,Bekasi,551,257,25,11,Cerah,Siang,Bus,Kondisi Jalan,Jalan Kota,Rusak,>60,Tikungan,Laki-laki,>50,Ya,umum,multi_kendaraan,penumpang,ya,UU 33/1964,meninggal,14320000000
7/2/2022,2022,7,Palembang,426,221,30,26,Cerah,Dini Hari,Motor,Kelalaian Pengemudi,Jalan Provinsi,Rusak,<40,Simpang 4,Perempuan,17-25,Ya,pribadi,multi_kendaraan,pengemudi,ya,UU 34/1964,meninggal,13070000000
12/29/2023,2023,12,Yogyakarta,808,250,22,28,Cerah,Malam,Truk,Kelalaian Pengemudi,Jalan Kota,Berlubang,<40,Simpang 4,Perempuan,>50,Tidak,pribadi,multi_kendaraan,pengemudi,ya,UU 34/1964,meninggal,14160000000
4/3/2022,2022,4,Bandung,412,224,25,29,Cerah,Dini Hari,Mobil,Kelalaian Pengemudi,Jalan Provinsi,Baik,<40,Tikungan,Laki-laki,26-45,Ya,pribadi,multi_kendaraan,pengemudi,ya,UU 34/1964,meninggal,13030000000
7/14/2021,2021,7,Bandung,356,171,28,5,Cerah,Pagi,Mobil,Pelanggaran Lalu Lintas,Jalan Kota,Rusak,>60,Lurus,Laki-laki,17-25,Ya,pribadi,tunggal,pengemudi,tidak,tidak_dijamin,tidak_ada,0
8/10/2022,2022,8,Makassar,520,461,24,32,Hujan,Malam,Motor,Rem Blong,Jalan Provinsi,Baik,40-60,Tikungan,Perempuan,17-25,Tidak,pribadi,multi_kendaraan,pengemudi,ya,UU 34/1964,meninggal,24890000000
6/4/2025,2025,6,Bekasi,1021,307,21,5,Cerah,Malam,Bus,Kurang Jarak Aman,Jalan Nasional,Berlubang,40-60,Simpang Y,Perempuan,>50,Tidak,umum,multi_kendaraan,penumpang,ya,UU 33/1964,meninggal,16500000000
8/16/2023,2023,8,Yogyakarta,515,270,25,39,Hujan,Siang,Motor,Pelanggaran Lalu Lintas,Jalan Kota,Baik,>60,Lurus,Laki-laki,26-45,Tidak,pribadi,tunggal,pengemudi,tidak,tidak_dijamin,tidak_ada,0
3/20/2023,2023,3,Palembang,539,126,24,10,Cerah,Malam,Bus,Rem Blong,Jalan Kota,Baik,40-60,Tikungan,Laki-laki,>50,Ya,umum,tunggal,penumpang,ya,UU 33/1964,meninggal,7700000000
6/11/2022,2022,6,Palembang,594,238,22,14,Cerah,Pagi,Truk,Pelanggaran Lalu Lintas,Jalan Provinsi,Berlubang,40-60,Lurus,Laki-laki,17-25,Ya,pribadi,multi_kendaraan,pengemudi,ya,UU 34/1964,meninggal,13280000000
11/27/2022,2022,11,Makassar,483,332,22,13,Hujan,Pagi,Bus,Kurang Jarak Aman,Jalan Nasional,Berlubang,<40,Simpang T,Perempuan,26-45,Tidak,umum,tunggal,penumpang,ya,UU 33/1964,meninggal,17960000000
9/24/2025,2025,9,Jakarta Selatan,893,170,28,40,Hujan,Malam,Bus,Kecepatan Berlebih,Jalan Nasional,Berlubang,40-60,Lurus,Laki-laki,>50,Ya,umum,multi_kendaraan,penumpang,ya,UU 33/1964,meninggal,10700000000
11/18/2023,2023,11,Surabaya,614,119,29,5,Hujan,Pagi,Bus,Kurang Jarak Aman,Jalan Nasional,Rusak,>60,Lurus,Perempuan,17-25,Ya,umum,multi_kendaraan,penumpang,ya,UU 33/1964,meninggal,7500000000
11/9/2025,2025,11,Medan,780,284,23,7,Hujan,Siang,Truk,Kurang Jarak Aman,Jalan Nasional,Baik,>60,Simpang T,Laki-laki,>50,Ya,pribadi,multi_kendaraan,pengemudi,ya,UU 34/1964,meninggal,15490000000
10/23/2023,2023,10,Jakarta Selatan,656,492,27,2,Cerah,Pagi,Bus,Kelalaian Pengemudi,Jalan Kota,Berlubang,>60,Lurus,Laki-laki,<17,Ya,umum,tunggal,penumpang,ya,UU 33/1964,meninggal,25990000000
10/26/2025,2025,10,Palembang,779,477,22,41,Hujan,Siang,Bus,Kurang Jarak Aman,Jalan Provinsi,Baik,>60,Lurus,Perempuan,17-25,Tidak,umum,tunggal,penumpang,ya,UU 33/1964,meninggal,25770000000
7/9/2024,2024,7,Makassar,588,354,28,23,Hujan,Siang,Mobil,Kondisi Jalan,Jalan Kota,Berlubang,>60,Lurus,Laki-laki,17-25,Tidak,pribadi,multi_kendaraan,pengemudi,ya,UU 34/1964,meninggal,19560000000
6/16/2024,2024,6,Bekasi,765,339,29,7,Cerah,Malam,Truk,Kelalaian Pengemudi,Jalan Provinsi,Rusak,40-60,Simpang T,Perempuan,26-45,Tidak,pribadi,multi_kendaraan,pengemudi,ya,UU 34/1964,meninggal,18540000000
9/28/2022,2022,9,Jakarta Timur,413,453,28,7,Hujan,Pagi,Bus,Kurang Jarak Aman,Jalan Nasional,Baik,>60,Lurus,Perempuan,17-25,Tidak,umum,multi_kendaraan,penumpang,ya,UU 33/1964,meninggal,24190000000
3/31/2022,2022,3,Medan,342,140,27,19,Cerah,Malam,Motor,Pelanggaran Lalu Lintas,Jalan Kota,Berlubang,40-60,Lurus,Perempuan,<17,Ya,pribadi,multi_kendaraan,pengemudi,ya,UU 34/1964,meninggal,8730000000
9/22/2023,2023,9,Makassar,644,471,24,11,Cerah,Malam,Truk,Kecepatan Berlebih,Jalan Nasional,Berlubang,>60,Lurus,Perempuan,>50,Tidak,pribadi,multi_kendaraan,pengemudi,ya,UU 34/1964,meninggal,24970000000
12/21/2023,2023,12,Palembang,808,231,21,7,Cerah,Pagi,Truk,Kurang Jarak Aman,Jalan Nasional,Rusak,<40,Simpang T,Perempuan,<17,Tidak,pribadi,tunggal,pengemudi,tidak,tidak_dijamin,tidak_ada,0
9/25/2024,2024,9,Medan,671,108,25,6,Cerah,Malam,Mobil,Kelalaian Pengemudi,Jalan Provinsi,Berlubang,>60,Simpang Y,Perempuan,26-45,Ya,pribadi,tunggal,pengemudi,tidak,tidak_dijamin,tidak_ada,0
8/2/2024,2024,8,Semarang,644,211,28,30,Cerah,Pagi,Mobil,Kelalaian Pengemudi,Jalan Nasional,Baik,<40,Lurus,Laki-laki,<17,Tidak,pribadi,tunggal,pengemudi,tidak,tidak_dijamin,tidak_ada,0
7/19/2025,2025,7,Yogyakarta,816,365,20,68,Cerah,Pagi,Mobil,Kecepatan Berlebih,Jalan Nasional,Rusak,40-60,Lurus,Laki-laki,>50,Tidak,pribadi,tunggal,pengemudi,tidak,tidak_dijamin,tidak_ada,0
4/2/2022,2022,4,Makassar,327,241,27,1,Hujan,Siang,Truk,Pelanggaran Lalu Lintas,Jalan Provinsi,Baik,40-60,Simpang T,Perempuan,>50,Ya,pribadi,multi_kendaraan,pengemudi,ya,UU 34/1964,meninggal,13420000000
10/28/2023,2023,10,Makassar,561,168,28,18,Cerah,Malam,Truk,Pelanggaran Lalu Lintas,Jalan Nasional,Rusak,<40,Simpang 4,Laki-laki,<17,Tidak,pribadi,tunggal,pengemudi,tidak,tidak_dijamin,tidak_ada,0
10/20/2022,2022,10,Bekasi,430,159,22,21,Cerah,Pagi,Mobil,Kondisi Jalan,Jalan Nasional,Rusak,<40,Tikungan,Perempuan,26-45,Tidak,pribadi,multi_kendaraan,pengemudi,ya,UU 34/1964,meninggal,9470000000
1/21/2022,2022,1,Jakarta Selatan,329,267,24,43,Hujan,Siang,Motor,Kondisi Jalan,Jalan Kota,Berlubang,>60,Simpang 4,Laki-laki,17-25,Tidak,pribadi,multi_kendaraan,pengemudi,ya,UU 34/1964,meninggal,15410000000
12/12/2021,2021,12,Bekasi,574,154,23,5,Hujan,Malam,Bus,Kecepatan Berlebih,Jalan Nasional,Rusak,<40,Simpang T,Perempuan,>50,Tidak,umum,multi_kendaraan,penumpang,ya,UU 33/1964,meninggal,8950000000
12/23/2024,2024,12,Palembang,1062,341,22,31,Cerah,Malam,Motor,Kecepatan Berlebih,Jalan Provinsi,Rusak,>60,Tikungan,Perempuan,26-45,Ya,pribadi,multi_kendaraan,pengemudi,ya,UU 34/1964,meninggal,18770000000
7/12/2023,2023,7,Jakarta Selatan,597,316,21,2,Hujan,Dini Hari,Bus,Kecepatan Berlebih,Jalan Kota,Berlubang,<40,Simpang Y,Perempuan,26-45,Tidak,umum,multi_kendaraan,penumpang,ya,UU 33/1964,meninggal,16890000000
3/5/2021,2021,3,Bandung,171,165,23,5,Cerah,Dini Hari,Mobil,Kurang Jarak Aman,Jalan Provinsi,Berlubang,>60,Lurus,Laki-laki,>50,Ya,pribadi,multi_kendaraan,pengemudi,ya,UU 34/1964,meninggal,9500000000
12/27/2023,2023,12,Semarang,814,237,29,24,Hujan,Malam,Motor,Kondisi Jalan,Jalan Provinsi,Baik,>60,Simpang Y,Perempuan,>50,Tidak,pribadi,tunggal,pengemudi,tidak,tidak_dijamin,tidak_ada,0
7/8/2023,2023,7,Makassar,562,260,30,27,Hujan,Pagi,Bus,Pelanggaran Lalu Lintas,Jalan Provinsi,Rusak,<40,Simpang T,Perempuan,26-45,Ya,umum,multi_kendaraan,penumpang,ya,UU 33/1964,meninggal,15040000000
8/7/2021,2021,8,Yogyakarta,288,143,25,9,Cerah,Dini Hari,Truk,Kondisi Jalan,Jalan Kota,Baik,<40,Lurus,Laki-laki,26-45,Tidak,pribadi,multi_kendaraan,pengemudi,ya,UU 34/1964,meninggal,8580000000
4/9/2023,2023,4,Jakarta Selatan,454,220,30,1,Cerah,Pagi,Motor,Kurang Jarak Aman,Jalan Provinsi,Rusak,<40,Tikungan,Perempuan,17-25,Ya,pribadi,tunggal,pengemudi,tidak,tidak_dijamin,tidak_ada,0
1/9/2025,2025,1,Semarang,738,313,22,18,Hujan,Pagi,Bus,Pelanggaran Lalu Lintas,Jalan Kota,Berlubang,<40,Simpang T,Perempuan,26-45,Ya,umum,multi_kendaraan,penumpang,ya,UU 33/1964,meninggal,17110000000
7/8/2025,2025,7,Jakarta Timur,816,495,21,5,Hujan,Pagi,Bus,Rem Blong,Jalan Kota,Rusak,40-60,Lurus,Laki-laki,<17,Tidak,umum,multi_kendaraan,penumpang,ya,UU 33/1964,meninggal,25900000000
3/12/2022,2022,3,Medan,336,288,20,58,Cerah,Dini Hari,Motor,Kondisi Jalan,Jalan Provinsi,Rusak,<40,Lurus,Laki-laki,>50,Ya,pribadi,multi_kendaraan,pengemudi,ya,UU 34/1964,meninggal,16560000000
5/13/2024,2024,5,Jakarta Timur,563,328,27,36,Hujan,Dini Hari,Truk,Kecepatan Berlebih,Jalan Nasional,Baik,40-60,Simpang 4,Perempuan,17-25,Ya,pribadi,multi_kendaraan,pengemudi,ya,UU 34/1964,meninggal,18470000000
9/1/2022,2022,9,Jakarta Selatan,391,182,20,28,Hujan,Siang,Mobil,Kelalaian Pengemudi,Jalan Provinsi,Rusak,40-60,Simpang Y,Laki-laki,>50,Tidak,pribadi,multi_kendaraan,pengemudi,ya,UU 34/1964,meninggal,10660000000
5/7/2024,2024,5,Palembang,609,189,26,12,Cerah,Siang,Truk,Kondisi Jalan,Jalan Nasional,Rusak,<40,Tikungan,Laki-laki,26-45,Tidak,pribadi,multi_kendaraan,pengemudi,ya,UU 34/1964,meninggal,10990000000
4/15/2021,2021,4,Surabaya,205,195,29,40,Cerah,Malam,Bus,Kurang Jarak Aman,Jalan Kota,Baik,<40,Simpang T,Perempuan,17-25,Tidak,umum,multi_kendaraan,penumpang,ya,UU 33/1964,meninggal,12000000000
1/21/2025,2025,1,Medan,692,351,27,24,Hujan,Malam,Mobil,Pelanggaran Lalu Lintas,Jalan Nasional,Baik,<40,Simpang T,Laki-laki,26-45,Tidak,pribadi,multi_kendaraan,pengemudi,ya,UU 34/1964,meninggal,19380000000
1/13/2024,2024,1,Surabaya,498,165,26,64,Hujan,Dini Hari,Bus,Kondisi Jalan,Jalan Kota,Berlubang,40-60,Simpang Y,Perempuan,17-25,Tidak,umum,multi_kendaraan,penumpang,ya,UU 33/1964,meninggal,10830000000
3/11/2025,2025,3,Jakarta Timur,727,445,30,4,Cerah,Pagi,Truk,Rem Blong,Jalan Nasional,Rusak,>60,Simpang Y,Laki-laki,17-25,Ya,pribadi,multi_kendaraan,pengemudi,ya,UU 34/1964,meninggal,23830000000
9/29/2024,2024,9,Palembang,698,366,25,50,Cerah,Dini Hari,Bus,Kurang Jarak Aman,Jalan Kota,Rusak,<40,Simpang Y,Laki-laki,26-45,Ya,umum,multi_kendaraan,penumpang,ya,UU 33/1964,meninggal,20550000000
9/6/2021,2021,9,Surabaya,400,216,28,10,Hujan,Dini Hari,Mobil,Kondisi Jalan,Jalan Provinsi,Baik,40-60,Tikungan,Laki-laki,>50,Ya,pribadi,tunggal,pengemudi,tidak,tidak_dijamin,tidak_ada,0
6/19/2024,2024,6,Semarang,939,150,23,20,Cerah,Malam,Motor,Pelanggaran Lalu Lintas,Jalan Provinsi,Berlubang,40-60,Simpang 4,Laki-laki,<17,Ya,pribadi,multi_kendaraan,pengemudi,ya,UU 34/1964,meninggal,9050000000
12/11/2023,2023,12,Yogyakarta,862,336,21,11,Hujan,Pagi,Truk,Kondisi Jalan,Jalan Kota,Baik,<40,Tikungan,Perempuan,26-45,Ya,pribadi,multi_kendaraan,pengemudi,ya,UU 34/1964,meninggal,18070000000
5/26/2022,2022,5,Medan,395,473,28,8,Cerah,Pagi,Mobil,Rem Blong,Jalan Kota,Berlubang,40-60,Simpang Y,Laki-laki,<17,Ya,pribadi,tunggal,pengemudi,tidak,tidak_dijamin,tidak_ada,0
1/17/2024,2024,1,Medan,614,428,28,48,Hujan,Dini Hari,Truk,Kurang Jarak Aman,Jalan Provinsi,Berlubang,40-60,Simpang T,Perempuan,<17,Ya,pribadi,multi_kendaraan,pengemudi,ya,UU 34/1964,meninggal,23760000000
1/17/2025,2025,1,Makassar,675,157,22,39,Hujan,Malam,Mobil,Kecepatan Berlebih,Jalan Nasional,Baik,>60,Simpang T,Laki-laki,17-25,Ya,pribadi,multi_kendaraan,pengemudi,ya,UU 34/1964,meninggal,9730000000
7/14/2025,2025,7,Palembang,824,394,20,16,Hujan,Pagi,Truk,Kurang Jarak Aman,Jalan Nasional,Berlubang,>60,Tikungan,Laki-laki,17-25,Tidak,pribadi,multi_kendaraan,pengemudi,ya,UU 34/1964,meninggal,21020000000
5/24/2022,2022,5,Bandung,437,283,21,19,Cerah,Malam,Motor,Kurang Jarak Aman,Jalan Kota,Berlubang,<40,Tikungan,Laki-laki,<17,Ya,pribadi,tunggal,pengemudi,tidak,tidak_dijamin,tidak_ada,0
5/28/2024,2024,5,Medan,652,105,21,53,Hujan,Pagi,Motor,Pelanggaran Lalu Lintas,Jalan Kota,Rusak,<40,Simpang T,Perempuan,17-25,Tidak,pribadi,tunggal,pengemudi,tidak,tidak_dijamin,tidak_ada,0
1/30/2021,2021,1,Surabaya,174,230,21,11,Hujan,Siang,Mobil,Pelanggaran Lalu Lintas,Jalan Kota,Berlubang,40-60,Simpang T,Laki-laki,26-45,Ya,pribadi,multi_kendaraan,pengemudi,ya,UU 34/1964,meninggal,12770000000
5/4/2021,2021,5,Jakarta Selatan,292,157,28,39,Hujan,Siang,Mobil,Kondisi Jalan,Jalan Provinsi,Baik,>60,Simpang T,Perempuan,<17,Tidak,pribadi,tunggal,pengemudi,tidak,tidak_dijamin,tidak_ada,0
9/7/2025,2025,9,Bekasi,742,357,27,23,Hujan,Malam,Bus,Kecepatan Berlebih,Jalan Kota,Berlubang,40-60,Tikungan,Perempuan,17-25,Ya,umum,multi_kendaraan,penumpang,ya,UU 33/1964,meninggal,19660000000
9/24/2022,2022,9,Surabaya,386,105,26,30,Hujan,Pagi,Motor,Pelanggaran Lalu Lintas,Jalan Kota,Rusak,40-60,Tikungan,Laki-laki,26-45,Ya,pribadi,multi_kendaraan,pengemudi,ya,UU 34/1964,meninggal,7150000000
5/6/2022,2022,5,Medan,448,285,30,8,Cerah,Pagi,Mobil,Rem Blong,Jalan Kota,Berlubang,40-60,Simpang T,Laki-laki,26-45,Ya,pribadi,multi_kendaraan,pengemudi,ya,UU 34/1964,meninggal,15910000000
10/2/2021,2021,10,Bekasi,416,317,25,0,Hujan,Dini Hari,Motor,Pelanggaran Lalu Lintas,Jalan Kota,Baik,40-60,Simpang Y,Perempuan,>50,Ya,pribadi,multi_kendaraan,pengemudi,ya,UU 34/1964,meninggal,17100000000
10/23/2023,2023,10,Jakarta Selatan,528,314,27,18,Hujan,Dini Hari,Truk,Kelalaian Pengemudi,Jalan Nasional,Berlubang,40-60,Simpang Y,Laki-laki,17-25,Tidak,pribadi,tunggal,pengemudi,tidak,tidak_dijamin,tidak_ada,0
8/31/2021,2021,8,Medan,382,372,28,13,Hujan,Siang,Motor,Kecepatan Berlebih,Jalan Nasional,Berlubang,40-60,Simpang Y,Perempuan,>50,Tidak,pribadi,multi_kendaraan,pengemudi,ya,UU 34/1964,meninggal,20260000000
3/14/2022,2022,3,Bekasi,312,483,29,3,Cerah,Malam,Truk,Rem Blong,Jalan Provinsi,Berlubang,>60,Simpang Y,Laki-laki,>50,Tidak,pribadi,multi_kendaraan,pengemudi,ya,UU 34/1964,meninggal,25660000000
6/2/2023,2023,6,Palembang,878,237,29,10,Hujan,Siang,Motor,Kelalaian Pengemudi,Jalan Kota,Berlubang,<40,Simpang Y,Laki-laki,>50,Ya,pribadi,tunggal,pengemudi,tidak,tidak_dijamin,tidak_ada,0
8/17/2023,2023,8,Yogyakarta,606,329,20,0,Hujan,Malam,Truk,Rem Blong,Jalan Nasional,Rusak,>60,Simpang 4,Perempuan,17-25,Tidak,pribadi,multi_kendaraan,pengemudi,ya,UU 34/1964,meninggal,17450000000
10/27/2021,2021,10,Semarang,306,366,21,17,Cerah,Malam,Mobil,Rem Blong,Jalan Provinsi,Berlubang,40-60,Simpang Y,Laki-laki,26-45,Tidak,pribadi,multi_kendaraan,pengemudi,ya,UU 34/1964,meninggal,19690000000
8/15/2025,2025,8,Bekasi,772,255,27,26,Hujan,Malam,Truk,Kelalaian Pengemudi,Jalan Provinsi,Berlubang,40-60,Simpang T,Laki-laki,26-45,Tidak,pribadi,multi_kendaraan,pengemudi,ya,UU 34/1964,meninggal,14620000000
8/5/2023,2023,8,Palembang,590,339,20,18,Hujan,Pagi,Motor,Kurang Jarak Aman,Jalan Kota,Berlubang,<40,Simpang 4,Laki-laki,26-45,Ya,pribadi,tunggal,pengemudi,tidak,tidak_dijamin,tidak_ada,0
7/1/2023,2023,7,Yogyakarta,468,114,21,3,Hujan,Dini Hari,Motor,Kecepatan Berlebih,Jalan Kota,Rusak,>60,Simpang Y,Perempuan,<17,Ya,pribadi,tunggal,pengemudi,tidak,tidak_dijamin,tidak_ada,0
1/2/2023,2023,1,Jakarta Selatan,480,100,24,35,Cerah,Dini Hari,Truk,Kecepatan Berlebih,Jalan Provinsi,Baik,<40,Simpang T,Laki-laki,>50,Ya,pribadi,multi_kendaraan,pengemudi,ya,UU 34/1964,meninggal,6900000000
5/17/2025,2025,5,Bekasi,800,241,29,24,Cerah,Pagi,Motor,Kondisi Jalan,Jalan Nasional,Berlubang,>60,Lurus,Laki-laki,17-25,Tidak,pribadi,tunggal,pengemudi,tidak,tidak_dijamin,tidak_ada,0
5/1/2022,2022,5,Surabaya,358,323,28,8,Cerah,Dini Hari,Mobil,Pelanggaran Lalu Lintas,Jalan Kota,Rusak,<40,Simpang 4,Perempuan,26-45,Tidak,pribadi,multi_kendaraan,pengemudi,ya,UU 34/1964,meninggal,17710000000
9/14/2022,2022,9,Surabaya,521,150,24,30,Hujan,Pagi,Motor,Pelanggaran Lalu Lintas,Jalan Kota,Rusak,>60,Simpang Y,Laki-laki,26-45,Tidak,pribadi,tunggal,pengemudi,tidak,tidak_dijamin,tidak_ada,0
5/20/2023,2023,5,Jakarta Selatan,578,271,30,10,Hujan,Siang,Motor,Kecepatan Berlebih,Jalan Nasional,Berlubang,>60,Simpang T,Perempuan,26-45,Tidak,pribadi,multi_kendaraan,pengemudi,ya,UU 34/1964,meninggal,15250000000
1/11/2023,2023,1,Bandung,418,487,23,2,Cerah,Dini Hari,Motor,Pelanggaran Lalu Lintas,Jalan Provinsi,Baik,>60,Simpang 4,Laki-laki,<17,Ya,pribadi,multi_kendaraan,pengemudi,ya,UU 34/1964,meninggal,25540000000
6/30/2025,2025,6,Bekasi,983,496,30,37,Cerah,Malam,Truk,Kelalaian Pengemudi,Jalan Nasional,Berlubang,40-60,Simpang T,Perempuan,<17,Ya,pribadi,tunggal,pengemudi,tidak,tidak_dijamin,tidak_ada,0
12/17/2024,2024,12,Bandung,1022,461,24,17,Cerah,Siang,Bus,Rem Blong,Jalan Provinsi,Baik,40-60,Simpang 4,Perempuan,26-45,Ya,umum,multi_kendaraan,penumpang,ya,UU 33/1964,meninggal,24590000000
7/7/2022,2022,7,Semarang,485,245,20,27,Cerah,Malam,Truk,Kondisi Jalan,Jalan Nasional,Rusak,>60,Lurus,Perempuan,17-25,Tidak,pribadi,multi_kendaraan,pengemudi,ya,UU 34/1964,meninggal,13790000000
5/1/2023,2023,5,Makassar,485,347,24,34,Hujan,Malam,Bus,Kurang Jarak Aman,Jalan Nasional,Berlubang,40-60,Lurus,Laki-laki,17-25,Ya,umum,multi_kendaraan,penumpang,ya,UU 33/1964,meninggal,19230000000
2/11/2023,2023,2,Bandung,473,295,24,20,Hujan,Malam,Motor,Kecepatan Berlebih,Jalan Provinsi,Berlubang,>60,Tikungan,Perempuan,26-45,Ya,pribadi,tunggal,pengemudi,tidak,tidak_dijamin,tidak_ada,0
4/11/2023,2023,4,Palembang,495,402,24,33,Cerah,Siang,Bus,Kecepatan Berlebih,Jalan Kota,Baik,>60,Lurus,Perempuan,17-25,Tidak,umum,multi_kendaraan,penumpang,ya,UU 33/1964,meninggal,21960000000
7/8/2023,2023,7,Medan,549,228,26,12,Hujan,Siang,Truk,Kondisi Jalan,Jalan Nasional,Berlubang,>60,Simpang 4,Perempuan,<17,Tidak,pribadi,multi_kendaraan,pengemudi,ya,UU 34/1964,meninggal,12940000000
1/15/2024,2024,1,Surabaya,572,371,27,4,Hujan,Siang,Motor,Rem Blong,Jalan Provinsi,Baik,<40,Simpang T,Perempuan,<17,Ya,pribadi,multi_kendaraan,pengemudi,ya,UU 34/1964,meninggal,19980000000
4/16/2021,2021,4,Makassar,337,131,22,7,Hujan,Dini Hari,Motor,Kecepatan Berlebih,Jalan Nasional,Rusak,>60,Tikungan,Laki-laki,>50,Tidak,pribadi,multi_kendaraan,pengemudi,ya,UU 34/1964,meninggal,7790000000
11/6/2022,2022,11,Palembang,507,336,22,12,Hujan,Pagi,Truk,Kondisi Jalan,Jalan Nasional,Rusak,>60,Simpang Y,Laki-laki,<17,Tidak,pribadi,multi_kendaraan,pengemudi,ya,UU 34/1964,meninggal,18140000000
4/22/2022,2022,4,Yogyakarta,316,477,28,54,Hujan,Dini Hari,Truk,Kondisi Jalan,Jalan Nasional,Baik,<40,Simpang Y,Laki-laki,<17,Ya,pribadi,tunggal,pengemudi,tidak,tidak_dijamin,tidak_ada,0
5/16/2022,2022,5,Jakarta Selatan,355,400,29,29,Cerah,Pagi,Truk,Kondisi Jalan,Jalan Kota,Baik,>60,Simpang Y,Laki-laki,>50,Ya,pribadi,tunggal,pengemudi,tidak,tidak_dijamin,tidak_ada,0
4/4/2023,2023,4,Jakarta Timur,425,243,30,31,Cerah,Siang,Mobil,Kelalaian Pengemudi,Jalan Provinsi,Rusak,>60,Tikungan,Perempuan,26-45,Tidak,pribadi,multi_kendaraan,pengemudi,ya,UU 34/1964,meninggal,14270000000
7/16/2022,2022,7,Palembang,475,483,22,46,Hujan,Dini Hari,Truk,Rem Blong,Jalan Nasional,Berlubang,<40,Simpang 4,Perempuan,<17,Tidak,pribadi,multi_kendaraan,pengemudi,ya,UU 34/1964,meninggal,26170000000
6/29/2024,2024,6,Bekasi,863,274,20,9,Hujan,Malam,Truk,Kelalaian Pengemudi,Jalan Kota,Rusak,40-60,Tikungan,Laki-laki,17-25,Tidak,pribadi,multi_kendaraan,pengemudi,ya,UU 34/1964,meninggal,14880000000
4/21/2025,2025,4,Jakarta Timur,741,304,23,14,Cerah,Dini Hari,Mobil,Kecepatan Berlebih,Jalan Provinsi,Baik,40-60,Tikungan,Laki-laki,<17,Ya,pribadi,multi_kendaraan,pengemudi,ya,UU 34/1964,meninggal,16630000000
8/2/2021,2021,8,Jakarta Selatan,385,421,28,18,Hujan,Malam,Bus,Pelanggaran Lalu Lintas,Jalan Provinsi,Rusak,40-60,Lurus,Perempuan,26-45,Tidak,umum,tunggal,penumpang,ya,UU 33/1964,meninggal,22810000000
9/24/2022,2022,9,Surabaya,410,251,30,36,Cerah,Pagi,Mobil,Kurang Jarak Aman,Jalan Kota,Rusak,40-60,Simpang 4,Laki-laki,<17,Tidak,pribadi,multi_kendaraan,pengemudi,ya,UU 34/1964,meninggal,14770000000
3/2/2024,2024,3,Jakarta Selatan,538,285,27,10,Hujan,Dini Hari,Truk,Kurang Jarak Aman,Jalan Kota,Baik,<40,Simpang Y,Perempuan,<17,Ya,pribadi,multi_kendaraan,pengemudi,ya,UU 34/1964,meninggal,15800000000
6/30/2025,2025,6,Palembang,968,320,29,29,Cerah,Pagi,Mobil,Kurang Jarak Aman,Jalan Nasional,Baik,<40,Simpang 4,Perempuan,26-45,Ya,pribadi,tunggal,pengemudi,tidak,tidak_dijamin,tidak_ada,0
12/26/2021,2021,12,Yogyakarta,616,459,30,30,Cerah,Malam,Bus,Kelalaian Pengemudi,Jalan Nasional,Berlubang,<40,Tikungan,Laki-laki,26-45,Tidak,umum,multi_kendaraan,penumpang,ya,UU 33/1964,meninggal,25050000000
6/16/2021,2021,6,Palembang,583,213,25,21,Cerah,Malam,Mobil,Rem Blong,Jalan Kota,Baik,<40,Simpang Y,Perempuan,>50,Tidak,pribadi,multi_kendaraan,pengemudi,ya,UU 34/1964,meninggal,12320000000
11/17/2025,2025,11,Makassar,784,309,26,20,Hujan,Siang,Truk,Kelalaian Pengemudi,Jalan Kota,Berlubang,<40,Simpang Y,Laki-laki,26-45,Ya,pribadi,multi_kendaraan,pengemudi,ya,UU 34/1964,meninggal,17150000000
4/20/2023,2023,4,Bandung,452,153,27,62,Cerah,Dini Hari,Mobil,Kurang Jarak Aman,Jalan Kota,Rusak,>60,Tikungan,Laki-laki,>50,Ya,pribadi,tunggal,pengemudi,tidak,tidak_dijamin,tidak_ada,0
6/14/2022,2022,6,Jakarta Timur,656,375,23,56,Hujan,Siang,Motor,Pelanggaran Lalu Lintas,Jalan Nasional,Berlubang,>60,Simpang Y,Perempuan,17-25,Ya,pribadi,tunggal,pengemudi,tidak,tidak_dijamin,tidak_ada,0
1/12/2024,2024,1,Yogyakarta,599,378,25,9,Cerah,Malam,Bus,Kurang Jarak Aman,Jalan Kota,Berlubang,<40,Tikungan,Perempuan,>50,Ya,umum,multi_kendaraan,penumpang,ya,UU 33/1964,meninggal,20330000000
1/27/2024,2024,1,Palembang,587,313,22,3,Hujan,Malam,Mobil,Rem Blong,Jalan Nasional,Baik,40-60,Simpang T,Laki-laki,26-45,Tidak,pribadi,tunggal,pengemudi,tidak,tidak_dijamin,tidak_ada,0
10/16/2025,2025,10,Palembang,809,403,30,57,Hujan,Pagi,Mobil,Kurang Jarak Aman,Jalan Kota,Rusak,40-60,Lurus,Laki-laki,26-45,Ya,pribadi,multi_kendaraan,pengemudi,ya,UU 34/1964,meninggal,22790000000
1/4/2025,2025,1,Yogyakarta,665,124,20,42,Cerah,Dini Hari,Mobil,Rem Blong,Jalan Nasional,Baik,>60,Simpang T,Perempuan,<17,Ya,pribadi,multi_kendaraan,pengemudi,ya,UU 34/1964,meninggal,8040000000
11/12/2023,2023,11,Bekasi,562,288,29,8,Hujan,Malam,Motor,Pelanggaran Lalu Lintas,Jalan Nasional,Baik,<40,Simpang 4,Perempuan,17-25,Tidak,pribadi,multi_kendaraan,pengemudi,ya,UU 34/1964,meninggal,16010000000
10/27/2022,2022,10,Medan,535,453,24,1,Cerah,Pagi,Bus,Rem Blong,Jalan Kota,Baik,<40,Tikungan,Perempuan,>50,Ya,umum,multi_kendaraan,penumpang,ya,UU 33/1964,meninggal,23870000000
9/18/2023,2023,9,Bekasi,514,284,26,23,Cerah,Pagi,Motor,Kelalaian Pengemudi,Jalan Kota,Berlubang,40-60,Simpang T,Perempuan,26-45,Ya,pribadi,multi_kendaraan,pengemudi,ya,UU 34/1964,meninggal,15960000000
3/16/2021,2021,3,Medan,266,473,20,10,Hujan,Malam,Mobil,Rem Blong,Jalan Provinsi,Baik,40-60,Simpang T,Laki-laki,<17,Tidak,pribadi,multi_kendaraan,pengemudi,ya,UU 34/1964,meninggal,24850000000
8/1/2023,2023,8,Makassar,603,410,25,24,Hujan,Malam,Mobil,Kelalaian Pengemudi,Jalan Provinsi,Berlubang,>60,Simpang 4,Laki-laki,<17,Ya,pribadi,multi_kendaraan,pengemudi,ya,UU 34/1964,meninggal,22230000000
2/23/2022,2022,2,Makassar,303,259,25,17,Hujan,Pagi,Truk,Pelanggaran Lalu Lintas,Jalan Provinsi,Rusak,<40,Lurus,Laki-laki,<17,Tidak,pribadi,multi_kendaraan,pengemudi,ya,UU 34/1964,meninggal,14540000000
10/13/2023,2023,10,Bekasi,638,376,22,25,Hujan,Dini Hari,Motor,Kelalaian Pengemudi,Jalan Kota,Rusak,40-60,Simpang Y,Perempuan,26-45,Tidak,pribadi,multi_kendaraan,pengemudi,ya,UU 34/1964,meninggal,20400000000
7/15/2024,2024,7,Yogyakarta,717,459,30,27,Hujan,Malam,Motor,Kelalaian Pengemudi,Jalan Provinsi,Rusak,40-60,Simpang T,Laki-laki,17-25,Ya,pribadi,tunggal,pengemudi,tidak,tidak_dijamin,tidak_ada,0
9/15/2025,2025,9,Jakarta Timur,739,329,21,11,Hujan,Malam,Truk,Kurang Jarak Aman,Jalan Nasional,Baik,>60,Simpang Y,Laki-laki,17-25,Ya,pribadi,multi_kendaraan,pengemudi,ya,UU 34/1964,meninggal,17720000000
8/17/2022,2022,8,Jakarta Selatan,512,210,26,50,Cerah,Siang,Mobil,Kurang Jarak Aman,Jalan Nasional,Rusak,40-60,Tikungan,Perempuan,<17,Ya,pribadi,multi_kendaraan,pengemudi,ya,UU 34/1964,meninggal,12800000000
8/31/2024,2024,8,Semarang,626,497,23,42,Hujan,Malam,Mobil,Rem Blong,Jalan Kota,Rusak,40-60,Tikungan,Laki-laki,<17,Ya,pribadi,multi_kendaraan,pengemudi,ya,UU 34/1964,meninggal,26840000000
5/22/2022,2022,5,Makassar,433,194,24,24,Hujan,Pagi,Truk,Kecepatan Berlebih,Jalan Provinsi,Rusak,<40,Tikungan,Laki-laki,17-25,Ya,pribadi,multi_kendaraan,pengemudi,ya,UU 34/1964,meninggal,11380000000
11/26/2025,2025,11,Yogyakarta,832,467,27,12,Hujan,Dini Hari,Truk,Kelalaian Pengemudi,Jalan Nasional,Baik,<40,Lurus,Laki-laki,26-45,Tidak,pribadi,tunggal,pengemudi,tidak,tidak_dijamin,tidak_ada,0
10/26/2021,2021,10,Yogyakarta,368,377,27,20,Hujan,Siang,Bus,Kondisi Jalan,Jalan Kota,Berlubang,<40,Simpang 4,Perempuan,26-45,Tidak,umum,multi_kendaraan,penumpang,ya,UU 33/1964,meninggal,20600000000
11/4/2024,2024,11,Bekasi,669,248,27,28,Hujan,Pagi,Bus,Rem Blong,Jalan Nasional,Baik,40-60,Lurus,Perempuan,<17,Ya,umum,multi_kendaraan,penumpang,ya,UU 33/1964,meninggal,14310000000
3/27/2022,2022,3,Palembang,289,434,22,5,Cerah,Malam,Mobil,Kelalaian Pengemudi,Jalan Nasional,Rusak,40-60,Simpang T,Laki-laki,>50,Tidak,pribadi,tunggal,pengemudi,tidak,tidak_dijamin,tidak_ada,0
3/31/2023,2023,3,Medan,466,366,28,3,Cerah,Malam,Truk,Kecepatan Berlebih,Jalan Nasional,Baik,40-60,Simpang T,Perempuan,>50,Ya,pribadi,multi_kendaraan,pengemudi,ya,UU 34/1964,meninggal,19760000000
8/6/2022,2022,8,Medan,424,244,25,4,Hujan,Siang,Motor,Kecepatan Berlebih,Jalan Nasional,Baik,<40,Lurus,Perempuan,<17,Tidak,pribadi,multi_kendaraan,pengemudi,ya,UU 34/1964,meninggal,13530000000
7/8/2021,2021,7,Bandung,248,369,20,12,Cerah,Siang,Bus,Kondisi Jalan,Jalan Provinsi,Rusak,40-60,Simpang 4,Perempuan,<17,Tidak,umum,multi_kendaraan,penumpang,ya,UU 33/1964,meninggal,19690000000
5/26/2021,2021,5,Jakarta Selatan,283,439,20,39,Hujan,Siang,Mobil,Kondisi Jalan,Jalan Provinsi,Baik,<40,Simpang 4,Laki-laki,>50,Tidak,pribadi,tunggal,pengemudi,tidak,tidak_dijamin,tidak_ada,0
6/18/2024,2024,6,Medan,978,429,23,5,Hujan,Siang,Motor,Kelalaian Pengemudi,Jalan Provinsi,Rusak,<40,Simpang T,Perempuan,>50,Ya,pribadi,multi_kendaraan,pengemudi,ya,UU 34/1964,meninggal,22700000000
5/10/2023,2023,5,Surabaya,478,416,20,22,Cerah,Dini Hari,Truk,Kurang Jarak Aman,Jalan Nasional,Rusak,>60,Simpang Y,Perempuan,<17,Ya,pribadi,multi_kendaraan,pengemudi,ya,UU 34/1964,meninggal,22240000000
3/27/2024,2024,3,Surabaya,656,357,24,15,Cerah,Malam,Motor,Pelanggaran Lalu Lintas,Jalan Kota,Rusak,>60,Simpang T,Perempuan,26-45,Ya,pribadi,multi_kendaraan,pengemudi,ya,UU 34/1964,meninggal,19350000000
2/22/2021,2021,2,Makassar,305,466,24,7,Cerah,Dini Hari,Mobil,Pelanggaran Lalu Lintas,Jalan Provinsi,Baik,<40,Simpang Y,Laki-laki,>50,Ya,pribadi,multi_kendaraan,pengemudi,ya,UU 34/1964,meninggal,24640000000
3/7/2024,2024,3,Semarang,679,331,30,5,Hujan,Pagi,Motor,Pelanggaran Lalu Lintas,Jalan Nasional,Berlubang,40-60,Tikungan,Laki-laki,<17,Ya,pribadi,multi_kendaraan,pengemudi,ya,UU 34/1964,meninggal,18150000000
7/8/2023,2023,7,Yogyakarta,589,379,22,16,Cerah,Pagi,Mobil,Kondisi Jalan,Jalan Nasional,Baik,>60,Simpang 4,Laki-laki,26-45,Ya,pribadi,multi_kendaraan,pengemudi,ya,UU 34/1964,meninggal,20370000000
12/20/2024,2024,12,Medan,904,386,24,5,Cerah,Pagi,Bus,Pelanggaran Lalu Lintas,Jalan Provinsi,Rusak,<40,Simpang Y,Perempuan,26-45,Ya,umum,multi_kendaraan,penumpang,ya,UU 33/1964,meninggal,20600000000
8/7/2022,2022,8,Bekasi,477,183,20,24,Cerah,Malam,Bus,Kelalaian Pengemudi,Jalan Nasional,Rusak,<40,Lurus,Laki-laki,17-25,Ya,umum,tunggal,penumpang,ya,UU 33/1964,meninggal,10630000000
3/1/2024,2024,3,Semarang,530,375,21,10,Hujan,Malam,Bus,Rem Blong,Jalan Kota,Baik,40-60,Tikungan,Laki-laki,26-45,Ya,umum,tunggal,penumpang,ya,UU 33/1964,meninggal,20000000000
11/22/2021,2021,11,Jakarta Selatan,308,469,23,22,Hujan,Pagi,Motor,Kondisi Jalan,Jalan Provinsi,Rusak,<40,Lurus,Laki-laki,<17,Ya,pribadi,multi_kendaraan,pengemudi,ya,UU 34/1964,meninggal,25040000000
10/5/2025,2025,10,Makassar,829,120,30,18,Cerah,Dini Hari,Motor,Kecepatan Berlebih,Jalan Nasional,Baik,>60,Lurus,Perempuan,26-45,Ya,pribadi,tunggal,pengemudi,tidak,tidak_dijamin,tidak_ada,0
10/29/2023,2023,10,Jakarta Timur,620,378,24,8,Cerah,Pagi,Motor,Kondisi Jalan,Jalan Kota,Rusak,>60,Tikungan,Perempuan,>50,Ya,pribadi,multi_kendaraan,pengemudi,ya,UU 34/1964,meninggal,20260000000
1/11/2024,2024,1,Yogyakarta,552,233,20,9,Cerah,Malam,Bus,Kurang Jarak Aman,Jalan Kota,Berlubang,40-60,Simpang Y,Perempuan,17-25,Tidak,umum,multi_kendaraan,penumpang,ya,UU 33/1964,meninggal,12830000000
6/1/2025,2025,6,Bekasi,968,220,20,43,Cerah,Dini Hari,Motor,Kurang Jarak Aman,Jalan Nasional,Rusak,>60,Tikungan,Perempuan,26-45,Tidak,pribadi,multi_kendaraan,pengemudi,ya,UU 34/1964,meninggal,12860000000
8/9/2021,2021,8,Jakarta Timur,266,241,25,6,Cerah,Siang,Bus,Kurang Jarak Aman,Jalan Kota,Berlubang,40-60,Lurus,Perempuan,17-25,Ya,umum,tunggal,penumpang,ya,UU 33/1964,meninggal,13420000000
11/18/2025,2025,11,Surabaya,867,226,28,25,Cerah,Malam,Bus,Rem Blong,Jalan Provinsi,Berlubang,<40,Lurus,Perempuan,>50,Ya,umum,tunggal,penumpang,ya,UU 33/1964,meninggal,13200000000
1/22/2022,2022,1,Jakarta Timur,363,374,27,25,Hujan,Siang,Truk,Kecepatan Berlebih,Jalan Provinsi,Baik,40-60,Simpang T,Laki-laki,17-25,Tidak,pribadi,multi_kendaraan,pengemudi,ya,UU 34/1964,meninggal,20550000000
7/13/2021,2021,7,Palembang,369,176,23,11,Cerah,Dini Hari,Mobil,Rem Blong,Jalan Provinsi,Rusak,40-60,Simpang 4,Perempuan,26-45,Tidak,pribadi,tunggal,pengemudi,tidak,tidak_dijamin,tidak_ada,0
4/21/2024,2024,4,Semarang,690,491,28,46,Hujan,Pagi,Motor,Kelalaian Pengemudi,Jalan Nasional,Berlubang,<40,Simpang 4,Laki-laki,17-25,Ya,pribadi,multi_kendaraan,pengemudi,ya,UU 34/1964,meninggal,26870000000
1/14/2025,2025,1,Semarang,762,250,22,8,Hujan,Dini Hari,Bus,Kecepatan Berlebih,Jalan Provinsi,Baik,<40,Lurus,Perempuan,26-45,Ya,umum,tunggal,penumpang,ya,UU 33/1964,meninggal,13760000000
2/7/2024,2024,2,Palembang,645,489,26,13,Cerah,Malam,Truk,Kondisi Jalan,Jalan Kota,Rusak,<40,Simpang T,Perempuan,17-25,Ya,pribadi,tunggal,pengemudi,tidak,tidak_dijamin,tidak_ada,0
12/23/2025,2025,12,Jakarta Timur,1087,451,26,20,Cerah,Siang,Truk,Kurang Jarak Aman,Jalan Kota,Baik,<40,Simpang 4,Laki-laki,<17,Ya,pribadi,multi_kendaraan,pengemudi,ya,UU 34/1964,meninggal,24250000000
4/29/2022,2022,4,Makassar,434,193,23,5,Cerah,Malam,Truk,Kondisi Jalan,Jalan Kota,Baik,>60,Simpang T,Laki-laki,<17,Ya,pribadi,tunggal,pengemudi,tidak,tidak_dijamin,tidak_ada,0
10/25/2021,2021,10,Yogyakarta,414,444,29,17,Hujan,Pagi,Bus,Kecepatan Berlebih,Jalan Kota,Rusak,<40,Lurus,Laki-laki,17-25,Tidak,umum,multi_kendaraan,penumpang,ya,UU 33/1964,meninggal,23990000000
3/31/2021,2021,3,Makassar,289,307,21,13,Hujan,Pagi,Motor,Kecepatan Berlebih,Jalan Provinsi,Berlubang,40-60,Lurus,Laki-laki,>50,Tidak,pribadi,multi_kendaraan,pengemudi,ya,UU 34/1964,meninggal,16660000000
10/9/2024,2024,10,Jakarta Selatan,669,383,26,14,Hujan,Dini Hari,Truk,Kelalaian Pengemudi,Jalan Nasional,Berlubang,>60,Simpang T,Laki-laki,26-45,Tidak,pribadi,multi_kendaraan,pengemudi,ya,UU 34/1964,meninggal,20730000000
2/18/2022,2022,2,Bandung,297,276,21,33,Cerah,Malam,Motor,Kecepatan Berlebih,Jalan Provinsi,Rusak,<40,Simpang 4,Perempuan,17-25,Ya,pribadi,multi_kendaraan,pengemudi,ya,UU 34/1964,meninggal,15510000000
2/6/2023,2023,2,Yogyakarta,434,480,24,6,Hujan,Dini Hari,Motor,Kurang Jarak Aman,Jalan Kota,Baik,40-60,Simpang 4,Perempuan,<17,Ya,pribadi,tunggal,pengemudi,tidak,tidak_dijamin,tidak_ada,0
12/9/2025,2025,12,Bekasi,1101,240,21,52,Cerah,Siang,Bus,Kondisi Jalan,Jalan Nasional,Baik,>60,Simpang T,Laki-laki,<17,Tidak,umum,tunggal,penumpang,ya,UU 33/1964,meninggal,14090000000
6/5/2025,2025,6,Jakarta Timur,1011,345,29,19,Hujan,Dini Hari,Motor,Kurang Jarak Aman,Jalan Provinsi,Baik,40-60,Simpang T,Laki-laki,26-45,Tidak,pribadi,multi_kendaraan,pengemudi,ya,UU 34/1964,meninggal,19080000000
6/20/2024,2024,6,Palembang,765,394,23,34,Cerah,Siang,Motor,Pelanggaran Lalu Lintas,Jalan Nasional,Berlubang,40-60,Simpang Y,Laki-laki,<17,Tidak,pribadi,tunggal,pengemudi,tidak,tidak_dijamin,tidak_ada,0
2/23/2021,2021,2,Makassar,184,210,21,10,Cerah,Malam,Truk,Kelalaian Pengemudi,Jalan Kota,Berlubang,<40,Lurus,Laki-laki,26-45,Tidak,pribadi,tunggal,pengemudi,tidak,tidak_dijamin,tidak_ada,0
11/29/2025,2025,11,Medan,899,143,24,57,Cerah,Siang,Truk,Kecepatan Berlebih,Jalan Provinsi,Rusak,>60,Lurus,Laki-laki,26-45,Tidak,pribadi,multi_kendaraan,pengemudi,ya,UU 34/1964,meninggal,9490000000
4/25/2025,2025,4,Palembang,764,466,27,64,Cerah,Malam,Truk,Kondisi Jalan,Jalan Nasional,Rusak,>60,Lurus,Perempuan,>50,Ya,pribadi,tunggal,pengemudi,tidak,tidak_dijamin,tidak_ada,0
10/10/2024,2024,10,Makassar,708,171,27,38,Hujan,Pagi,Mobil,Pelanggaran Lalu Lintas,Jalan Provinsi,Baik,<40,Tikungan,Perempuan,17-25,Ya,pribadi,multi_kendaraan,pengemudi,ya,UU 34/1964,meninggal,10660000000
4/12/2024,2024,4,Surabaya,571,175,25,13,Hujan,Siang,Motor,Kelalaian Pengemudi,Jalan Provinsi,Baik,>60,Tikungan,Laki-laki,<17,Ya,pribadi,tunggal,pengemudi,tidak,tidak_dijamin,tidak_ada,0
3/18/2025,2025,3,Bekasi,737,482,21,36,Cerah,Malam,Motor,Pelanggaran Lalu Lintas,Jalan Provinsi,Berlubang,40-60,Simpang T,Laki-laki,17-25,Ya,pribadi,multi_kendaraan,pengemudi,ya,UU 34/1964,meninggal,25870000000
1/19/2024,2024,1,Surabaya,555,160,24,64,Hujan,Dini Hari,Bus,Kondisi Jalan,Jalan Kota,Berlubang,>60,Simpang 4,Perempuan,26-45,Tidak,umum,multi_kendaraan,penumpang,ya,UU 33/1964,meninggal,10480000000
8/17/2023,2023,8,Jakarta Timur,506,128,23,4,Cerah,Malam,Truk,Kelalaian Pengemudi,Jalan Provinsi,Baik,40-60,Simpang Y,Perempuan,17-25,Tidak,pribadi,multi_kendaraan,pengemudi,ya,UU 34/1964,meninggal,7630000000
8/16/2023,2023,8,Bekasi,587,432,22,65,Cerah,Pagi,Mobil,Kecepatan Berlebih,Jalan Nasional,Rusak,<40,Simpang Y,Laki-laki,26-45,Tidak,pribadi,multi_kendaraan,pengemudi,ya,UU 34/1964,meninggal,24000000000
5/15/2024,2024,5,Medan,616,244,23,53,Hujan,Pagi,Motor,Pelanggaran Lalu Lintas,Jalan Kota,Rusak,40-60,Simpang T,Laki-laki,<17,Ya,pribadi,multi_kendaraan,pengemudi,ya,UU 34/1964,meninggal,14410000000
4/17/2025,2025,4,Bandung,775,468,24,27,Cerah,Siang,Motor,Kurang Jarak Aman,Jalan Nasional,Rusak,>60,Simpang T,Perempuan,<17,Ya,pribadi,multi_kendaraan,pengemudi,ya,UU 34/1964,meninggal,25140000000
7/12/2023,2023,7,Makassar,601,240,28,27,Hujan,Pagi,Bus,Pelanggaran Lalu Lintas,Jalan Provinsi,Rusak,40-60,Simpang T,Laki-laki,26-45,Tidak,umum,multi_kendaraan,penumpang,ya,UU 33/1964,meninggal,13940000000
3/28/2023,2023,3,Surabaya,429,182,26,16,Hujan,Pagi,Bus,Kelalaian Pengemudi,Jalan Kota,Baik,40-60,Simpang Y,Perempuan,>50,Ya,umum,tunggal,penumpang,ya,UU 33/1964,meninggal,10720000000
11/16/2025,2025,11,Surabaya,802,332,28,12,Hujan,Pagi,Truk,Rem Blong,Jalan Provinsi,Rusak,40-60,Simpang 4,Laki-laki,>50,Ya,pribadi,multi_kendaraan,pengemudi,ya,UU 34/1964,meninggal,18240000000
9/11/2023,2023,9,Jakarta Selatan,539,121,21,26,Hujan,Siang,Mobil,Kondisi Jalan,Jalan Provinsi,Berlubang,40-60,Lurus,Perempuan,26-45,Ya,pribadi,multi_kendaraan,pengemudi,ya,UU 34/1964,meninggal,7620000000
4/6/2023,2023,4,Makassar,423,351,24,17,Hujan,Siang,Motor,Kondisi Jalan,Jalan Kota,Berlubang,40-60,Tikungan,Laki-laki,26-45,Ya,pribadi,multi_kendaraan,pengemudi,ya,UU 34/1964,meninggal,19090000000
12/2/2021,2021,12,Makassar,553,387,20,24,Hujan,Dini Hari,Truk,Kurang Jarak Aman,Jalan Nasional,Berlubang,40-60,Lurus,Laki-laki,26-45,Tidak,pribadi,multi_kendaraan,pengemudi,ya,UU 34/1964,meninggal,20830000000
1/30/2021,2021,1,Yogyakarta,145,369,29,7,Cerah,Pagi,Truk,Kecepatan Berlebih,Jalan Kota,Berlubang,<40,Tikungan,Laki-laki,17-25,Tidak,pribadi,tunggal,pengemudi,tidak,tidak_dijamin,tidak_ada,0
3/4/2024,2024,3,Semarang,529,466,20,5,Cerah,Malam,Bus,Kurang Jarak Aman,Jalan Provinsi,Berlubang,>60,Tikungan,Perempuan,17-25,Tidak,umum,tunggal,penumpang,ya,UU 33/1964,meninggal,24400000000
11/30/2024,2024,11,Makassar,715,185,30,19,Cerah,Dini Hari,Mobil,Kurang Jarak Aman,Jalan Kota,Baik,40-60,Simpang Y,Perempuan,17-25,Tidak,pribadi,multi_kendaraan,pengemudi,ya,UU 34/1964,meninggal,11130000000
4/30/2025,2025,4,Surabaya,757,500,20,50,Cerah,Dini Hari,Motor,Rem Blong,Jalan Provinsi,Berlubang,40-60,Simpang Y,Perempuan,<17,Ya,pribadi,multi_kendaraan,pengemudi,ya,UU 34/1964,meninggal,27000000000
2/7/2024,2024,2,Medan,526,484,22,42,Cerah,Malam,Motor,Kelalaian Pengemudi,Jalan Kota,Baik,40-60,Simpang Y,Perempuan,17-25,Tidak,pribadi,tunggal,pengemudi,tidak,tidak_dijamin,tidak_ada,0
5/11/2023,2023,5,Surabaya,551,333,23,30,Cerah,Malam,Motor,Pelanggaran Lalu Lintas,Jalan Nasional,Baik,>60,Lurus,Laki-laki,>50,Ya,pribadi,multi_kendaraan,pengemudi,ya,UU 34/1964,meninggal,18400000000
1/28/2022,2022,1,Makassar,301,257,21,53,Hujan,Pagi,Bus,Rem Blong,Jalan Kota,Berlubang,>60,Simpang 4,Laki-laki,17-25,Tidak,umum,tunggal,penumpang,ya,UU 33/1964,meninggal,14960000000
12/11/2024,2024,12,Semarang,1055,455,28,7,Hujan,Siang,Mobil,Kurang Jarak Aman,Jalan Kota,Berlubang,40-60,Simpang T,Perempuan,>50,Ya,pribadi,multi_kendaraan,pengemudi,ya,UU 34/1964,meninggal,24290000000
9/22/2024,2024,9,Surabaya,769,236,20,14,Hujan,Siang,Truk,Kecepatan Berlebih,Jalan Nasional,Berlubang,<40,Tikungan,Laki-laki,>50,Tidak,pribadi,tunggal,pengemudi,tidak,tidak_dijamin,tidak_ada,0
9/17/2021,2021,9,Medan,302,426,26,32,Cerah,Malam,Truk,Pelanggaran Lalu Lintas,Jalan Provinsi,Rusak,>60,Lurus,Laki-laki,26-45,Ya,pribadi,multi_kendaraan,pengemudi,ya,UU 34/1964,meninggal,23240000000
6/15/2022,2022,6,Semarang,706,483,30,23,Hujan,Pagi,Bus,Kurang Jarak Aman,Jalan Provinsi,Rusak,>60,Simpang Y,Laki-laki,<17,Tidak,umum,multi_kendaraan,penumpang,ya,UU 33/1964,meninggal,26110000000
1/16/2025,2025,1,Medan,695,294,22,11,Hujan,Pagi,Bus,Kelalaian Pengemudi,Jalan Nasional,Berlubang,40-60,Simpang T,Perempuan,26-45,Ya,umum,tunggal,penumpang,ya,UU 33/1964,meninggal,16020000000
6/3/2021,2021,6,Surabaya,528,267,30,15,Cerah,Malam,Bus,Kurang Jarak Aman,Jalan Provinsi,Berlubang,40-60,Simpang T,Perempuan,<17,Ya,umum,multi_kendaraan,penumpang,ya,UU 33/1964,meninggal,15150000000
9/7/2021,2021,9,Bandung,346,458,20,17,Hujan,Malam,Bus,Kondisi Jalan,Jalan Provinsi,Rusak,<40,Tikungan,Perempuan,>50,Ya,umum,multi_kendaraan,penumpang,ya,UU 33/1964,meninggal,24240000000
5/20/2024,2024,5,Semarang,677,215,22,17,Cerah,Pagi,Motor,Rem Blong,Jalan Kota,Baik,40-60,Simpang 4,Perempuan,<17,Tidak,pribadi,multi_kendaraan,pengemudi,ya,UU 34/1964,meninggal,12190000000
6/21/2021,2021,6,Palembang,503,490,30,10,Cerah,Pagi,Bus,Kurang Jarak Aman,Jalan Provinsi,Berlubang,<40,Simpang T,Laki-laki,26-45,Ya,umum,multi_kendaraan,penumpang,ya,UU 33/1964,meninggal,26200000000
4/15/2025,2025,4,Medan,795,204,29,24,Cerah,Dini Hari,Truk,Pelanggaran Lalu Lintas,Jalan Nasional,Baik,40-60,Simpang T,Laki-laki,>50,Tidak,pribadi,multi_kendaraan,pengemudi,ya,UU 34/1964,meninggal,12130000000
4/18/2021,2021,4,Makassar,239,349,26,46,Hujan,Malam,Bus,Kurang Jarak Aman,Jalan Nasional,Rusak,>60,Tikungan,Laki-laki,>50,Ya,umum,multi_kendaraan,penumpang,ya,UU 33/1964,meninggal,19670000000
8/27/2025,2025,8,Surabaya,754,205,28,37,Hujan,Malam,Mobil,Rem Blong,Jalan Nasional,Rusak,40-60,Simpang T,Perempuan,17-25,Ya,pribadi,multi_kendaraan,pengemudi,ya,UU 34/1964,meninggal,12390000000
3/4/2025,2025,3,Makassar,693,163,28,12,Cerah,Malam,Bus,Pelanggaran Lalu Lintas,Jalan Provinsi,Baik,<40,Lurus,Perempuan,17-25,Tidak,umum,multi_kendaraan,penumpang,ya,UU 33/1964,meninggal,9790000000
4/5/2023,2023,4,Jakarta Timur,452,429,29,7,Hujan,Malam,Mobil,Kecepatan Berlebih,Jalan Nasional,Berlubang,<40,Simpang Y,Perempuan,17-25,Ya,pribadi,tunggal,pengemudi,tidak,tidak_dijamin,tidak_ada,0
9/17/2025,2025,9,Makassar,883,238,29,8,Cerah,Siang,Mobil,Pelanggaran Lalu Lintas,Jalan Nasional,Rusak,>60,Simpang Y,Laki-laki,26-45,Ya,pribadi,multi_kendaraan,pengemudi,ya,UU 34/1964,meninggal,13510000000
12/10/2025,2025,12,Makassar,1020,182,23,5,Hujan,Dini Hari,Motor,Kurang Jarak Aman,Jalan Kota,Baik,40-60,Simpang T,Perempuan,>50,Tidak,pribadi,multi_kendaraan,pengemudi,ya,UU 34/1964,meninggal,10350000000
8/31/2022,2022,8,Yogyakarta,464,340,26,5,Hujan,Malam,Motor,Rem Blong,Jalan Kota,Rusak,>60,Lurus,Laki-laki,17-25,Ya,pribadi,tunggal,pengemudi,tidak,tidak_dijamin,tidak_ada,0
12/25/2021,2021,12,Semarang,684,446,24,10,Hujan,Malam,Mobil,Kecepatan Berlebih,Jalan Nasional,Baik,40-60,Simpang 4,Perempuan,26-45,Ya,pribadi,multi_kendaraan,pengemudi,ya,UU 34/1964,meninggal,23700000000
12/2/2021,2021,12,Jakarta Selatan,521,132,29,10,Cerah,Pagi,Truk,Kondisi Jalan,Jalan Provinsi,Berlubang,<40,Simpang Y,Laki-laki,<17,Tidak,pribadi,multi_kendaraan,pengemudi,ya,UU 34/1964,meninggal,8250000000
4/18/2021,2021,4,Bekasi,242,191,23,66,Hujan,Siang,Mobil,Rem Blong,Jalan Provinsi,Berlubang,40-60,Simpang 4,Laki-laki,26-45,Tidak,pribadi,multi_kendaraan,pengemudi,ya,UU 34/1964,meninggal,12020000000
9/11/2021,2021,9,Medan,414,252,29,1,Hujan,Malam,Truk,Kondisi Jalan,Jalan Kota,Rusak,>60,Lurus,Perempuan,26-45,Ya,pribadi,multi_kendaraan,pengemudi,ya,UU 34/1964,meninggal,14070000000
5/23/2024,2024,5,Surabaya,591,152,20,33,Cerah,Malam,Motor,Pelanggaran Lalu Lintas,Jalan Nasional,Berlubang,<40,Lurus,Perempuan,>50,Ya,pribadi,multi_kendaraan,pengemudi,ya,UU 34/1964,meninggal,9260000000
1/27/2025,2025,1,Surabaya,643,303,29,7,Hujan,Malam,Truk,Kecepatan Berlebih,Jalan Nasional,Baik,>60,Lurus,Laki-laki,26-45,Ya,pribadi,multi_kendaraan,pengemudi,ya,UU 34/1964,meninggal,16740000000
11/1/2022,2022,11,Yogyakarta,466,238,21,28,Cerah,Pagi,Mobil,Pelanggaran Lalu Lintas,Jalan Nasional,Berlubang,40-60,Simpang Y,Perempuan,>50,Tidak,pribadi,multi_kendaraan,pengemudi,ya,UU 34/1964,meninggal,13510000000
10/7/2024,2024,10,Jakarta Selatan,658,417,30,38,Cerah,Siang,Mobil,Kelalaian Pengemudi,Jalan Provinsi,Rusak,40-60,Simpang 4,Perempuan,>50,Tidak,pribadi,multi_kendaraan,pengemudi,ya,UU 34/1964,meninggal,23110000000
12/15/2025,2025,12,Yogyakarta,1021,165,24,19,Cerah,Siang,Mobil,Rem Blong,Jalan Nasional,Baik,>60,Lurus,Perempuan,>50,Tidak,pribadi,multi_kendaraan,pengemudi,ya,UU 34/1964,meninggal,9830000000
8/10/2022,2022,8,Makassar,402,114,24,28,Hujan,Siang,Mobil,Kurang Jarak Aman,Jalan Kota,Baik,>60,Simpang 4,Laki-laki,26-45,Ya,pribadi,multi_kendaraan,pengemudi,ya,UU 34/1964,meninggal,7460000000
9/4/2022,2022,9,Palembang,383,194,25,26,Hujan,Siang,Truk,Kecepatan Berlebih,Jalan Kota,Berlubang,>60,Simpang T,Laki-laki,>50,Tidak,pribadi,multi_kendaraan,pengemudi,ya,UU 34/1964,meninggal,11470000000
11/1/2024,2024,11,Jakarta Selatan,790,210,22,13,Hujan,Siang,Motor,Kondisi Jalan,Jalan Kota,Berlubang,>60,Simpang 4,Laki-laki,17-25,Tidak,pribadi,tunggal,pengemudi,tidak,tidak_dijamin,tidak_ada,0
11/29/2022,2022,11,Semarang,552,185,28,7,Cerah,Siang,Bus,Rem Blong,Jalan Nasional,Baik,<40,Simpang Y,Laki-laki,17-25,Tidak,umum,multi_kendaraan,penumpang,ya,UU 33/1964,meninggal,10790000000
10/6/2021,2021,10,Bandung,374,320,26,11,Hujan,Siang,Motor,Kurang Jarak Aman,Jalan Nasional,Rusak,>60,Simpang T,Perempuan,17-25,Ya,pribadi,multi_kendaraan,pengemudi,ya,UU 34/1964,meninggal,17520000000
6/27/2023,2023,6,Medan,765,317,20,7,Cerah,Siang,Bus,Kondisi Jalan,Jalan Kota,Rusak,>60,Lurus,Perempuan,17-25,Tidak,umum,multi_kendaraan,penumpang,ya,UU 33/1964,meninggal,16990000000
9/29/2022,2022,9,Surabaya,482,316,28,55,Hujan,Pagi,Truk,Kecepatan Berlebih,Jalan Provinsi,Rusak,<40,Tikungan,Laki-laki,26-45,Tidak,pribadi,multi_kendaraan,pengemudi,ya,UU 34/1964,meninggal,18300000000
8/4/2021,2021,8,Jakarta Selatan,259,353,20,1,Hujan,Siang,Mobil,Kondisi Jalan,Jalan Provinsi,Baik,40-60,Simpang T,Laki-laki,>50,Tidak,pribadi,multi_kendaraan,pengemudi,ya,UU 34/1964,meninggal,18670000000
12/28/2021,2021,12,Bekasi,607,151,22,15,Hujan,Siang,Truk,Kecepatan Berlebih,Jalan Nasional,Baik,40-60,Tikungan,Laki-laki,26-45,Ya,pribadi,multi_kendaraan,pengemudi,ya,UU 34/1964,meninggal,8950000000
10/31/2023,2023,10,Medan,640,226,28,17,Cerah,Malam,Mobil,Kecepatan Berlebih,Jalan Provinsi,Berlubang,<40,Simpang 4,Laki-laki,>50,Ya,pribadi,tunggal,pengemudi,tidak,tidak_dijamin,tidak_ada,0
1/21/2025,2025,1,Surabaya,646,309,23,29,Cerah,Pagi,Motor,Rem Blong,Jalan Provinsi,Rusak,<40,Simpang T,Perempuan,>50,Ya,pribadi,multi_kendaraan,pengemudi,ya,UU 34/1964,meninggal,17180000000
6/19/2022,2022,6,Yogyakarta,646,424,20,19,Cerah,Dini Hari,Motor,Kurang Jarak Aman,Jalan Kota,Rusak,<40,Lurus,Perempuan,<17,Tidak,pribadi,tunggal,pengemudi,tidak,tidak_dijamin,tidak_ada,0
8/24/2021,2021,8,Medan,333,407,23,66,Hujan,Siang,Mobil,Rem Blong,Jalan Provinsi,Baik,<40,Simpang 4,Laki-laki,>50,Tidak,pribadi,multi_kendaraan,pengemudi,ya,UU 34/1964,meninggal,22820000000
11/28/2025,2025,11,Semarang,848,472,27,16,Hujan,Pagi,Motor,Kelalaian Pengemudi,Jalan Kota,Berlubang,>60,Lurus,Perempuan,>50,Tidak,pribadi,multi_kendaraan,pengemudi,ya,UU 34/1964,meninggal,25270000000
12/31/2024,2024,12,Bandung,974,139,27,17,Cerah,Siang,Bus,Rem Blong,Jalan Provinsi,Baik,40-60,Simpang 4,Laki-laki,<17,Tidak,umum,multi_kendaraan,penumpang,ya,UU 33/1964,meninggal,8640000000
5/15/2021,2021,5,Makassar,345,243,22,6,Hujan,Pagi,Bus,Kurang Jarak Aman,Jalan Nasional,Rusak,40-60,Simpang Y,Laki-laki,17-25,Tidak,umum,multi_kendaraan,penumpang,ya,UU 33/1964,meninggal,13370000000
5/11/2021,2021,5,Jakarta Selatan,292,284,20,35,Hujan,Malam,Motor,Pelanggaran Lalu Lintas,Jalan Nasional,Berlubang,40-60,Lurus,Perempuan,<17,Ya,pribadi,multi_kendaraan,pengemudi,ya,UU 34/1964,meninggal,15900000000
5/3/2023,2023,5,Surabaya,570,157,24,2,Cerah,Siang,Mobil,Kecepatan Berlebih,Jalan Nasional,Berlubang,>60,Simpang T,Laki-laki,<17,Ya,pribadi,multi_kendaraan,pengemudi,ya,UU 34/1964,meninggal,9090000000
6/9/2023,2023,6,Bandung,841,119,21,30,Cerah,Malam,Mobil,Kondisi Jalan,Jalan Provinsi,Baik,40-60,Simpang Y,Laki-laki,<17,Ya,pribadi,multi_kendaraan,pengemudi,ya,UU 34/1964,meninggal,7600000000
9/23/2022,2022,9,Bandung,445,113,24,10,Hujan,Malam,Mobil,Kondisi Jalan,Jalan Kota,Berlubang,>60,Simpang T,Perempuan,26-45,Ya,pribadi,tunggal,pengemudi,tidak,tidak_dijamin,tidak_ada,0
12/4/2025,2025,12,Semarang,1181,255,23,23,Hujan,Siang,Mobil,Kondisi Jalan,Jalan Kota,Berlubang,40-60,Lurus,Perempuan,>50,Tidak,pribadi,tunggal,pengemudi,tidak,tidak_dijamin,tidak_ada,0
9/8/2024,2024,9,Bandung,666,436,29,19,Hujan,Pagi,Mobil,Kondisi Jalan,Jalan Provinsi,Berlubang,40-60,Simpang T,Perempuan,<17,Ya,pribadi,multi_kendaraan,pengemudi,ya,UU 34/1964,meninggal,23630000000
1/2/2021,2021,1,Semarang,203,197,26,26,Cerah,Pagi,Mobil,Kelalaian Pengemudi,Jalan Nasional,Baik,<40,Simpang T,Perempuan,17-25,Tidak,pribadi,multi_kendaraan,pengemudi,ya,UU 34/1964,meninggal,11670000000
9/30/2025,2025,9,Semarang,807,440,30,43,Cerah,Pagi,Truk,Kurang Jarak Aman,Jalan Provinsi,Berlubang,<40,Simpang Y,Perempuan,17-25,Tidak,pribadi,multi_kendaraan,pengemudi,ya,UU 34/1964,meninggal,24360000000
2/12/2023,2023,2,Makassar,508,445,24,37,Cerah,Siang,Bus,Kelalaian Pengemudi,Jalan Kota,Berlubang,>60,Simpang Y,Perempuan,26-45,Ya,umum,multi_kendaraan,penumpang,ya,UU 33/1964,meninggal,24190000000
11/30/2024,2024,11,Medan,689,433,22,45,Cerah,Siang,Motor,Kecepatan Berlebih,Jalan Nasional,Baik,40-60,Tikungan,Perempuan,>50,Ya,pribadi,multi_kendaraan,pengemudi,ya,UU 34/1964,meninggal,23650000000
7/23/2024,2024,7,Semarang,651,380,30,5,Cerah,Malam,Bus,Rem Blong,Jalan Kota,Rusak,>60,Simpang Y,Laki-laki,>50,Ya,umum,multi_kendaraan,penumpang,ya,UU 33/1964,meninggal,20600000000
9/7/2021,2021,9,Bekasi,349,379,21,18,Cerah,Pagi,Bus,Kondisi Jalan,Jalan Kota,Baik,40-60,Lurus,Laki-laki,17-25,Tidak,umum,multi_kendaraan,penumpang,ya,UU 33/1964,meninggal,20360000000
10/29/2024,2024,10,Palembang,714,131,26,21,Cerah,Dini Hari,Truk,Kurang Jarak Aman,Jalan Kota,Berlubang,>60,Simpang Y,Perempuan,17-25,Tidak,pribadi,multi_kendaraan,pengemudi,ya,UU 34/1964,meninggal,8270000000
8/15/2022,2022,8,Palembang,397,170,26,19,Hujan,Pagi,Motor,Kecepatan Berlebih,Jalan Provinsi,Rusak,>60,Simpang 4,Laki-laki,26-45,Tidak,pribadi,tunggal,pengemudi,tidak,tidak_dijamin,tidak_ada,0
7/6/2022,2022,7,Bandung,427,449,28,22,Cerah,Siang,Mobil,Kelalaian Pengemudi,Jalan Kota,Baik,>60,Lurus,Laki-laki,17-25,Tidak,pribadi,tunggal,pengemudi,tidak,tidak_dijamin,tidak_ada,0
6/23/2025,2025,6,Bandung,1013,467,22,0,Hujan,Pagi,Truk,Pelanggaran Lalu Lintas,Jalan Provinsi,Rusak,40-60,Lurus,Perempuan,17-25,Tidak,pribadi,tunggal,pengemudi,tidak,tidak_dijamin,tidak_ada,0
1/3/2024,2024,1,Surabaya,505,121,24,38,Hujan,Dini Hari,Mobil,Kurang Jarak Aman,Jalan Provinsi,Baik,<40,Lurus,Perempuan,>50,Tidak,pribadi,multi_kendaraan,pengemudi,ya,UU 34/1964,meninggal,8010000000
9/10/2021,2021,9,Palembang,338,335,29,27,Hujan,Siang,Mobil,Pelanggaran Lalu Lintas,Jalan Kota,Baik,>60,Simpang T,Perempuan,17-25,Tidak,pribadi,multi_kendaraan,pengemudi,ya,UU 34/1964,meninggal,18740000000
8/3/2022,2022,8,Surabaya,497,164,23,17,Hujan,Siang,Motor,Kelalaian Pengemudi,Jalan Kota,Baik,40-60,Simpang Y,Laki-laki,17-25,Tidak,pribadi,multi_kendaraan,pengemudi,ya,UU 34/1964,meninggal,9690000000
12/15/2024,2024,12,Yogyakarta,1096,450,25,2,Cerah,Malam,Motor,Rem Blong,Jalan Provinsi,Baik,<40,Simpang T,Laki-laki,17-25,Ya,pribadi,multi_kendaraan,pengemudi,ya,UU 34/1964,meninggal,23790000000
10/10/2025,2025,10,Makassar,765,106,21,18,Cerah,Dini Hari,Motor,Kecepatan Berlebih,Jalan Nasional,Baik,>60,Simpang Y,Perempuan,<17,Tidak,pribadi,multi_kendaraan,pengemudi,ya,UU 34/1964,meninggal,6710000000
4/22/2021,2021,4,Medan,267,156,27,65,Cerah,Siang,Motor,Kondisi Jalan,Jalan Nasional,Rusak,>60,Tikungan,Perempuan,>50,Tidak,pribadi,tunggal,pengemudi,tidak,tidak_dijamin,tidak_ada,0
8/28/2023,2023,8,Surabaya,627,125,27,11,Hujan,Dini Hari,Truk,Kecepatan Berlebih,Jalan Provinsi,Baik,40-60,Simpang T,Laki-laki,17-25,Tidak,pribadi,multi_kendaraan,pengemudi,ya,UU 34/1964,meninggal,7820000000
6/3/2023,2023,6,Bandung,828,447,30,2,Cerah,Siang,Mobil,Pelanggaran Lalu Lintas,Jalan Kota,Rusak,40-60,Tikungan,Perempuan,26-45,Ya,pribadi,multi_kendaraan,pengemudi,ya,UU 34/1964,meninggal,23890000000
12/14/2024,2024,12,Yogyakarta,878,213,21,19,Hujan,Malam,Mobil,Kelalaian Pengemudi,Jalan Kota,Baik,<40,Simpang 4,Laki-laki,<17,Ya,pribadi,multi_kendaraan,pengemudi,ya,UU 34/1964,meninggal,12080000000
3/8/2021,2021,3,Medan,264,195,20,36,Cerah,Malam,Bus,Rem Blong,Jalan Provinsi,Rusak,>60,Tikungan,Laki-laki,17-25,Tidak,umum,multi_kendaraan,penumpang,ya,UU 33/1964,meninggal,11470000000
11/11/2024,2024,11,Bekasi,796,257,27,14,Hujan,Pagi,Motor,Kelalaian Pengemudi,Jalan Kota,Baik,<40,Simpang T,Laki-laki,<17,Ya,pribadi,multi_kendaraan,pengemudi,ya,UU 34/1964,meninggal,14480000000
1/25/2022,2022,1,Bekasi,402,455,27,39,Cerah,Siang,Bus,Kelalaian Pengemudi,Jalan Kota,Rusak,<40,Tikungan,Perempuan,>50,Tidak,umum,multi_kendaraan,penumpang,ya,UU 33/1964,meninggal,24880000000
5/2/2025,2025,5,Jakarta Selatan,685,339,29,14,Hujan,Dini Hari,Bus,Kelalaian Pengemudi,Jalan Provinsi,Rusak,<40,Tikungan,Laki-laki,>50,Ya,umum,multi_kendaraan,penumpang,ya,UU 33/1964,meninggal,18680000000
9/28/2023,2023,9,Bekasi,585,470,26,28,Cerah,Siang,Mobil,Kurang Jarak Aman,Jalan Nasional,Rusak,<40,Simpang Y,Laki-laki,26-45,Ya,pribadi,multi_kendaraan,pengemudi,ya,UU 34/1964,meninggal,25360000000
2/9/2024,2024,2,Yogyakarta,556,272,21,50,Cerah,Pagi,Motor,Rem Blong,Jalan Nasional,Berlubang,<40,Lurus,Laki-laki,<17,Ya,pribadi,tunggal,pengemudi,tidak,tidak_dijamin,tidak_ada,0
10/25/2023,2023,10,Yogyakarta,591,148,26,23,Hujan,Pagi,Mobil,Pelanggaran Lalu Lintas,Jalan Nasional,Rusak,40-60,Simpang Y,Laki-laki,<17,Ya,pribadi,multi_kendaraan,pengemudi,ya,UU 34/1964,meninggal,9160000000
9/25/2024,2024,9,Bandung,641,487,30,13,Hujan,Pagi,Bus,Kecepatan Berlebih,Jalan Provinsi,Baik,>60,Simpang Y,Laki-laki,17-25,Tidak,umum,tunggal,penumpang,ya,UU 33/1964,meninggal,26110000000
10/6/2024,2024,10,Palembang,729,211,22,50,Cerah,Pagi,Mobil,Pelanggaran Lalu Lintas,Jalan Nasional,Berlubang,>60,Simpang 4,Laki-laki,26-45,Ya,pribadi,multi_kendaraan,pengemudi,ya,UU 34/1964,meninggal,12650000000
7/26/2024,2024,7,Jakarta Timur,737,303,25,17,Hujan,Pagi,Bus,Kondisi Jalan,Jalan Nasional,Baik,40-60,Simpang 4,Perempuan,26-45,Ya,umum,multi_kendaraan,penumpang,ya,UU 33/1964,meninggal,16740000000
6/23/2023,2023,6,Jakarta Timur,824,454,22,7,Cerah,Malam,Truk,Pelanggaran Lalu Lintas,Jalan Nasional,Rusak,<40,Simpang Y,Perempuan,>50,Tidak,pribadi,multi_kendaraan,pengemudi,ya,UU 34/1964,meninggal,23940000000
7/11/2023,2023,7,Makassar,471,249,29,59,Cerah,Pagi,Mobil,Kondisi Jalan,Jalan Kota,Baik,<40,Tikungan,Laki-laki,<17,Ya,pribadi,multi_kendaraan,pengemudi,ya,UU 34/1964,meninggal,15080000000
7/25/2025,2025,7,Medan,767,167,21,29,Cerah,Pagi,Bus,Pelanggaran Lalu Lintas,Jalan Nasional,Baik,>60,Simpang T,Perempuan,>50,Tidak,umum,multi_kendaraan,penumpang,ya,UU 33/1964,meninggal,9980000000
10/18/2024,2024,10,Bandung,700,255,30,46,Hujan,Pagi,Truk,Pelanggaran Lalu Lintas,Jalan Nasional,Rusak,40-60,Simpang 4,Laki-laki,>50,Ya,pribadi,tunggal,pengemudi,tidak,tidak_dijamin,tidak_ada,0
12/30/2023,2023,12,Semarang,906,231,28,24,Hujan,Malam,Motor,Kondisi Jalan,Jalan Provinsi,Baik,<40,Lurus,Laki-laki,17-25,Ya,pribadi,tunggal,pengemudi,tidak,tidak_dijamin,tidak_ada,0
2/26/2024,2024,2,Palembang,620,236,26,45,Cerah,Malam,Bus,Kelalaian Pengemudi,Jalan Kota,Rusak,40-60,Tikungan,Laki-laki,26-45,Tidak,umum,multi_kendaraan,penumpang,ya,UU 33/1964,meninggal,14000000000
4/21/2025,2025,4,Jakarta Selatan,708,380,23,24,Cerah,Dini Hari,Bus,Kelalaian Pengemudi,Jalan Provinsi,Baik,<40,Simpang Y,Perempuan,<17,Ya,umum,multi_kendaraan,penumpang,ya,UU 33/1964,meninggal,20630000000
9/26/2022,2022,9,Medan,477,314,25,22,Cerah,Siang,Motor,Kelalaian Pengemudi,Jalan Kota,Rusak,40-60,Simpang T,Laki-laki,>50,Ya,pribadi,tunggal,pengemudi,tidak,tidak_dijamin,tidak_ada,0
7/9/2024,2024,7,Yogyakarta,600,351,22,21,Cerah,Malam,Bus,Kecepatan Berlebih,Jalan Provinsi,Berlubang,>60,Lurus,Laki-laki,>50,Ya,umum,multi_kendaraan,penumpang,ya,UU 33/1964,meninggal,19070000000
6/3/2023,2023,6,Jakarta Selatan,751,131,20,15,Cerah,Pagi,Bus,Kecepatan Berlebih,Jalan Provinsi,Baik,40-60,Simpang 4,Laki-laki,17-25,Tidak,umum,multi_kendaraan,penumpang,ya,UU 33/1964,meninggal,7850000000
10/24/2024,2024,10,Medan,767,298,20,24,Hujan,Siang,Bus,Kecepatan Berlebih,Jalan Nasional,Baik,<40,Simpang 4,Perempuan,17-25,Ya,umum,multi_kendaraan,penumpang,ya,UU 33/1964,meninggal,16380000000
1/1/2025,2025,1,Bandung,762,139,24,16,Cerah,Dini Hari,Truk,Kurang Jarak Aman,Jalan Nasional,Berlubang,>60,Simpang T,Perempuan,<17,Tidak,pribadi,tunggal,pengemudi,tidak,tidak_dijamin,tidak_ada,0
10/22/2024,2024,10,Yogyakarta,690,346,25,37,Cerah,Pagi,Bus,Kecepatan Berlebih,Jalan Provinsi,Baik,40-60,Simpang T,Laki-laki,17-25,Tidak,umum,tunggal,penumpang,ya,UU 33/1964,meninggal,19290000000
6/10/2024,2024,6,Bekasi,872,345,30,9,Hujan,Malam,Truk,Kelalaian Pengemudi,Jalan Kota,Rusak,40-60,Simpang T,Laki-laki,>50,Tidak,pribadi,multi_kendaraan,pengemudi,ya,UU 34/1964,meninggal,18930000000
3/27/2025,2025,3,Yogyakarta,802,396,24,0,Cerah,Siang,Truk,Kecepatan Berlebih,Jalan Kota,Baik,40-60,Simpang Y,Perempuan,<17,Ya,pribadi,tunggal,pengemudi,tidak,tidak_dijamin,tidak_ada,0
8/5/2024,2024,8,Jakarta Timur,715,446,23,17,Hujan,Siang,Mobil,Kondisi Jalan,Jalan Kota,Rusak,40-60,Tikungan,Laki-laki,17-25,Tidak,pribadi,tunggal,pengemudi,tidak,tidak_dijamin,tidak_ada,0
12/8/2023,2023,12,Bekasi,717,284,30,53,Cerah,Dini Hari,Motor,Rem Blong,Jalan Nasional,Baik,>60,Tikungan,Perempuan,>50,Ya,pribadi,multi_kendaraan,pengemudi,ya,UU 34/1964,meninggal,16760000000
9/15/2023,2023,9,Jakarta Selatan,532,463,26,16,Cerah,Dini Hari,Motor,Rem Blong,Jalan Nasional,Rusak,<40,Lurus,Perempuan,>50,Ya,pribadi,multi_kendaraan,pengemudi,ya,UU 34/1964,meninggal,24770000000
2/21/2024,2024,2,Semarang,585,211,26,32,Cerah,Malam,Mobil,Kurang Jarak Aman,Jalan Kota,Rusak,<40,Tikungan,Laki-laki,17-25,Ya,pribadi,multi_kendaraan,pengemudi,ya,UU 34/1964,meninggal,12490000000
6/27/2022,2022,6,Palembang,549,228,25,9,Cerah,Siang,Bus,Kondisi Jalan,Jalan Nasional,Baik,>60,Lurus,Perempuan,>50,Tidak,umum,tunggal,penumpang,ya,UU 33/1964,meninggal,12830000000
5/27/2023,2023,5,Bekasi,550,289,29,49,Cerah,Dini Hari,Motor,Kecepatan Berlebih,Jalan Provinsi,Berlubang,<40,Simpang 4,Laki-laki,<17,Tidak,pribadi,multi_kendaraan,pengemudi,ya,UU 34/1964,meninggal,16880000000
9/12/2022,2022,9,Bandung,434,419,28,19,Hujan,Siang,Truk,Rem Blong,Jalan Kota,Rusak,>60,Lurus,Laki-laki,>50,Tidak,pribadi,tunggal,pengemudi,tidak,tidak_dijamin,tidak_ada,0
11/21/2024,2024,11,Makassar,802,279,20,20,Cerah,Malam,Motor,Kurang Jarak Aman,Jalan Nasional,Berlubang,40-60,Simpang Y,Laki-laki,17-25,Ya,pribadi,multi_kendaraan,pengemudi,ya,UU 34/1964,meninggal,15350000000
9/4/2021,2021,9,Palembang,267,448,30,4,Hujan,Siang,Motor,Kelalaian Pengemudi,Jalan Nasional,Baik,40-60,Simpang T,Perempuan,26-45,Ya,pribadi,tunggal,pengemudi,tidak,tidak_dijamin,tidak_ada,0
12/5/2021,2021,12,Jakarta Timur,676,121,22,34,Hujan,Siang,Motor,Kondisi Jalan,Jalan Provinsi,Berlubang,<40,Simpang 4,Perempuan,<17,Tidak,pribadi,multi_kendaraan,pengemudi,ya,UU 34/1964,meninggal,7830000000
11/22/2025,2025,11,Palembang,787,128,24,40,Hujan,Pagi,Mobil,Kecepatan Berlebih,Jalan Nasional,Baik,40-60,Simpang 4,Laki-laki,17-25,Ya,pribadi,multi_kendaraan,pengemudi,ya,UU 34/1964,meninggal,8400000000
8/11/2024,2024,8,Yogyakarta,698,287,27,29,Hujan,Dini Hari,Motor,Rem Blong,Jalan Nasional,Rusak,<40,Simpang 4,Laki-laki,>50,Ya,pribadi,tunggal,pengemudi,tidak,tidak_dijamin,tidak_ada,0
8/19/2024,2024,8,Medan,634,233,21,38,Cerah,Pagi,Mobil,Rem Blong,Jalan Provinsi,Berlubang,>60,Simpang T,Perempuan,>50,Tidak,pribadi,tunggal,pengemudi,tidak,tidak_dijamin,tidak_ada,0
3/14/2024,2024,3,Surabaya,639,267,25,27,Cerah,Malam,Truk,Kondisi Jalan,Jalan Provinsi,Baik,<40,Simpang 4,Perempuan,26-45,Tidak,pribadi,tunggal,pengemudi,tidak,tidak_dijamin,tidak_ada,0
5/19/2023,2023,5,Surabaya,522,390,22,7,Hujan,Pagi,Mobil,Pelanggaran Lalu Lintas,Jalan Provinsi,Berlubang,>60,Simpang 4,Laki-laki,26-45,Tidak,pribadi,multi_kendaraan,pengemudi,ya,UU 34/1964,meninggal,20740000000
4/7/2022,2022,4,Semarang,364,257,26,7,Cerah,Siang,Motor,Kecepatan Berlebih,Jalan Kota,Baik,<40,Simpang T,Laki-laki,17-25,Ya,pribadi,tunggal,pengemudi,tidak,tidak_dijamin,tidak_ada,0
7/30/2023,2023,7,Palembang,581,237,25,26,Cerah,Pagi,Mobil,Kecepatan Berlebih,Jalan Nasional,Rusak,40-60,Lurus,Laki-laki,17-25,Tidak,pribadi,multi_kendaraan,pengemudi,ya,UU 34/1964,meninggal,13620000000
6/10/2023,2023,6,Surabaya,632,281,20,8,Cerah,Siang,Bus,Rem Blong,Jalan Nasional,Baik,<40,Simpang T,Perempuan,26-45,Tidak,umum,multi_kendaraan,penumpang,ya,UU 33/1964,meninggal,15210000000
7/14/2024,2024,7,Yogyakarta,712,209,25,29,Hujan,Dini Hari,Truk,Kecepatan Berlebih,Jalan Provinsi,Baik,40-60,Simpang T,Laki-laki,26-45,Tidak,pribadi,multi_kendaraan,pengemudi,ya,UU 34/1964,meninggal,12280000000
11/1/2021,2021,11,Bekasi,380,208,25,36,Cerah,Pagi,Bus,Rem Blong,Jalan Provinsi,Baik,>60,Simpang Y,Perempuan,<17,Ya,umum,multi_kendaraan,penumpang,ya,UU 33/1964,meninggal,12370000000
11/6/2023,2023,11,Semarang,677,494,21,33,Cerah,Siang,Truk,Kelalaian Pengemudi,Jalan Kota,Baik,40-60,Lurus,Perempuan,26-45,Ya,pribadi,multi_kendaraan,pengemudi,ya,UU 34/1964,meninggal,26410000000
12/21/2022,2022,12,Bandung,757,250,22,25,Hujan,Malam,Mobil,Kondisi Jalan,Jalan Nasional,Berlubang,<40,Simpang 4,Laki-laki,>50,Tidak,pribadi,tunggal,pengemudi,tidak,tidak_dijamin,tidak_ada,0
12/29/2024,2024,12,Yogyakarta,879,208,24,12,Cerah,Dini Hari,Motor,Kelalaian Pengemudi,Jalan Provinsi,Baik,40-60,Simpang T,Laki-laki,>50,Ya,pribadi,multi_kendaraan,pengemudi,ya,UU 34/1964,meninggal,11840000000
3/8/2025,2025,3,Bandung,763,106,28,29,Cerah,Dini Hari,Mobil,Kondisi Jalan,Jalan Provinsi,Berlubang,>60,Simpang 4,Perempuan,17-25,Tidak,pribadi,tunggal,pengemudi,tidak,tidak_dijamin,tidak_ada,0
10/14/2023,2023,10,Makassar,653,361,25,18,Cerah,Malam,Truk,Pelanggaran Lalu Lintas,Jalan Nasional,Rusak,<40,Simpang T,Laki-laki,17-25,Tidak,pribadi,multi_kendaraan,pengemudi,ya,UU 34/1964,meninggal,19660000000
10/28/2025,2025,10,Medan,780,479,30,17,Hujan,Pagi,Mobil,Kondisi Jalan,Jalan Provinsi,Baik,<40,Lurus,Laki-laki,<17,Ya,pribadi,multi_kendaraan,pengemudi,ya,UU 34/1964,meninggal,25790000000
10/9/2024,2024,10,Yogyakarta,765,208,23,37,Cerah,Pagi,Bus,Kecepatan Berlebih,Jalan Provinsi,Baik,<40,Simpang T,Laki-laki,>50,Ya,umum,multi_kendaraan,penumpang,ya,UU 33/1964,meninggal,12290000000
9/22/2025,2025,9,Jakarta Selatan,754,310,27,53,Hujan,Malam,Motor,Rem Blong,Jalan Provinsi,Rusak,<40,Lurus,Laki-laki,>50,Ya,pribadi,tunggal,pengemudi,tidak,tidak_dijamin,tidak_ada,0
1/12/2023,2023,1,Medan,514,257,21,11,Hujan,Malam,Mobil,Rem Blong,Jalan Kota,Baik,>60,Simpang 4,Perempuan,26-45,Ya,pribadi,tunggal,pengemudi,tidak,tidak_dijamin,tidak_ada,0
10/17/2022,2022,10,Jakarta Selatan,510,362,21,29,Hujan,Siang,Truk,Kelalaian Pengemudi,Jalan Nasional,Baik,>60,Simpang 4,Perempuan,26-45,Ya,pribadi,tunggal,pengemudi,tidak,tidak_dijamin,tidak_ada,0
7/27/2021,2021,7,Bekasi,225,272,27,2,Hujan,Dini Hari,Bus,Pelanggaran Lalu Lintas,Jalan Nasional,Baik,40-60,Simpang 4,Perempuan,26-45,Tidak,umum,tunggal,penumpang,ya,UU 33/1964,meninggal,14990000000
6/10/2023,2023,6,Medan,836,146,25,17,Hujan,Siang,Mobil,Pelanggaran Lalu Lintas,Jalan Provinsi,Berlubang,40-60,Simpang Y,Perempuan,17-25,Tidak,pribadi,multi_kendaraan,pengemudi,ya,UU 34/1964,meninggal,8890000000
7/21/2024,2024,7,Yogyakarta,628,339,20,27,Hujan,Malam,Motor,Kelalaian Pengemudi,Jalan Provinsi,Rusak,40-60,Simpang 4,Laki-laki,>50,Tidak,pribadi,multi_kendaraan,pengemudi,ya,UU 34/1964,meninggal,18490000000
9/27/2025,2025,9,Surabaya,788,487,22,15,Hujan,Dini Hari,Truk,Pelanggaran Lalu Lintas,Jalan Kota,Berlubang,>60,Simpang 4,Perempuan,>50,Ya,pribadi,tunggal,pengemudi,tidak,tidak_dijamin,tidak_ada,0
1/1/2024,2024,1,Yogyakarta,647,254,25,3,Cerah,Siang,Bus,Kondisi Jalan,Jalan Kota,Berlubang,>60,Lurus,Perempuan,>50,Ya,umum,multi_kendaraan,penumpang,ya,UU 33/1964,meninggal,14010000000
8/15/2024,2024,8,Bekasi,675,108,26,43,Cerah,Dini Hari,Mobil,Kurang Jarak Aman,Jalan Provinsi,Berlubang,40-60,Simpang 4,Laki-laki,17-25,Ya,pribadi,multi_kendaraan,pengemudi,ya,UU 34/1964,meninggal,7560000000
4/7/2022,2022,4,Yogyakarta,392,166,24,12,Hujan,Dini Hari,Truk,Kurang Jarak Aman,Jalan Kota,Rusak,>60,Simpang T,Laki-laki,>50,Ya,pribadi,multi_kendaraan,pengemudi,ya,UU 34/1964,meninggal,9740000000
4/7/2022,2022,4,Makassar,394,490,22,10,Hujan,Siang,Truk,Kondisi Jalan,Jalan Provinsi,Berlubang,<40,Lurus,Laki-laki,17-25,Tidak,pribadi,multi_kendaraan,pengemudi,ya,UU 34/1964,meninggal,25800000000
1/30/2024,2024,1,Semarang,511,193,29,38,Cerah,Malam,Truk,Kecepatan Berlebih,Jalan Kota,Berlubang,<40,Simpang T,Laki-laki,>50,Tidak,pribadi,multi_kendaraan,pengemudi,ya,UU 34/1964,meninggal,11860000000
5/9/2024,2024,5,Bekasi,611,496,22,20,Cerah,Pagi,Truk,Kelalaian Pengemudi,Jalan Nasional,Rusak,>60,Tikungan,Laki-laki,17-25,Tidak,pribadi,multi_kendaraan,pengemudi,ya,UU 34/1964,meninggal,26300000000
2/21/2023,2023,2,Makassar,518,374,21,1,Hujan,Pagi,Truk,Pelanggaran Lalu Lintas,Jalan Provinsi,Rusak,<40,Lurus,Perempuan,26-45,Tidak,pribadi,multi_kendaraan,pengemudi,ya,UU 34/1964,meninggal,19770000000
12/28/2022,2022,12,Bekasi,807,102,25,67,Hujan,Pagi,Motor,Rem Blong,Jalan Provinsi,Baik,40-60,Lurus,Laki-laki,>50,Ya,pribadi,multi_kendaraan,pengemudi,ya,UU 34/1964,meninggal,7690000000
12/25/2021,2021,12,Jakarta Timur,549,409,27,34,Hujan,Siang,Motor,Kondisi Jalan,Jalan Provinsi,Berlubang,>60,Lurus,Laki-laki,17-25,Tidak,pribadi,multi_kendaraan,pengemudi,ya,UU 34/1964,meninggal,22480000000
4/1/2022,2022,4,Palembang,310,393,29,11,Cerah,Dini Hari,Motor,Kecepatan Berlebih,Jalan Kota,Berlubang,<40,Lurus,Laki-laki,>50,Tidak,pribadi,multi_kendaraan,pengemudi,ya,UU 34/1964,meninggal,21320000000
3/3/2022,2022,3,Bekasi,349,245,25,34,Hujan,Pagi,Motor,Rem Blong,Jalan Provinsi,Rusak,40-60,Simpang 4,Perempuan,17-25,Ya,pribadi,tunggal,pengemudi,tidak,tidak_dijamin,tidak_ada,0
4/5/2024,2024,4,Palembang,616,422,25,32,Cerah,Dini Hari,Mobil,Pelanggaran Lalu Lintas,Jalan Nasional,Baik,40-60,Tikungan,Laki-laki,17-25,Ya,pribadi,multi_kendaraan,pengemudi,ya,UU 34/1964,meninggal,22990000000
12/26/2022,2022,12,Semarang,665,176,29,15,Hujan,Malam,Bus,Rem Blong,Jalan Provinsi,Baik,40-60,Tikungan,Perempuan,17-25,Tidak,umum,multi_kendaraan,penumpang,ya,UU 33/1964,meninggal,10550000000
12/8/2021,2021,12,Jakarta Timur,648,152,30,18,Cerah,Malam,Mobil,Kondisi Jalan,Jalan Kota,Berlubang,>60,Simpang Y,Perempuan,17-25,Ya,pribadi,tunggal,pengemudi,tidak,tidak_dijamin,tidak_ada,0
10/6/2023,2023,10,Semarang,522,355,20,35,Cerah,Siang,Bus,Rem Blong,Jalan Kota,Baik,40-60,Tikungan,Perempuan,26-45,Ya,umum,multi_kendaraan,penumpang,ya,UU 33/1964,meninggal,19450000000
5/21/2021,2021,5,Bekasi,300,194,26,3,Hujan,Dini Hari,Motor,Kondisi Jalan,Jalan Provinsi,Berlubang,>60,Simpang 4,Perempuan,>50,Tidak,pribadi,multi_kendaraan,pengemudi,ya,UU 34/1964,meninggal,11060000000
5/17/2025,2025,5,Makassar,752,236,28,31,Cerah,Siang,Mobil,Kecepatan Berlebih,Jalan Provinsi,Berlubang,<40,Simpang 4,Laki-laki,17-25,Tidak,pribadi,tunggal,pengemudi,tidak,tidak_dijamin,tidak_ada,0
10/4/2024,2024,10,Yogyakarta,723,426,24,49,Cerah,Pagi,Bus,Kondisi Jalan,Jalan Kota,Berlubang,>60,Simpang 4,Laki-laki,>50,Tidak,umum,multi_kendaraan,penumpang,ya,UU 33/1964,meninggal,23480000000
5/28/2022,2022,5,Medan,421,457,27,6,Cerah,Pagi,Bus,Kurang Jarak Aman,Jalan Provinsi,Baik,>60,Lurus,Perempuan,26-45,Ya,umum,tunggal,penumpang,ya,UU 33/1964,meninggal,24320000000
12/12/2022,2022,12,Jakarta Timur,820,358,24,6,Hujan,Siang,Mobil,Kecepatan Berlebih,Jalan Provinsi,Rusak,40-60,Tikungan,Perempuan,17-25,Ya,pribadi,tunggal,pengemudi,tidak,tidak_dijamin,tidak_ada,0
10/3/2021,2021,10,Bekasi,414,310,21,14,Cerah,Pagi,Mobil,Kurang Jarak Aman,Jalan Nasional,Rusak,<40,Lurus,Perempuan,26-45,Tidak,pribadi,multi_kendaraan,pengemudi,ya,UU 34/1964,meninggal,16830000000
11/26/2025,2025,11,Semarang,831,441,24,18,Cerah,Malam,Bus,Kecepatan Berlebih,Jalan Nasional,Berlubang,<40,Simpang T,Laki-laki,>50,Tidak,umum,multi_kendaraan,penumpang,ya,UU 33/1964,meninggal,23610000000
9/21/2024,2024,9,Bandung,698,160,30,19,Hujan,Pagi,Mobil,Kondisi Jalan,Jalan Provinsi,Berlubang,>60,Simpang T,Laki-laki,<17,Ya,pribadi,multi_kendaraan,pengemudi,ya,UU 34/1964,meninggal,9880000000
1/30/2021,2021,1,Jakarta Timur,270,464,26,10,Cerah,Dini Hari,Truk,Kurang Jarak Aman,Jalan Kota,Rusak,40-60,Lurus,Perempuan,<17,Tidak,pribadi,multi_kendaraan,pengemudi,ya,UU 34/1964,meninggal,24700000000
11/6/2024,2024,11,Jakarta Timur,737,425,23,1,Hujan,Malam,Bus,Kondisi Jalan,Jalan Provinsi,Rusak,40-60,Simpang Y,Laki-laki,>50,Ya,umum,multi_kendaraan,penumpang,ya,UU 33/1964,meninggal,22420000000
1/3/2024,2024,1,Palembang,581,278,28,34,Cerah,Malam,Bus,Rem Blong,Jalan Provinsi,Baik,40-60,Simpang T,Laki-laki,>50,Ya,umum,multi_kendaraan,penumpang,ya,UU 33/1964,meninggal,15980000000
9/24/2021,2021,9,Makassar,396,343,27,19,Cerah,Dini Hari,Truk,Kondisi Jalan,Jalan Provinsi,Baik,<40,Simpang 4,Laki-laki,26-45,Tidak,pribadi,multi_kendaraan,pengemudi,ya,UU 34/1964,meninggal,18880000000
6/4/2023,2023,6,Palembang,796,399,20,10,Hujan,Siang,Motor,Kelalaian Pengemudi,Jalan Kota,Berlubang,>60,Simpang Y,Laki-laki,<17,Ya,pribadi,multi_kendaraan,pengemudi,ya,UU 34/1964,meninggal,21150000000
5/7/2025,2025,5,Yogyakarta,805,212,28,50,Cerah,Dini Hari,Mobil,Kelalaian Pengemudi,Jalan Provinsi,Rusak,>60,Simpang 4,Laki-laki,>50,Tidak,pribadi,multi_kendaraan,pengemudi,ya,UU 34/1964,meninggal,13000000000
8/18/2022,2022,8,Bandung,513,469,28,9,Hujan,Dini Hari,Motor,Kurang Jarak Aman,Jalan Kota,Rusak,>60,Tikungan,Perempuan,>50,Tidak,pribadi,multi_kendaraan,pengemudi,ya,UU 34/1964,meninggal,25030000000
1/30/2025,2025,1,Jakarta Timur,771,171,20,9,Cerah,Siang,Motor,Kecepatan Berlebih,Jalan Provinsi,Rusak,>60,Lurus,Perempuan,>50,Tidak,pribadi,multi_kendaraan,pengemudi,ya,UU 34/1964,meninggal,9730000000
4/13/2021,2021,4,Bandung,227,158,22,14,Cerah,Siang,Bus,Pelanggaran Lalu Lintas,Jalan Kota,Berlubang,40-60,Simpang T,Perempuan,26-45,Ya,umum,tunggal,penumpang,ya,UU 33/1964,meninggal,9280000000
4/24/2025,2025,4,Bekasi,691,136,24,20,Cerah,Dini Hari,Motor,Kurang Jarak Aman,Jalan Provinsi,Berlubang,<40,Simpang T,Perempuan,26-45,Tidak,pribadi,multi_kendaraan,pengemudi,ya,UU 34/1964,meninggal,8400000000
11/18/2023,2023,11,Bekasi,543,486,24,25,Cerah,Pagi,Bus,Kelalaian Pengemudi,Jalan Kota,Berlubang,>60,Simpang T,Laki-laki,26-45,Ya,umum,multi_kendaraan,penumpang,ya,UU 33/1964,meninggal,26000000000
4/8/2024,2024,4,Bandung,594,444,22,13,Cerah,Dini Hari,Truk,Rem Blong,Jalan Kota,Baik,<40,Tikungan,Laki-laki,<17,Tidak,pribadi,tunggal,pengemudi,tidak,tidak_dijamin,tidak_ada,0
2/20/2021,2021,2,Surabaya,258,155,29,18,Hujan,Dini Hari,Bus,Kelalaian Pengemudi,Jalan Nasional,Berlubang,<40,Lurus,Perempuan,26-45,Tidak,umum,multi_kendaraan,penumpang,ya,UU 33/1964,meninggal,9560000000
9/18/2025,2025,9,Makassar,867,306,24,18,Cerah,Dini Hari,Bus,Kondisi Jalan,Jalan Kota,Rusak,>60,Simpang T,Laki-laki,17-25,Tidak,umum,multi_kendaraan,penumpang,ya,UU 33/1964,meninggal,16860000000
3/11/2021,2021,3,Bandung,232,116,24,5,Cerah,Dini Hari,Mobil,Kurang Jarak Aman,Jalan Provinsi,Berlubang,40-60,Tikungan,Laki-laki,<17,Ya,pribadi,multi_kendaraan,pengemudi,ya,UU 34/1964,meninggal,7100000000
10/30/2024,2024,10,Bandung,725,353,26,7,Hujan,Pagi,Motor,Pelanggaran Lalu Lintas,Jalan Provinsi,Rusak,40-60,Simpang Y,Perempuan,>50,Ya,pribadi,multi_kendaraan,pengemudi,ya,UU 34/1964,meninggal,19090000000
3/14/2024,2024,3,Palembang,682,364,30,11,Hujan,Pagi,Truk,Kurang Jarak Aman,Jalan Kota,Berlubang,<40,Simpang 4,Laki-laki,26-45,Tidak,pribadi,multi_kendaraan,pengemudi,ya,UU 34/1964,meninggal,19920000000
6/12/2023,2023,6,Makassar,701,446,30,3,Hujan,Malam,Mobil,Kelalaian Pengemudi,Jalan Kota,Baik,40-60,Tikungan,Perempuan,>50,Ya,pribadi,multi_kendaraan,pengemudi,ya,UU 34/1964,meninggal,23860000000
11/13/2025,2025,11,Medan,913,152,29,57,Cerah,Siang,Truk,Kecepatan Berlebih,Jalan Provinsi,Rusak,>60,Tikungan,Perempuan,26-45,Tidak,pribadi,multi_kendaraan,pengemudi,ya,UU 34/1964,meninggal,10190000000
5/26/2024,2024,5,Yogyakarta,583,241,20,7,Hujan,Malam,Mobil,Kondisi Jalan,Jalan Kota,Berlubang,40-60,Simpang Y,Laki-laki,17-25,Ya,pribadi,tunggal,pengemudi,tidak,tidak_dijamin,tidak_ada,0
8/25/2023,2023,8,Makassar,581,393,20,24,Hujan,Malam,Mobil,Kelalaian Pengemudi,Jalan Provinsi,Berlubang,<40,Simpang T,Laki-laki,<17,Ya,pribadi,multi_kendaraan,pengemudi,ya,UU 34/1964,meninggal,21130000000
5/14/2024,2024,5,Yogyakarta,630,485,28,9,Hujan,Siang,Mobil,Kurang Jarak Aman,Jalan Kota,Berlubang,<40,Simpang T,Laki-laki,<17,Ya,pribadi,multi_kendaraan,pengemudi,ya,UU 34/1964,meninggal,25830000000
9/4/2023,2023,9,Yogyakarta,591,289,20,39,Cerah,Siang,Mobil,Kondisi Jalan,Jalan Nasional,Berlubang,40-60,Simpang 4,Perempuan,<17,Tidak,pribadi,tunggal,pengemudi,tidak,tidak_dijamin,tidak_ada,0
4/17/2022,2022,4,Yogyakarta,426,363,25,46,Cerah,Siang,Bus,Kurang Jarak Aman,Jalan Nasional,Berlubang,>60,Tikungan,Perempuan,<17,Tidak,umum,multi_kendaraan,penumpang,ya,UU 33/1964,meninggal,20320000000
8/25/2024,2024,8,Semarang,603,371,29,28,Hujan,Pagi,Truk,Kecepatan Berlebih,Jalan Nasional,Baik,>60,Lurus,Laki-laki,>50,Ya,pribadi,tunggal,pengemudi,tidak,tidak_dijamin,tidak_ada,0
10/17/2024,2024,10,Palembang,696,404,22,21,Cerah,Dini Hari,Truk,Kurang Jarak Aman,Jalan Kota,Berlubang,>60,Lurus,Laki-laki,26-45,Ya,pribadi,multi_kendaraan,pengemudi,ya,UU 34/1964,meninggal,21720000000
6/19/2022,2022,6,Jakarta Selatan,726,254,25,58,Cerah,Pagi,Motor,Kurang Jarak Aman,Jalan Nasional,Berlubang,40-60,Simpang 4,Laki-laki,>50,Ya,pribadi,tunggal,pengemudi,tidak,tidak_dijamin,tidak_ada,0
6/1/2023,2023,6,Medan,622,221,28,1,Cerah,Dini Hari,Motor,Rem Blong,Jalan Kota,Baik,>60,Lurus,Laki-laki,17-25,Ya,pribadi,multi_kendaraan,pengemudi,ya,UU 34/1964,meninggal,12470000000
4/17/2025,2025,4,Makassar,724,460,27,27,Cerah,Pagi,Mobil,Rem Blong,Jalan Provinsi,Baik,>60,Lurus,Perempuan,>50,Ya,pribadi,tunggal,pengemudi,tidak,tidak_dijamin,tidak_ada,0
1/1/2025,2025,1,Semarang,673,265,24,44,Cerah,Pagi,Mobil,Rem Blong,Jalan Nasional,Berlubang,<40,Simpang Y,Perempuan,26-45,Tidak,pribadi,tunggal,pengemudi,tidak,tidak_dijamin,tidak_ada,0
11/12/2025,2025,11,Medan,854,355,29,22,Cerah,Dini Hari,Mobil,Kurang Jarak Aman,Jalan Provinsi,Berlubang,40-60,Lurus,Perempuan,>50,Ya,pribadi,multi_kendaraan,pengemudi,ya,UU 34/1964,meninggal,19640000000
6/20/2025,2025,6,Medan,1112,383,21,46,Hujan,Dini Hari,Bus,Kelalaian Pengemudi,Jalan Provinsi,Baik,>60,Simpang 4,Laki-laki,26-45,Ya,umum,multi_kendaraan,penumpang,ya,UU 33/1964,meninggal,21120000000
7/1/2021,2021,7,Jakarta Timur,284,264,24,23,Cerah,Dini Hari,Motor,Kecepatan Berlebih,Jalan Kota,Baik,40-60,Simpang Y,Perempuan,26-45,Ya,pribadi,multi_kendaraan,pengemudi,ya,UU 34/1964,meninggal,14860000000
7/18/2023,2023,7,Yogyakarta,608,239,23,40,Hujan,Dini Hari,Mobil,Pelanggaran Lalu Lintas,Jalan Kota,Berlubang,>60,Tikungan,Laki-laki,<17,Tidak,pribadi,multi_kendaraan,pengemudi,ya,UU 34/1964,meninggal,13900000000
10/1/2022,2022,10,Medan,440,319,25,1,Cerah,Pagi,Bus,Rem Blong,Jalan Kota,Baik,40-60,Tikungan,Perempuan,17-25,Ya,umum,multi_kendaraan,penumpang,ya,UU 33/1964,meninggal,17220000000
1/31/2021,2021,1,Bandung,295,174,24,44,Cerah,Siang,Mobil,Kondisi Jalan,Jalan Nasional,Rusak,>60,Tikungan,Laki-laki,26-45,Ya,pribadi,multi_kendaraan,pengemudi,ya,UU 34/1964,meninggal,10780000000
4/23/2025,2025,4,Jakarta Timur,796,483,29,47,Hujan,Pagi,Motor,Kurang Jarak Aman,Jalan Provinsi,Berlubang,40-60,Tikungan,Laki-laki,<17,Tidak,pribadi,multi_kendaraan,pengemudi,ya,UU 34/1964,meninggal,26540000000
3/22/2023,2023,3,Medan,486,490,29,3,Cerah,Malam,Truk,Kecepatan Berlebih,Jalan Nasional,Baik,<40,Simpang T,Perempuan,<17,Ya,pribadi,multi_kendaraan,pengemudi,ya,UU 34/1964,meninggal,26010000000
12/13/2021,2021,12,Makassar,737,355,25,17,Cerah,Pagi,Truk,Kurang Jarak Aman,Jalan Kota,Baik,>60,Tikungan,Laki-laki,<17,Ya,pribadi,multi_kendaraan,pengemudi,ya,UU 34/1964,meninggal,19340000000
12/20/2024,2024,12,Bekasi,951,177,27,6,Cerah,Malam,Bus,Pelanggaran Lalu Lintas,Jalan Kota,Rusak,>60,Tikungan,Perempuan,17-25,Ya,umum,multi_kendaraan,penumpang,ya,UU 33/1964,meninggal,10320000000
4/3/2023,2023,4,Makassar,425,350,30,2,Cerah,Malam,Motor,Pelanggaran Lalu Lintas,Jalan Nasional,Rusak,>60,Simpang T,Perempuan,>50,Tidak,pribadi,multi_kendaraan,pengemudi,ya,UU 34/1964,meninggal,19040000000
4/24/2024,2024,4,Makassar,559,278,29,36,Cerah,Siang,Bus,Kondisi Jalan,Jalan Kota,Berlubang,<40,Simpang Y,Perempuan,17-25,Ya,umum,multi_kendaraan,penumpang,ya,UU 33/1964,meninggal,16070000000
11/5/2021,2021,11,Medan,366,424,21,17,Hujan,Siang,Mobil,Kecepatan Berlebih,Jalan Nasional,Rusak,<40,Tikungan,Laki-laki,17-25,Ya,pribadi,multi_kendaraan,pengemudi,ya,UU 34/1964,meninggal,22590000000
1/17/2025,2025,1,Bekasi,641,323,23,39,Hujan,Pagi,Truk,Kecepatan Berlebih,Jalan Nasional,Rusak,<40,Simpang Y,Perempuan,26-45,Tidak,pribadi,multi_kendaraan,pengemudi,ya,UU 34/1964,meninggal,18080000000
6/6/2021,2021,6,Medan,497,497,23,25,Cerah,Pagi,Motor,Kondisi Jalan,Jalan Kota,Berlubang,<40,Tikungan,Perempuan,17-25,Tidak,pribadi,multi_kendaraan,pengemudi,ya,UU 34/1964,meninggal,26500000000
6/7/2022,2022,6,Yogyakarta,673,461,23,19,Cerah,Dini Hari,Motor,Kurang Jarak Aman,Jalan Kota,Rusak,<40,Simpang Y,Perempuan,>50,Tidak,pribadi,multi_kendaraan,pengemudi,ya,UU 34/1964,meninggal,24580000000
9/5/2024,2024,9,Makassar,621,264,20,10,Hujan,Malam,Mobil,Pelanggaran Lalu Lintas,Jalan Nasional,Baik,>60,Simpang Y,Laki-laki,17-25,Tidak,pribadi,multi_kendaraan,pengemudi,ya,UU 34/1964,meninggal,14400000000
12/30/2021,2021,12,Bekasi,680,227,21,15,Cerah,Pagi,Truk,Kelalaian Pengemudi,Jalan Kota,Berlubang,<40,Lurus,Laki-laki,17-25,Ya,pribadi,tunggal,pengemudi,tidak,tidak_dijamin,tidak_ada,0
6/30/2023,2023,6,Palembang,828,500,29,10,Hujan,Siang,Motor,Kelalaian Pengemudi,Jalan Kota,Berlubang,<40,Lurus,Laki-laki,>50,Ya,pribadi,multi_kendaraan,pengemudi,ya,UU 34/1964,meninggal,26650000000
3/8/2025,2025,3,Medan,793,416,30,15,Hujan,Malam,Bus,Pelanggaran Lalu Lintas,Jalan Nasional,Berlubang,<40,Simpang Y,Perempuan,26-45,Ya,umum,multi_kendaraan,penumpang,ya,UU 33/1964,meninggal,22600000000
9/23/2025,2025,9,Surabaya,805,244,30,30,Cerah,Siang,Truk,Kurang Jarak Aman,Jalan Nasional,Baik,<40,Lurus,Laki-laki,<17,Ya,pribadi,tunggal,pengemudi,tidak,tidak_dijamin,tidak_ada,0
5/29/2021,2021,5,Palembang,260,122,28,50,Hujan,Dini Hari,Truk,Pelanggaran Lalu Lintas,Jalan Provinsi,Baik,<40,Simpang Y,Perempuan,>50,Tidak,pribadi,tunggal,pengemudi,tidak,tidak_dijamin,tidak_ada,0
1/1/2022,2022,1,Bekasi,283,184,27,27,Hujan,Dini Hari,Truk,Kondisi Jalan,Jalan Provinsi,Berlubang,>60,Lurus,Laki-laki,17-25,Tidak,pribadi,tunggal,pengemudi,tidak,tidak_dijamin,tidak_ada,0
2/19/2021,2021,2,Palembang,212,250,22,10,Cerah,Siang,Motor,Kecepatan Berlebih,Jalan Nasional,Rusak,<40,Lurus,Perempuan,<17,Ya,pribadi,multi_kendaraan,pengemudi,ya,UU 34/1964,meninggal,13800000000
4/29/2022,2022,4,Surabaya,386,256,27,22,Cerah,Siang,Mobil,Kecepatan Berlebih,Jalan Nasional,Berlubang,>60,Lurus,Perempuan,<17,Ya,pribadi,multi_kendaraan,pengemudi,ya,UU 34/1964,meninggal,14590000000
1/10/2024,2024,1,Semarang,535,200,28,28,Cerah,Malam,Motor,Kurang Jarak Aman,Jalan Provinsi,Berlubang,40-60,Simpang Y,Perempuan,26-45,Tidak,pribadi,tunggal,pengemudi,tidak,tidak_dijamin,tidak_ada,0
1/19/2022,2022,1,Surabaya,298,191,28,1,Hujan,Dini Hari,Mobil,Kurang Jarak Aman,Jalan Provinsi,Baik,40-60,Tikungan,Laki-laki,>50,Ya,pribadi,multi_kendaraan,pengemudi,ya,UU 34/1964,meninggal,10970000000
10/6/2025,2025,10,Medan,795,350,27,14,Hujan,Pagi,Mobil,Kondisi Jalan,Jalan Kota,Berlubang,<40,Simpang Y,Laki-laki,<17,Ya,pribadi,multi_kendaraan,pengemudi,ya,UU 34/1964,meninggal,19130000000
9/26/2022,2022,9,Jakarta Selatan,498,218,21,17,Hujan,Malam,Bus,Kondisi Jalan,Jalan Provinsi,Rusak,40-60,Lurus,Perempuan,17-25,Ya,umum,tunggal,penumpang,ya,UU 33/1964,meninggal,12290000000
8/16/2024,2024,8,Semarang,704,105,30,10,Hujan,Malam,Truk,Kondisi Jalan,Jalan Provinsi,Rusak,<40,Lurus,Laki-laki,<17,Ya,pribadi,tunggal,pengemudi,tidak,tidak_dijamin,tidak_ada,0
8/11/2025,2025,8,Jakarta Timur,804,429,28,7,Hujan,Dini Hari,Truk,Rem Blong,Jalan Provinsi,Baik,<40,Simpang T,Perempuan,>50,Tidak,pribadi,tunggal,pengemudi,tidak,tidak_dijamin,tidak_ada,0
4/28/2024,2024,4,Yogyakarta,596,415,28,14,Cerah,Siang,Truk,Rem Blong,Jalan Kota,Baik,>60,Lurus,Perempuan,17-25,Tidak,pribadi,tunggal,pengemudi,tidak,tidak_dijamin,tidak_ada,0
9/28/2023,2023,9,Medan,629,249,22,4,Hujan,Pagi,Truk,Rem Blong,Jalan Kota,Berlubang,40-60,Tikungan,Laki-laki,17-25,Ya,pribadi,tunggal,pengemudi,tidak,tidak_dijamin,tidak_ada,0
10/23/2025,2025,10,Bandung,864,291,27,24,Hujan,Pagi,Bus,Kurang Jarak Aman,Jalan Kota,Baik,40-60,Lurus,Perempuan,<17,Ya,umum,multi_kendaraan,penumpang,ya,UU 33/1964,meninggal,16380000000
3/22/2021,2021,3,Yogyakarta,226,350,28,12,Cerah,Siang,Bus,Pelanggaran Lalu Lintas,Jalan Provinsi,Rusak,<40,Simpang 4,Perempuan,<17,Tidak,umum,tunggal,penumpang,ya,UU 33/1964,meninggal,19140000000
11/1/2023,2023,11,Medan,647,177,27,9,Hujan,Dini Hari,Motor,Kondisi Jalan,Jalan Provinsi,Rusak,>60,Lurus,Laki-laki,>50,Tidak,pribadi,multi_kendaraan,pengemudi,ya,UU 34/1964,meninggal,10380000000
3/21/2023,2023,3,Jakarta Timur,464,460,20,27,Hujan,Pagi,Motor,Pelanggaran Lalu Lintas,Jalan Kota,Berlubang,<40,Simpang T,Laki-laki,<17,Ya,pribadi,multi_kendaraan,pengemudi,ya,UU 34/1964,meninggal,24540000000
12/21/2022,2022,12,Surabaya,714,324,28,27,Hujan,Dini Hari,Truk,Rem Blong,Jalan Provinsi,Rusak,>60,Lurus,Perempuan,>50,Ya,pribadi,tunggal,pengemudi,tidak,tidak_dijamin,tidak_ada,0
6/24/2021,2021,6,Yogyakarta,437,179,27,29,Hujan,Malam,Mobil,Pelanggaran Lalu Lintas,Jalan Nasional,Baik,>60,Simpang Y,Laki-laki,>50,Tidak,pribadi,multi_kendaraan,pengemudi,ya,UU 34/1964,meninggal,10880000000
8/2/2022,2022,8,Bekasi,416,168,29,16,Cerah,Pagi,Motor,Rem Blong,Jalan Nasional,Rusak,>60,Tikungan,Perempuan,>50,Ya,pribadi,multi_kendaraan,pengemudi,ya,UU 34/1964,meninggal,10170000000
2/10/2021,2021,2,Yogyakarta,238,116,26,5,Cerah,Dini Hari,Truk,Kondisi Jalan,Jalan Nasional,Baik,<40,Simpang 4,Laki-laki,26-45,Tidak,pribadi,multi_kendaraan,pengemudi,ya,UU 34/1964,meninggal,7200000000
12/28/2023,2023,12,Jakarta Timur,838,360,27,7,Cerah,Dini Hari,Mobil,Kurang Jarak Aman,Jalan Provinsi,Rusak,40-60,Lurus,Perempuan,>50,Tidak,pribadi,tunggal,pengemudi,tidak,tidak_dijamin,tidak_ada,0
11/24/2023,2023,11,Makassar,528,133,22,35,Cerah,Dini Hari,Bus,Pelanggaran Lalu Lintas,Jalan Nasional,Baik,40-60,Lurus,Perempuan,>50,Tidak,umum,multi_kendaraan,penumpang,ya,UU 33/1964,meninggal,8450000000
11/10/2022,2022,11,Jakarta Selatan,467,276,24,44,Cerah,Malam,Bus,Pelanggaran Lalu Lintas,Jalan Nasional,Rusak,>60,Simpang 4,Perempuan,26-45,Tidak,umum,tunggal,penumpang,ya,UU 33/1964,meninggal,15880000000
3/29/2023,2023,3,Jakarta Selatan,559,374,22,20,Cerah,Malam,Bus,Pelanggaran Lalu Lintas,Jalan Provinsi,Rusak,40-60,Simpang T,Perempuan,<17,Tidak,umum,multi_kendaraan,penumpang,ya,UU 33/1964,meninggal,20200000000
9/29/2024,2024,9,Jakarta Timur,633,291,21,8,Hujan,Dini Hari,Motor,Kelalaian Pengemudi,Jalan Nasional,Baik,40-60,Simpang 4,Laki-laki,<17,Ya,pribadi,tunggal,pengemudi,tidak,tidak_dijamin,tidak_ada,0
8/10/2025,2025,8,Makassar,785,222,25,13,Hujan,Malam,Truk,Rem Blong,Jalan Provinsi,Berlubang,40-60,Simpang T,Perempuan,26-45,Tidak,pribadi,tunggal,pengemudi,tidak,tidak_dijamin,tidak_ada,0
9/27/2023,2023,9,Bekasi,592,220,29,23,Cerah,Pagi,Motor,Kelalaian Pengemudi,Jalan Kota,Berlubang,<40,Simpang T,Laki-laki,26-45,Ya,pribadi,multi_kendaraan,pengemudi,ya,UU 34/1964,meninggal,12910000000
12/25/2023,2023,12,Palembang,907,113,24,7,Cerah,Pagi,Truk,Kurang Jarak Aman,Jalan Nasional,Rusak,40-60,Simpang 4,Laki-laki,26-45,Tidak,pribadi,multi_kendaraan,pengemudi,ya,UU 34/1964,meninggal,6990000000
4/17/2025,2025,4,Jakarta Selatan,802,152,25,7,Cerah,Dini Hari,Truk,Rem Blong,Jalan Nasional,Berlubang,40-60,Lurus,Laki-laki,>50,Ya,pribadi,multi_kendaraan,pengemudi,ya,UU 34/1964,meninggal,8990000000
6/17/2023,2023,6,Bekasi,810,212,24,35,Hujan,Dini Hari,Bus,Kecepatan Berlebih,Jalan Nasional,Baik,>60,Simpang T,Laki-laki,>50,Ya,umum,tunggal,penumpang,ya,UU 33/1964,meninggal,12500000000
1/4/2022,2022,1,Medan,263,302,20,24,Cerah,Pagi,Bus,Kondisi Jalan,Jalan Provinsi,Rusak,>60,Simpang T,Laki-laki,<17,Ya,umum,multi_kendaraan,penumpang,ya,UU 33/1964,meninggal,16580000000
12/5/2021,2021,12,Medan,642,158,24,28,Cerah,Siang,Mobil,Kondisi Jalan,Jalan Nasional,Rusak,<40,Tikungan,Laki-laki,26-45,Ya,pribadi,tunggal,pengemudi,tidak,tidak_dijamin,tidak_ada,0
5/9/2025,2025,5,Semarang,691,475,20,36,Hujan,Pagi,Mobil,Kondisi Jalan,Jalan Nasional,Rusak,<40,Simpang 4,Perempuan,17-25,Ya,pribadi,multi_kendaraan,pengemudi,ya,UU 34/1964,meninggal,25470000000
6/14/2022,2022,6,Jakarta Timur,569,375,25,37,Cerah,Siang,Mobil,Rem Blong,Jalan Kota,Berlubang,>60,Tikungan,Laki-laki,26-45,Tidak,pribadi,tunggal,pengemudi,tidak,tidak_dijamin,tidak_ada,0
12/5/2021,2021,12,Palembang,488,176,29,14,Hujan,Malam,Bus,Kecepatan Berlebih,Jalan Nasional,Rusak,<40,Tikungan,Laki-laki,26-45,Ya,umum,tunggal,penumpang,ya,UU 33/1964,meninggal,10530000000
4/8/2024,2024,4,Bekasi,599,126,21,21,Hujan,Dini Hari,Mobil,Kelalaian Pengemudi,Jalan Nasional,Baik,>60,Tikungan,Laki-laki,26-45,Ya,pribadi,tunggal,pengemudi,tidak,tidak_dijamin,tidak_ada,0
1/11/2025,2025,1,Jakarta Selatan,714,450,28,45,Hujan,Dini Hari,Mobil,Kurang Jarak Aman,Jalan Provinsi,Baik,>60,Tikungan,Perempuan,26-45,Tidak,pribadi,tunggal,pengemudi,tidak,tidak_dijamin,tidak_ada,0
7/27/2024,2024,7,Medan,634,290,20,17,Cerah,Dini Hari,Truk,Kecepatan Berlebih,Jalan Kota,Berlubang,>60,Simpang 4,Laki-laki,>50,Ya,pribadi,multi_kendaraan,pengemudi,ya,UU 34/1964,meninggal,15840000000
9/26/2024,2024,9,Makassar,768,216,21,4,Hujan,Dini Hari,Truk,Kondisi Jalan,Jalan Kota,Berlubang,<40,Simpang 4,Perempuan,26-45,Ya,pribadi,multi_kendaraan,pengemudi,ya,UU 34/1964,meninggal,11930000000
9/30/2022,2022,9,Semarang,499,190,22,4,Hujan,Dini Hari,Bus,Kurang Jarak Aman,Jalan Kota,Berlubang,<40,Lurus,Perempuan,<17,Ya,umum,tunggal,penumpang,ya,UU 33/1964,meninggal,10680000000
1/9/2022,2022,1,Semarang,357,486,29,44,Cerah,Pagi,Mobil,Kecepatan Berlebih,Jalan Kota,Berlubang,<40,Simpang 4,Perempuan,<17,Tidak,pribadi,tunggal,pengemudi,tidak,tidak_dijamin,tidak_ada,0
6/26/2024,2024,6,Jakarta Timur,828,125,23,53,Hujan,Dini Hari,Bus,Kurang Jarak Aman,Jalan Nasional,Berlubang,40-60,Simpang 4,Perempuan,26-45,Ya,umum,multi_kendaraan,penumpang,ya,UU 33/1964,meninggal,8460000000
2/24/2024,2024,2,Bandung,515,172,28,11,Cerah,Malam,Motor,Kecepatan Berlebih,Jalan Nasional,Berlubang,40-60,Simpang T,Perempuan,17-25,Tidak,pribadi,multi_kendaraan,pengemudi,ya,UU 34/1964,meninggal,10220000000
8/21/2024,2024,8,Yogyakarta,639,261,28,18,Cerah,Siang,Truk,Kelalaian Pengemudi,Jalan Provinsi,Baik,40-60,Simpang Y,Perempuan,<17,Tidak,pribadi,multi_kendaraan,pengemudi,ya,UU 34/1964,meninggal,14810000000
5/23/2024,2024,5,Bekasi,705,157,26,20,Cerah,Pagi,Truk,Kelalaian Pengemudi,Jalan Nasional,Rusak,>60,Simpang T,Laki-laki,>50,Ya,pribadi,multi_kendaraan,pengemudi,ya,UU 34/1964,meninggal,9550000000
10/6/2021,2021,10,Palembang,273,301,28,4,Hujan,Malam,Mobil,Pelanggaran Lalu Lintas,Jalan Provinsi,Rusak,>60,Simpang T,Laki-laki,17-25,Ya,pribadi,multi_kendaraan,pengemudi,ya,UU 34/1964,meninggal,16530000000
8/31/2021,2021,8,Bandung,302,465,29,31,Cerah,Siang,Truk,Rem Blong,Jalan Nasional,Berlubang,40-60,Simpang T,Perempuan,<17,Ya,pribadi,multi_kendaraan,pengemudi,ya,UU 34/1964,meninggal,25320000000
9/6/2021,2021,9,Bekasi,294,367,20,50,Cerah,Siang,Motor,Kondisi Jalan,Jalan Nasional,Baik,40-60,Lurus,Laki-laki,17-25,Tidak,pribadi,tunggal,pengemudi,tidak,tidak_dijamin,tidak_ada,0
4/12/2024,2024,4,Makassar,626,277,29,10,Cerah,Malam,Truk,Kondisi Jalan,Jalan Nasional,Berlubang,<40,Simpang T,Laki-laki,>50,Ya,pribadi,multi_kendaraan,pengemudi,ya,UU 34/1964,meninggal,15500000000
4/11/2025,2025,4,Makassar,716,259,28,22,Cerah,Siang,Bus,Kondisi Jalan,Jalan Kota,Berlubang,>60,Lurus,Perempuan,17-25,Tidak,umum,multi_kendaraan,penumpang,ya,UU 33/1964,meninggal,14790000000
4/11/2022,2022,4,Yogyakarta,307,275,22,43,Cerah,Malam,Truk,Pelanggaran Lalu Lintas,Jalan Kota,Rusak,>60,Simpang T,Laki-laki,<17,Tidak,pribadi,multi_kendaraan,pengemudi,ya,UU 34/1964,meninggal,15710000000
2/12/2021,2021,2,Bekasi,156,407,25,47,Cerah,Siang,Motor,Rem Blong,Jalan Nasional,Berlubang,>60,Simpang Y,Laki-laki,<17,Tidak,pribadi,multi_kendaraan,pengemudi,ya,UU 34/1964,meninggal,22540000000
3/17/2023,2023,3,Jakarta Selatan,463,312,22,26,Cerah,Pagi,Mobil,Kelalaian Pengemudi,Jalan Provinsi,Rusak,>60,Simpang 4,Laki-laki,26-45,Tidak,pribadi,tunggal,pengemudi,tidak,tidak_dijamin,tidak_ada,0
4/26/2025,2025,4,Bekasi,816,297,30,20,Cerah,Dini Hari,Motor,Kurang Jarak Aman,Jalan Provinsi,Berlubang,>60,Simpang 4,Laki-laki,<17,Ya,pribadi,tunggal,pengemudi,tidak,tidak_dijamin,tidak_ada,0
1/9/2025,2025,1,Palembang,643,391,27,38,Cerah,Pagi,Truk,Pelanggaran Lalu Lintas,Jalan Nasional,Berlubang,>60,Tikungan,Laki-laki,17-25,Ya,pribadi,multi_kendaraan,pengemudi,ya,UU 34/1964,meninggal,21660000000
11/12/2025,2025,11,Jakarta Selatan,826,342,28,33,Hujan,Dini Hari,Mobil,Kurang Jarak Aman,Jalan Provinsi,Rusak,<40,Tikungan,Perempuan,26-45,Ya,pribadi,tunggal,pengemudi,tidak,tidak_dijamin,tidak_ada,0
4/30/2021,2021,4,Palembang,288,128,20,37,Hujan,Malam,Motor,Kondisi Jalan,Jalan Provinsi,Baik,>60,Tikungan,Laki-laki,<17,Tidak,pribadi,tunggal,pengemudi,tidak,tidak_dijamin,tidak_ada,0
12/14/2024,2024,12,Semarang,945,371,24,12,Hujan,Dini Hari,Motor,Kecepatan Berlebih,Jalan Provinsi,Rusak,40-60,Simpang T,Laki-laki,17-25,Tidak,pribadi,tunggal,pengemudi,tidak,tidak_dijamin,tidak_ada,0
2/7/2023,2023,2,Semarang,431,408,26,7,Hujan,Dini Hari,Truk,Kelalaian Pengemudi,Jalan Provinsi,Berlubang,40-60,Lurus,Perempuan,>50,Ya,pribadi,multi_kendaraan,pengemudi,ya,UU 34/1964,meninggal,21840000000
11/3/2025,2025,11,Yogyakarta,788,335,24,51,Cerah,Siang,Mobil,Rem Blong,Jalan Nasional,Berlubang,40-60,Simpang T,Laki-laki,>50,Tidak,pribadi,tunggal,pengemudi,tidak,tidak_dijamin,tidak_ada,0
2/24/2021,2021,2,Medan,196,396,28,17,Cerah,Pagi,Mobil,Kecepatan Berlebih,Jalan Kota,Berlubang,<40,Tikungan,Laki-laki,17-25,Tidak,pribadi,multi_kendaraan,pengemudi,ya,UU 34/1964,meninggal,21540000000
12/12/2021,2021,12,Jakarta Selatan,661,409,28,18,Hujan,Dini Hari,Bus,Kecepatan Berlebih,Jalan Nasional,Baik,>60,Tikungan,Laki-laki,26-45,Ya,umum,multi_kendaraan,penumpang,ya,UU 33/1964,meninggal,22210000000
6/25/2023,2023,6,Jakarta Selatan,736,425,24,15,Cerah,Pagi,Bus,Kecepatan Berlebih,Jalan Provinsi,Baik,40-60,Tikungan,Laki-laki,26-45,Ya,umum,multi_kendaraan,penumpang,ya,UU 33/1964,meninggal,22750000000
7/12/2025,2025,7,Bekasi,767,374,26,42,Cerah,Malam,Truk,Pelanggaran Lalu Lintas,Jalan Nasional,Berlubang,40-60,Tikungan,Perempuan,>50,Ya,pribadi,multi_kendaraan,pengemudi,ya,UU 34/1964,meninggal,20840000000
9/17/2021,2021,9,Semarang,287,450,25,45,Hujan,Siang,Motor,Kurang Jarak Aman,Jalan Provinsi,Baik,<40,Simpang 4,Laki-laki,>50,Ya,pribadi,multi_kendaraan,pengemudi,ya,UU 34/1964,meninggal,24650000000
5/20/2025,2025,5,Medan,744,293,26,15,Hujan,Pagi,Motor,Rem Blong,Jalan Nasional,Rusak,>60,Tikungan,Perempuan,26-45,Tidak,pribadi,multi_kendaraan,pengemudi,ya,UU 34/1964,meninggal,16250000000
11/23/2023,2023,11,Makassar,538,201,22,35,Cerah,Dini Hari,Bus,Pelanggaran Lalu Lintas,Jalan Nasional,Baik,40-60,Simpang 4,Laki-laki,17-25,Tidak,umum,multi_kendaraan,penumpang,ya,UU 33/1964,meninggal,11850000000
5/20/2021,2021,5,Palembang,229,483,21,6,Hujan,Malam,Bus,Kelalaian Pengemudi,Jalan Nasional,Rusak,<40,Tikungan,Laki-laki,>50,Ya,umum,tunggal,penumpang,ya,UU 33/1964,meninggal,25320000000
10/27/2024,2024,10,Bandung,639,134,23,7,Hujan,Pagi,Motor,Pelanggaran Lalu Lintas,Jalan Provinsi,Rusak,>60,Lurus,Perempuan,26-45,Ya,pribadi,tunggal,pengemudi,tidak,tidak_dijamin,tidak_ada,0
12/13/2023,2023,12,Jakarta Selatan,873,180,23,41,Hujan,Dini Hari,Truk,Pelanggaran Lalu Lintas,Jalan Nasional,Rusak,40-60,Simpang T,Perempuan,>50,Ya,pribadi,multi_kendaraan,pengemudi,ya,UU 34/1964,meninggal,10970000000
3/12/2025,2025,3,Semarang,659,336,27,3,Hujan,Siang,Mobil,Kecepatan Berlebih,Jalan Nasional,Rusak,<40,Simpang T,Perempuan,>50,Tidak,pribadi,tunggal,pengemudi,tidak,tidak_dijamin,tidak_ada,0
2/19/2023,2023,2,Surabaya,461,329,26,7,Hujan,Pagi,Bus,Kondisi Jalan,Jalan Provinsi,Rusak,<40,Simpang Y,Perempuan,<17,Ya,umum,tunggal,penumpang,ya,UU 33/1964,meninggal,17890000000
1/30/2021,2021,1,Medan,259,356,20,5,Hujan,Siang,Mobil,Rem Blong,Jalan Provinsi,Baik,>60,Simpang 4,Perempuan,17-25,Ya,pribadi,tunggal,pengemudi,tidak,tidak_dijamin,tidak_ada,0
1/3/2024,2024,1,Bandung,649,120,21,13,Cerah,Malam,Truk,Rem Blong,Jalan Nasional,Berlubang,40-60,Tikungan,Laki-laki,<17,Ya,pribadi,multi_kendaraan,pengemudi,ya,UU 34/1964,meninggal,7310000000
6/19/2024,2024,6,Jakarta Selatan,863,190,24,13,Cerah,Siang,Mobil,Kelalaian Pengemudi,Jalan Kota,Baik,>60,Tikungan,Laki-laki,<17,Tidak,pribadi,tunggal,pengemudi,tidak,tidak_dijamin,tidak_ada,0
11/26/2025,2025,11,Palembang,812,374,25,42,Hujan,Dini Hari,Bus,Kelalaian Pengemudi,Jalan Nasional,Berlubang,>60,Simpang 4,Perempuan,17-25,Tidak,umum,tunggal,penumpang,ya,UU 33/1964,meninggal,20790000000
6/2/2022,2022,6,Makassar,595,152,20,30,Hujan,Pagi,Truk,Kondisi Jalan,Jalan Provinsi,Rusak,40-60,Lurus,Laki-laki,<17,Ya,pribadi,tunggal,pengemudi,tidak,tidak_dijamin,tidak_ada,0
1/19/2024,2024,1,Medan,597,314,26,13,Hujan,Dini Hari,Truk,Kondisi Jalan,Jalan Kota,Berlubang,>60,Tikungan,Perempuan,26-45,Ya,pribadi,multi_kendaraan,pengemudi,ya,UU 34/1964,meninggal,17260000000
12/20/2024,2024,12,Jakarta Timur,985,398,25,8,Cerah,Dini Hari,Mobil,Kurang Jarak Aman,Jalan Provinsi,Baik,40-60,Simpang 4,Laki-laki,26-45,Tidak,pribadi,multi_kendaraan,pengemudi,ya,UU 34/1964,meninggal,21310000000
9/10/2025,2025,9,Jakarta Timur,820,495,27,6,Hujan,Siang,Bus,Rem Blong,Jalan Kota,Baik,40-60,Simpang 4,Laki-laki,>50,Tidak,umum,multi_kendaraan,penumpang,ya,UU 33/1964,meninggal,26220000000
6/4/2021,2021,6,Jakarta Timur,448,205,28,15,Hujan,Malam,Truk,Kurang Jarak Aman,Jalan Provinsi,Berlubang,40-60,Simpang 4,Laki-laki,>50,Ya,pribadi,multi_kendaraan,pengemudi,ya,UU 34/1964,meninggal,11950000000
10/24/2024,2024,10,Bekasi,729,248,27,45,Hujan,Dini Hari,Truk,Kondisi Jalan,Jalan Provinsi,Berlubang,<40,Simpang 4,Laki-laki,26-45,Tidak,pribadi,multi_kendaraan,pengemudi,ya,UU 34/1964,meninggal,14650000000
11/27/2024,2024,11,Jakarta Selatan,750,298,27,13,Hujan,Siang,Motor,Kondisi Jalan,Jalan Kota,Berlubang,<40,Lurus,Laki-laki,>50,Tidak,pribadi,multi_kendaraan,pengemudi,ya,UU 34/1964,meninggal,16510000000
12/12/2025,2025,12,Jakarta Timur,1184,145,25,21,Cerah,Malam,Mobil,Kurang Jarak Aman,Jalan Provinsi,Berlubang,>60,Simpang T,Laki-laki,>50,Ya,pribadi,tunggal,pengemudi,tidak,tidak_dijamin,tidak_ada,0
1/20/2025,2025,1,Palembang,773,489,24,38,Cerah,Pagi,Truk,Pelanggaran Lalu Lintas,Jalan Nasional,Berlubang,<40,Simpang 4,Laki-laki,>50,Ya,pribadi,tunggal,pengemudi,tidak,tidak_dijamin,tidak_ada,0
5/1/2021,2021,5,Makassar,223,361,24,14,Cerah,Dini Hari,Mobil,Kurang Jarak Aman,Jalan Provinsi,Baik,40-60,Lurus,Perempuan,>50,Ya,pribadi,multi_kendaraan,pengemudi,ya,UU 34/1964,meninggal,19530000000
6/9/2025,2025,6,Surabaya,998,204,25,14,Hujan,Pagi,Motor,Kurang Jarak Aman,Jalan Nasional,Rusak,<40,Lurus,Laki-laki,26-45,Tidak,pribadi,tunggal,pengemudi,tidak,tidak_dijamin,tidak_ada,0
11/12/2021,2021,11,Bekasi,398,310,29,12,Cerah,Pagi,Motor,Kelalaian Pengemudi,Jalan Kota,Baik,40-60,Simpang 4,Laki-laki,>50,Ya,pribadi,multi_kendaraan,pengemudi,ya,UU 34/1964,meninggal,17190000000
4/9/2022,2022,4,Semarang,361,372,30,7,Cerah,Siang,Motor,Kecepatan Berlebih,Jalan Kota,Baik,<40,Tikungan,Laki-laki,<17,Ya,pribadi,tunggal,pengemudi,tidak,tidak_dijamin,tidak_ada,0
5/28/2021,2021,5,Semarang,231,402,27,21,Hujan,Pagi,Mobil,Kondisi Jalan,Jalan Kota,Baik,40-60,Tikungan,Perempuan,17-25,Tidak,pribadi,tunggal,pengemudi,tidak,tidak_dijamin,tidak_ada,0
4/3/2021,2021,4,Jakarta Timur,313,449,23,5,Cerah,Dini Hari,Bus,Kurang Jarak Aman,Jalan Nasional,Berlubang,40-60,Tikungan,Perempuan,<17,Tidak,umum,tunggal,penumpang,ya,UU 33/1964,meninggal,23700000000
1/28/2022,2022,1,Bandung,281,125,28,27,Hujan,Malam,Motor,Rem Blong,Jalan Nasional,Rusak,40-60,Simpang 4,Perempuan,26-45,Tidak,pribadi,tunggal,pengemudi,tidak,tidak_dijamin,tidak_ada,0
3/30/2022,2022,3,Palembang,361,120,25,12,Cerah,Dini Hari,Motor,Kondisi Jalan,Jalan Kota,Baik,40-60,Lurus,Laki-laki,17-25,Tidak,pribadi,multi_kendaraan,pengemudi,ya,UU 34/1964,meninggal,7490000000
1/12/2022,2022,1,Semarang,292,423,26,44,Cerah,Pagi,Mobil,Kecepatan Berlebih,Jalan Kota,Berlubang,40-60,Simpang 4,Perempuan,17-25,Ya,pribadi,tunggal,pengemudi,tidak,tidak_dijamin,tidak_ada,0
12/4/2024,2024,12,Medan,886,201,30,7,Cerah,Dini Hari,Bus,Rem Blong,Jalan Kota,Baik,<40,Lurus,Laki-laki,>50,Ya,umum,multi_kendaraan,penumpang,ya,UU 33/1964,meninggal,11690000000
1/14/2023,2023,1,Yogyakarta,493,413,30,15,Cerah,Dini Hari,Mobil,Kondisi Jalan,Jalan Nasional,Baik,40-60,Simpang Y,Laki-laki,17-25,Ya,pribadi,tunggal,pengemudi,tidak,tidak_dijamin,tidak_ada,0
2/18/2023,2023,2,Bandung,440,333,25,47,Cerah,Dini Hari,Mobil,Rem Blong,Jalan Nasional,Berlubang,40-60,Simpang 4,Laki-laki,>50,Tidak,pribadi,tunggal,pengemudi,tidak,tidak_dijamin,tidak_ada,0
7/28/2023,2023,7,Yogyakarta,504,202,20,16,Cerah,Pagi,Mobil,Kondisi Jalan,Jalan Nasional,Baik,>60,Tikungan,Laki-laki,26-45,Ya,pribadi,tunggal,pengemudi,tidak,tidak_dijamin,tidak_ada,0
2/28/2025,2025,2,Makassar,773,448,30,32,Cerah,Malam,Motor,Kelalaian Pengemudi,Jalan Nasional,Rusak,>60,Simpang T,Perempuan,<17,Tidak,pribadi,multi_kendaraan,pengemudi,ya,UU 34/1964,meninggal,24540000000
9/20/2024,2024,9,Medan,644,166,28,9,Hujan,Malam,Motor,Pelanggaran Lalu Lintas,Jalan Nasional,Berlubang,>60,Simpang Y,Perempuan,17-25,Ya,pribadi,tunggal,pengemudi,tidak,tidak_dijamin,tidak_ada,0
7/24/2023,2023,7,Jakarta Selatan,624,320,25,12,Hujan,Siang,Truk,Kurang Jarak Aman,Jalan Nasional,Rusak,>60,Simpang T,Laki-laki,>50,Tidak,pribadi,multi_kendaraan,pengemudi,ya,UU 34/1964,meninggal,17490000000
12/4/2023,2023,12,Medan,955,415,26,23,Cerah,Malam,Motor,Pelanggaran Lalu Lintas,Jalan Nasional,Baik,40-60,Simpang 4,Perempuan,>50,Ya,pribadi,multi_kendaraan,pengemudi,ya,UU 34/1964,meninggal,22510000000
10/9/2025,2025,10,Yogyakarta,907,355,25,4,Cerah,Pagi,Motor,Kondisi Jalan,Jalan Kota,Rusak,<40,Lurus,Laki-laki,<17,Tidak,pribadi,tunggal,pengemudi,tidak,tidak_dijamin,tidak_ada,0
4/20/2021,2021,4,Yogyakarta,225,165,21,9,Cerah,Pagi,Mobil,Pelanggaran Lalu Lintas,Jalan Provinsi,Baik,<40,Lurus,Perempuan,17-25,Tidak,pribadi,multi_kendaraan,pengemudi,ya,UU 34/1964,meninggal,9480000000
5/12/2023,2023,5,Bandung,472,230,30,30,Hujan,Dini Hari,Bus,Kelalaian Pengemudi,Jalan Provinsi,Rusak,40-60,Tikungan,Laki-laki,26-45,Ya,umum,tunggal,penumpang,ya,UU 33/1964,meninggal,13600000000
7/10/2021,2021,7,Palembang,373,268,28,20,Cerah,Pagi,Mobil,Kelalaian Pengemudi,Jalan Nasional,Berlubang,<40,Tikungan,Laki-laki,26-45,Ya,pribadi,multi_kendaraan,pengemudi,ya,UU 34/1964,meninggal,15200000000
8/2/2023,2023,8,Bandung,595,399,28,44,Hujan,Pagi,Bus,Kelalaian Pengemudi,Jalan Nasional,Berlubang,<40,Tikungan,Perempuan,<17,Tidak,umum,multi_kendaraan,penumpang,ya,UU 33/1964,meninggal,22230000000
7/18/2021,2021,7,Jakarta Selatan,263,118,25,19,Hujan,Malam,Bus,Kelalaian Pengemudi,Jalan Nasional,Rusak,>60,Lurus,Perempuan,<17,Tidak,umum,tunggal,penumpang,ya,UU 33/1964,meninggal,7530000000
10/17/2023,2023,10,Yogyakarta,618,247,27,21,Hujan,Dini Hari,Bus,Kurang Jarak Aman,Jalan Nasional,Rusak,>60,Lurus,Perempuan,26-45,Tidak,umum,multi_kendaraan,penumpang,ya,UU 33/1964,meninggal,14120000000
1/2/2024,2024,1,Bekasi,647,305,21,23,Hujan,Siang,Bus,Kondisi Jalan,Jalan Kota,Baik,40-60,Simpang T,Laki-laki,17-25,Tidak,umum,multi_kendaraan,penumpang,ya,UU 33/1964,meninggal,16760000000
4/5/2022,2022,4,Bandung,399,126,24,36,Hujan,Pagi,Truk,Kurang Jarak Aman,Jalan Kota,Rusak,<40,Lurus,Perempuan,<17,Ya,pribadi,tunggal,pengemudi,tidak,tidak_dijamin,tidak_ada,0
9/1/2025,2025,9,Medan,830,492,20,3,Cerah,Dini Hari,Truk,Kecepatan Berlebih,Jalan Provinsi,Berlubang,>60,Simpang 4,Laki-laki,17-25,Tidak,pribadi,multi_kendaraan,pengemudi,ya,UU 34/1964,meninggal,25660000000
5/27/2023,2023,5,Jakarta Timur,545,468,30,1,Cerah,Pagi,Truk,Kelalaian Pengemudi,Jalan Kota,Berlubang,<40,Tikungan,Perempuan,17-25,Ya,pribadi,multi_kendaraan,pengemudi,ya,UU 34/1964,meninggal,24920000000
8/10/2021,2021,8,Semarang,338,359,29,10,Hujan,Dini Hari,Bus,Kondisi Jalan,Jalan Provinsi,Berlubang,>60,Simpang Y,Laki-laki,17-25,Tidak,umum,multi_kendaraan,penumpang,ya,UU 33/1964,meninggal,19600000000
4/25/2025,2025,4,Bekasi,661,499,28,17,Cerah,Malam,Mobil,Rem Blong,Jalan Kota,Berlubang,40-60,Lurus,Perempuan,26-45,Tidak,pribadi,tunggal,pengemudi,tidak,tidak_dijamin,tidak_ada,0
11/15/2025,2025,11,Makassar,919,249,24,7,Hujan,Malam,Mobil,Pelanggaran Lalu Lintas,Jalan Provinsi,Berlubang,<40,Simpang Y,Perempuan,<17,Ya,pribadi,tunggal,pengemudi,tidak,tidak_dijamin,tidak_ada,0
1/12/2024,2024,1,Bekasi,563,120,27,30,Cerah,Dini Hari,Truk,Kondisi Jalan,Jalan Kota,Baik,<40,Simpang 4,Laki-laki,>50,Ya,pribadi,tunggal,pengemudi,tidak,tidak_dijamin,tidak_ada,0
12/4/2023,2023,12,Bekasi,750,424,30,53,Cerah,Dini Hari,Motor,Rem Blong,Jalan Nasional,Baik,<40,Lurus,Laki-laki,17-25,Ya,pribadi,multi_kendaraan,pengemudi,ya,UU 34/1964,meninggal,23760000000
10/14/2023,2023,10,Palembang,635,385,28,23,Cerah,Dini Hari,Truk,Kurang Jarak Aman,Jalan Kota,Berlubang,<40,Simpang T,Perempuan,>50,Ya,pribadi,tunggal,pengemudi,tidak,tidak_dijamin,tidak_ada,0
6/13/2021,2021,6,Surabaya,548,132,22,4,Hujan,Pagi,Motor,Kelalaian Pengemudi,Jalan Nasional,Baik,40-60,Simpang 4,Laki-laki,>50,Ya,pribadi,tunggal,pengemudi,tidak,tidak_dijamin,tidak_ada,0
3/26/2025,2025,3,Surabaya,774,498,30,11,Hujan,Dini Hari,Motor,Kecepatan Berlebih,Jalan Nasional,Baik,40-60,Simpang T,Laki-laki,17-25,Ya,pribadi,tunggal,pengemudi,tidak,tidak_dijamin,tidak_ada,0
4/15/2022,2022,4,Yogyakarta,354,120,24,21,Cerah,Dini Hari,Motor,Kecepatan Berlebih,Jalan Kota,Rusak,40-60,Tikungan,Perempuan,17-25,Tidak,pribadi,multi_kendaraan,pengemudi,ya,UU 34/1964,meninggal,7620000000
12/11/2024,2024,12,Bandung,932,228,26,13,Cerah,Pagi,Motor,Kelalaian Pengemudi,Jalan Nasional,Rusak,<40,Simpang 4,Laki-laki,17-25,Ya,pribadi,tunggal,pengemudi,tidak,tidak_dijamin,tidak_ada,0
9/18/2022,2022,9,Yogyakarta,439,376,27,30,Cerah,Pagi,Truk,Kecepatan Berlebih,Jalan Nasional,Berlubang,<40,Lurus,Laki-laki,17-25,Tidak,pribadi,tunggal,pengemudi,tidak,tidak_dijamin,tidak_ada,0
3/2/2023,2023,3,Bandung,420,344,21,12,Cerah,Siang,Bus,Kondisi Jalan,Jalan Provinsi,Berlubang,<40,Simpang 4,Perempuan,17-25,Tidak,umum,multi_kendaraan,penumpang,ya,UU 33/1964,meninggal,18490000000
4/18/2021,2021,4,Yogyakarta,250,151,29,59,Hujan,Malam,Mobil,Kurang Jarak Aman,Jalan Nasional,Berlubang,<40,Simpang 4,Laki-laki,<17,Ya,pribadi,multi_kendaraan,pengemudi,ya,UU 34/1964,meninggal,10180000000
12/20/2025,2025,12,Bandung,1086,235,23,22,Hujan,Pagi,Mobil,Kelalaian Pengemudi,Jalan Kota,Rusak,40-60,Lurus,Laki-laki,26-45,Ya,pribadi,tunggal,pengemudi,tidak,tidak_dijamin,tidak_ada,0
9/3/2021,2021,9,Makassar,319,122,29,19,Hujan,Siang,Bus,Rem Blong,Jalan Kota,Rusak,40-60,Simpang Y,Perempuan,>50,Ya,umum,multi_kendaraan,penumpang,ya,UU 33/1964,meninggal,7930000000
9/18/2025,2025,9,Makassar,886,148,25,10,Hujan,Malam,Mobil,Kelalaian Pengemudi,Jalan Kota,Rusak,40-60,Simpang Y,Perempuan,26-45,Tidak,pribadi,tunggal,pengemudi,tidak,tidak_dijamin,tidak_ada,0
11/29/2023,2023,11,Palembang,596,483,26,22,Cerah,Pagi,Bus,Kondisi Jalan,Jalan Kota,Berlubang,>60,Tikungan,Perempuan,26-45,Ya,umum,tunggal,penumpang,ya,UU 33/1964,meninggal,25890000000
11/19/2024,2024,11,Yogyakarta,782,364,28,41,Cerah,Pagi,Bus,Kondisi Jalan,Jalan Provinsi,Baik,<40,Lurus,Laki-laki,17-25,Tidak,umum,multi_kendaraan,penumpang,ya,UU 33/1964,meninggal,20420000000
8/16/2022,2022,8,Jakarta Selatan,519,177,28,45,Hujan,Pagi,Bus,Kelalaian Pengemudi,Jalan Kota,Berlubang,<40,Lurus,Laki-laki,26-45,Tidak,umum,multi_kendaraan,penumpang,ya,UU 33/1964,meninggal,11150000000
4/15/2021,2021,4,Medan,311,136,21,53,Hujan,Pagi,Motor,Kelalaian Pengemudi,Jalan Kota,Rusak,>60,Tikungan,Laki-laki,<17,Tidak,pribadi,multi_kendaraan,pengemudi,ya,UU 34/1964,meninggal,8910000000
6/11/2021,2021,6,Semarang,591,116,20,48,Hujan,Dini Hari,Mobil,Rem Blong,Jalan Nasional,Baik,40-60,Simpang T,Perempuan,>50,Tidak,pribadi,tunggal,pengemudi,tidak,tidak_dijamin,tidak_ada,0
2/23/2025,2025,2,Semarang,687,480,25,24,Cerah,Pagi,Bus,Kelalaian Pengemudi,Jalan Provinsi,Berlubang,<40,Simpang Y,Laki-laki,<17,Tidak,umum,multi_kendaraan,penumpang,ya,UU 33/1964,meninggal,25730000000
1/17/2024,2024,1,Bekasi,518,390,30,6,Cerah,Pagi,Mobil,Kondisi Jalan,Jalan Provinsi,Rusak,40-60,Lurus,Perempuan,17-25,Tidak,pribadi,tunggal,pengemudi,tidak,tidak_dijamin,tidak_ada,0
4/1/2025,2025,4,Bekasi,699,177,27,18,Cerah,Siang,Mobil,Rem Blong,Jalan Nasional,Rusak,40-60,Tikungan,Perempuan,<17,Ya,pribadi,multi_kendaraan,pengemudi,ya,UU 34/1964,meninggal,10560000000
5/18/2021,2021,5,Palembang,284,300,23,34,Hujan,Siang,Truk,Kurang Jarak Aman,Jalan Provinsi,Berlubang,>60,Simpang T,Laki-laki,<17,Ya,pribadi,multi_kendaraan,pengemudi,ya,UU 34/1964,meninggal,16830000000
10/13/2023,2023,10,Bandung,638,489,28,34,Cerah,Malam,Mobil,Kecepatan Berlebih,Jalan Nasional,Rusak,40-60,Lurus,Laki-laki,<17,Ya,pribadi,multi_kendaraan,pengemudi,ya,UU 34/1964,meninggal,26530000000
7/18/2025,2025,7,Yogyakarta,755,272,24,6,Cerah,Malam,Mobil,Pelanggaran Lalu Lintas,Jalan Kota,Rusak,40-60,Simpang T,Laki-laki,<17,Tidak,pribadi,multi_kendaraan,pengemudi,ya,UU 34/1964,meninggal,14920000000
12/6/2025,2025,12,Yogyakarta,1056,337,24,12,Hujan,Pagi,Bus,Pelanggaran Lalu Lintas,Jalan Provinsi,Rusak,<40,Lurus,Perempuan,<17,Tidak,umum,tunggal,penumpang,ya,UU 33/1964,meninggal,18290000000
3/11/2024,2024,3,Jakarta Timur,662,290,28,12,Cerah,Siang,Bus,Rem Blong,Jalan Kota,Baik,40-60,Simpang 4,Perempuan,>50,Ya,umum,multi_kendaraan,penumpang,ya,UU 33/1964,meninggal,16140000000
8/30/2021,2021,8,Makassar,280,319,28,15,Hujan,Malam,Mobil,Pelanggaran Lalu Lintas,Jalan Kota,Baik,>60,Simpang T,Laki-laki,<17,Ya,pribadi,multi_kendaraan,pengemudi,ya,UU 34/1964,meninggal,17650000000
5/12/2024,2024,5,Semarang,599,238,30,22,Hujan,Dini Hari,Truk,Kelalaian Pengemudi,Jalan Nasional,Baik,>60,Lurus,Laki-laki,<17,Tidak,pribadi,multi_kendaraan,pengemudi,ya,UU 34/1964,meninggal,13840000000
4/18/2025,2025,4,Semarang,811,333,21,18,Hujan,Malam,Bus,Kelalaian Pengemudi,Jalan Provinsi,Berlubang,>60,Simpang 4,Laki-laki,26-45,Ya,umum,multi_kendaraan,penumpang,ya,UU 33/1964,meninggal,18060000000
5/16/2021,2021,5,Semarang,207,322,26,21,Hujan,Pagi,Mobil,Kondisi Jalan,Jalan Kota,Baik,<40,Simpang 4,Perempuan,17-25,Tidak,pribadi,multi_kendaraan,pengemudi,ya,UU 34/1964,meninggal,17820000000
10/20/2021,2021,10,Bekasi,308,126,30,42,Cerah,Siang,Bus,Kondisi Jalan,Jalan Provinsi,Berlubang,>60,Lurus,Perempuan,>50,Tidak,umum,tunggal,penumpang,ya,UU 33/1964,meninggal,8640000000
6/25/2022,2022,6,Yogyakarta,583,334,21,16,Hujan,Siang,Mobil,Kurang Jarak Aman,Jalan Kota,Berlubang,>60,Tikungan,Perempuan,<17,Ya,pribadi,multi_kendaraan,pengemudi,ya,UU 34/1964,meninggal,18070000000
1/14/2021,2021,1,Bandung,285,198,28,44,Cerah,Siang,Mobil,Kondisi Jalan,Jalan Nasional,Rusak,>60,Simpang Y,Perempuan,>50,Tidak,pribadi,multi_kendaraan,pengemudi,ya,UU 34/1964,meninggal,12180000000
3/24/2025,2025,3,Makassar,723,243,23,27,Cerah,Dini Hari,Truk,Kecepatan Berlebih,Jalan Nasional,Baik,40-60,Lurus,Perempuan,>50,Ya,pribadi,multi_kendaraan,pengemudi,ya,UU 34/1964,meninggal,13840000000
11/29/2024,2024,11,Yogyakarta,732,369,20,7,Hujan,Dini Hari,Mobil,Kurang Jarak Aman,Jalan Kota,Baik,40-60,Lurus,Laki-laki,26-45,Ya,pribadi,tunggal,pengemudi,tidak,tidak_dijamin,tidak_ada,0
4/2/2025,2025,4,Makassar,764,186,22,31,Cerah,Siang,Bus,Kurang Jarak Aman,Jalan Provinsi,Rusak,<40,Simpang T,Perempuan,26-45,Ya,umum,multi_kendaraan,penumpang,ya,UU 33/1964,meninggal,11020000000
6/10/2023,2023,6,Jakarta Selatan,854,428,26,6,Hujan,Siang,Bus,Kondisi Jalan,Jalan Nasional,Baik,40-60,Lurus,Perempuan,17-25,Ya,umum,multi_kendaraan,penumpang,ya,UU 33/1964,meninggal,22820000000
10/31/2024,2024,10,Surabaya,749,172,26,25,Cerah,Pagi,Mobil,Kelalaian Pengemudi,Jalan Provinsi,Baik,>60,Simpang 4,Laki-laki,26-45,Tidak,pribadi,tunggal,pengemudi,tidak,tidak_dijamin,tidak_ada,0
9/8/2022,2022,9,Semarang,386,235,22,27,Hujan,Malam,Motor,Kondisi Jalan,Jalan Provinsi,Baik,>60,Simpang T,Perempuan,17-25,Tidak,pribadi,multi_kendaraan,pengemudi,ya,UU 34/1964,meninggal,13390000000
3/11/2021,2021,3,Yogyakarta,316,357,30,48,Hujan,Malam,Motor,Kurang Jarak Aman,Jalan Nasional,Berlubang,>60,Simpang Y,Perempuan,<17,Tidak,pribadi,multi_kendaraan,pengemudi,ya,UU 34/1964,meninggal,20310000000
7/29/2023,2023,7,Surabaya,576,312,24,3,Cerah,Dini Hari,Mobil,Kondisi Jalan,Jalan Provinsi,Baik,>60,Tikungan,Laki-laki,<17,Ya,pribadi,multi_kendaraan,pengemudi,ya,UU 34/1964,meninggal,16860000000
7/8/2025,2025,7,Bandung,778,280,23,19,Cerah,Pagi,Motor,Pelanggaran Lalu Lintas,Jalan Kota,Berlubang,<40,Simpang 4,Laki-laki,<17,Ya,pribadi,tunggal,pengemudi,tidak,tidak_dijamin,tidak_ada,0
6/23/2025,2025,6,Bekasi,919,170,27,9,Hujan,Pagi,Truk,Kurang Jarak Aman,Jalan Nasional,Baik,>60,Lurus,Laki-laki,<17,Tidak,pribadi,multi_kendaraan,pengemudi,ya,UU 34/1964,meninggal,10030000000
10/29/2025,2025,10,Makassar,882,194,26,18,Cerah,Dini Hari,Motor,Kecepatan Berlebih,Jalan Nasional,Baik,>60,Lurus,Perempuan,>50,Tidak,pribadi,tunggal,pengemudi,tidak,tidak_dijamin,tidak_ada,0
4/27/2025,2025,4,Bekasi,791,339,28,18,Cerah,Siang,Mobil,Rem Blong,Jalan Nasional,Rusak,>60,Simpang T,Laki-laki,<17,Ya,pribadi,multi_kendaraan,pengemudi,ya,UU 34/1964,meninggal,18710000000
10/26/2023,2023,10,Makassar,554,281,27,16,Cerah,Malam,Motor,Kelalaian Pengemudi,Jalan Provinsi,Baik,>60,Lurus,Perempuan,17-25,Tidak,pribadi,multi_kendaraan,pengemudi,ya,UU 34/1964,meninggal,15720000000
11/8/2022,2022,11,Jakarta Selatan,548,176,23,11,Cerah,Dini Hari,Truk,Kurang Jarak Aman,Jalan Provinsi,Rusak,<40,Lurus,Laki-laki,17-25,Ya,pribadi,multi_kendaraan,pengemudi,ya,UU 34/1964,meninggal,10170000000
8/21/2023,2023,8,Makassar,509,385,23,11,Hujan,Pagi,Bus,Kurang Jarak Aman,Jalan Kota,Rusak,40-60,Tikungan,Perempuan,<17,Tidak,umum,multi_kendaraan,penumpang,ya,UU 33/1964,meninggal,20620000000
12/18/2024,2024,12,Yogyakarta,962,149,20,65,Cerah,Malam,Truk,Kurang Jarak Aman,Jalan Provinsi,Berlubang,40-60,Tikungan,Laki-laki,<17,Ya,pribadi,tunggal,pengemudi,tidak,tidak_dijamin,tidak_ada,0
9/6/2022,2022,9,Jakarta Selatan,423,320,26,12,Cerah,Siang,Truk,Rem Blong,Jalan Kota,Rusak,>60,Simpang T,Laki-laki,>50,Tidak,pribadi,multi_kendaraan,pengemudi,ya,UU 34/1964,meninggal,17540000000
11/17/2024,2024,11,Bekasi,693,340,29,14,Hujan,Pagi,Motor,Kelalaian Pengemudi,Jalan Kota,Baik,>60,Simpang 4,Laki-laki,<17,Tidak,pribadi,multi_kendaraan,pengemudi,ya,UU 34/1964,meninggal,18730000000
5/26/2022,2022,5,Jakarta Selatan,341,488,25,8,Hujan,Malam,Mobil,Kurang Jarak Aman,Jalan Nasional,Baik,40-60,Lurus,Laki-laki,>50,Ya,pribadi,multi_kendaraan,pengemudi,ya,UU 34/1964,meninggal,25810000000
9/12/2022,2022,9,Jakarta Timur,464,168,21,7,Hujan,Pagi,Bus,Kurang Jarak Aman,Jalan Nasional,Baik,40-60,Simpang Y,Laki-laki,>50,Ya,umum,tunggal,penumpang,ya,UU 33/1964,meninggal,9590000000
12/12/2025,2025,12,Surabaya,1149,216,27,19,Hujan,Siang,Mobil,Kurang Jarak Aman,Jalan Provinsi,Rusak,<40,Tikungan,Laki-laki,>50,Ya,pribadi,multi_kendaraan,pengemudi,ya,UU 34/1964,meninggal,12530000000
2/9/2021,2021,2,Yogyakarta,244,102,27,3,Cerah,Dini Hari,Motor,Kecepatan Berlebih,Jalan Kota,Rusak,<40,Tikungan,Perempuan,>50,Ya,pribadi,tunggal,pengemudi,tidak,tidak_dijamin,tidak_ada,0
10/13/2025,2025,10,Palembang,826,411,21,41,Hujan,Siang,Bus,Kurang Jarak Aman,Jalan Provinsi,Baik,<40,Simpang Y,Laki-laki,>50,Tidak,umum,multi_kendaraan,penumpang,ya,UU 33/1964,meninggal,22420000000
11/19/2023,2023,11,Makassar,546,438,27,32,Cerah,Siang,Truk,Kecepatan Berlebih,Jalan Nasional,Baik,40-60,Tikungan,Laki-laki,26-45,Tidak,pribadi,multi_kendaraan,pengemudi,ya,UU 34/1964,meninggal,23890000000
12/31/2025,2025,12,Semarang,1080,124,23,29,Hujan,Siang,Mobil,Kurang Jarak Aman,Jalan Provinsi,Berlubang,>60,Lurus,Perempuan,>50,Ya,pribadi,multi_kendaraan,pengemudi,ya,UU 34/1964,meninggal,7930000000
9/16/2025,2025,9,Jakarta Timur,780,300,23,12,Hujan,Dini Hari,Bus,Kondisi Jalan,Jalan Kota,Rusak,40-60,Simpang T,Perempuan,17-25,Tidak,umum,multi_kendaraan,penumpang,ya,UU 33/1964,meninggal,16390000000
7/19/2022,2022,7,Bandung,458,224,23,22,Cerah,Siang,Mobil,Kelalaian Pengemudi,Jalan Kota,Baik,40-60,Tikungan,Laki-laki,>50,Tidak,pribadi,multi_kendaraan,pengemudi,ya,UU 34/1964,meninggal,12790000000
8/17/2021,2021,8,Bandung,381,327,25,38,Cerah,Pagi,Motor,Kecepatan Berlebih,Jalan Provinsi,Berlubang,<40,Tikungan,Perempuan,26-45,Tidak,pribadi,multi_kendaraan,pengemudi,ya,UU 34/1964,meninggal,18360000000
2/4/2023,2023,2,Yogyakarta,424,446,29,6,Hujan,Dini Hari,Motor,Kurang Jarak Aman,Jalan Kota,Baik,>60,Simpang T,Laki-laki,17-25,Tidak,pribadi,tunggal,pengemudi,tidak,tidak_dijamin,tidak_ada,0
3/21/2021,2021,3,Palembang,234,208,20,19,Hujan,Dini Hari,Bus,Rem Blong,Jalan Kota,Baik,40-60,Simpang T,Perempuan,>50,Ya,umum,tunggal,penumpang,ya,UU 33/1964,meninggal,11780000000
10/7/2021,2021,10,Jakarta Timur,280,156,23,70,Hujan,Pagi,Truk,Rem Blong,Jalan Kota,Rusak,40-60,Simpang T,Laki-laki,>50,Ya,pribadi,tunggal,pengemudi,tidak,tidak_dijamin,tidak_ada,0
7/11/2023,2023,7,Surabaya,486,112,22,32,Hujan,Malam,Motor,Pelanggaran Lalu Lintas,Jalan Kota,Rusak,40-60,Simpang T,Perempuan,26-45,Tidak,pribadi,multi_kendaraan,pengemudi,ya,UU 34/1964,meninggal,7340000000
8/6/2024,2024,8,Bekasi,738,290,20,4,Hujan,Dini Hari,Truk,Rem Blong,Jalan Kota,Rusak,40-60,Tikungan,Perempuan,17-25,Tidak,pribadi,multi_kendaraan,pengemudi,ya,UU 34/1964,meninggal,15580000000
2/26/2022,2022,2,Yogyakarta,411,474,28,33,Hujan,Malam,Truk,Kecepatan Berlebih,Jalan Kota,Rusak,<40,Lurus,Perempuan,>50,Ya,pribadi,multi_kendaraan,pengemudi,ya,UU 34/1964,meninggal,25760000000
1/10/2022,2022,1,Bandung,343,110,25,27,Hujan,Malam,Motor,Rem Blong,Jalan Nasional,Rusak,>60,Simpang 4,Laki-laki,17-25,Tidak,pribadi,tunggal,pengemudi,tidak,tidak_dijamin,tidak_ada,0
11/21/2024,2024,11,Jakarta Timur,765,270,22,46,Hujan,Dini Hari,Bus,Pelanggaran Lalu Lintas,Jalan Provinsi,Berlubang,>60,Lurus,Perempuan,26-45,Ya,umum,tunggal,penumpang,ya,UU 33/1964,meninggal,15520000000
3/9/2024,2024,3,Medan,576,144,22,2,Cerah,Pagi,Motor,Kelalaian Pengemudi,Jalan Nasional,Baik,>60,Tikungan,Perempuan,<17,Tidak,pribadi,multi_kendaraan,pengemudi,ya,UU 34/1964,meninggal,8340000000
10/9/2022,2022,10,Jakarta Timur,531,275,23,41,Hujan,Malam,Bus,Kelalaian Pengemudi,Jalan Provinsi,Berlubang,<40,Simpang 4,Laki-laki,17-25,Tidak,umum,multi_kendaraan,penumpang,ya,UU 33/1964,meninggal,15720000000
11/24/2021,2021,11,Bekasi,410,308,20,13,Hujan,Malam,Bus,Kondisi Jalan,Jalan Nasional,Berlubang,<40,Simpang 4,Perempuan,<17,Ya,umum,multi_kendaraan,penumpang,ya,UU 33/1964,meninggal,16660000000
5/4/2021,2021,5,Yogyakarta,307,290,28,38,Hujan,Malam,Mobil,Pelanggaran Lalu Lintas,Jalan Provinsi,Rusak,<40,Tikungan,Perempuan,26-45,Tidak,pribadi,multi_kendaraan,pengemudi,ya,UU 34/1964,meninggal,16660000000
1/13/2023,2023,1,Makassar,503,279,21,3,Cerah,Pagi,Mobil,Kelalaian Pengemudi,Jalan Provinsi,Berlubang,40-60,Lurus,Perempuan,26-45,Tidak,pribadi,multi_kendaraan,pengemudi,ya,UU 34/1964,meninggal,15060000000
1/19/2023,2023,1,Bandung,504,261,28,25,Cerah,Malam,Motor,Kecepatan Berlebih,Jalan Kota,Rusak,40-60,Simpang Y,Perempuan,>50,Ya,pribadi,multi_kendaraan,pengemudi,ya,UU 34/1964,meninggal,14950000000
7/27/2024,2024,7,Jakarta Timur,710,232,29,14,Cerah,Malam,Truk,Kecepatan Berlebih,Jalan Kota,Rusak,>60,Lurus,Laki-laki,<17,Ya,pribadi,tunggal,pengemudi,tidak,tidak_dijamin,tidak_ada,0
5/5/2023,2023,5,Bandung,516,258,30,30,Hujan,Dini Hari,Bus,Kelalaian Pengemudi,Jalan Provinsi,Rusak,>60,Simpang 4,Laki-laki,<17,Ya,umum,multi_kendaraan,penumpang,ya,UU 33/1964,meninggal,15000000000
11/3/2021,2021,11,Jakarta Selatan,395,266,23,9,Cerah,Pagi,Bus,Kelalaian Pengemudi,Jalan Kota,Rusak,<40,Tikungan,Laki-laki,17-25,Tidak,umum,multi_kendaraan,penumpang,ya,UU 33/1964,meninggal,14630000000
8/11/2022,2022,8,Makassar,381,446,30,27,Cerah,Siang,Motor,Pelanggaran Lalu Lintas,Jalan Nasional,Baik,<40,Tikungan,Perempuan,<17,Ya,pribadi,tunggal,pengemudi,tidak,tidak_dijamin,tidak_ada,0
11/24/2023,2023,11,Medan,535,384,28,17,Hujan,Dini Hari,Mobil,Kecepatan Berlebih,Jalan Provinsi,Rusak,<40,Simpang Y,Laki-laki,17-25,Ya,pribadi,multi_kendaraan,pengemudi,ya,UU 34/1964,meninggal,20940000000
4/11/2021,2021,4,Jakarta Selatan,320,175,23,20,Hujan,Malam,Mobil,Kurang Jarak Aman,Jalan Kota,Baik,40-60,Simpang Y,Laki-laki,>50,Ya,pribadi,multi_kendaraan,pengemudi,ya,UU 34/1964,meninggal,10300000000
4/28/2024,2024,4,Semarang,695,195,26,3,Cerah,Pagi,Motor,Kurang Jarak Aman,Jalan Kota,Berlubang,>60,Lurus,Perempuan,>50,Ya,pribadi,multi_kendaraan,pengemudi,ya,UU 34/1964,meninggal,11110000000
5/4/2024,2024,5,Makassar,645,128,28,14,Cerah,Siang,Truk,Pelanggaran Lalu Lintas,Jalan Kota,Baik,40-60,Lurus,Perempuan,>50,Ya,pribadi,multi_kendaraan,pengemudi,ya,UU 34/1964,meninggal,8080000000
4/24/2021,2021,4,Bekasi,270,114,28,13,Hujan,Malam,Bus,Rem Blong,Jalan Provinsi,Rusak,>60,Simpang Y,Perempuan,<17,Ya,umum,multi_kendaraan,penumpang,ya,UU 33/1964,meninggal,7360000000
2/10/2021,2021,2,Jakarta Selatan,173,374,24,62,Hujan,Dini Hari,Truk,Kecepatan Berlebih,Jalan Provinsi,Baik,<40,Simpang T,Perempuan,17-25,Tidak,pribadi,tunggal,pengemudi,tidak,tidak_dijamin,tidak_ada,0
8/15/2025,2025,8,Jakarta Timur,727,186,25,10,Cerah,Pagi,Bus,Kurang Jarak Aman,Jalan Provinsi,Baik,>60,Tikungan,Perempuan,<17,Ya,umum,multi_kendaraan,penumpang,ya,UU 33/1964,meninggal,10750000000
4/25/2023,2023,4,Surabaya,527,350,27,2,Cerah,Malam,Truk,Rem Blong,Jalan Nasional,Baik,40-60,Simpang T,Perempuan,>50,Ya,pribadi,multi_kendaraan,pengemudi,ya,UU 34/1964,meninggal,18890000000
10/5/2025,2025,10,Palembang,860,472,26,57,Hujan,Pagi,Mobil,Kurang Jarak Aman,Jalan Kota,Rusak,40-60,Tikungan,Perempuan,17-25,Ya,pribadi,tunggal,pengemudi,tidak,tidak_dijamin,tidak_ada,0
5/27/2023,2023,5,Medan,521,439,30,10,Hujan,Siang,Mobil,Kondisi Jalan,Jalan Provinsi,Baik,<40,Simpang Y,Laki-laki,17-25,Tidak,pribadi,multi_kendaraan,pengemudi,ya,UU 34/1964,meninggal,23650000000
6/14/2025,2025,6,Bandung,1012,223,30,22,Cerah,Siang,Mobil,Kondisi Jalan,Jalan Kota,Rusak,>60,Simpang 4,Perempuan,26-45,Ya,pribadi,tunggal,pengemudi,tidak,tidak_dijamin,tidak_ada,0
9/14/2022,2022,9,Palembang,458,489,28,49,Cerah,Malam,Mobil,Pelanggaran Lalu Lintas,Jalan Kota,Baik,>60,Simpang Y,Laki-laki,26-45,Tidak,pribadi,tunggal,pengemudi,tidak,tidak_dijamin,tidak_ada,0
12/26/2023,2023,12,Bekasi,878,241,22,15,Cerah,Siang,Mobil,Kondisi Jalan,Jalan Nasional,Baik,<40,Simpang Y,Perempuan,26-45,Tidak,pribadi,multi_kendaraan,pengemudi,ya,UU 34/1964,meninggal,13450000000
7/26/2021,2021,7,Semarang,304,253,24,60,Hujan,Malam,Truk,Kondisi Jalan,Jalan Provinsi,Baik,>60,Lurus,Perempuan,>50,Ya,pribadi,tunggal,pengemudi,tidak,tidak_dijamin,tidak_ada,0
4/19/2022,2022,4,Bekasi,428,284,27,9,Hujan,Malam,Motor,Kurang Jarak Aman,Jalan Nasional,Rusak,<40,Simpang T,Perempuan,<17,Ya,pribadi,multi_kendaraan,pengemudi,ya,UU 34/1964,meninggal,15730000000
1/22/2021,2021,1,Medan,157,314,29,11,Cerah,Dini Hari,Bus,Kurang Jarak Aman,Jalan Nasional,Rusak,<40,Simpang 4,Perempuan,>50,Tidak,umum,tunggal,penumpang,ya,UU 33/1964,meninggal,17370000000
11/29/2023,2023,11,Palembang,629,370,24,13,Hujan,Siang,Truk,Pelanggaran Lalu Lintas,Jalan Nasional,Berlubang,>60,Simpang 4,Laki-laki,<17,Tidak,pribadi,multi_kendaraan,pengemudi,ya,UU 34/1964,meninggal,19960000000
11/10/2024,2024,11,Bekasi,701,218,23,28,Hujan,Pagi,Bus,Rem Blong,Jalan Nasional,Baik,<40,Simpang 4,Perempuan,>50,Ya,umum,tunggal,penumpang,ya,UU 33/1964,meninggal,12610000000
2/13/2021,2021,2,Bandung,238,293,25,10,Hujan,Pagi,Bus,Kecepatan Berlebih,Jalan Provinsi,Baik,<40,Simpang 4,Laki-laki,<17,Tidak,umum,tunggal,penumpang,ya,UU 33/1964,meninggal,16100000000
5/11/2025,2025,5,Semarang,709,480,28,10,Hujan,Pagi,Truk,Kecepatan Berlebih,Jalan Kota,Baik,>60,Simpang Y,Perempuan,<17,Ya,pribadi,multi_kendaraan,pengemudi,ya,UU 34/1964,meninggal,25600000000
10/28/2023,2023,10,Bekasi,575,120,27,22,Hujan,Malam,Motor,Kondisi Jalan,Jalan Kota,Baik,40-60,Simpang 4,Perempuan,>50,Ya,pribadi,multi_kendaraan,pengemudi,ya,UU 34/1964,meninggal,7790000000
12/16/2022,2022,12,Semarang,594,284,27,22,Hujan,Dini Hari,Truk,Kecepatan Berlebih,Jalan Nasional,Baik,>60,Simpang 4,Laki-laki,>50,Tidak,pribadi,tunggal,pengemudi,tidak,tidak_dijamin,tidak_ada,0
1/4/2022,2022,1,Jakarta Timur,295,306,27,21,Hujan,Dini Hari,Motor,Pelanggaran Lalu Lintas,Jalan Provinsi,Berlubang,>60,Simpang Y,Perempuan,17-25,Ya,pribadi,tunggal,pengemudi,tidak,tidak_dijamin,tidak_ada,0
1/19/2022,2022,1,Semarang,382,470,27,71,Hujan,Pagi,Mobil,Kelalaian Pengemudi,Jalan Nasional,Berlubang,>60,Simpang Y,Laki-laki,17-25,Ya,pribadi,multi_kendaraan,pengemudi,ya,UU 34/1964,meninggal,26270000000
2/22/2022,2022,2,Yogyakarta,377,383,25,25,Hujan,Siang,Mobil,Pelanggaran Lalu Lintas,Jalan Provinsi,Baik,>60,Simpang T,Laki-laki,<17,Tidak,pribadi,tunggal,pengemudi,tidak,tidak_dijamin,tidak_ada,0
12/24/2023,2023,12,Jakarta Timur,849,495,22,22,Hujan,Malam,Mobil,Kelalaian Pengemudi,Jalan Nasional,Baik,>60,Simpang 4,Perempuan,>50,Tidak,pribadi,multi_kendaraan,pengemudi,ya,UU 34/1964,meninggal,26290000000
3/7/2025,2025,3,Makassar,686,364,25,16,Hujan,Siang,Mobil,Kondisi Jalan,Jalan Provinsi,Baik,>60,Simpang Y,Perempuan,>50,Tidak,pribadi,multi_kendaraan,pengemudi,ya,UU 34/1964,meninggal,19770000000
7/9/2025,2025,7,Bekasi,779,346,23,26,Hujan,Malam,Motor,Pelanggaran Lalu Lintas,Jalan Provinsi,Rusak,<40,Simpang T,Perempuan,17-25,Ya,pribadi,multi_kendaraan,pengemudi,ya,UU 34/1964,meninggal,18970000000
5/25/2022,2022,5,Bandung,390,397,25,7,Cerah,Siang,Motor,Kecepatan Berlebih,Jalan Nasional,Rusak,<40,Simpang T,Perempuan,>50,Tidak,pribadi,multi_kendaraan,pengemudi,ya,UU 34/1964,meninggal,21240000000
6/20/2025,2025,6,Medan,947,276,25,46,Hujan,Dini Hari,Bus,Kelalaian Pengemudi,Jalan Provinsi,Baik,>60,Simpang T,Perempuan,17-25,Tidak,umum,tunggal,penumpang,ya,UU 33/1964,meninggal,15970000000
6/5/2022,2022,6,Palembang,627,226,27,29,Cerah,Pagi,Mobil,Kelalaian Pengemudi,Jalan Provinsi,Rusak,<40,Tikungan,Perempuan,26-45,Ya,pribadi,multi_kendaraan,pengemudi,ya,UU 34/1964,meninggal,13230000000
10/11/2022,2022,10,Yogyakarta,403,460,21,41,Cerah,Malam,Truk,Kurang Jarak Aman,Jalan Kota,Rusak,<40,Lurus,Laki-laki,>50,Tidak,pribadi,tunggal,pengemudi,tidak,tidak_dijamin,tidak_ada,0
8/14/2024,2024,8,Palembang,670,400,23,23,Hujan,Dini Hari,Truk,Kurang Jarak Aman,Jalan Provinsi,Berlubang,40-60,Simpang T,Perempuan,<17,Tidak,pribadi,multi_kendaraan,pengemudi,ya,UU 34/1964,meninggal,21610000000
6/12/2024,2024,6,Jakarta Timur,912,222,25,9,Hujan,Pagi,Motor,Kurang Jarak Aman,Jalan Nasional,Rusak,40-60,Tikungan,Laki-laki,<17,Ya,pribadi,multi_kendaraan,pengemudi,ya,UU 34/1964,meninggal,12530000000
4/11/2023,2023,4,Jakarta Selatan,486,328,27,24,Hujan,Malam,Mobil,Kelalaian Pengemudi,Jalan Nasional,Rusak,>60,Tikungan,Laki-laki,26-45,Ya,pribadi,multi_kendaraan,pengemudi,ya,UU 34/1964,meninggal,18230000000
7/25/2024,2024,7,Medan,610,458,24,31,Cerah,Pagi,Motor,Kelalaian Pengemudi,Jalan Nasional,Baik,40-60,Lurus,Perempuan,>50,Ya,pribadi,multi_kendaraan,pengemudi,ya,UU 34/1964,meninggal,24720000000
7/2/2021,2021,7,Makassar,358,280,23,8,Hujan,Siang,Mobil,Kondisi Jalan,Jalan Provinsi,Rusak,40-60,Simpang T,Laki-laki,17-25,Ya,pribadi,multi_kendaraan,pengemudi,ya,UU 34/1964,meninggal,15310000000
7/12/2022,2022,7,Jakarta Selatan,450,293,26,4,Hujan,Siang,Motor,Rem Blong,Jalan Kota,Rusak,40-60,Tikungan,Perempuan,26-45,Ya,pribadi,multi_kendaraan,pengemudi,ya,UU 34/1964,meninggal,16030000000
10/2/2021,2021,10,Bekasi,275,488,24,17,Cerah,Pagi,Bus,Pelanggaran Lalu Lintas,Jalan Kota,Berlubang,40-60,Tikungan,Laki-laki,>50,Tidak,umum,multi_kendaraan,penumpang,ya,UU 33/1964,meninggal,25940000000
10/29/2023,2023,10,Makassar,627,485,24,18,Cerah,Malam,Truk,Pelanggaran Lalu Lintas,Jalan Nasional,Rusak,<40,Simpang Y,Laki-laki,26-45,Tidak,pribadi,multi_kendaraan,pengemudi,ya,UU 34/1964,meninggal,25810000000
4/8/2023,2023,4,Yogyakarta,572,226,29,11,Cerah,Dini Hari,Mobil,Kelalaian Pengemudi,Jalan Provinsi,Baik,<40,Simpang T,Perempuan,>50,Ya,pribadi,multi_kendaraan,pengemudi,ya,UU 34/1964,meninggal,12970000000
12/31/2021,2021,12,Palembang,654,301,29,10,Hujan,Siang,Mobil,Kecepatan Berlebih,Jalan Nasional,Rusak,>60,Simpang T,Perempuan,26-45,Tidak,pribadi,multi_kendaraan,pengemudi,ya,UU 34/1964,meninggal,16700000000
3/20/2025,2025,3,Yogyakarta,745,244,29,2,Cerah,Dini Hari,Truk,Kelalaian Pengemudi,Jalan Kota,Baik,<40,Tikungan,Laki-laki,17-25,Ya,pribadi,tunggal,pengemudi,tidak,tidak_dijamin,tidak_ada,0
5/24/2022,2022,5,Jakarta Selatan,418,240,26,22,Hujan,Malam,Truk,Rem Blong,Jalan Nasional,Baik,<40,Simpang T,Laki-laki,<17,Tidak,pribadi,tunggal,pengemudi,tidak,tidak_dijamin,tidak_ada,0
4/11/2023,2023,4,Jakarta Timur,499,418,25,35,Cerah,Dini Hari,Bus,Kecepatan Berlebih,Jalan Nasional,Berlubang,40-60,Simpang 4,Laki-laki,17-25,Tidak,umum,multi_kendaraan,penumpang,ya,UU 33/1964,meninggal,22850000000
10/6/2025,2025,10,Medan,906,476,21,6,Hujan,Dini Hari,Motor,Pelanggaran Lalu Lintas,Jalan Kota,Rusak,40-60,Simpang 4,Laki-laki,26-45,Ya,pribadi,multi_kendaraan,pengemudi,ya,UU 34/1964,meninggal,24970000000
10/22/2025,2025,10,Palembang,775,181,29,12,Cerah,Dini Hari,Truk,Kondisi Jalan,Jalan Kota,Baik,<40,Simpang Y,Perempuan,<17,Ya,pribadi,multi_kendaraan,pengemudi,ya,UU 34/1964,meninggal,10740000000
9/13/2021,2021,9,Jakarta Timur,308,396,21,19,Cerah,Dini Hari,Mobil,Pelanggaran Lalu Lintas,Jalan Provinsi,Rusak,>60,Lurus,Laki-laki,17-25,Tidak,pribadi,tunggal,pengemudi,tidak,tidak_dijamin,tidak_ada,0
10/3/2024,2024,10,Bekasi,634,438,25,69,Cerah,Dini Hari,Mobil,Kecepatan Berlebih,Jalan Provinsi,Baik,>60,Tikungan,Perempuan,>50,Ya,pribadi,multi_kendaraan,pengemudi,ya,UU 34/1964,meninggal,24530000000
11/1/2025,2025,11,Yogyakarta,882,418,20,3,Cerah,Pagi,Motor,Kurang Jarak Aman,Jalan Kota,Berlubang,>60,Simpang T,Laki-laki,>50,Ya,pribadi,multi_kendaraan,pengemudi,ya,UU 34/1964,meninggal,21960000000
5/28/2023,2023,5,Bandung,489,311,22,31,Cerah,Dini Hari,Truk,Kurang Jarak Aman,Jalan Nasional,Berlubang,>60,Tikungan,Perempuan,17-25,Tidak,pribadi,multi_kendaraan,pengemudi,ya,UU 34/1964,meninggal,17270000000
9/15/2025,2025,9,Semarang,895,235,26,29,Cerah,Malam,Motor,Kecepatan Berlebih,Jalan Nasional,Baik,<40,Simpang Y,Perempuan,17-25,Ya,pribadi,multi_kendaraan,pengemudi,ya,UU 34/1964,meninggal,13630000000
4/5/2022,2022,4,Palembang,315,461,27,11,Cerah,Dini Hari,Motor,Kecepatan Berlebih,Jalan Kota,Berlubang,40-60,Lurus,Perempuan,26-45,Ya,pribadi,multi_kendaraan,pengemudi,ya,UU 34/1964,meninggal,24620000000
6/8/2021,2021,6,Semarang,537,437,23,38,Cerah,Dini Hari,Motor,Kecepatan Berlebih,Jalan Provinsi,Baik,>60,Simpang T,Laki-laki,17-25,Ya,pribadi,tunggal,pengemudi,tidak,tidak_dijamin,tidak_ada,0
4/5/2022,2022,4,Jakarta Timur,363,355,23,9,Cerah,Dini Hari,Bus,Rem Blong,Jalan Nasional,Berlubang,40-60,Simpang 4,Laki-laki,26-45,Tidak,umum,multi_kendaraan,penumpang,ya,UU 33/1964,meninggal,19080000000
11/9/2024,2024,11,Makassar,667,133,23,19,Cerah,Dini Hari,Mobil,Kurang Jarak Aman,Jalan Kota,Baik,<40,Lurus,Perempuan,26-45,Ya,pribadi,multi_kendaraan,pengemudi,ya,UU 34/1964,meninggal,8180000000
12/2/2025,2025,12,Medan,1066,180,26,36,Hujan,Siang,Truk,Kelalaian Pengemudi,Jalan Provinsi,Berlubang,40-60,Simpang Y,Laki-laki,26-45,Tidak,pribadi,multi_kendaraan,pengemudi,ya,UU 34/1964,meninggal,11020000000
7/25/2021,2021,7,Yogyakarta,378,388,29,7,Hujan,Malam,Bus,Rem Blong,Jalan Nasional,Baik,<40,Lurus,Perempuan,>50,Tidak,umum,multi_kendaraan,penumpang,ya,UU 33/1964,meninggal,20990000000
9/13/2021,2021,9,Jakarta Timur,308,366,24,11,Cerah,Dini Hari,Mobil,Kondisi Jalan,Jalan Nasional,Berlubang,>60,Simpang T,Laki-laki,<17,Ya,pribadi,tunggal,pengemudi,tidak,tidak_dijamin,tidak_ada,0
8/18/2025,2025,8,Makassar,792,379,22,24,Cerah,Siang,Mobil,Kurang Jarak Aman,Jalan Provinsi,Baik,>60,Simpang 4,Perempuan,<17,Ya,pribadi,multi_kendaraan,pengemudi,ya,UU 34/1964,meninggal,20530000000
11/21/2021,2021,11,Yogyakarta,306,156,25,47,Hujan,Malam,Bus,Kecepatan Berlebih,Jalan Kota,Baik,>60,Simpang Y,Perempuan,>50,Tidak,umum,tunggal,penumpang,ya,UU 33/1964,meninggal,9990000000
12/3/2025,2025,12,Jakarta Timur,1161,166,27,20,Hujan,Malam,Truk,Kondisi Jalan,Jalan Provinsi,Rusak,<40,Simpang 4,Perempuan,<17,Tidak,pribadi,multi_kendaraan,pengemudi,ya,UU 34/1964,meninggal,10050000000
11/1/2022,2022,11,Surabaya,506,128,23,40,Cerah,Siang,Bus,Kondisi Jalan,Jalan Provinsi,Rusak,>60,Lurus,Perempuan,17-25,Tidak,umum,multi_kendaraan,penumpang,ya,UU 33/1964,meninggal,8350000000
10/20/2021,2021,10,Jakarta Selatan,287,206,26,9,Cerah,Malam,Motor,Kelalaian Pengemudi,Jalan Nasional,Baik,>60,Simpang Y,Perempuan,<17,Tidak,pribadi,tunggal,pengemudi,tidak,tidak_dijamin,tidak_ada,0
9/19/2021,2021,9,Bekasi,260,267,26,38,Hujan,Siang,Truk,Kurang Jarak Aman,Jalan Nasional,Rusak,>60,Simpang 4,Perempuan,<17,Tidak,pribadi,multi_kendaraan,pengemudi,ya,UU 34/1964,meninggal,15410000000
11/10/2025,2025,11,Bandung,798,447,23,14,Cerah,Siang,Bus,Pelanggaran Lalu Lintas,Jalan Provinsi,Rusak,<40,Lurus,Laki-laki,<17,Tidak,umum,tunggal,penumpang,ya,UU 33/1964,meninggal,23780000000
2/2/2021,2021,2,Palembang,289,394,30,7,Cerah,Pagi,Mobil,Kurang Jarak Aman,Jalan Kota,Rusak,>60,Lurus,Perempuan,<17,Tidak,pribadi,multi_kendaraan,pengemudi,ya,UU 34/1964,meninggal,21340000000
7/31/2022,2022,7,Palembang,486,330,29,26,Cerah,Dini Hari,Motor,Kelalaian Pengemudi,Jalan Provinsi,Rusak,<40,Simpang Y,Perempuan,17-25,Tidak,pribadi,tunggal,pengemudi,tidak,tidak_dijamin,tidak_ada,0
11/12/2025,2025,11,Bandung,819,496,29,14,Cerah,Dini Hari,Mobil,Rem Blong,Jalan Provinsi,Baik,<40,Simpang 4,Laki-laki,<17,Ya,pribadi,multi_kendaraan,pengemudi,ya,UU 34/1964,meninggal,26530000000
8/9/2024,2024,8,Yogyakarta,692,332,30,29,Hujan,Dini Hari,Motor,Rem Blong,Jalan Nasional,Rusak,<40,Tikungan,Laki-laki,17-25,Tidak,pribadi,multi_kendaraan,pengemudi,ya,UU 34/1964,meninggal,18680000000
12/12/2023,2023,12,Jakarta Timur,861,495,27,7,Cerah,Dini Hari,Mobil,Kurang Jarak Aman,Jalan Provinsi,Rusak,>60,Simpang 4,Perempuan,17-25,Tidak,pribadi,tunggal,pengemudi,tidak,tidak_dijamin,tidak_ada,0
3/29/2021,2021,3,Bekasi,199,123,25,30,Cerah,Siang,Mobil,Rem Blong,Jalan Provinsi,Baik,40-60,Simpang 4,Perempuan,<17,Tidak,pribadi,tunggal,pengemudi,tidak,tidak_dijamin,tidak_ada,0
3/26/2023,2023,3,Jakarta Selatan,523,367,22,20,Cerah,Malam,Bus,Pelanggaran Lalu Lintas,Jalan Provinsi,Rusak,>60,Simpang Y,Perempuan,>50,Ya,umum,tunggal,penumpang,ya,UU 33/1964,meninggal,19850000000
6/4/2025,2025,6,Makassar,904,285,28,12,Cerah,Dini Hari,Mobil,Kelalaian Pengemudi,Jalan Nasional,Berlubang,<40,Simpang T,Laki-laki,>50,Tidak,pribadi,tunggal,pengemudi,tidak,tidak_dijamin,tidak_ada,0
10/25/2025,2025,10,Palembang,762,480,28,28,Cerah,Pagi,Truk,Kondisi Jalan,Jalan Kota,Rusak,40-60,Tikungan,Perempuan,<17,Tidak,pribadi,tunggal,pengemudi,tidak,tidak_dijamin,tidak_ada,0
10/12/2021,2021,10,Bandung,327,230,25,30,Hujan,Siang,Truk,Kondisi Jalan,Jalan Kota,Baik,40-60,Simpang 4,Perempuan,17-25,Ya,pribadi,multi_kendaraan,pengemudi,ya,UU 34/1964,meninggal,13350000000
12/2/2024,2024,12,Medan,963,204,26,28,Hujan,Siang,Bus,Kondisi Jalan,Jalan Nasional,Berlubang,<40,Simpang 4,Laki-laki,>50,Ya,umum,multi_kendaraan,penumpang,ya,UU 33/1964,meninggal,12060000000
12/22/2023,2023,12,Semarang,889,177,30,7,Cerah,Pagi,Motor,Rem Blong,Jalan Kota,Baik,>60,Simpang Y,Laki-laki,>50,Tidak,pribadi,multi_kendaraan,pengemudi,ya,UU 34/1964,meninggal,10490000000
5/31/2025,2025,5,Palembang,779,245,24,25,Cerah,Malam,Mobil,Kurang Jarak Aman,Jalan Provinsi,Rusak,40-60,Simpang 4,Perempuan,>50,Tidak,pribadi,multi_kendaraan,pengemudi,ya,UU 34/1964,meninggal,13950000000
10/29/2025,2025,10,Surabaya,903,153,27,33,Cerah,Dini Hari,Bus,Kondisi Jalan,Jalan Nasional,Baik,<40,Tikungan,Laki-laki,>50,Tidak,umum,multi_kendaraan,penumpang,ya,UU 33/1964,meninggal,9660000000
4/2/2024,2024,4,Yogyakarta,554,401,24,11,Hujan,Malam,Mobil,Kecepatan Berlebih,Jalan Nasional,Rusak,>60,Simpang T,Perempuan,17-25,Tidak,pribadi,multi_kendaraan,pengemudi,ya,UU 34/1964,meninggal,21470000000
4/1/2022,2022,4,Makassar,366,249,29,16,Cerah,Siang,Mobil,Kondisi Jalan,Jalan Nasional,Rusak,>60,Simpang T,Laki-laki,26-45,Tidak,pribadi,multi_kendaraan,pengemudi,ya,UU 34/1964,meninggal,14220000000
10/6/2025,2025,10,Bandung,811,151,20,60,Hujan,Siang,Truk,Kondisi Jalan,Jalan Kota,Berlubang,40-60,Lurus,Perempuan,17-25,Ya,pribadi,tunggal,pengemudi,tidak,tidak_dijamin,tidak_ada,0
9/30/2025,2025,9,Medan,848,170,23,18,Hujan,Dini Hari,Motor,Pelanggaran Lalu Lintas,Jalan Nasional,Berlubang,<40,Simpang T,Perempuan,<17,Ya,pribadi,multi_kendaraan,pengemudi,ya,UU 34/1964,meninggal,10010000000
1/19/2023,2023,1,Surabaya,531,275,28,41,Hujan,Dini Hari,Mobil,Kurang Jarak Aman,Jalan Kota,Berlubang,<40,Simpang Y,Laki-laki,<17,Tidak,pribadi,multi_kendaraan,pengemudi,ya,UU 34/1964,meninggal,15970000000
1/7/2021,2021,1,Palembang,266,329,29,17,Hujan,Pagi,Motor,Kecepatan Berlebih,Jalan Kota,Rusak,40-60,Lurus,Perempuan,>50,Tidak,pribadi,multi_kendaraan,pengemudi,ya,UU 34/1964,meninggal,18240000000
1/14/2021,2021,1,Bekasi,269,218,20,55,Cerah,Dini Hari,Bus,Kecepatan Berlebih,Jalan Nasional,Baik,<40,Lurus,Laki-laki,<17,Ya,umum,tunggal,penumpang,ya,UU 33/1964,meninggal,13000000000
2/21/2022,2022,2,Jakarta Selatan,290,317,21,8,Hujan,Malam,Truk,Rem Blong,Jalan Kota,Berlubang,<40,Simpang Y,Laki-laki,26-45,Tidak,pribadi,tunggal,pengemudi,tidak,tidak_dijamin,tidak_ada,0
6/27/2024,2024,6,Jakarta Timur,988,500,23,10,Cerah,Siang,Bus,Kurang Jarak Aman,Jalan Kota,Baik,>60,Tikungan,Laki-laki,<17,Tidak,umum,multi_kendaraan,penumpang,ya,UU 33/1964,meninggal,26350000000
4/22/2023,2023,4,Jakarta Selatan,561,383,25,20,Hujan,Dini Hari,Mobil,Kelalaian Pengemudi,Jalan Kota,Rusak,>60,Tikungan,Laki-laki,>50,Ya,pribadi,multi_kendaraan,pengemudi,ya,UU 34/1964,meninggal,20800000000
12/26/2024,2024,12,Yogyakarta,934,364,27,19,Hujan,Malam,Mobil,Kelalaian Pengemudi,Jalan Kota,Baik,40-60,Lurus,Laki-laki,17-25,Tidak,pribadi,multi_kendaraan,pengemudi,ya,UU 34/1964,meninggal,19930000000
9/23/2021,2021,9,Jakarta Timur,274,482,22,19,Cerah,Dini Hari,Mobil,Pelanggaran Lalu Lintas,Jalan Provinsi,Rusak,<40,Simpang Y,Laki-laki,17-25,Ya,pribadi,multi_kendaraan,pengemudi,ya,UU 34/1964,meninggal,25580000000
7/14/2024,2024,7,Palembang,741,141,26,15,Cerah,Pagi,Mobil,Kondisi Jalan,Jalan Nasional,Baik,>60,Simpang T,Perempuan,>50,Tidak,pribadi,multi_kendaraan,pengemudi,ya,UU 34/1964,meninggal,8650000000
10/13/2022,2022,10,Jakarta Timur,450,220,25,41,Hujan,Malam,Bus,Kelalaian Pengemudi,Jalan Provinsi,Berlubang,>60,Simpang T,Laki-laki,26-45,Tidak,umum,multi_kendaraan,penumpang,ya,UU 33/1964,meninggal,13070000000
9/17/2022,2022,9,Jakarta Selatan,495,296,28,35,Cerah,Pagi,Motor,Kecepatan Berlebih,Jalan Kota,Berlubang,<40,Lurus,Laki-laki,<17,Ya,pribadi,multi_kendaraan,pengemudi,ya,UU 34/1964,meninggal,16900000000
9/21/2024,2024,9,Medan,630,150,29,9,Hujan,Malam,Motor,Pelanggaran Lalu Lintas,Jalan Nasional,Berlubang,>60,Lurus,Laki-laki,17-25,Ya,pribadi,multi_kendaraan,pengemudi,ya,UU 34/1964,meninggal,9130000000
4/27/2021,2021,4,Medan,241,332,22,29,Cerah,Malam,Motor,Kondisi Jalan,Jalan Kota,Baik,40-60,Simpang 4,Laki-laki,17-25,Tidak,pribadi,tunggal,pengemudi,tidak,tidak_dijamin,tidak_ada,0
5/31/2023,2023,5,Surabaya,524,193,24,16,Cerah,Pagi,Bus,Kelalaian Pengemudi,Jalan Provinsi,Baik,40-60,Simpang 4,Perempuan,>50,Tidak,umum,tunggal,penumpang,ya,UU 33/1964,meninggal,11170000000
6/27/2024,2024,6,Semarang,928,493,24,52,Hujan,Dini Hari,Mobil,Rem Blong,Jalan Kota,Baik,>60,Lurus,Laki-laki,>50,Tidak,pribadi,multi_kendaraan,pengemudi,ya,UU 34/1964,meninggal,26890000000
3/3/2021,2021,3,Jakarta Timur,174,434,27,15,Hujan,Dini Hari,Truk,Kecepatan Berlebih,Jalan Provinsi,Berlubang,40-60,Simpang T,Laki-laki,26-45,Tidak,pribadi,multi_kendaraan,pengemudi,ya,UU 34/1964,meninggal,23350000000
10/10/2023,2023,10,Medan,547,208,22,10,Cerah,Siang,Bus,Kurang Jarak Aman,Jalan Kota,Baik,<40,Simpang T,Laki-laki,17-25,Tidak,umum,multi_kendaraan,penumpang,ya,UU 33/1964,meninggal,11700000000
2/18/2022,2022,2,Yogyakarta,389,306,30,42,Cerah,Dini Hari,Mobil,Pelanggaran Lalu Lintas,Jalan Kota,Berlubang,40-60,Tikungan,Laki-laki,<17,Ya,pribadi,multi_kendaraan,pengemudi,ya,UU 34/1964,meninggal,17640000000
9/8/2024,2024,9,Makassar,722,225,21,10,Hujan,Malam,Mobil,Pelanggaran Lalu Lintas,Jalan Nasional,Baik,>60,Simpang Y,Perempuan,26-45,Tidak,pribadi,tunggal,pengemudi,tidak,tidak_dijamin,tidak_ada,0
9/30/2025,2025,9,Yogyakarta,743,126,28,14,Cerah,Pagi,Motor,Kelalaian Pengemudi,Jalan Provinsi,Berlubang,>60,Simpang T,Laki-laki,<17,Ya,pribadi,multi_kendaraan,pengemudi,ya,UU 34/1964,meninggal,7980000000
10/10/2023,2023,10,Jakarta Timur,563,321,27,8,Cerah,Pagi,Motor,Kondisi Jalan,Jalan Kota,Rusak,40-60,Tikungan,Laki-laki,26-45,Tidak,pribadi,tunggal,pengemudi,tidak,tidak_dijamin,tidak_ada,0
8/4/2024,2024,8,Medan,731,280,22,40,Hujan,Dini Hari,Truk,Kondisi Jalan,Jalan Nasional,Berlubang,<40,Simpang T,Perempuan,<17,Tidak,pribadi,multi_kendaraan,pengemudi,ya,UU 34/1964,meninggal,15900000000
5/29/2025,2025,5,Yogyakarta,784,447,29,8,Cerah,Dini Hari,Motor,Rem Blong,Jalan Nasional,Baik,40-60,Simpang T,Perempuan,<17,Ya,pribadi,tunggal,pengemudi,tidak,tidak_dijamin,tidak_ada,0
3/22/2025,2025,3,Yogyakarta,688,287,22,0,Cerah,Siang,Truk,Kecepatan Berlebih,Jalan Kota,Baik,>60,Simpang 4,Laki-laki,26-45,Ya,pribadi,multi_kendaraan,pengemudi,ya,UU 34/1964,meninggal,15450000000
7/19/2021,2021,7,Bekasi,263,412,29,12,Hujan,Siang,Mobil,Kondisi Jalan,Jalan Nasional,Berlubang,>60,Lurus,Perempuan,<17,Ya,pribadi,tunggal,pengemudi,tidak,tidak_dijamin,tidak_ada,0
11/9/2021,2021,11,Jakarta Timur,318,247,22,11,Cerah,Malam,Truk,Kelalaian Pengemudi,Jalan Kota,Rusak,>60,Simpang Y,Laki-laki,>50,Ya,pribadi,multi_kendaraan,pengemudi,ya,UU 34/1964,meninggal,13670000000
2/17/2023,2023,2,Makassar,513,483,24,25,Cerah,Malam,Motor,Kecepatan Berlebih,Jalan Kota,Berlubang,40-60,Tikungan,Perempuan,26-45,Tidak,pribadi,multi_kendaraan,pengemudi,ya,UU 34/1964,meninggal,25850000000
6/30/2024,2024,6,Semarang,919,236,23,20,Cerah,Malam,Motor,Pelanggaran Lalu Lintas,Jalan Provinsi,Berlubang,<40,Lurus,Perempuan,<17,Tidak,pribadi,multi_kendaraan,pengemudi,ya,UU 34/1964,meninggal,13350000000
6/21/2023,2023,6,Bekasi,743,307,25,18,Cerah,Dini Hari,Truk,Kelalaian Pengemudi,Jalan Provinsi,Baik,40-60,Simpang 4,Perempuan,26-45,Ya,pribadi,multi_kendaraan,pengemudi,ya,UU 34/1964,meninggal,16960000000
7/7/2023,2023,7,Makassar,473,292,21,49,Cerah,Siang,Mobil,Kelalaian Pengemudi,Jalan Nasional,Berlubang,<40,Simpang T,Perempuan,17-25,Tidak,pribadi,tunggal,pengemudi,tidak,tidak_dijamin,tidak_ada,0
4/13/2021,2021,4,Semarang,219,142,28,34,Cerah,Siang,Motor,Rem Blong,Jalan Nasional,Baik,>60,Simpang Y,Perempuan,<17,Tidak,pribadi,tunggal,pengemudi,tidak,tidak_dijamin,tidak_ada,0
2/14/2024,2024,2,Palembang,577,197,29,13,Cerah,Malam,Truk,Kondisi Jalan,Jalan Kota,Rusak,<40,Simpang Y,Perempuan,17-25,Tidak,pribadi,tunggal,pengemudi,tidak,tidak_dijamin,tidak_ada,0
8/19/2024,2024,8,Semarang,650,388,30,28,Hujan,Pagi,Truk,Kecepatan Berlebih,Jalan Nasional,Baik,<40,Simpang T,Perempuan,17-25,Tidak,pribadi,multi_kendaraan,pengemudi,ya,UU 34/1964,meninggal,21460000000
10/26/2021,2021,10,Bandung,270,410,24,9,Cerah,Pagi,Bus,Kurang Jarak Aman,Jalan Provinsi,Baik,<40,Lurus,Laki-laki,17-25,Tidak,umum,tunggal,penumpang,ya,UU 33/1964,meninggal,21880000000
1/12/2023,2023,1,Semarang,383,329,25,49,Hujan,Pagi,Motor,Pelanggaran Lalu Lintas,Jalan Kota,Baik,>60,Simpang 4,Laki-laki,>50,Tidak,pribadi,multi_kendaraan,pengemudi,ya,UU 34/1964,meninggal,18680000000
3/31/2023,2023,3,Bandung,409,359,30,20,Cerah,Dini Hari,Motor,Kelalaian Pengemudi,Jalan Provinsi,Baik,>60,Tikungan,Laki-laki,26-45,Tidak,pribadi,multi_kendaraan,pengemudi,ya,UU 34/1964,meninggal,19850000000
1/12/2023,2023,1,Surabaya,520,228,27,41,Hujan,Dini Hari,Mobil,Kurang Jarak Aman,Jalan Kota,Berlubang,>60,Simpang 4,Laki-laki,<17,Tidak,pribadi,multi_kendaraan,pengemudi,ya,UU 34/1964,meninggal,13570000000
1/27/2022,2022,1,Bandung,312,357,24,27,Hujan,Malam,Motor,Rem Blong,Jalan Nasional,Rusak,40-60,Simpang 4,Laki-laki,26-45,Tidak,pribadi,multi_kendaraan,pengemudi,ya,UU 34/1964,meninggal,19590000000
1/26/2024,2024,1,Bekasi,501,470,24,30,Cerah,Dini Hari,Truk,Kondisi Jalan,Jalan Kota,Baik,>60,Simpang T,Laki-laki,<17,Ya,pribadi,multi_kendaraan,pengemudi,ya,UU 34/1964,meninggal,25300000000
10/10/2025,2025,10,Yogyakarta,846,301,20,17,Cerah,Siang,Truk,Kondisi Jalan,Jalan Provinsi,Baik,<40,Simpang T,Laki-laki,26-45,Tidak,pribadi,multi_kendaraan,pengemudi,ya,UU 34/1964,meninggal,16390000000
4/2/2023,2023,4,Bekasi,427,457,25,10,Cerah,Dini Hari,Truk,Kurang Jarak Aman,Jalan Nasional,Berlubang,40-60,Simpang Y,Perempuan,26-45,Ya,pribadi,multi_kendaraan,pengemudi,ya,UU 34/1964,meninggal,24300000000
8/5/2021,2021,8,Yogyakarta,261,428,27,22,Hujan,Malam,Bus,Kondisi Jalan,Jalan Nasional,Rusak,40-60,Simpang T,Laki-laki,<17,Ya,umum,tunggal,penumpang,ya,UU 33/1964,meninggal,23190000000
12/24/2023,2023,12,Makassar,829,304,29,15,Hujan,Pagi,Truk,Pelanggaran Lalu Lintas,Jalan Kota,Baik,40-60,Tikungan,Perempuan,17-25,Tidak,pribadi,multi_kendaraan,pengemudi,ya,UU 34/1964,meninggal,16950000000
8/16/2023,2023,8,Bandung,496,407,30,2,Cerah,Malam,Mobil,Kurang Jarak Aman,Jalan Nasional,Berlubang,<40,Simpang Y,Perempuan,>50,Tidak,pribadi,multi_kendaraan,pengemudi,ya,UU 34/1964,meninggal,21890000000
12/31/2025,2025,12,Yogyakarta,1039,234,24,23,Cerah,Siang,Motor,Kecepatan Berlebih,Jalan Provinsi,Baik,<40,Simpang T,Laki-laki,26-45,Tidak,pribadi,multi_kendaraan,pengemudi,ya,UU 34/1964,meninggal,13360000000
9/9/2025,2025,9,Jakarta Selatan,755,456,21,51,Hujan,Siang,Motor,Kondisi Jalan,Jalan Provinsi,Rusak,>60,Tikungan,Laki-laki,>50,Tidak,pribadi,multi_kendaraan,pengemudi,ya,UU 34/1964,meninggal,24870000000
9/22/2024,2024,9,Yogyakarta,659,456,20,16,Hujan,Pagi,Mobil,Kelalaian Pengemudi,Jalan Kota,Berlubang,>60,Simpang 4,Perempuan,17-25,Ya,pribadi,multi_kendaraan,pengemudi,ya,UU 34/1964,meninggal,24120000000
2/3/2022,2022,2,Makassar,367,254,20,9,Cerah,Dini Hari,Bus,Rem Blong,Jalan Provinsi,Baik,40-60,Lurus,Perempuan,26-45,Tidak,umum,multi_kendaraan,penumpang,ya,UU 33/1964,meninggal,13880000000
4/12/2024,2024,4,Bekasi,665,393,20,20,Cerah,Malam,Mobil,Kecepatan Berlebih,Jalan Kota,Rusak,<40,Simpang T,Perempuan,17-25,Ya,pribadi,multi_kendaraan,pengemudi,ya,UU 34/1964,meninggal,21050000000
10/3/2023,2023,10,Bekasi,645,250,25,22,Cerah,Siang,Mobil,Kurang Jarak Aman,Jalan Nasional,Berlubang,40-60,Tikungan,Perempuan,26-45,Ya,pribadi,tunggal,pengemudi,tidak,tidak_dijamin,tidak_ada,0
4/24/2021,2021,4,Yogyakarta,250,222,25,8,Hujan,Dini Hari,Bus,Kelalaian Pengemudi,Jalan Nasional,Berlubang,>60,Simpang Y,Perempuan,17-25,Tidak,umum,multi_kendaraan,penumpang,ya,UU 33/1964,meninggal,12510000000
5/13/2023,2023,5,Bandung,512,126,22,31,Cerah,Dini Hari,Truk,Kurang Jarak Aman,Jalan Nasional,Berlubang,40-60,Tikungan,Laki-laki,26-45,Ya,pribadi,tunggal,pengemudi,tidak,tidak_dijamin,tidak_ada,0
7/10/2023,2023,7,Surabaya,537,497,21,6,Hujan,Siang,Truk,Kurang Jarak Aman,Jalan Kota,Baik,40-60,Lurus,Laki-laki,17-25,Tidak,pribadi,multi_kendaraan,pengemudi,ya,UU 34/1964,meninggal,26020000000
1/15/2025,2025,1,Jakarta Selatan,722,270,28,7,Cerah,Malam,Truk,Rem Blong,Jalan Provinsi,Berlubang,<40,Lurus,Laki-laki,>50,Tidak,pribadi,multi_kendaraan,pengemudi,ya,UU 34/1964,meninggal,15040000000
5/30/2024,2024,5,Yogyakarta,659,208,26,6,Hujan,Siang,Bus,Kecepatan Berlebih,Jalan Kota,Rusak,40-60,Lurus,Perempuan,>50,Ya,umum,tunggal,penumpang,ya,UU 33/1964,meninggal,11820000000
1/30/2021,2021,1,Surabaya,274,120,30,7,Cerah,Malam,Motor,Pelanggaran Lalu Lintas,Jalan Kota,Berlubang,<40,Simpang T,Perempuan,>50,Ya,pribadi,multi_kendaraan,pengemudi,ya,UU 34/1964,meninggal,7640000000
3/17/2021,2021,3,Yogyakarta,297,148,27,12,Cerah,Siang,Bus,Pelanggaran Lalu Lintas,Jalan Provinsi,Rusak,40-60,Simpang Y,Perempuan,26-45,Tidak,umum,multi_kendaraan,penumpang,ya,UU 33/1964,meninggal,8990000000
12/11/2023,2023,12,Palembang,884,387,25,42,Cerah,Pagi,Truk,Pelanggaran Lalu Lintas,Jalan Nasional,Baik,40-60,Simpang T,Laki-laki,<17,Tidak,pribadi,tunggal,pengemudi,tidak,tidak_dijamin,tidak_ada,0
4/27/2021,2021,4,Palembang,267,340,26,2,Cerah,Siang,Bus,Kurang Jarak Aman,Jalan Kota,Berlubang,40-60,Lurus,Perempuan,<17,Ya,umum,multi_kendaraan,penumpang,ya,UU 33/1964,meninggal,18340000000
1/18/2022,2022,1,Jakarta Selatan,306,453,29,35,Cerah,Siang,Mobil,Kecepatan Berlebih,Jalan Kota,Rusak,>60,Simpang 4,Perempuan,<17,Tidak,pribadi,tunggal,pengemudi,tidak,tidak_dijamin,tidak_ada,0
4/12/2023,2023,4,Palembang,434,351,29,44,Hujan,Siang,Mobil,Rem Blong,Jalan Kota,Berlubang,<40,Simpang T,Perempuan,<17,Ya,pribadi,multi_kendaraan,pengemudi,ya,UU 34/1964,meninggal,19880000000
6/6/2024,2024,6,Palembang,970,475,22,34,Cerah,Siang,Motor,Pelanggaran Lalu Lintas,Jalan Nasional,Berlubang,<40,Simpang Y,Perempuan,<17,Tidak,pribadi,tunggal,pengemudi,tidak,tidak_dijamin,tidak_ada,0
2/13/2024,2024,2,Palembang,515,264,28,43,Cerah,Malam,Motor,Pelanggaran Lalu Lintas,Jalan Nasional,Baik,40-60,Simpang Y,Perempuan,>50,Tidak,pribadi,multi_kendaraan,pengemudi,ya,UU 34/1964,meninggal,15460000000
12/30/2024,2024,12,Semarang,913,267,20,12,Hujan,Dini Hari,Motor,Kecepatan Berlebih,Jalan Provinsi,Rusak,>60,Simpang 4,Perempuan,>50,Ya,pribadi,multi_kendaraan,pengemudi,ya,UU 34/1964,meninggal,14590000000
6/20/2022,2022,6,Jakarta Timur,684,360,25,17,Hujan,Siang,Truk,Kondisi Jalan,Jalan Nasional,Rusak,<40,Lurus,Laki-laki,>50,Ya,pribadi,multi_kendaraan,pengemudi,ya,UU 34/1964,meninggal,19590000000
5/12/2024,2024,5,Bekasi,564,487,23,17,Cerah,Malam,Mobil,Pelanggaran Lalu Lintas,Jalan Kota,Berlubang,>60,Tikungan,Perempuan,<17,Tidak,pribadi,multi_kendaraan,pengemudi,ya,UU 34/1964,meninggal,25840000000
10/11/2025,2025,10,Makassar,753,275,26,16,Cerah,Siang,Truk,Pelanggaran Lalu Lintas,Jalan Provinsi,Baik,>60,Simpang Y,Laki-laki,>50,Tidak,pribadi,multi_kendaraan,pengemudi,ya,UU 34/1964,meninggal,15370000000
8/12/2021,2021,8,Bandung,329,169,27,17,Hujan,Pagi,Mobil,Pelanggaran Lalu Lintas,Jalan Nasional,Rusak,40-60,Tikungan,Perempuan,>50,Ya,pribadi,multi_kendaraan,pengemudi,ya,UU 34/1964,meninggal,10140000000
11/23/2021,2021,11,Yogyakarta,389,142,28,12,Cerah,Malam,Truk,Kecepatan Berlebih,Jalan Provinsi,Berlubang,>60,Tikungan,Perempuan,26-45,Ya,pribadi,multi_kendaraan,pengemudi,ya,UU 34/1964,meninggal,8740000000
9/1/2024,2024,9,Bekasi,616,370,24,23,Hujan,Malam,Mobil,Kondisi Jalan,Jalan Nasional,Baik,<40,Simpang 4,Laki-laki,<17,Ya,pribadi,multi_kendaraan,pengemudi,ya,UU 34/1964,meninggal,20160000000
3/14/2023,2023,3,Bekasi,449,347,22,34,Hujan,Malam,Bus,Kelalaian Pengemudi,Jalan Kota,Baik,40-60,Simpang T,Perempuan,26-45,Tidak,umum,multi_kendaraan,penumpang,ya,UU 33/1964,meninggal,19130000000
5/22/2025,2025,5,Jakarta Timur,835,207,25,1,Hujan,Dini Hari,Mobil,Pelanggaran Lalu Lintas,Jalan Nasional,Berlubang,40-60,Simpang Y,Laki-laki,26-45,Tidak,pribadi,tunggal,pengemudi,tidak,tidak_dijamin,tidak_ada,0
7/28/2025,2025,7,Bandung,826,488,24,25,Cerah,Pagi,Motor,Rem Blong,Jalan Nasional,Berlubang,>60,Tikungan,Laki-laki,<17,Ya,pribadi,multi_kendaraan,pengemudi,ya,UU 34/1964,meninggal,26100000000
9/2/2022,2022,9,Makassar,395,260,26,63,Hujan,Dini Hari,Truk,Kecepatan Berlebih,Jalan Kota,Rusak,>60,Simpang Y,Perempuan,26-45,Ya,pribadi,multi_kendaraan,pengemudi,ya,UU 34/1964,meninggal,15560000000
8/5/2023,2023,8,Medan,485,203,23,0,Hujan,Dini Hari,Truk,Kecepatan Berlebih,Jalan Nasional,Rusak,>60,Simpang Y,Perempuan,26-45,Tidak,pribadi,multi_kendaraan,pengemudi,ya,UU 34/1964,meninggal,11300000000
12/23/2022,2022,12,Palembang,800,262,22,9,Hujan,Dini Hari,Truk,Kecepatan Berlebih,Jalan Provinsi,Baik,<40,Simpang 4,Perempuan,<17,Tidak,pribadi,multi_kendaraan,pengemudi,ya,UU 34/1964,meninggal,14380000000
2/28/2021,2021,2,Bandung,168,249,23,38,Cerah,Dini Hari,Bus,Rem Blong,Jalan Kota,Berlubang,<40,Tikungan,Perempuan,>50,Tidak,umum,tunggal,penumpang,ya,UU 33/1964,meninggal,14360000000
9/28/2021,2021,9,Yogyakarta,400,183,20,4,Hujan,Dini Hari,Mobil,Kurang Jarak Aman,Jalan Nasional,Rusak,<40,Simpang 4,Laki-laki,26-45,Ya,pribadi,multi_kendaraan,pengemudi,ya,UU 34/1964,meninggal,10230000000
11/11/2021,2021,11,Jakarta Selatan,430,150,29,32,Hujan,Siang,Bus,Rem Blong,Jalan Kota,Baik,40-60,Simpang 4,Laki-laki,<17,Ya,umum,tunggal,penumpang,ya,UU 33/1964,meninggal,9590000000
2/5/2022,2022,2,Bekasi,425,247,30,32,Cerah,Dini Hari,Truk,Kondisi Jalan,Jalan Provinsi,Berlubang,<40,Simpang 4,Perempuan,<17,Ya,pribadi,multi_kendaraan,pengemudi,ya,UU 34/1964,meninggal,14490000000
3/25/2023,2023,3,Palembang,451,153,20,31,Cerah,Siang,Truk,Kondisi Jalan,Jalan Nasional,Baik,>60,Simpang 4,Laki-laki,>50,Ya,pribadi,tunggal,pengemudi,tidak,tidak_dijamin,tidak_ada,0
2/20/2021,2021,2,Yogyakarta,280,452,21,10,Cerah,Dini Hari,Bus,Kurang Jarak Aman,Jalan Provinsi,Baik,40-60,Simpang Y,Perempuan,<17,Tidak,umum,multi_kendaraan,penumpang,ya,UU 33/1964,meninggal,23850000000
8/19/2022,2022,8,Yogyakarta,367,347,20,5,Hujan,Malam,Motor,Rem Blong,Jalan Kota,Rusak,>60,Simpang Y,Perempuan,26-45,Tidak,pribadi,tunggal,pengemudi,tidak,tidak_dijamin,tidak_ada,0
11/6/2024,2024,11,Medan,699,468,26,32,Hujan,Dini Hari,Truk,Pelanggaran Lalu Lintas,Jalan Provinsi,Rusak,40-60,Simpang T,Laki-laki,26-45,Ya,pribadi,multi_kendaraan,pengemudi,ya,UU 34/1964,meninggal,25340000000
7/29/2024,2024,7,Bekasi,652,195,25,25,Cerah,Pagi,Bus,Kurang Jarak Aman,Jalan Provinsi,Rusak,>60,Simpang Y,Perempuan,26-45,Ya,umum,multi_kendaraan,penumpang,ya,UU 33/1964,meninggal,11500000000
8/2/2021,2021,8,Bekasi,391,201,30,45,Cerah,Pagi,Mobil,Kecepatan Berlebih,Jalan Provinsi,Berlubang,>60,Tikungan,Laki-laki,<17,Tidak,pribadi,multi_kendaraan,pengemudi,ya,UU 34/1964,meninggal,12450000000
8/14/2022,2022,8,Medan,514,336,26,4,Hujan,Siang,Motor,Kecepatan Berlebih,Jalan Nasional,Baik,40-60,Simpang 4,Laki-laki,<17,Tidak,pribadi,multi_kendaraan,pengemudi,ya,UU 34/1964,meninggal,18180000000
1/15/2025,2025,1,Bandung,717,307,29,10,Cerah,Malam,Mobil,Kurang Jarak Aman,Jalan Nasional,Rusak,>60,Lurus,Perempuan,17-25,Tidak,pribadi,tunggal,pengemudi,tidak,tidak_dijamin,tidak_ada,0
10/16/2022,2022,10,Bekasi,458,239,29,13,Cerah,Pagi,Truk,Pelanggaran Lalu Lintas,Jalan Kota,Berlubang,<40,Simpang T,Laki-laki,17-25,Tidak,pribadi,multi_kendaraan,pengemudi,ya,UU 34/1964,meninggal,13660000000
1/21/2024,2024,1,Yogyakarta,557,127,29,9,Cerah,Dini Hari,Truk,Kecepatan Berlebih,Jalan Kota,Berlubang,<40,Simpang 4,Perempuan,<17,Ya,pribadi,multi_kendaraan,pengemudi,ya,UU 34/1964,meninggal,7980000000
7/4/2024,2024,7,Semarang,647,373,20,42,Cerah,Malam,Bus,Pelanggaran Lalu Lintas,Jalan Nasional,Berlubang,>60,Tikungan,Laki-laki,<17,Ya,umum,tunggal,penumpang,ya,UU 33/1964,meninggal,20490000000
3/22/2022,2022,3,Medan,415,360,20,24,Hujan,Siang,Mobil,Kondisi Jalan,Jalan Nasional,Rusak,>60,Tikungan,Perempuan,26-45,Tidak,pribadi,multi_kendaraan,pengemudi,ya,UU 34/1964,meninggal,19480000000
10/3/2025,2025,10,Semarang,875,286,27,21,Hujan,Dini Hari,Mobil,Kelalaian Pengemudi,Jalan Kota,Baik,>60,Tikungan,Laki-laki,>50,Ya,pribadi,tunggal,pengemudi,tidak,tidak_dijamin,tidak_ada,0
12/29/2021,2021,12,Palembang,678,243,27,27,Hujan,Siang,Mobil,Kelalaian Pengemudi,Jalan Nasional,Baik,>60,Lurus,Perempuan,<17,Tidak,pribadi,tunggal,pengemudi,tidak,tidak_dijamin,tidak_ada,0
7/15/2025,2025,7,Palembang,761,320,24,16,Cerah,Siang,Truk,Pelanggaran Lalu Lintas,Jalan Kota,Berlubang,>60,Simpang T,Laki-laki,<17,Ya,pribadi,multi_kendaraan,pengemudi,ya,UU 34/1964,meninggal,17520000000
11/29/2021,2021,11,Jakarta Selatan,323,234,22,32,Hujan,Siang,Bus,Rem Blong,Jalan Kota,Baik,>60,Simpang 4,Perempuan,17-25,Ya,umum,tunggal,penumpang,ya,UU 33/1964,meninggal,13440000000
7/27/2025,2025,7,Bandung,828,495,27,19,Cerah,Pagi,Motor,Pelanggaran Lalu Lintas,Jalan Kota,Berlubang,>60,Lurus,Laki-laki,17-25,Ya,pribadi,multi_kendaraan,pengemudi,ya,UU 34/1964,meninggal,26480000000
6/12/2025,2025,6,Medan,985,286,24,42,Hujan,Dini Hari,Mobil,Rem Blong,Jalan Provinsi,Berlubang,<40,Simpang T,Laki-laki,<17,Ya,pribadi,multi_kendaraan,pengemudi,ya,UU 34/1964,meninggal,16340000000
12/20/2022,2022,12,Jakarta Timur,721,375,25,4,Hujan,Malam,Bus,Kecepatan Berlebih,Jalan Kota,Berlubang,<40,Tikungan,Perempuan,>50,Tidak,umum,multi_kendaraan,penumpang,ya,UU 33/1964,meninggal,20080000000
10/10/2023,2023,10,Jakarta Timur,652,233,30,27,Cerah,Malam,Truk,Kondisi Jalan,Jalan Nasional,Baik,>60,Tikungan,Perempuan,17-25,Tidak,pribadi,multi_kendaraan,pengemudi,ya,UU 34/1964,meninggal,13690000000
6/23/2025,2025,6,Bekasi,1002,343,29,43,Cerah,Dini Hari,Motor,Kurang Jarak Aman,Jalan Nasional,Rusak,>60,Simpang T,Laki-laki,26-45,Ya,pribadi,tunggal,pengemudi,tidak,tidak_dijamin,tidak_ada,0
11/1/2021,2021,11,Makassar,307,374,25,3,Cerah,Siang,Mobil,Kelalaian Pengemudi,Jalan Nasional,Baik,40-60,Simpang 4,Perempuan,17-25,Ya,pribadi,tunggal,pengemudi,tidak,tidak_dijamin,tidak_ada,0
10/9/2024,2024,10,Jakarta Timur,734,171,20,33,Hujan,Malam,Motor,Rem Blong,Jalan Kota,Berlubang,>60,Simpang 4,Perempuan,17-25,Ya,pribadi,multi_kendaraan,pengemudi,ya,UU 34/1964,meninggal,10210000000
1/11/2021,2021,1,Surabaya,271,464,27,8,Cerah,Dini Hari,Motor,Rem Blong,Jalan Nasional,Berlubang,<40,Simpang Y,Laki-laki,17-25,Tidak,pribadi,multi_kendaraan,pengemudi,ya,UU 34/1964,meninggal,24710000000
2/28/2024,2024,2,Jakarta Selatan,588,150,30,8,Cerah,Malam,Motor,Kecepatan Berlebih,Jalan Nasional,Rusak,40-60,Simpang T,Perempuan,<17,Ya,pribadi,tunggal,pengemudi,tidak,tidak_dijamin,tidak_ada,0
6/26/2021,2021,6,Jakarta Selatan,548,462,29,23,Hujan,Pagi,Mobil,Kondisi Jalan,Jalan Kota,Rusak,>60,Lurus,Perempuan,<17,Tidak,pribadi,multi_kendaraan,pengemudi,ya,UU 34/1964,meninggal,25010000000
3/25/2023,2023,3,Makassar,481,430,26,36,Cerah,Pagi,Bus,Kondisi Jalan,Jalan Nasional,Baik,>60,Lurus,Perempuan,>50,Tidak,umum,multi_kendaraan,penumpang,ya,UU 33/1964,meninggal,23520000000
6/4/2025,2025,6,Semarang,1099,339,30,9,Cerah,Dini Hari,Truk,Kurang Jarak Aman,Jalan Provinsi,Berlubang,>60,Lurus,Laki-laki,<17,Ya,pribadi,multi_kendaraan,pengemudi,ya,UU 34/1964,meninggal,18630000000
6/19/2021,2021,6,Bekasi,423,289,30,14,Hujan,Siang,Motor,Kelalaian Pengemudi,Jalan Kota,Rusak,<40,Tikungan,Perempuan,<17,Tidak,pribadi,tunggal,pengemudi,tidak,tidak_dijamin,tidak_ada,0
8/5/2022,2022,8,Palembang,380,380,26,19,Hujan,Pagi,Motor,Kecepatan Berlebih,Jalan Provinsi,Rusak,40-60,Lurus,Perempuan,26-45,Tidak,pribadi,multi_kendaraan,pengemudi,ya,UU 34/1964,meninggal,20680000000
7/10/2022,2022,7,Yogyakarta,374,369,23,31,Hujan,Malam,Bus,Kondisi Jalan,Jalan Kota,Baik,40-60,Simpang T,Laki-laki,>50,Tidak,umum,tunggal,penumpang,ya,UU 33/1964,meninggal,20220000000
3/22/2022,2022,3,Yogyakarta,346,423,25,45,Cerah,Malam,Mobil,Kondisi Jalan,Jalan Nasional,Berlubang,40-60,Lurus,Laki-laki,>50,Ya,pribadi,tunggal,pengemudi,tidak,tidak_dijamin,tidak_ada,0
11/2/2025,2025,11,Surabaya,798,353,22,16,Cerah,Malam,Mobil,Kelalaian Pengemudi,Jalan Nasional,Rusak,40-60,Simpang Y,Laki-laki,<17,Tidak,pribadi,multi_kendaraan,pengemudi,ya,UU 34/1964,meninggal,19070000000
11/20/2025,2025,11,Palembang,806,225,25,42,Hujan,Dini Hari,Bus,Kelalaian Pengemudi,Jalan Nasional,Berlubang,<40,Simpang 4,Laki-laki,>50,Tidak,umum,multi_kendaraan,penumpang,ya,UU 33/1964,meninggal,13340000000
2/26/2021,2021,2,Bekasi,203,247,27,33,Cerah,Pagi,Mobil,Rem Blong,Jalan Provinsi,Baik,<40,Simpang 4,Perempuan,<17,Ya,pribadi,tunggal,pengemudi,tidak,tidak_dijamin,tidak_ada,0
12/19/2023,2023,12,Jakarta Selatan,741,235,22,41,Hujan,Dini Hari,Truk,Pelanggaran Lalu Lintas,Jalan Nasional,Rusak,>60,Tikungan,Perempuan,>50,Ya,pribadi,multi_kendaraan,pengemudi,ya,UU 34/1964,meninggal,13670000000
10/17/2025,2025,10,Surabaya,757,487,20,15,Hujan,Siang,Motor,Kecepatan Berlebih,Jalan Kota,Rusak,40-60,Lurus,Laki-laki,17-25,Ya,pribadi,tunggal,pengemudi,tidak,tidak_dijamin,tidak_ada,0
3/10/2024,2024,3,Bekasi,677,218,27,30,Hujan,Dini Hari,Motor,Kurang Jarak Aman,Jalan Nasional,Berlubang,<40,Simpang 4,Laki-laki,17-25,Tidak,pribadi,tunggal,pengemudi,tidak,tidak_dijamin,tidak_ada,0
12/31/2021,2021,12,Jakarta Selatan,685,313,28,27,Hujan,Malam,Motor,Rem Blong,Jalan Nasional,Rusak,>60,Simpang Y,Perempuan,>50,Ya,pribadi,multi_kendaraan,pengemudi,ya,UU 34/1964,meninggal,17590000000
7/22/2025,2025,7,Surabaya,728,417,21,34,Hujan,Siang,Truk,Pelanggaran Lalu Lintas,Jalan Provinsi,Berlubang,40-60,Lurus,Laki-laki,<17,Tidak,pribadi,tunggal,pengemudi,tidak,tidak_dijamin,tidak_ada,0
7/4/2024,2024,7,Surabaya,720,201,29,14,Hujan,Pagi,Mobil,Pelanggaran Lalu Lintas,Jalan Nasional,Berlubang,<40,Tikungan,Laki-laki,>50,Ya,pribadi,tunggal,pengemudi,tidak,tidak_dijamin,tidak_ada,0
4/28/2021,2021,4,Jakarta Selatan,251,297,30,6,Cerah,Pagi,Motor,Kelalaian Pengemudi,Jalan Kota,Berlubang,40-60,Simpang Y,Laki-laki,26-45,Ya,pribadi,tunggal,pengemudi,tidak,tidak_dijamin,tidak_ada,0
10/12/2022,2022,10,Semarang,498,496,24,11,Hujan,Malam,Motor,Kelalaian Pengemudi,Jalan Nasional,Berlubang,<40,Tikungan,Perempuan,>50,Tidak,pribadi,multi_kendaraan,pengemudi,ya,UU 34/1964,meninggal,26220000000
2/15/2025,2025,2,Surabaya,716,440,28,28,Hujan,Malam,Mobil,Rem Blong,Jalan Nasional,Baik,40-60,Simpang Y,Laki-laki,17-25,Ya,pribadi,multi_kendaraan,pengemudi,ya,UU 34/1964,meninggal,23960000000
4/7/2022,2022,4,Jakarta Timur,431,105,23,11,Hujan,Pagi,Truk,Rem Blong,Jalan Nasional,Baik,>60,Lurus,Laki-laki,17-25,Tidak,pribadi,multi_kendaraan,pengemudi,ya,UU 34/1964,meninggal,6620000000
7/15/2021,2021,7,Semarang,265,186,24,50,Cerah,Malam,Mobil,Pelanggaran Lalu Lintas,Jalan Kota,Berlubang,40-60,Simpang Y,Perempuan,17-25,Ya,pribadi,tunggal,pengemudi,tidak,tidak_dijamin,tidak_ada,0
10/25/2023,2023,10,Bandung,597,220,22,25,Hujan,Malam,Mobil,Kondisi Jalan,Jalan Nasional,Rusak,40-60,Simpang 4,Laki-laki,>50,Tidak,pribadi,multi_kendaraan,pengemudi,ya,UU 34/1964,meninggal,12600000000
3/8/2024,2024,3,Semarang,620,422,20,5,Hujan,Pagi,Motor,Pelanggaran Lalu Lintas,Jalan Nasional,Berlubang,40-60,Lurus,Perempuan,>50,Tidak,pribadi,tunggal,pengemudi,tidak,tidak_dijamin,tidak_ada,0
1/21/2022,2022,1,Bekasi,306,226,20,34,Cerah,Dini Hari,Bus,Kondisi Jalan,Jalan Kota,Rusak,<40,Simpang T,Perempuan,>50,Ya,umum,multi_kendaraan,penumpang,ya,UU 33/1964,meninggal,12980000000
9/17/2023,2023,9,Surabaya,637,246,21,23,Hujan,Siang,Bus,Kondisi Jalan,Jalan Provinsi,Rusak,>60,Simpang 4,Perempuan,17-25,Tidak,umum,multi_kendaraan,penumpang,ya,UU 33/1964,meninggal,13810000000
1/23/2023,2023,1,Makassar,452,400,21,9,Hujan,Pagi,Mobil,Kecepatan Berlebih,Jalan Kota,Baik,40-60,Tikungan,Perempuan,17-25,Tidak,pribadi,multi_kendaraan,pengemudi,ya,UU 34/1964,meninggal,21230000000
11/23/2025,2025,11,Bandung,823,492,27,10,Cerah,Pagi,Mobil,Rem Blong,Jalan Provinsi,Baik,40-60,Tikungan,Perempuan,17-25,Ya,pribadi,tunggal,pengemudi,tidak,tidak_dijamin,tidak_ada,0
3/19/2023,2023,3,Bandung,448,195,29,22,Cerah,Dini Hari,Motor,Rem Blong,Jalan Provinsi,Baik,>60,Lurus,Laki-laki,26-45,Ya,pribadi,multi_kendaraan,pengemudi,ya,UU 34/1964,meninggal,11640000000
7/3/2021,2021,7,Semarang,309,229,27,54,Cerah,Siang,Motor,Pelanggaran Lalu Lintas,Jalan Kota,Rusak,<40,Simpang 4,Laki-laki,26-45,Tidak,pribadi,multi_kendaraan,pengemudi,ya,UU 34/1964,meninggal,13880000000
12/15/2021,2021,12,Semarang,692,464,26,10,Hujan,Malam,Mobil,Kecepatan Berlebih,Jalan Nasional,Baik,>60,Lurus,Perempuan,26-45,Ya,pribadi,multi_kendaraan,pengemudi,ya,UU 34/1964,meninggal,24700000000
9/1/2024,2024,9,Semarang,755,162,27,22,Hujan,Pagi,Mobil,Kelalaian Pengemudi,Jalan Provinsi,Rusak,<40,Simpang 4,Perempuan,26-45,Tidak,pribadi,tunggal,pengemudi,tidak,tidak_dijamin,tidak_ada,0
2/3/2021,2021,2,Bandung,308,492,24,38,Cerah,Dini Hari,Bus,Rem Blong,Jalan Kota,Berlubang,>60,Simpang 4,Perempuan,17-25,Ya,umum,multi_kendaraan,penumpang,ya,UU 33/1964,meninggal,26560000000
7/30/2025,2025,7,Jakarta Timur,789,273,25,8,Hujan,Pagi,Mobil,Kecepatan Berlebih,Jalan Provinsi,Baik,>60,Simpang Y,Laki-laki,>50,Ya,pribadi,multi_kendaraan,pengemudi,ya,UU 34/1964,meninggal,15060000000
12/19/2022,2022,12,Jakarta Timur,832,168,30,4,Hujan,Malam,Bus,Kecepatan Berlebih,Jalan Kota,Berlubang,>60,Tikungan,Laki-laki,>50,Tidak,umum,tunggal,penumpang,ya,UU 33/1964,meninggal,9980000000
4/4/2022,2022,4,Surabaya,364,459,24,7,Hujan,Siang,Motor,Pelanggaran Lalu Lintas,Jalan Nasional,Baik,<40,Simpang Y,Perempuan,>50,Tidak,pribadi,tunggal,pengemudi,tidak,tidak_dijamin,tidak_ada,0
1/2/2021,2021,1,Medan,228,262,20,11,Cerah,Dini Hari,Bus,Kurang Jarak Aman,Jalan Nasional,Rusak,<40,Simpang T,Laki-laki,<17,Tidak,umum,tunggal,penumpang,ya,UU 33/1964,meninggal,14320000000
9/15/2024,2024,9,Surabaya,722,231,27,33,Hujan,Pagi,Mobil,Kondisi Jalan,Jalan Nasional,Baik,40-60,Simpang Y,Perempuan,<17,Ya,pribadi,multi_kendaraan,pengemudi,ya,UU 34/1964,meninggal,13560000000
8/1/2022,2022,8,Bekasi,463,200,27,16,Cerah,Pagi,Motor,Rem Blong,Jalan Nasional,Rusak,40-60,Lurus,Laki-laki,<17,Ya,pribadi,multi_kendaraan,pengemudi,ya,UU 34/1964,meninggal,11670000000
5/14/2024,2024,5,Yogyakarta,628,122,22,9,Hujan,Siang,Mobil,Kurang Jarak Aman,Jalan Kota,Berlubang,<40,Tikungan,Laki-laki,17-25,Tidak,pribadi,tunggal,pengemudi,tidak,tidak_dijamin,tidak_ada,0
6/23/2024,2024,6,Surabaya,866,417,22,27,Cerah,Siang,Mobil,Pelanggaran Lalu Lintas,Jalan Provinsi,Berlubang,<40,Tikungan,Perempuan,17-25,Tidak,pribadi,multi_kendaraan,pengemudi,ya,UU 34/1964,meninggal,22490000000
4/28/2023,2023,4,Palembang,494,143,30,14,Cerah,Siang,Mobil,Kelalaian Pengemudi,Jalan Nasional,Rusak,<40,Lurus,Laki-laki,26-45,Ya,pribadi,tunggal,pengemudi,tidak,tidak_dijamin,tidak_ada,0
3/31/2024,2024,3,Bandung,577,132,20,8,Cerah,Malam,Bus,Kelalaian Pengemudi,Jalan Nasional,Rusak,>60,Simpang Y,Perempuan,26-45,Ya,umum,multi_kendaraan,penumpang,ya,UU 33/1964,meninggal,7760000000
7/9/2021,2021,7,Semarang,243,421,21,60,Hujan,Malam,Truk,Kondisi Jalan,Jalan Provinsi,Baik,>60,Simpang 4,Perempuan,26-45,Tidak,pribadi,multi_kendaraan,pengemudi,ya,UU 34/1964,meninggal,23300000000
4/12/2025,2025,4,Surabaya,788,330,29,53,Cerah,Dini Hari,Bus,Kelalaian Pengemudi,Jalan Provinsi,Baik,>60,Simpang T,Laki-laki,<17,Ya,umum,multi_kendaraan,penumpang,ya,UU 33/1964,meninggal,19010000000
3/24/2021,2021,3,Semarang,230,157,26,22,Cerah,Pagi,Motor,Kecepatan Berlebih,Jalan Kota,Rusak,>60,Simpang 4,Laki-laki,>50,Ya,pribadi,multi_kendaraan,pengemudi,ya,UU 34/1964,meninggal,9590000000
9/7/2022,2022,9,Semarang,455,371,27,27,Hujan,Malam,Motor,Kondisi Jalan,Jalan Provinsi,Baik,>60,Tikungan,Laki-laki,>50,Tidak,pribadi,multi_kendaraan,pengemudi,ya,UU 34/1964,meninggal,20440000000
4/12/2023,2023,4,Semarang,492,256,27,12,Hujan,Pagi,Truk,Pelanggaran Lalu Lintas,Jalan Nasional,Rusak,>60,Tikungan,Perempuan,17-25,Tidak,pribadi,multi_kendaraan,pengemudi,ya,UU 34/1964,meninggal,14390000000
3/27/2023,2023,3,Medan,470,307,20,22,Cerah,Dini Hari,Truk,Kondisi Jalan,Jalan Nasional,Berlubang,>60,Lurus,Laki-laki,>50,Tidak,pribadi,tunggal,pengemudi,tidak,tidak_dijamin,tidak_ada,0
8/13/2022,2022,8,Surabaya,397,240,29,42,Hujan,Malam,Motor,Rem Blong,Jalan Provinsi,Berlubang,<40,Simpang Y,Perempuan,17-25,Ya,pribadi,multi_kendaraan,pengemudi,ya,UU 34/1964,meninggal,14290000000
7/6/2022,2022,7,Semarang,444,111,30,27,Cerah,Malam,Truk,Kondisi Jalan,Jalan Nasional,Rusak,<40,Simpang T,Perempuan,17-25,Ya,pribadi,tunggal,pengemudi,tidak,tidak_dijamin,tidak_ada,0
6/24/2023,2023,6,Bekasi,729,356,29,34,Cerah,Siang,Motor,Rem Blong,Jalan Kota,Berlubang,40-60,Simpang T,Laki-laki,17-25,Ya,pribadi,tunggal,pengemudi,tidak,tidak_dijamin,tidak_ada,0
4/18/2025,2025,4,Jakarta Timur,676,320,24,65,Cerah,Siang,Bus,Pelanggaran Lalu Lintas,Jalan Nasional,Rusak,>60,Simpang 4,Laki-laki,26-45,Ya,umum,multi_kendaraan,penumpang,ya,UU 33/1964,meninggal,18500000000
2/12/2024,2024,2,Bekasi,605,487,27,22,Hujan,Malam,Truk,Pelanggaran Lalu Lintas,Jalan Nasional,Baik,>60,Simpang T,Laki-laki,17-25,Ya,pribadi,multi_kendaraan,pengemudi,ya,UU 34/1964,meninggal,26140000000
2/27/2023,2023,2,Surabaya,521,210,20,2,Hujan,Malam,Truk,Pelanggaran Lalu Lintas,Jalan Kota,Rusak,<40,Lurus,Perempuan,17-25,Ya,pribadi,tunggal,pengemudi,tidak,tidak_dijamin,tidak_ada,0
2/25/2021,2021,2,Jakarta Timur,251,342,20,4,Hujan,Siang,Mobil,Pelanggaran Lalu Lintas,Jalan Provinsi,Berlubang,40-60,Lurus,Perempuan,17-25,Ya,pribadi,multi_kendaraan,pengemudi,ya,UU 34/1964,meninggal,18180000000
8/18/2024,2024,8,Jakarta Selatan,706,166,29,14,Cerah,Malam,Truk,Kondisi Jalan,Jalan Provinsi,Baik,>60,Lurus,Laki-laki,26-45,Ya,pribadi,tunggal,pengemudi,tidak,tidak_dijamin,tidak_ada,0
6/26/2022,2022,6,Jakarta Selatan,616,269,23,58,Cerah,Pagi,Motor,Kurang Jarak Aman,Jalan Nasional,Berlubang,<40,Tikungan,Perempuan,<17,Tidak,pribadi,tunggal,pengemudi,tidak,tidak_dijamin,tidak_ada,0
3/5/2022,2022,3,Surabaya,410,424,23,13,Hujan,Siang,Motor,Rem Blong,Jalan Kota,Baik,>60,Simpang Y,Perempuan,26-45,Tidak,pribadi,tunggal,pengemudi,tidak,tidak_dijamin,tidak_ada,0
8/31/2024,2024,8,Jakarta Selatan,709,178,22,27,Cerah,Pagi,Mobil,Pelanggaran Lalu Lintas,Jalan Kota,Baik,>60,Simpang T,Perempuan,<17,Ya,pribadi,multi_kendaraan,pengemudi,ya,UU 34/1964,meninggal,10540000000
6/27/2024,2024,6,Bandung,873,188,20,16,Cerah,Malam,Mobil,Kurang Jarak Aman,Jalan Provinsi,Berlubang,>60,Simpang T,Laki-laki,<17,Tidak,pribadi,multi_kendaraan,pengemudi,ya,UU 34/1964,meninggal,10720000000
2/27/2021,2021,2,Jakarta Selatan,278,159,20,16,Cerah,Siang,Motor,Kondisi Jalan,Jalan Nasional,Rusak,>60,Tikungan,Laki-laki,<17,Tidak,pribadi,multi_kendaraan,pengemudi,ya,UU 34/1964,meninggal,9270000000
6/8/2022,2022,6,Jakarta Selatan,659,357,25,14,Cerah,Malam,Motor,Kelalaian Pengemudi,Jalan Kota,Baik,<40,Simpang T,Laki-laki,17-25,Ya,pribadi,multi_kendaraan,pengemudi,ya,UU 34/1964,meninggal,19380000000
8/13/2025,2025,8,Jakarta Timur,805,111,29,10,Cerah,Pagi,Bus,Kurang Jarak Aman,Jalan Provinsi,Baik,<40,Lurus,Perempuan,>50,Tidak,umum,tunggal,penumpang,ya,UU 33/1964,meninggal,7200000000
1/26/2023,2023,1,Bekasi,403,434,27,2,Hujan,Malam,Mobil,Kurang Jarak Aman,Jalan Nasional,Rusak,<40,Simpang 4,Perempuan,17-25,Ya,pribadi,multi_kendaraan,pengemudi,ya,UU 34/1964,meninggal,23090000000
10/26/2022,2022,10,Surabaya,459,267,20,7,Cerah,Malam,Motor,Rem Blong,Jalan Nasional,Berlubang,40-60,Tikungan,Laki-laki,>50,Tidak,pribadi,multi_kendaraan,pengemudi,ya,UU 34/1964,meninggal,14490000000
6/29/2021,2021,6,Palembang,540,417,22,10,Cerah,Pagi,Bus,Kurang Jarak Aman,Jalan Provinsi,Berlubang,<40,Simpang Y,Perempuan,>50,Tidak,umum,tunggal,penumpang,ya,UU 33/1964,meninggal,22150000000
5/29/2023,2023,5,Surabaya,458,485,23,30,Cerah,Malam,Motor,Pelanggaran Lalu Lintas,Jalan Nasional,Baik,40-60,Simpang T,Perempuan,17-25,Ya,pribadi,multi_kendaraan,pengemudi,ya,UU 34/1964,meninggal,26000000000
